location,transit_id,school_id
25th & wolf st,NA,NA
6600 block haddington lane,NA,NA
4200 block macalester  st,NA,NA
1000 block w louden st,NA,NA
5100 block irving st,NA,NA
2900 block w norris st,NA,NA
5900 block ludlow st,NA,NA
6600 block leonard st,NA,NA
500 block n6th st,NA,NA
3100 block berkeley dr,NA,NA
800 block w bristol st,NA,NA
4200 block germantown ave,NA,"STEEL, EDWARD SCHOOL"
4500 block castor ave,NA,NA
100 block e indiana ave,NA,NA
100 block e indiana st,NA,NA
1100 block w oakdale st,NA,NA
3200 block shelbourne st,Market-Frankford Line - Allegheny,NA
1000 block w hunting park ave,NA,NA
1000 block hunting park ave,NA,NA
2400 block aramingo av,NA,NA
4800 block whitaker ave,NA,NA
3100 block jasper st,NA,"CONWELL, RUSSELL MIDDLE SCHOOL"
3200 block e st,NA,NA
2600 block n b st,Market-Frankford Line - Huntingdon,NA
700 block w allegheny ave,NA,NA
3800 block girard ave,NA,NA
1300 block w westmorland st,NA,NA
1300 block w westmoreland st,NA,NA
1300 block s 55th st,NA,MASTERY CHARTER AT HARDY WILLIAMS
3100 block ridge ave,NA,NA
3500 block amber st,NA,NA
900 block ndelaware ave,NA,NA
1500 block foulkrod st,NA,NA
2600 block n 7th st,NA,NA
3800 block woodhaven rd,NA,NA
1200 block w lycoming st,NA,NA
5200 block greene st,NA,NA
100 block e godfrey ave,NA,NA
1100 block s 25th st,NA,NA
4900 block d st,NA,NA
3200 block n 6th st,NA,NA
1400 block jerome st,NA,NA
1400 block w jerome st,NA,NA
700 block adams ave,NA,NA
400 block e wyoming st,NA,NA
d st & wyoming ave,NA,NA
2000 block albright st,NA,NA
200 block w lehigh ave,NA,NA
3900 block whitaker ave,NA,NA
4600 block wellington st,NA,NA
3300 block n lee st,NA,NA
600 block w pike st,NA,NA
600 block w spencer st,NA,NA
2900 block w arizona st,NA,NA
4000 block torresdale ave,NA,NA
5600 block hoffman st,NA,NA
1400 block w erie ave,Broad Street Line - Erie,NA
1900 block e clarence st,NA,NA
1700 block pacific st,NA,NA
2400 block s 11th street,NA,NA
2600 block w berks st,NA,NA
2100 block anchor st,NA,NA
8200 block forrest av,NA,NA
400 block e courtland st,NA,NA
2400 block n 23rd st,NA,NA
5800 block kinsessing ave,NA,NA
500 block w rockland st,NA,NA
6100 block  bustleton ave,NA,NA
2900 block oakford st,NA,NA
5100 block n 2nd st,NA,NA
5400 block arch st,NA,NA
57th st  /  elmwood ave,NA,NA
4100 block presdiential blvd,NA,NA
3600 block n 9th st,NA,NA
2600 block n 25th st,NA,NA
600 block church lane,NA,NA
3600 block jasper st,NA,NA
3100 block martha st,NA,NA
1800 block torresdale ave,Market-Frankford Line - Erie-Torresdale,NA
1900 block s 61st st,NA,NA
0 block e montana st,NA,NA
3200 block germantown ave,NA,NA
3300 block a st,NA,NA
3300 block a street,NA,NA
1300 block belmont st,NA,NA
200 block n columbus blvd,NA,NA
1300 block e lycoming st,NA,"HOPKINSON, FRANCIS SCHOOL"
2600 block w toronto st,NA,NA
0 block chestnut st,NA,NA
1900 block e atlantic st,NA,NA
4700 block girard ave,NA,GLOBAL LEADERSHIP ACADEMY
2200 block n broadst,Broad Street Line - Susquehanna-Dauphin,TECH FREIRE CHARTER SCHOOL
700 block w hunting park ave,NA,NA
4500 block wellington st,NA,NA
100 block w cumberland st,NA,"HUNTER, WILLIAM H. SCHOOL"
5500 block wissahickon ave,NA,NA
1800 block e allegheny ave,Market-Frankford Line - Allegheny,NA
1800 block e allegheny av,Market-Frankford Line - Allegheny,NA
7300 block woodland ave,NA,NA
2000 block judson st,NA,NA
5200 block marion st,NA,NA
52nd st & lancaster ave,NA,NA
52nd & lancaster ave,NA,NA
3200 block almond st,NA,NA
1100 block w lycoming st,NA,LITTLE FLOWER CATHOLIC SCHOOL
1100 block w lycoming ve,NA,LITTLE FLOWER CATHOLIC SCHOOL
200 block e ruscomb st,NA,NA
2700 block n hope st,NA,NA
3100 block byberry road,NA,NA
n broad st  & windrim av,Broad Street Line - Logan,NA
3100 block rorer st,NA,NA
600 block w rising sun ave,NA,NA
5900 block arch st,NA,NA
5600 block ogontz st apt #a65,NA,NA
5600 block ogontz ave,NA,NA
10800 block e keswick st,NA,NA
5200 block westminster ave,NA,NA
5100 block n 8th st,NA,NA
100 block e clearfield st,NA,NA
800 block e woodlawn st,NA,NA
2400 block welsh road,NA,NA
3300 block kip st,NA,NA
300 block n 32nd st,NA,NA
1400 block s water st,NA,NA
1700 block s 4th st,NA,NA
4400 block n 16th st,NA,NA
400 block w nedro ave,NA,SOPHIA ACADEMY
900 block w norris st,NA,NA
2100 block w lehigh ave,NA,NA
2800 block kensington ave,Market-Frankford Line - Somerset,NA
2200 block n uber st,NA,NA
2200 block nuber st,NA,NA
2200 block uber st,NA,NA
1400 block conlyn st,NA,NA
1400 block w conlyn st,NA,NA
2900 block w york st,NA,NA
7200 block woolston ave,NA,NA
1800 block e clearfield st,NA,NA
100 block e cambria st,NA,NA
1300 block pratt st,NA,NA
4800 block summerdale ave,NA,NA
100 block w westmorland st,NA,NA
2100 block n 17th st,NA,NA
2900 block a street,NA,NA
1000 block e hunting park ave,NA,NA
1000 block e montgomery ave,NA,NA
3700 block m street,NA,NA
5200 block harbison ave,NA,NA
500 block w sedgley st,NA,NA
6800 block buist ave,NA,NA
700 block jefferson st,NA,NA
7700 block lindbergh lvd apt#415,NA,NA
1900 block s 66th st,NA,"CATHARINE, JOSEPH SCHOOL"
1500 block e wingohocking st,NA,NA
2900 block cumberland st,NA,NA
2900 block w cumberland st,NA,NA
200 block w cambria st,NA,NA
900 block w hunting park ave,NA,NA
2800 block n 25th st,NA,NA
2800 block n25th st,NA,NA
1400 block w lycoming st,NA,NA
1300 block w glenwood st,NA,NA
2400 block w berks st,NA,NA
1500 block s 55th st,NA,NA
800 block e tioga st,NA,NA
7300 block rowland st,NA,NA
6500 block berdan st,NA,NA
5900 block n 2nd st,NA,NA
100 block w hunting park ave,NA,NA
3100 block f street,NA,NA
3100 block f st,NA,NA
24th & ridge sts,NA,NA
24th and ridge ave,NA,NA
9400 block roosevelt blvd,NA,NA
700 block w luzerne st,NA,NA
3200 block n jasper st,NA,NA
3200 block jasper st,NA,NA
100 block e tulpehocken st,NA,NA
100 block w somerset st,NA,NA
harbison av & comly st,NA,NA
3800 block n 9th st,NA,NA
6000 block irving st,NA,NA
4900 block whitaker ave,NA,NA
5200 block parkside ave,NA,NA
5200 block parkside av,NA,NA
100 block w berkley st,NA,NA
n 40th st  /  aspen st,NA,NA
1100 block n 63rd st,NA,NA
4700 block haverford ave,NA,NA
5100 block wlanut st,NA,NA
3400 block e street,NA,NA
1500 block catherine st,NA,UNIVERSAL INSTITUTE
1800 block hart ln,NA,NA
800 block w sedgley ave,NA,NA
800 block w segley ave,NA,NA
2800 block s 81st st,NA,NA
10th & girard ave,NA,NA
7200 block bustleton ave,NA,NA
23rd & ridge ave,NA,NA
600 block n 10th st,NA,NA
800 block brill st,NA,NA
800 block marcella st,NA,NA
2100 block n 23rd st,NA,NA
1600 block n 54th st,NA,"HESTON, EDWARD SCHOOL"
900 block filbert st,NA,NA
2700 block mutter st,NA,NA
2700 block n dover st,NA,NA
1800 block s 6th st,NA,NA
5000 block gremantown ave,NA,NA
3100 block n judson st,NA,NA
4600 block unruh ave,NA,NA
3300 block willits rd,NA,NA
1500 block w clearfield st,NA,NA
1500w clearfield st,NA,NA
6000 block haddington lane,NA,NA
1500 block pratt st,NA,NA
0 block n paxon st,Market-Frankford Line - 52nd,NA
4800 block oxford ave,NA,NA
4800 block oxford st,NA,NA
2000 block n 18th st,NA,NA
1600 block haworth st,NA,NA
6900 block rutland st,NA,NA
4100 block leidy ave,NA,NA
100 block w norris st,NA,NA
1900 block margie st,NA,NA
6900 block edmund st,NA,NA
300 block washington ave,NA,NA
3300 block n 22nd st,NA,NA
1600 block w cumberland st,NA,NA
1600 block wcumberland st,NA,NA
1600 block cumberland st,NA,NA
2800 block n park ave,NA,NA
2800 block park ave,NA,NA
6000 block torresdale ave,NA,NA
6000 block springfield ave,NA,NA
1900 block rowan st,NA,NA
2100 block haworth st,NA,NA
2000 block brill st,NA,NA
4700 block shelmire ave,NA,NA
3400 block germantown ave,NA,NA
7400 block busleton ave,NA,NA
"3200 block ""e"" st",NA,NA
6100 block w passyunk ave,NA,NA
3800 block park ave,NA,MULTI-CULTURAL ACADEMY
2100 block n lambert st,NA,NA
3500 block woodhaven road apt 621,NA,NA
1100 block adams ave,NA,NA
900 block w glenwood ave,NA,NA
500 block e cambria st,NA,NA
500 block e cambria,NA,NA
1600 block w dauphin st,NA,NA
200 block w erie ave,NA,NA
3200 block n rosehill st,NA,NA
3200 block rosehill st,NA,NA
600 block green st,NA,NA
exit cottman and bride st,NA,NA
2700 block s 66th st,NA,NA
700 block union st,NA,NA
6300 block hegerman st,NA,NA
1300 block arrott st,NA,NA
1300 block arrott st apt a-2,NA,NA
6000 block n broad st,NA,NA
100 block w york st,NA,NA
4700 block whitaker st,NA,NA
3100 block hemberger st,NA,NA
"3500 block ""i"" st",NA,NA
5900 block kingsessing ave,NA,NA
2900 block kip st,NA,NA
3500 block nmarvine st,NA,NA
1200 block e luzerne av,NA,NA
chew av & e chelten av,NA,NA
600 block w glenwood st,NA,NA
1300 block w chew ave,Broad Street Line - Olney,NA
1300 block chew ave,NA,NA
1300 block w chew av,NA,NA
70th & woodland ave,NA,NA
1000 block w nedro ave,Broad Street Line - Fern Rock Transportation Center,NA
21st & diamond st,NA,NA
3300 block f street,NA,NA
3300 block f st,NA,NA
4200 block n carlisle st,NA,NA
32nd and norris st,NA,NA
1800 block e tioga st,Market-Frankford Line - Tioga,NA
3400 block n broad st,NA,NA
3700 block n 17th st,NA,NA
1500 block saint luke street,NA,NA
3100 block tulip st,NA,NA
2000 block dickenson st,NA,NA
2300 block e westmoreland st,NA,NA
1700 block n 27th st,NA,NA
1100 block wagner ave,NA,NA
2300 block w 77th ave,NA,NA
600 block cecil b moore ave,NA,NA
1600 block cambridge st,NA,NA
2500 block n 9th st,NA,NA
6200 block castor ave,NA,NA
3800 block aspen st,NA,NA
4100 block lancaster st,NA,NA
5300 block linbergh blvd,NA,NA
1300 block catherine st,NA,NA
500 block s 54th st,NA,NA
7100 block brous ave,NA,NA
marion st  /  hansberry st,NA,NA
2500 block sartain st,NA,NA
5600 block rising sun ave,NA,NA
400 block e clearfield st,NA,NA
2500 block of n alder st,NA,NA
900 block w spencer st,NA,NA
6400 block emlen st,NA,NA
6700 block upland st,NA,NA
1000 block s 4th st,NA,NA
2800 block n 7th st,NA,NA
3100 block b street,NA,NA
3200 block d street,NA,NA
2700 block helen st,NA,NA
5700 block greenway ave,NA,NA
1600 block foulkrod st,NA,NA
s 58th st & willows av,NA,NA
800 block e chelten ave,NA,NA
60th & spruce,NA,NA
13th & rockland st,NA,NA
2600 block  w montgomery ave,NA,NA
700 block e locust ave,NA,NA
700 block locust ave,NA,NA
6700 block greenway ave,NA,NA
3000 block f street,NA,NA
4500 block cator ave,NA,NA
54th & chester ave,NA,NA
chelten av  /  n woodstock st,NA,NA
f and roosevelt blvd,NA,NA
1800 block e ontario st,NA,NA
4700 block benner st,NA,NA
500 block lindley ave,NA,NA
s 27th st  /  dickinson st,NA,NA
1500 block arrott st,NA,NA
3200 block emerald st,NA,NA
3400 block jasper st,NA,NA
5th & roosevelt blvd,NA,NA
1000 block benner st,NA,NA
600 block ritner st,NA,NA
5900 block vine st,NA,NA
2000 block fernon st,NA,NA
4500 block merion st,NA,NA
3000 block ella st,NA,NA
3000 block n ella st,NA,NA
3500 block joyce st,NA,NA
5300 block lesher st,NA,NA
3500 block ruth st,NA,NA
1800 block e thayer st,NA,NA
6300 block walkerst,NA,NA
3000 block ormes st,NA,NA
2700 block kensington ave,NA,VISITATION SCHOOL
5100 block market st,NA,NA
2100 block conlyn st,NA,NA
2200 block n 23rd st,NA,NA
6600 block lansdowne ave,NA,NA
9th & roosevelt blvd,NA,NA
n 46th st  / parrish,NA,NA
n 33rd st  & w oxford st,NA,NA
4400 block holden st,NA,NA
4400 block n holden st,NA,NA
22nd / fox sts,NA,NA
e upsal st  /  crittenden st,NA,NA
5800 block summerdale ave,NA,NA
fairmount av & n broad st,Broad Street Line - Fairmount,NA
4200 block griscom st,NA,NA
2100 block fernon st,NA,NA
4500 block carlisle st,NA,NA
broad /  susquehanna ave,Broad Street Line - Susquehanna-Dauphin,TECH FREIRE CHARTER SCHOOL
3500 block n 18th st,NA,NA
18th & jefferson st,NA,NA
7300 block theodore st,NA,NA
2100 block pierce st,NA,NA
4600 block market st,Market-Frankford Line - 46th,NA
5900 block lancaster ave,NA,NA
1600 block n redfield st,NA,NA
1400 block windrim ave,Broad Street Line - Logan,NA
1900 block n21st st,NA,NA
1800 block eorleans st,NA,NA
1800 block e orleans st,NA,NA
3100 block n 13th st,NA,NA
2500 block n 8th st,NA,"HARTRANFT, JOHN F. SCHOOL"
1000 block e mt airy ave,NA,NA
5200 block knox st,NA,NA
1600 block n 17th st,NA,NA
1200 block s 24th st,NA,NA
6100 block morton st,NA,NA
2200 block s bonsall st,NA,NA
4000 block wallace st,NA,NA
63rd & market st,Market-Frankford Line - 63rd,NA
e chelten av  /  baynton st,NA,NA
1300 block colwyn st,NA,NA
2900 block tulip st,NA,NA
2900 block chalmer st,NA,NA
3100 block a street,NA,NA
"3600 block ""b"" st",NA,NA
1800 block seybert st,NA,NA
2600 block welsh rd apt j-107,NA,NA
2400 block n park ave,NA,NA
4100 block torresdale ave,NA,NA
chew ave & johnson st,NA,NA
4300 block palmetto st,NA,NA
4900 block darrah st,NA,NA
700 block n sloan st,NA,NA
2400 block w oxford st,NA,NA
600 block e hilton st,NA,NA
200 block s 52nd st,NA,NA
1400 block w girard ave,Broad Street Line - Girard,NA
1800 block hart lane,NA,NA
5400 block wyalusing ave,NA,NA
500 block w spencer st,NA,ST HELENA INCARNATION REGIONAL CATHOLIC SCHOOL
6100 block elmwood ave,NA,NA
2000 block dennie st,NA,NA
5th st and olney ave,NA,NA
4400 block germantown ave,NA,NA
400 block n 57th st,NA,NA
11500 block e roosevelt blvd,NA,NA
11500 block roosevelt blvd,NA,NA
1600 block s 25th st,NA,NA
2300 block e dauphin st,NA,NA
5600 block n 15th st,NA,NA
2900 block moore st,NA,NA
johnson st & mansfield ave,NA,NA
3000 block n8th st,NA,NA
3000 block n 8th st,NA,NA
1800 block stenton ave,NA,NA
200 block e cambria st,NA,NA
5400 block warrington ave,NA,MASTERY CHARTER AT HARDY WILLIAMS
2100 block s 7th st,NA,NA
2200 block n cambria st,NA,NA
1800 block e monmouth st,NA,NA
bayton and pastorius st,NA,NA
baynton st  /  e pastorius st,NA,NA
baynton st & e pastorius st,NA,NA
5600 block vine st,NA,NA
5800 block ogontz ave,NA,NA
2200 block w somerset st,NA,NA
500 block w grange ave,NA,NA
200 block w chew ave,NA,NA
400 block w indiana ave,NA,NA
400 block w  indiana ave,NA,NA
400 block w indiana st,NA,NA
6000 block allman st,NA,NA
0 block s 52nd st,Market-Frankford Line - 52nd,NA
4900 block chester ave,NA,NA
60th & market st,Market-Frankford Line - 60th,NA
2900 block roberts st,NA,NA
6100 block castor ave,NA,NA
2800 block n fairhill st,NA,NA
2700 block chalmers st,NA,NA
6000 block n 21st st,NA,NA
6300 block lansdowne ave,NA,NA
5200 block germantown ave,NA,NA
300 block n38th st,NA,NA
600 block w hunting park ave,NA,"MC CLURE, ALEXANDER K. SCHOOL"
21st & conlyn st,NA,NA
1600 block wakeling st,NA,NA
1800 block w allegheny ave,NA,CRISTO REY PHILADELPHIA HIGH SCHOOL
10th & brown st,NA,NA
6500 block gesner st,NA,NA
11200 block academy rd,NA,NA
5200 block webster st,NA,NA
n gratz st  & w dauphin st,NA,NA
5700 block ogontz ave,NA,NA
2600 block jackson st,NA,NA
1300 block benner st,NA,NA
6000 block haverford ave,NA,NA
2400 block morris st,NA,NA
6300 block lancaster ave,NA,NEW LIFE ALTERNATIVES CHRISTIAN ACADEMY
4200 block frankford ave,NA,NA
4500 block germantown ave,NA,NA
100 block s 11th st,NA,K012 KIDS SCHOOL
4400 block n 19th st,NA,NA
4400 block n19th st,NA,NA
2800 block rosehill st,NA,NA
4700 block unruh ave,NA,NA
600 block n 55th st,NA,NA
1500 block s wilton st,NA,NA
2000 block s cecil st,NA,CORNERSTONE CHRISTIAN ACADEMY
4500 block morris st,NA,NA
2700 block wolf st,NA,NA
2900 block n 2nd st,NA,NA
2300 block leithgow st,NA,"WELSH, JOHN SCHOOL"
1400 block cecil b moore,NA,NA
2700 block emerald st,NA,NA
5400 block addison st,NA,NA
2100 block n cambria st,NA,NA
5700 block ashland ave,NA,NA
5000 block ogden st,NA,"RHOADS, JAMES SCHOOL"
0 block n conestoga st,NA,NA
5300 block wayne ave,NA,NA
1600 block tasker st,NA,NA
600 block n preston st,NA,NA
5700 block summerdale ave,NA,NA
2700 block a st,NA,NA
2700 block a street,NA,NA
5900 block horrocks st,NA,NA
8800 block frankford ave,NA,NA
1400 block dauphin st,Broad Street Line - Susquehanna-Dauphin,NA
2300 block of n 13th st,NA,NA
4300 block tackawanna st,NA,NA
2100 block simpson st,NA,NA
1800 block dickinson st,NA,NA
500 block spring garden st,NA,NA
1700 block  w allegheny ave,NA,NA
5600 block gibson dr,NA,NA
2800 block n 9th st,NA,NA
2300 block wilder st,NA,NA
200 block w cumberland st,NA,NA
1800 block e lehigh ave,NA,VISITATION SCHOOL
5300 block greenway ave,NA,NA
2000 block w susquehanna ave,NA,NA
1800 block master st,NA,NA
3200 block susquehanna av,NA,ONE BRIGHT RAY MANSION
500 block n 32nd st,NA,NA
2400 block edgley st,NA,NA
6200 block walton st,NA,NA
4800 block darrah st,NA,NA
1400 block w clearfield st,NA,NA
100 block e somerset st,NA,NA
100 block w clearfield st,NA,NA
1400 block s 57th st,NA,NA
4300 block wyalusing ave,NA,NA
600 block mifflin st,NA,NA
5600 block sansom st,NA,NA
5600 block n 6th st,NA,NA
700 block lindley ave,NA,NA
700 block red lion rd,NA,NA
1300 block w venago st,NA,NA
1300 block w venango st,NA,NA
5200 block warrington ave,NA,NA
3100 block w cumberland st,NA,NA
2200 block moore st,NA,"MCDANIEL, DELAPLAINE SCHOOL"
4500 block lancastor ave,NA,NA
3100 block park av,NA,NA
1900 block roberts st,NA,NA
5000 block hoopes st,NA,NA
1400 block n myrtlewood st,NA,NA
2600 block n napa st,NA,NA
4500 block n19th st,NA,NA
5400 block old york rd,NA,NA
200 block w clapier st,NA,NA
5000 block ogontz ave,NA,NA
500 block e indiana ave,NA,NA
5600 block blakemore st,NA,NA
6000 block cobbs creek prwy,NA,NA
400 block wwyoming ave,NA,NA
2100 block bellevue st,NA,NA
1500 block n allison st,NA,NA
3200 block n 3rd st,NA,NA
2300 block n opal st,NA,NA
0 block n 58th st,NA,NA
2200 block seybert st,NA,NA
6000 block greenway st,NA,NA
700 block n 38th st,NA,NA
3200 block g street,NA,NA
3200 block g st,NA,NA
3300 block w diamond st,NA,NA
2400 block s 70th st,NA,NA
4800 block tackawanna st,NA,NA
5400 block master st,NA,NA
2700 block n 15th st,NA,NA
1000 block w venago st,NA,NA
2100 block n 22nd st,NA,NA
3000 block jefferson st,NA,NA
3700 block wallace st,NA,NA
2200 block n 12th st,NA,NA
700 block e allegheny ave,NA,NA
4700 block locust st,NA,"LEA, HENRY C."
1000 block n 39th st,NA,NA
700 block w pike st,NA,NA
100 block s 49th st,NA,WEST PHILADELPHIA HIGH SCHOOL
1300 block n 17th st,NA,GESU SCHOOL
5000 block aspen st,NA,NA
1600 block master st,NA,SHILOH CHRISTIAN ACADEMY
4600 block girard ave,NA,NA
6800 block n 20th st,NA,NA
3600 block n 17th st,NA,NA
2400 block n marston st,NA,NA
2400 block marston st,NA,NA
7100 block elmwood ave,NA,NA
4200 block brown st,NA,NA
1700 block w cumberland st,NA,NA
1700 block wcumberland st,NA,NA
2400 block n college ave,NA,NA
5100 block chestnut st,NA,NA
2000 block n 24th st,NA,NA
100 block w gurney st,NA,NA
600 block spring garden st,NA,NA
500 block w king st apt e4,NA,NA
7600 block stenton ave,NA,NA
4400 block n 18th st,NA,NA
1400 block christian st,NA,NA
2700 block n 25th st,NA,NA
1300 block s 16th st,NA,"CHILDS, GEORGE W. SCHOOL"
1100 block w ontario st,NA,NA
1200 block s 55th st,NA,NA
1800 block n ringgold st,NA,NA
2600 block n 27th st,NA,NA
4700 block griscom st,Market-Frankford Line - Arrott Transportation Center,NA
2900 block n 27th st,NA,NA
700 block s 52nd st,NA,NA
600 block w somerset st,NA,NA
1300 block ruscomb st,NA,LOGAN HOPE SCHOOL
1300 block w ruscomb st,NA,LOGAN HOPE SCHOOL
1300 block allegheny ave,NA,NA
900 block w boston st,NA,NA
1400 block belfield ave,NA,NA
1900 block w butler st,NA,NA
5300 block kingsessing ave,NA,NA
1700 block n 24th st,NA,NA
1800 block e harold st,Market-Frankford Line - Huntingdon,NA
3400 block philip st,NA,NA
2500 block w york st,NA,NA
2900 block amber st,NA,NA
4900 block lancaster st,NA,NA
100 block wcambria st,NA,"SHEPPARD, ISAAC A. SCHOOL"
100 block w cambria st,NA,"SHEPPARD, ISAAC A. SCHOOL"
100 block e ontario st,NA,NA
1600 block catherine st,NA,NA
1500 block w ontario st,NA,KENDERTON ELEMENTARY
5500 block malcolm st,NA,NA
0 block w queen lane,NA,NA
1600 block w stiles st,NA,NA
3000 block hartville st,NA,NA
2700 block n orianna st,NA,"DEBURGOS, J. ELEMENTARY"
1400 block clearview st,NA,NA
1000 block granite st,NA,NA
5900 block norwood st,NA,NA
1800 block e clementine st,NA,NA
4100 block n franklin st,NA,NA
4900 block penn st,NA,NA
700 block e westmorland st,NA,NA
2800 block c st,NA,NA
100 block e gurney st,NA,NA
3200 block tulip st,NA,NA
6400 block glenmore rd,NA,NA
germantown & chelten ave,NA,NA
2200 block s 58th st,NA,NA
1000 block w indiana ave,NA,NA
60th & catherine st,NA,NA
1400 block n 55th st,NA,NA
2200 block w diamond st,NA,NA
2200 block diamond st,NA,NA
0 block e bringhurst st,NA,NA
1700 block wpacific st,NA,NA
18th & erie ave,NA,NA
1600 block n 30th st,NA,NA
200 block e louden st,NA,NA
28th & jackson st,NA,NA
3600 block n 21st street,NA,NA
5400 block locust st,NA,NA
67th and 16th st,NA,NA
0 block n 59th st,NA,NA
5600 block greenway ave,NA,NA
2700 block w cambria st,NA,NA
n 9th st & w butler st,NA,NA
6000 block webster st,NA,NA
5900 block wchamplost ave,NA,NA
5900 block champlost ave,NA,NA
6800 block paschall ave,NA,NA
1400 block w pike st,NA,NA
0 block n 60th st,Market-Frankford Line - 60th,NA
1000 block s 55th st,NA,NA
1800 block s 5th st,NA,NA
6700 block smedley st,NA,NA
1100 block s broad st,NA,NA
5800 block osceola st,NA,NA
3800 block n fairhill st,NA,NA
400 block s 56th st,NA,NA
700 block e cornwall st,NA,NA
52nd & girard ave,NA,NA
1200 block brown st,NA,NA
2400 block reed st,NA,NA
4500 block n 18th st,NA,NA
3100 block custer st,NA,NA
400 block n8th st,NA,NA
broad st & olney av,Broad Street Line - Olney,"GIRLS, PHILA HIGH SCHOOL FOR"
broad & olney ave,Broad Street Line - Olney,"GIRLS, PHILA HIGH SCHOOL FOR"
1700 block w oxford ave,NA,"MEADE, GEN. GEORGE G. SCHOOL"
400 block w manheim st,NA,NA
4900 block hoopes st,NA,NA
1300 block n orianna st,NA,NA
1000 block w ontario st,NA,NA
3943bennington st,NA,NA
2300 block w glenwood av,NA,NA
2500 block n myrtlewood st,NA,NA
2800 block boudinot st,Market-Frankford Line - Somerset,NA
800 block n 10th st,NA,NA
5200 block parrish st,NA,NA
1400 block franklin mills circle,NA,NA
5300 block chancellor st,NA,NA
1600 block bridge st,Market-Frankford Line - Frankford Transportation Center,NA
4700 block rising sun ave,NA,NA
5600 block washington ave,NA,NA
6300 block haverford ave,NA,NA
2000 block stenton st,NA,NA
700 block s frazier st,NA,NA
900 block w venango st,NA,NA
germantown ave,NA,NA
5900 block oxford ave,NA,NA
600 block e clearfield st,NA,NA
park and olney ave,Broad Street Line - Olney,NA
5300 block belfield ave,NA,NA
5200 block master st,NA,NA
5500 block summer pl,NA,NA
1600 block st lukes st,NA,NA
5500 block locust st,NA,NA
2900 block d st,NA,NA
6900 block large st,NA,NA
4600 block germantown ave,NA,NA
1400 block w allegheny ave,Broad Street Line - Allegheny,NA
0 block n 56th st,Market-Frankford Line - 56th,NA
6400 block upland st,NA,NA
7400 block rowland ave,NA,NA
7400 block rowland st,NA,NA
2800 block w somerset st,NA,NA
6300 block media st,NA,NA
3100 block weymouth st,NA,NA
21st & nedro st,NA,NA
1500 block market st,Market-Frankford Line - 15th,NA
2900 block ella st,NA,NA
3700 block aramingo ave,NA,NA
2700 block b st,NA,VISITATION SCHOOL
ashmead & wakefield sts,NA,NA
23rd & indiana ave,NA,NA
2200 block w indiana ave,NA,NA
5200 block wyalusing ave,NA,NA
3400 block i st,NA,NA
2200 block cecil b moore ave,NA,NA
700 block w somerset st,NA,NA
6600 block woodland st,NA,NA
4700 block a street,NA,NA
2700 block n hicks st,NA,NA
2000 block e glenwood ave,NA,NA
1700 block w dauphin st,NA,NA
2400 block n 20th st,NA,NA
5200 block larchwood st,NA,NA
52nd & market st,Market-Frankford Line - 52nd,NA
18th & susquehanna ave,NA,NA
2300 block w norris st,NA,NA
6500 block lindbergh blvd,NA,NA
2900 block cecil b moore ave,NA,NA
4600 block tackawanna st,NA,NA
1600 block pratt st,Market-Frankford Line - Frankford Transportation Center,NA
4900 block wayne ave,NA,NA
2500 block s felton st,NA,NA
1900 block n 59th st,NA,OVERBROOK HIGH SCHOOL
2400 block s 65th st,NA,NA
1400 block s 26th st,NA,NA
3400 block ridge ave,NA,NA
6300 block elmwood ave,NA,"MORTON, THOMAS G. SCHOOL"
800 block w butler st,NA,NA
5500 block chestnut st,NA,NA
5100 block cedar ave,NA,NA
5200 block ludlow st,Market-Frankford Line - 52nd,NA
"3200 block ""f"" st",NA,NA
4200 block tackawanna st,NA,NA
5500 block old york rd,NA,NA
5500 block old york road,NA,NA
1400 block n 57th st,NA,NA
2500 block n dover st,NA,NA
1000 block filbert st,NA,NA
c & somerset st,NA,NA
1400 block pacific st,NA,NA
n 4th st  /  w champlost av,NA,NA
9th st & lindley ave,NA,LINDLEY ACADEMY CHARTER @ BIRNEY
200 block w queen ln,NA,NA
2400 block w cambria st,NA,NA
3100 block nrosewood st,NA,NA
0 block s salford st,Market-Frankford Line - 60th,NA
3100 block n carlisle st,NA,NA
2600 block n 4th st,NA,NA
3800 block n percy st,NA,NA
2300 block edgley st,NA,NA
5000 block brown st,NA,NA
germantown /  wister st,NA,NA
germantown / wister st,NA,NA
6700 block n 16th st,NA,NA
2900 block n 22nd st,NA,NA
2000 block 67th ave,NA,NA
1500 block wingohocking st,NA,NA
6500 block greenway ave,NA,NA
20th & susquehanna ave,NA,NA
4800 block n 15th st,NA,NA
1700 block wingohocking st,NA,NA
1700 block w wingohocking st,NA,NA
1300 block e haines st,NA,NA
2100 block s 60th st,NA,NA
300 block n 62nd st,NA,NA
1100 block w olney ave,NA,NA
1700 block w york st,NA,NA
1700 block n25th st,NA,NA
5600 block kingsessing ave,NA,MITCHELL ELEMENTARY SCHOOL
24th & oxford st,NA,NA
2600 block coral st,NA,NA
2800 block kip st,NA,NA
4000 block aspen st,NA,NA
1200 block e haines st,NA,NA
1900 block margaret st,NA,NA
18th & cumberland st,NA,NA
5700 block musgrave st,NA,NA
2900 block morris st,NA,NA
600 block s 58th st,NA,NA
4000 block e cheltenham ave,NA,NA
800 block n broad st,NA,PEOPLE FOR PEOPLE
3700 block n 18th st,NA,NA
1800 block s 58th st,NA,NA
2700 block w berk st,NA,NA
500 block rosalie st,NA,NA
2100 block bailey terr,NA,NA
800 block n 50th st,NA,NA
1300 block e price st,NA,NA
300 block e clearfield st,NA,NA
1300 block wolf st,NA,NA
2000 block w olney ave,NA,NA
5100 block wissahickon ave,NA,NA
500 block w luzerne st,NA,NA
1600 block w lippincott st,NA,NA
1200 block of s 29th st,NA,NA
600 block e indiana  ave,NA,NA
0 block w chelten ave,NA,NA
0 block e collum st,NA,NA
0 block e collom st,NA,NA
1900 block briggs st,NA,NA
400 block e somerset st,NA,NA
400 block somerset st,NA,NA
2200 block s bonnaffon st,NA,NA
5200 block n 5th st,NA,NA
5000 block old york rd,NA,NA
1100 block s 54th st,NA,NA
5200 block walton st,NA,NA
200 block edgewood st,NA,NA
200 block s edgewood st,NA,NA
1800 block e atlantic st,NA,NA
1800 block atlantic st,NA,NA
1800 block w westmorland st,NA,NA
1800 block w westmoreland,NA,NA
3500 block f street,NA,NA
2000 block s 60th st,NA,NA
6700 block elmwood ave,NA,NA
1100 block s 56th st,NA,NA
1400 block w butler st,NA,MULTI-CULTURAL ACADEMY
300 block e indiana st,NA,NA
300 block e indiana ave,NA,NA
5700 block larchwood st,NA,NA
200 block s ithan st,NA,NA
0 block e silver st,NA,NA
s 60yh st & locust st,NA,NA
1600 block luzerne st,NA,NA
1300 block s 57th st,NA,NA
2000 block n 6th st,NA,NA
2700 block n 27th st,NA,NA
2300 block mifflin st,NA,NA
5100 block sansom st,NA,NA
2100 block n 20th st,NA,NA
6800 block cobbs creek pkwy,NA,NA
2100 block s broad st,Broad Street Line - Snyder,NA
5200 block spruce st,NA,NA
w dauphin st  /  n cleveland st,NA,NA
2400 block jasper st,NA,NA
17th & cumberland st,NA,NA
2400 block n wendle st,NA,NA
2800 block n 27th st,NA,NA
6300 block lindbergh blvd,NA,NA
2600 block cb moore st,NA,NA
4400 block n 17th st,NA,NA
1100 block s 4th st,NA,NA
2400 block tasker st,NA,NA
7900 block horrocks st,NA,NA
3200 block sheffield ave,NA,NA
4400 block wissahickon ave,NA,NA
2700 block n 5th st,NA,NA
2800 block tasker st,NA,NA
1300 block w olneyb ave,Broad Street Line - Olney,"GIRLS, PHILA HIGH SCHOOL FOR"
1300 block w olney ave,Broad Street Line - Olney,"GIRLS, PHILA HIGH SCHOOL FOR"
1500 block 66th ave,NA,NA
5700 block n american st,NA,NA
5200 block irving st,NA,NA
52nd & arch st,NA,NA
200 block n daggett st,NA,NA
2200 block s 63rd st,NA,NA
200 block ashmead st,NA,NA
200 block e ashmead st,NA,NA
2300 block w indiana ave,NA,NA
2300 block indiana ave,NA,NA
5500 block ludlow st,NA,NA
1700 block pratt st,NA,NA
4800 block griscom st,NA,NA
5700 block n 2nd st,NA,NA
200 block s 49th st,NA,THE WORKSHOP SCHOOL
5300 block wyalusing st,NA,NA
5300 block wyalusing ave,NA,NA
1500 block erie ave,NA,NA
1500 block knorr st,NA,NA
3900 block cambridge st,NA,NA
6000 block ludlow st,Market-Frankford Line - 60th,NA
700 block daly st,NA,"KEY, FRANCIS SCOTT SCHOOL"
2200 block s 62nd st,NA,NA
2000 block n stillman st,NA,NA
3900 block n 17th st,NA,MASTERY PREP ELEMENTARY CHARTER SCHOOL
1800 block s 7th st,NA,NA
2200 block tasker st,NA,NA
1900 block n 27th st,NA,NA
s 49th st & walnut st,NA,NA
5900 block catherine st,NA,NA
800 block n 43rd st,NA,NA
5300 block springfield ave,NA,NA
1800 block e cornwall st,NA,NA
300 block s 53rd st,NA,NA
2700 block n 8th st,NA,NA
1300 block cheltenham ave,NA,NA
4000 block magee st,NA,NA
24th & allegheny ave,NA,NA
2800 block emerald st,NA,NA
5400 block race st,NA,NA
0 block n peach st,NA,NA
1200 block w hunting park ave,NA,NA
3000 block wharton street,NA,NA
1700 block w juanita st,NA,NA
1700 block w juniata at,NA,NA
4100 block n broad st,NA,NA
5300 block thomas ave,NA,"HARRINGTON, AVERY D. SCHOOL"
1900 block n 19th st,NA,NA
2100 block gratz st,NA,NA
2000 block e walnut ln,NA,NA
6000 block wister st,NA,NA
16th & york st,NA,NA
1900 block kennedy st,NA,NA
600 block w lycoming st,NA,NA
800 block n 11th st,NA,NA
1900 block albert st,NA,NA
4200 block market st,NA,"ROBESON, PAUL HIGH SCHOOL"
1700 block w girard ave,NA,NA
3000 block kensington ave,NA,NA
2400 block n 10th st,NA,NA
6600 block n 5th st,NA,NA
4400 block franklin st,NA,NA
2900 block n rosehill st,NA,NA
1600 block w 68th ave,NA,NA
2700 block germantown ave,NA,NA
2300 block n beechwood st,NA,NA
900 block shelmire ave,NA,NA
1100 block w somerville ave,NA,NA
2900 block n 5th st,NA,NA
4300 block elizbeth st,NA,NA
2100 block e ann st,NA,NA
6300 block chew ave,NA,NA
4800 block longshore ave,NA,NA
300 block w queen lane,NA,NA
1200 block s ringold st,NA,NA
1000 block n 63rd st,NA,NA
5900 block n 16th st,NA,NA
4700 block b st,NA,NA
4700 block b street,NA,NA
6000 block spruce st,NA,NA
2400 block cb moore ave,NA,NA
17th & erie ave,NA,NA
300 block w hunting park ave,NA,ESPERANZA ACADEMY CHARTER
2200 block n 33rd st,NA,NA
6400 block loretto st,NA,NA
700 block s columbus blvd,NA,NA
4900 block ella st,NA,NA
broad & spring garden st,Broad Street Line - Spring Garden,NA
5500 block christian st,NA,NA
800 block w cayuga st,NA,NA
200 block e haines st,NA,NA
200 block w somerset st,NA,NA
5300 block lansdowne st,NA,NA
800 block wolf st,NA,"KEY, FRANCIS SCOTT SCHOOL"
2600 block w cambria st,NA,NA
0 block e wister st,NA,NA
5200 block arch st,NA,NA
600 block callowhill st,NA,NA
6300 block norwood st,NA,NA
400 block locust ave,NA,NA
200 block e lehigh ave,NA,NA
5100 block w girard ave,NA,NA
2100 block w spencer st,NA,NA
2000 block s 66th st,NA,NA
11th & rockland st,NA,NA
4000 block n franklin st,NA,NA
800 block n fallon st,NA,NA
3100 block e street,NA,NA
2200 block s 65th st,NA,NA
1800 block w york st,NA,NA
1800 block west york st,NA,NA
1300 block sanger st,NA,NA
1800 block georges lane,NA,NA
5900 block hazel ave,NA,NA
2300 block oakford st,NA,NA
2200 block point breeze ave,NA,NA
1400 block jefferson st,NA,NA
5700 block locust st,NA,NA
2200 block s 71st st,NA,GREATER HOPE CHRISTIAN ACADEMY
6052-54 market st,NA,NA
2000 block w estaugh st,NA,NA
500 block e duval st,NA,NA
25th & diamond st,NA,"DICK, WILLIAM SCHOOL"
1800 block snyder ave,NA,"GIRARD, STEPHEN SCHOOL"
8100 block state rd,NA,NA
1900 block w montgomery ave,NA,NA
1400 block poplar st,NA,NA
800 block n 48th st,NA,NA
3800 block n smedley st,NA,NA
5400 block greenway ave,NA,NA
18th & dauphin st,NA,NA
29th & diamond st,NA,NA
1900 block w cayuga st,NA,NA
300 block callowhill st,NA,NA
300 block e somerset,NA,NA
200 block w clarkson st,NA,NA
2700 block reed st,NA,NA
26th and york st,NA,NA
26th & york st,NA,NA
5100 block funston  st,NA,NA
7500 block briar ln,NA,NA
2700 block n hemberger st,NA,ST MARTIN DE PORRES SCHOOL
3300 block old york rd,NA,"BETHUNE, MARY MCLEOD SCHOOL"
1700 block w chew ave,NA,NA
5500 block hunter st,NA,NA
2800 block njudson st,NA,NA
2700 block n 23rd st,NA,ST MARTIN DE PORRES SCHOOL
24th & cambria st,NA,NA
6100 block passyunk ave,NA,NA
5000 block boudinot st,NA,NA
200 block e lippincott st,NA,NA
16th & cecil b moore,NA,NA
300 block n 57th st,NA,NA
5700 block n 4th st,NA,NA
2100 block s 64th ave,NA,NA
2500 block s 19th st,NA,NA
2500 block mckean st,NA,NA
600 block  w york st,NA,NA
600 block w york st,NA,NA
6100 block buist ave,NA,NA
2700 block n 21st st,NA,"DOBBINS, MURRELL HIGH SCHOOL"
5900 block callowhill st,NA,NA
1800 block bridge st,NA,MASTERY CHARTER @ SMEDLEY
900 block pratt st,NA,NA
1600 block n 24th st,NA,NA
5200 block locust st,NA,NA
3000 block boudinot st,NA,NA
7800 block ogonta ave,NA,NA
2100 block laveer st,NA,NA
1900 block w courtland st,NA,NA
1600 block n 29th st,NA,NA
3100 block n 30th st,NA,NA
5300 block baltimore ave,NA,NA
1100 block  fairmount ave,NA,SPRING GARDEN SCHOOL
2700 block w clearfield st,NA,NA
6500 block lebanon ave,NA,NA
2000 block scattergood st,NA,NA
3700 block n carlisle st,Broad Street Line - Erie,NA
3700 block n carilsle st,Broad Street Line - Erie,NA
3700 block carlisle st,Broad Street Line - Erie,NA
1000 block n 47th st,NA,QUBA INSTITUTE OF ARABIC & ISLAMIC STUDIES
0 block s 15th st,Market-Frankford Line - 15th,NA
500 block s cobbs creek parkway,NA,NA
200 block n peach st,NA,NA
700 block n marvine st,NA,NA
3000 block dickinson st,NA,NA
500 block w cumberland st,NA,NA
4000 block creston st,NA,NA
200 block n 56th st,NA,NA
700 block e price st,NA,NA
6600 block lebannon ave,NA,NA
5800 block bingham st,NA,NA
5100 block darrah st,NA,NA
judson & somerset st,NA,NA
0 block n frazier st,NA,NA
800 block n 66th st,NA,NA
800 block n66th st,NA,NA
2900 block rutledge st,NA,NA
5400 block hadfield st,NA,NA
5500 block whitaker ave,NA,NA
800 block w luzerne st,NA,NA
3700 block pulaski ave,NA,NA
4400 block westminster ave,NA,NA
4100 block westminister ave,NA,BELMONT ACADEMY CHARTER SCHOOL
5700 block christian st,NA,NA
900 block w lycoming ave,NA,NA
1600 block allengrove st,NA,NA
200 block s cecil st,NA,NA
7100 block n ogontz av,NA,NA
700 block wclearfield st,NA,NA
700 block w clearfield st,NA,NA
2800 block n bonsall st,NA,NA
5000 block thompson st,NA,NA
18th & walnut st,NA,NA
0 block w logan st,NA,NA
1600 block allegheny ave,NA,NA
100 block e wishart st,NA,NA
e st and allegheny ave,NA,NA
1400 block roosevelt blvd,Broad Street Line - Hunting Park,NA
1400 block w roosevelt blvd,Broad Street Line - Hunting Park,NA
100 block e eleanor st,NA,NA
20th & diamond st,NA,NA
900 block b63rd st,NA,NA
200 block wontario,NA,NA
200 block w ontario st,NA,NA
1900 block wdauphin st,NA,NA
600 block n union st,NA,NA
600 block union st,NA,NA
broad & daulphin st,Broad Street Line - Susquehanna-Dauphin,NA
3100 block frankford ave,NA,"MASTBAUM, JULES E. HIGH SCHOOL"
6000 block sansom st,NA,NA
2500 block n 27th st,NA,NA
2000 block n judson st,NA,NA
1900 block 72nd ave,NA,NA
2200 block n 57th st,NA,NA
2000 block gillingham st,NA,NA
3800 block brown st,NA,NA
3600 block s broad st,Broad Street Line - NRG,NA
25th  /  durfor st,NA,NA
1500 block dyre st,NA,NA
700 block s 58th st,NA,NA
2200 block s 69th st,NA,NA
3700 block n 15th st,NA,NA
4600 block leiper st apt c10,NA,NA
5500 block heiskell st,NA,NA
6000 block norwood st,NA,NA
4500 block griscom st,NA,FRANKFORD FRIENDS SCHOOL
2100 block n 5th st,NA,"MCKINLEY, WILLIAM SCHOOL"
broad & chestnut st,NA,NA
1900 block n marshall st,NA,NA
5100 block locust st,NA,NA
900 block s 59th st,NA,NA
1700 block windrim ave,NA,NA
59th & baltimore ave,NA,MOTIVATION HIGH SCHOOL
1000 block risnig sun ave,NA,NA
2800 block c street,NA,NA
1800 block e somerset st,Market-Frankford Line - Somerset,NA
ruth and somerset streets,Market-Frankford Line - Somerset,NA
3200 block mcmichael pl,NA,NA
3300 block lehigh ave,NA,NA
"3300 block ""d"" st",NA,NA
5600 block grays ave,NA,NA
3700 block park st,NA,NA
0 block n salford st,Market-Frankford Line - 60th,NA
2100 block furley st,NA,NA
32nd & cumberland sts,NA,NA
500 block morris st,NA,NA
4700 block d street,NA,NA
4700 block d st,NA,NA
4200 block n park ave,NA,NA
5700 block greene st,NA,HIGH ROAD SCHOOL OF PHILADELPHIA- GERMANTOWN
6200 block pachall ave,NA,NA
52nd & walnut st,NA,NA
2700 block n ringgold st,NA,NA
2800 block n 12th st,NA,MASTERY CHARTER @ CLYMER
2300 block w indiana av,NA,NA
2600 block germantown ave,NA,HOPE PARTNERSHIP FOR EDUCATION
2500 block n marston st,NA,NA
1300 block s 4th st,NA,NA
1800 block n77th st,NA,NA
6100 block locust st,NA,NA
1600 block susquehanna ave,NA,NA
7100 block germantown ave,NA,NA
3100 block n bancroft st,NA,NA
5500 block crowson st,NA,NA
200 block furley st,NA,NA
2500 block n stanley st,NA,NA
500 block adams ave,NA,NA
6500 block torresdale ave,NA,NA
5900 block market st,Market-Frankford Line - 60th,NA
4700 block frankford ave,Market-Frankford Line - Arrott Transportation Center,NA
100 block n edgewood st,NA,NA
3500 block n 5th st,NA,NA
3000 block tasker st,NA,NA
1800 block wakeling st,NA,NA
4800 block wyalusing ave,NA,NA
1500 block w lehigh ave,NA,NA
6000 block market st,Market-Frankford Line - 60th,NA
6100 block eastwick ave,NA,NA
1600 block fontain st,NA,NA
5600 block chestnut st,NA,NA
1700 block dickenson st,NA,NA
1600 block s etting st,NA,NA
6100 block columbia ave,NA,NA
2900 block n front st,NA,NA
700 block oregon ave,NA,NA
3700 block germantown ave,NA,NA
5000 block parrish st,NA,"RHOADS, JAMES SCHOOL"
2900 block w allegheny ave,NA,MERCY CAREER AND TECHNICAL HIGH SCHOOL
4700 block wyalusing ave,NA,NA
600 block rising sun ave,NA,NA
0 block w apsley st,NA,NA
6200 block ogontz ave,NA,NA
2300 block w montgomery ave,NA,NA
3800 block poplar st,NA,NA
2400 block n 54th st,NA,NA
5400 block stewart st,NA,NA
5000 block wynnefield ave,NA,NA
900 block n fallon st,NA,NA
4900 block n broad st,NA,NA
5000 block master st,NA,NA
7300 block passyunk ave,NA,NA
4500 block n lawrence st,NA,NA
5300 block ogontz ave,NA,NA
5400 block walnut st,NA,NA
1000 block w olney ave,NA,NA
6200 block lansdowne ave,NA,NA
3200 block front st,NA,NA
3200 block n front st,NA,NA
3100 block kensington ave,NA,NA
1000 block ritner st,NA,NA
2800 block n 5th st,NA,NA
5800 block brush rd,NA,NA
6100 block catharine st,NA,NA
1300 block w erie ave,NA,NA
1300 block werie st,NA,NA
1700 block s 2nd st,NA,NA
3100 block reach st,NA,NA
3500 block wallace st,NA,NA
2100 block daggett st,NA,NA
2100 block sdagget st,NA,NA
4600 block c st,NA,NA
2200 block n cleveland st,NA,NA
1900 block w passyunk ave,NA,NA
1600 block magee ave,NA,NA
900 block s 5th st,NA,NA
2800 block frankford ave,NA,NA
1300 block s 28th st,NA,NA
3000 block n water st,NA,NA
2600 block n lawrence st,NA,NA
2600 block lawrence st,NA,NA
1400 block n 54th st,NA,NA
1800 block medary st,NA,NA
1800 block medary ave,NA,NA
5500 block haverford ave,NA,NA
1500 block 67th ave,NA,NA
1500 block 67th av,NA,NA
5000 block n 5th st,NA,NA
5600 block market st,Market-Frankford Line - 56th,NA
5800 block race st,NA,NA
2100 block e cambria st,NA,NA
4200 block lancaster ave,NA,NA
6000 block buist ave,NA,NA
1500 block n 52nd st,NA,NA
1100 block w indiana st,NA,NA
4000 block roosevelt blvd,NA,NA
4600 block benner st,NA,NA
2400 block n chadwick st,NA,NA
2400 block germantown ave,NA,NA
6700 block musgrave st,NA,NA
700 block e clearfield st,NA,NA
1000 block lindley ave,NA,NA
2500 block bonnafon st,NA,NA
4200 block haverford ave,NA,NA
3800 block kensington ave,NA,NA
1100 block w wyoming ave,NA,NA
5200 block jefferson st,NA,NA
1700 block n broad st,Broad Street Line - Cecil B. Moore,NA
6600 block ogontz ave,NA,NA
4600 block palethorp st,NA,NA
300 block e cambria st,NA,NA
5200 block pulaski ave,NA,"KELLY, JOHN B. SCHOOL"
3500 block n 17th st,NA,SPRING GARDEN ACADEMY - TIOGA
6000 block ogontz st,NA,NA
3200 block n fairhill st,NA,NA
5300 block haverford ave,NA,NA
3100 block tasker st,NA,NA
200 block n 61st st,NA,NA
200 block e indiana ave,NA,NA
7400 block torresdale ave,NA,NA
2800 block n front st,NA,NA
1300 block olney ave,NA,NA
2200 block e butler st,NA,NA
5700 block frankford ave,NA,NA
2700 block n broad st,Broad Street Line - North Philadelphia,YES PHILLY
3000 block n 15th st,NA,NA
500 block s 52nd st,NA,NA
1500 block chestnut st,NA,NA
600 block e allegheny ave,NA,NA
2400 block n 5th st,NA,NA
800 block e hilton st,NA,NA
2200 block s 7th st,NA,NA
4800 block n 5th st,NA,NA
2400 block cecil b moore ave,NA,NA
200 block s 60th st,NA,NA
31500 block custer st,NA,NA
2200 block ridge ave,NA,NA
3200 block york st,NA,NA
900 block sanger st,NA,ST MARTIN OF TOURS SCHOOL
5500 block rising sun ave,NA,NA
2500 block harold st,NA,NA
2500 block w harold st,NA,NA
400 block n 6th st,NA,NA
1900 block pennfiled t,NA,NA
5500 block sansom st,NA,NA
2000 block gratz st,NA,NA
2000 block ngratz st,NA,NA
2100 block walnut st,NA,NA
3500 block jasper st,NA,NA
1700 block bridge st,Market-Frankford Line - Frankford Transportation Center,NA
400 block south st,NA,NA
6900 block oxford ave,NA,NA
2800 block n 26th st,NA,NA
4800 block disston st,NA,NA
4600 block leiper st,NA,NA
5400 block lebanon ave,NA,NA
1800 block n 54th st,NA,NA
2000 block s norwood st,NA,NA
2100 block nvan pelt st,NA,NA
1900 block of nedro ave,NA,NA
0 block farson st,NA,NA
2600 block n stanley st,NA,NA
2000 block e ontario st,NA,"WEBSTER, JOHN H. SCHOOL"
3600 block n 5th st,NA,NA
3600 block n5th st,NA,NA
2800 block w clearfield st,NA,NA
5800 block delancey st,NA,NA
3800 block jasper st,NA,NA
5800 block rising sun ave,NA,"FRANKLIN, BENJAMIN SCHOOL"
700 block w girard ave,NA,NA
5800 block e roosevelt blvd,NA,NA
5400 block n 5th st,NA,NA
5700 block lansdowne ave,NA,NA
1800 block diamond st,NA,NA
5200 block wayne ave,NA,NA
7200 block forrest ave,NA,NA
2900 block mascher st,NA,"SHEPPARD, ISAAC A. SCHOOL"
2900 block n mascher st,NA,"SHEPPARD, ISAAC A. SCHOOL"
6200 block market st,NA,NA
4800 block n sydenham st,NA,NA
1200 block point breeze ave,NA,NA
2800 block cottman ave,NA,NA
800 block w indiana ave,NA,NA
3300 block n 9th st,NA,NA
4600 block chestnut st,NA,NA
200 block n 17th st,NA,NA
700 block n markoe st,NA,NA
400 block n 4th st,NA,OIC CADI
5100 block master st,NA,NA
1200 block fillmore st,NA,NA
4600 block frankford ave,NA,NA
900 block e hunting park ave,NA,NA
5900 block baynton st,NA,NA
2400 block kelly dr,NA,NA
5200 block torresdale ave,NA,NA
5500 block arch st,NA,NA
900 block e westmorland st,NA,NA
6600 block torresdale ave,NA,NA
100 block w olney ave,NA,NA
4200 block n broad st,Broad Street Line - Hunting Park,NA
6500 block marsden st,NA,NA
1700 block w susquehanna ave,NA,NA
1700 block susquehanna ave,NA,NA
700 block n 40th st,NA,NA
1800 block n judson st,NA,NA
3400 block old york rd,NA,"BETHUNE, MARY MCLEOD SCHOOL"
800 block e allegheny ave,NA,NA
7200 block elmwood st,NA,NA
2500 block marston st,NA,NA
4900 block n 13th st,NA,NA
3900 block jasper st,NA,MARIANA BRACETTI ACADEMY
3300 block h street,NA,NA
3300 block h st,NA,NA
600 block n 36th st,NA,NA
5500 block vine st,NA,NA
1500 block werie ave,NA,NA
2200 block n20th st,NA,NA
2200 block n 20th st,NA,NA
5300 block montgomery st,NA,NA
5100 block pine st,NA,NA
2500 block orianna st,NA,NA
100 block e tioga st,NA,NA
6600 block chew ave,NA,"EMLEN, ELEANOR C. SCHOOL"
2100 block w chelten ave,NA,NA
2100 block chelten ave,NA,NA
100 block w lippincott st,NA,NA
1400 block greenwood st,NA,NA
2800 block n reese st,NA,NA
4900 block reno st,NA,NA
500 block e westmorland st,NA,NA
500 block ewestmoreland st,NA,NA
4900 block saybrook ave,NA,NA
2600 block s 60th st,NA,NA
2500 block n bouvier st,NA,NA
2500 block n water st,NA,NA
w cumberland st  /  n corlies st,NA,NA
w cumberland st & n corlies st,NA,NA
2600 block silver st,NA,NA
2600 block w silver st,NA,NA
2600 block n 28th st,NA,NA
2500 block n 7th st,NA,NA
2600 block w lehigh ave,NA,NA
2500 block carroll st,NA,NA
2600 block n myrtlewood st,NA,NA
2600 block s 65th st,NA,NA
2600 block s muhlfeld st,NA,NA
0 block s 53rd st,NA,NA
2700 block diamond st,NA,NA
2700 block hutchinson st,NA,"FELL, D. NEWLIN SCHOOL"
2600 block n 8th st,NA,NA
200 block e tusculum st,NA,NA
2700 block w berks st,NA,NA
2700 block n 11th st,NA,NA
2700 block e allegheny ave,NA,NA
2700 block s front st,NA,NA
2600 block n 31st st,NA,NA
2700 block n 29th st,NA,NA
2700 block n judson st,NA,NA
2600 block s 67th st,NA,NA
2600 block levick st,NA,NA
2800 block fox st,NA,NA
2600 block janney st,NA,NA
2600 block w sterner st,NA,NA
2800 block glenview st,NA,NA
2700 block 54th dr,NA,NA
2700 block s marshall st,NA,NA
2800 block saxton rd,NA,NA
2700 block n 2nd st,NA,NA
2800 block amber st,NA,NA
2800 block n broad st,NA,NA
2700 block hope st,NA,NA
2800 block ridge ave,NA,NA
2800 block lehigh ave,NA,NA
2800 block n hancock st,NA,NA
2800 block n lee st,NA,NA
2900 block bambrey st,NA,NA
2900 block w clearfield st,NA,RHODES ELEMENTARY SCHOOL
2400 block s bouvier st,NA,ST MONICA SCHOOL (JUNIOR SCHOOL)
200 block s alden st,NA,NA
1600 block s 22nd st,NA,NA
100 block w nedro ave,NA,NA
100 block e meehan ave,NA,NA
1600 block n 16th st,NA,NA
1600 block dyre st,NA,NA
1600 block n 60th st,NA,NA
100 block e sterner st,NA,NA
1700 block w blavis st,NA,NA
1700 block n lindenwood st,NA,NA
1700 block s 6th st,NA,NA
1700 block w edgley st,NA,NA
1700 block s 53rd st,NA,NA
1700 block s hollywood st,NA,NA
1700 block s 18th st,NA,ST THOMAS AQUINAS SCHOOL
1700 block n 23rd st,NA,NA
100 block w duncannon ave,NA,NA
1800 block johnston st,NA,NA
1800 block w oxford st,NA,"MEADE, GEN. GEORGE G. SCHOOL"
1800 block w oxford ave,NA,"MEADE, GEN. GEORGE G. SCHOOL"
1800 block s 56th st,NA,MITCHELL ELEMENTARY SCHOOL
1700 block wharton st,NA,NA
1700 block w glenwood st,NA,NA
1700 block w tioga st,NA,SPRING GARDEN ACADEMY - TIOGA
1700 block scattergood st,NA,NA
1800 block indiana av,NA,NA
1700 block n 31st st,NA,NA
1800 block n 52nd st,NA,NA
1800 block n bucknell st,NA,NA
1700 block harrison st,NA,NA
1800 block n 23rd st,NA,NA
100 block e sharpnack st,NA,NA
1800 block s 65th st,NA,NA
1800 block harrison st,NA,NA
1800 block beverly rd,NA,NA
1800 block s58th st,NA,NA
1800 block nbucknell st,NA,NA
1800 block s 31st st,NA,NA
1800 block e lippincott st,NA,NA
100 block herman st,NA,NA
1800 block w tioga st,NA,NA
1800 block wsusquehana ave,NA,NA
1900 block brill st,NA,NA
1800 block e tusculum st,NA,NA
1900 block n 6th st,NA,NA
1900 block e harold st,NA,NA
1900 block n 21st st,NA,NA
1900 block w somerset st,NA,NA
1900 block n 60th st,NA,NA
1900 block w erie ave,NA,NA
1900 block e wishart st,NA,NA
1900 block w chew ave,NA,NA
1900 block w cheltenham ave,NA,NA
1900 block n croskey st,NA,NA
1900 block s alden st,NA,CORNERSTONE CHRISTIAN ACADEMY
1900 block cottman ave,NA,NA
1900 block e tioga st,NA,NA
1900 block e firth st,NA,"BROWN, HENRY A. SCHOOL"
1900 block s 19th st,NA,NA
1900 block pattison ave,NA,NA
1900 block w hunting park ave,NA,NA
1900 block jackson st,NA,NA
200 block w grange st,NA,NA
1900 block dennie st,NA,NA
1900 block s chadwick st,NA,NA
1900 block e somerset st,NA,NA
200 block n 50th st,NA,NA
200 block w wishart st,NA,NA
2000 block e tioga st,NA,NA
2000 block n 10th st,NA,NA
2000 block n 8th st,NA,NA
2000 block n 9th st,NA,NA
2000 block cambridge st,NA,NA
2000 block w mayfield st,NA,NA
1900 block godfrey ave,NA,NA
200 block chelten ave,NA,NA
2000 block w ontario st,NA,NA
2000 block w venago st,NA,NA
2000 block snyder ave,NA,NA
2000 block snorwood st,NA,NA
200 block n 54th st,NA,NA
2000 block s 65th st,NA,NA
2000 block w indiana ave,NA,NA
2000 block susquehanna ave,NA,NA
2000 block eastburn ave,NA,NA
2000 block bridge st,NA,NA
2000 block wharton st,NA,NA
2000 block s alden st,NA,NA
2000 block n 33rd st,NA,NA
2000 block n 20th st,NA,NA
2000 block e stella st,NA,NA
2000 block s salford st,NA,NA
2000 block castor ave,NA,NA
200 block bainbridge st,NA,NA
2000 block carver st,NA,NA
2000 block s 68th st,NA,NA
2100 block nfranklin st,NA,NA
2100 block n franklin st,NA,NA
2100 block gillingham st,NA,NA
2100 block s 15th st,NA,NA
2100 block w cambria st,NA,NA
2100 block w ontario st,NA,NA
2000 block e clementine st,NA,NA
200 block n gross st,NA,NA
2000 block e cambria st,NA,NA
2100 block e walnut ln,NA,NA
2100 block s 72nd st,NA,NA
2100 block w dauphin st,NA,NA
2100 block weccacoe ave,NA,NA
2100 block cheltenham ave,NA,NA
2100 block sigel st,NA,"MCDANIEL, DELAPLAINE SCHOOL"
2100 block diamond st,NA,NA
2100 block s 67th st,NA,NA
200 block n salford st,NA,NA
2100 block n 28th st,NA,NA
2100 block gould st,NA,NA
200 block n wanamaker st,NA,NA
2200 block kelly drive,NA,NA
2100 block birch st,NA,NA
2200 block s 22nd st,NA,NA
2200 block n 7th st,NA,NA
2100 block n8th st,NA,NA
2100 block shields st,NA,NA
2100 block n 4th st,NA,NA
2200 block w york st,NA,NA
200 block e indiana st,NA,NA
2200 block n 16th st,NA,NA
2200 block w ontario st,NA,NA
2200 block w lehigh ave,NA,ST MARTIN DE PORRES SCHOOL
2200 block n watts st,NA,NA
2200 block n camac st,NA,NA
2200 block n chadwick st,NA,NA
2200 block n park ave,NA,TECH FREIRE CHARTER SCHOOL
2300 block n 26th st,NA,NA
2200 block n12th st,NA,NA
2300 block nicholas st,NA,NA
2200 block sydenham st,NA,NA
2300 block cbmoore ave,NA,NA
2200 block hunting park ave,NA,NA
2300 block coral st,NA,NA
2200 block n gratz st,NA,NA
2300 block w turner st,NA,NA
200 block e wyoming ave,NA,FELTONVILLE INTERMEDIATE
2300 block n fairhill st,NA,NA
2300 block n 30th st,NA,NA
2300 block n park ave,NA,NA
200 block wolney ave,NA,NA
200 block n creighton st,NA,NA
2300 block n croskey st,NA,NA
2400 block n 19th st,NA,NA
0 block n 51st st,NA,NA
2400 block s 72nd st,NA,NA
2400 block s 22nd st,NA,GIRARD ACADEMIC MUSIC PROGRAM
2400 block wmaster st,NA,VAUX HIGH SCHOOL
2400 block w master st,NA,VAUX HIGH SCHOOL
2300 block w nicholas st,NA,NA
2300 block moore st,NA,NA
200 block n 63rd st,NA,NA
2300 block n 9th st,NA,NA
2300 block watkins st,NA,NA
2400 block w oakdale st,NA,NA
2400 block 78th ave,NA,NA
2400 block 77th ave,NA,NA
2400 block s 58th st,NA,NA
200 block e stella st,NA,NA
2400 block n clarion st,NA,NA
2400 block n colorado st,NA,NA
2500 block n 19th st,NA,NA
2500 block s robinson st,NA,NA
2500 block hobson st,NA,NA
2500 block w somerset st,NA,NA
2500 block n 2nd st,NA,NA
2500 block n alder st,NA,NA
2500 block w sergeant st,NA,NA
2400 block n garnet st,NA,NA
2400 block island ave,NA,NA
2400 block n delhi st,NA,NA
2500 block n mutter st,NA,NA
2500 block s 69th st,NA,NA
2500 block w lehigh ave,NA,NA
2600 block w sergeant st,NA,NA
2500 block ridge ave,NA,NA
2600 block s 61st st,NA,NA
2500 block n jessup st,NA,NA
2600 block n 5th st,NA,NA
2500 block n 18th st,NA,NA
2500 block n 31st st,NA,NA
2900 block ridge ave,NA,NA
3000 block water st,NA,NA
5900 block larchwood st,NA,NA
3300 block kensington ave,NA,NA
1800 block s 30th st,NA,NA
4700 block edmunds st,NA,NA
600 block ecornwall st,NA,NA
4900 block woodland ave,NA,NA
700 block e russell st,NA,NA
2400 block montgomery ave,NA,NA
4600 block e roosevelt blvd,NA,NA
4600 block roosevelt blvd,NA,NA
4300 block potter st,NA,NA
2700 block dickinson st,NA,NA
2900 block n 23rd st,NA,NA
1800 block huntingdon st,Market-Frankford Line - Huntingdon,NA
3200 block n broad st,Broad Street Line - Allegheny,NA
2500 block n 17th st,NA,NA
1800 block s 24th st,NA,NA
1600 block w tioga st,NA,SPRING GARDEN ACADEMY - TIOGA
4000 block lancaster ave,NA,NA
4800 block n mascher st,NA,NA
100 block e willard st,NA,NA
2700 block e somerset st,NA,NA
1200 block n 10th st,NA,NA
5600 block chester ave,NA,INDEPENDENCE CHARTER WEST
300 block e somerset st,NA,NA
1200 block w hilton st,NA,NA
2800 block snyder ave,NA,NA
1400 block s vodges st,NA,NA
1700 block s 20th st,NA,NA
1600 block w susquehanna ave,NA,NA
3100 block g st,NA,NA
2900 block kensington ave,NA,NA
2400 block n howard st,NA,NA
5700 block old second st,NA,NA
1700 block point breeze ave,NA,NA
3100 block clifford st,NA,NA
1400 block n 62nd st,NA,NA
2300 block elehigh ave,NA,NA
2800 block jasper st,NA,NA
800 block vine st,NA,NA
2900 block frankford ave,NA,NA
6300 block e wister st,NA,NA
6100 block woodland ave,NA,NA
800 block w birch st,NA,NA
2800 block d st,Market-Frankford Line - Somerset,NA
4900 block spruce st,NA,NA
2000 block e birch st,NA,NA
4500 block lancaster ave,NA,NA
6600 block dicks ave,NA,NA
2700 block wcabot st,NA,NA
1900 block w hunting park av,NA,NA
2500 block wdiamond st,NA,"DICK, WILLIAM SCHOOL"
2500 block diamond st,NA,"DICK, WILLIAM SCHOOL"
2500 block w diamond st,NA,"DICK, WILLIAM SCHOOL"
3100 block hartville st,NA,NA
5100 block haverford ave,NA,NA
1700 block church st,NA,NA
1200 block s bucknell st,NA,NA
5600 block n broad st,Broad Street Line - Olney,"GIRLS, PHILA HIGH SCHOOL FOR"
6500 block elmwood ave,NA,NA
6500 block elmwood st,NA,NA
2200 block sedgley ave,NA,NA
2200 block w sedgley ave,NA,NA
100 block s 60th st,NA,NA
6100 block callowhill st,NA,NA
400 block cheltenham ave,NA,NA
700 block e chelten ave,NA,NA
900 block brill st,NA,NA
3800 block mt vernon st,NA,NA
900 block w huntingdon st,NA,NA
6500 block paschall ave,NA,NA
2100 block e allegheny ave,NA,NA
5500 block market st,NA,NA
100 block n farson st,NA,NA
5500 block wyalusing ave,NA,NA
3500 block kensington ave,Market-Frankford Line - Tioga,NA
1600 block w nedro ave,NA,NA
600 block snyder ave,NA,NA
6200 block woodland ave,NA,NA
3300 block hartville st,NA,NA
2400 block harlan st,NA,VAUX HIGH SCHOOL
3500 block n 6th st,NA,ST VERONICA SCHOOL
300 block south st,NA,NA
1000 block wagner ave,NA,NA
1000 block s 5th st,NA,NA
2200 block wheatsheaf ln,NA,NA
2500 block w allegheny ave,NA,NA
1100 block huntingdon st,NA,HOPE PARTNERSHIP FOR EDUCATION
1100 block w huntingdon st,NA,HOPE PARTNERSHIP FOR EDUCATION
200 block e allegheny ave,NA,NA
4000 block monument rd,NA,NA
5000 block n broad st,Broad Street Line - Logan,NA
1600 block n 55th st,NA,NA
2800 block n mascher st,NA,NA
1200 block s 34th st,NA,NA
200 block w wellens st,NA,NA
3600 block n front st,NA,NA
4800 block n broad st,NA,NA
300 block w queen ln,NA,NA
4900 block w thompson st,NA,NA
6700 block woodland ave,NA,NA
5500 block summer st,NA,NA
5200 block chester ave,NA,NA
2900 block germantown ave,NA,NA
800 block e madison st,NA,NA
100 block ewyoming ave,NA,NA
4800 block westminster ave,NA,NA
3900 block n9th st,NA,NA
6600 block paschall ave,NA,NA
2300 block tasker st,NA,NA
1000 block e erie ave,NA,NA
1500 block ritner st,NA,NA
900 block reno pl,NA,NA
3300 block n front st,NA,NA
5500 block cambridge st,NA,NA
6100 block torresdale ave,NA,NA
1500 block unity st,NA,NA
1300 block n 57th st,NA,NA
5800 block larchwood ave,NA,NA
5800 block n 16th st,NA,NA
4000 block n7th st,NA,NA
1900 block e clearfield st,NA,"CONWELL, RUSSELL MIDDLE SCHOOL"
6200 block master st,NA,NA
2100 block cecil b moore ave,NA,NA
6000 block jefferson st,NA,NA
2900 block n marshall st,NA,NA
1500 block werie st,NA,NA
1500 block e cheltenham ave,NA,NA
5800 block rodman st,NA,NA
5300 block n market st,NA,NA
7700 block limekiln pk,NA,NA
5100 block arch st,NA,NA
1700 block w indiana ave,NA,NA
700 block w russell st,NA,NA
1000 block cambridge st,NA,NA
4300 block n 7th st,NA,NA
100 block n 63rd st,NA,NA
7500 block torresdale ave,NA,NA
5300 block jackson st,NA,NA
3600 block nbroad st,Broad Street Line - Erie,NA
5700 block walnut st,NA,NA
2100 block w allegheny ave,NA,NA
6200 block limeklin pk,NA,NA
100 block e washington ln,NA,NA
4100 block n 8th st,NA,NA
5200 block market st,Market-Frankford Line - 52nd,NA
4700 block old york rd,Broad Street Line - Wyoming,NA
700 block e hilton st,NA,NA
2900 block w lehigh ave,NA,NA
2100 block ridge ave,NA,NA
2900 block s christopher columbus blvd,NA,NA
5100 block lancaster ave,NA,NA
100 block w wyoming av,NA,NA
100 block w wyoming ave,NA,NA
3900 block reno st,NA,NA
4700 block w girard ave,NA,NA
6300 block frankford ave,NA,NA
2600 block s robinson st,NA,NA
1700 block tilghman st,NA,NA
1900 block n 25th st,NA,NA
2900 block n howard st,NA,"SHEPPARD, ISAAC A. SCHOOL"
2900 block nhoward st,NA,"SHEPPARD, ISAAC A. SCHOOL"
5500 block torresdale ave,NA,NA
2800 block n hope st,NA,NA
1600 block dounton st,NA,NA
5000 block germantown ave,NA,NA
1900 block w godfrey ave,NA,NA
3600 block kensington ave,NA,NA
1800 block w erie ave,NA,NA
2800 block n howard st,NA,"SHEPPARD, ISAAC A. SCHOOL"
6200 block n beechwood st,NA,NA
600 block e indiana ave,NA,NA
4200 block macalester st,NA,NA
1900 block medary ave,NA,NA
1600 block margaret st,Market-Frankford Line - Arrott Transportation Center,NA
5900 block cedar ave,NA,NA
3200 block n reese st,NA,NA
4000 block old york road,NA,NA
4000 block old york rd,NA,NA
5100 block belfield ave,NA,NA
100 block w manheim st,NA,NA
5700 block germantown ave,NA,NA
1200 block w allegheny ave,NA,NA
3200 block h st,Market-Frankford Line - Allegheny,NA
3200 block h street,Market-Frankford Line - Allegheny,NA
1000 block diamond st,NA,NA
5700 block kingsessing ave,NA,CORNERSTONE CHRISTIAN ACADEMY
2800 block island ave,NA,NA
5800 block master st,NA,GUION S BLUFORD ELEMENTARY SCHOOL
5600 block w berks st,NA,NA
1600 block w susquehanna st,NA,NA
5800 block christian st,NA,NA
1900 block e clementine st,NA,NA
1500 block n 62nd st,NA,NA
2900 block memphis st,NA,NA
3700 block n 21st st,NA,NA
6500 block wyncote ave,NA,NA
4500 block n hicks st,NA,NA
6100 block woodstock st,NA,NA
900 block e cayuga st,NA,NA
hope and nedro ave,NA,NA
1500 block s 2nd st,NA,NA
2800 block lewis st,NA,NA
1000 block w wingohocken st,NA,NA
23rd & diamond st,NA,NA
2100 block mckean st,NA,NA
200 block n ruby st,NA,NA
200 block n 55th st,NA,NA
2nd & chestnut,NA,NA
19th and master sts,NA,NA
0 block s 60th st,Market-Frankford Line - 60th,NA
21st & ellsworth st,NA,NA
5100 block marion st,NA,NA
300 block e allegheney ave,NA,NA
1500 block n conestoga st,NA,NA
3200 block moore st,NA,NA
700 block n 13th st,NA,NA
4800 block n carlisle st,NA,NA
3200 block graysferry ave,NA,NA
3800 block folsom st,NA,NA
1800 block nwoodstock st,NA,NA
700 block n 48th st,NA,MYA-MIDDLE YEARS ALTERNATIVE
2100 block point breeze ave,NA,NA
2100 block point breeze av,NA,NA
3000 block n 9th st,NA,NA
7200 block buist ave,NA,NA
7400 block buist ave,NA,NA
4900 block c street,NA,NA
4600 block locust st,NA,NA
100 block w ontario st,NA,NA
4800 block n front st,NA,NA
1400 block st lukes st,NA,NA
500 block n 16th st,NA,NA
900 block w butler st,NA,NA
900 block w bulter st,NA,NA
100 block w abbottsford ave,NA,NA
100 block callowhill st,NA,NA
5200 block chestnut st,NA,NA
4600 block pulaski ave,NA,NA
1100 block cumberland st,NA,NA
1100 block w cumberland st,NA,NA
500 block w indiana ave,NA,POTTER-THOMAS SCHOOL
1900 block n gratz st,NA,NA
2200 block n 30th st,NA,NA
800 block snyder ave,NA,NA
17th & jefferson st,NA,NA
5800 block norfolk st,NA,NA
700 block cobbs creek pkwy,NA,NA
700 block cobbs creek parkway,NA,NA
4900 block sansom st,NA,NA
500 block e westmoreland st,NA,NA
3100 block potter st,NA,NA
4200 block n 16th st,NA,NA
1000 block w somerset st,NA,NA
4th /  christain st,NA,NA
2300 block e huntingdon st,NA,NA
5700 block pulaski ave,NA,NA
22nd & dickinson st,NA,NA
3000 block n 12th st,NA,NA
1200 block n 11th st,NA,ST MALACHY SCHOOL
600 block n 53rd st,NA,NA
400 block n edgewood st,NA,NA
4500 block melrose st,NA,NA
2000 block n 63rd st,NA,NA
1200 block s front st,NA,NA
1800 block mclellan st,NA,NA
4600 block wyalusing ave,NA,QUBA INSTITUTE OF ARABIC & ISLAMIC STUDIES
4200 block leidy st,NA,INQUIRY CHARTER SCHOOL
2300 block mountain st,NA,NA
1500 block w somerville st,NA,NA
700 block mckean st,NA,NA
1500 block n edgewood st,NA,NA
2400 block moore st,NA,NA
0 block n 46th st,Market-Frankford Line - 46th,NA
1100 block w westmoreland st,NA,NA
400 block hoffman st,NA,NA
7000 block greenway ave,NA,NA
6200 block nwoodstock st,NA,IMHOTEP CHARTER SCHOOL
wagner & olney,NA,NA
3000 block n orkney st,NA,NA
500 block carpenter st,NA,NA
1500 block w duncannon st,NA,NA
1700 block w huntingdon st,NA,NA
hansberry /  knox st,NA,NA
1900 block e lippincott st,NA,NA
4500 block market st,NA,NA
1300 block blavis st,NA,NA
2000 block reese st,NA,NA
6200 block washington ave,NA,NA
5700 block n hope st,NA,NA
700 block s cecil st,NA,NA
6100 block lansdowne av,NA,NA
800 block s 55th st,NA,NA
1300 block courtland st,NA,NA
5100 block n 9th st,NA,LINDLEY ACADEMY CHARTER @ BIRNEY
5300 block chew ave,NA,NA
400 block w york st,NA,"WELSH, JOHN SCHOOL"
1000 block w lehigh ave,NA,NA
1800 block e wishart st,Market-Frankford Line - Allegheny,NA
800 block w ontario st,NA,NA
1400 block w oxford st,NA,NA
3600 block n bouvier st,NA,NA
2900 block jasper st,NA,NA
1800 block s sigel st,NA,NA
1800 block sigel st,NA,NA
2900 block hurley st,NA,NA
broad & parrish st,NA,NA
3100 block n 22nd st,NA,NA
5400 block sansom st,NA,NA
5400 block samsom st,NA,NA
hope / cambria st,NA,"SHEPPARD, ISAAC A. SCHOOL"
2900 block ruth st,NA,NA
11th & cumberland st,NA,NA
2400 block w elkhart st,NA,NA
2400 block s 64th st,NA,NA
5600 block of whitby ave,NA,NA
700 block w huntingdon st,NA,NA
6200 block harley ave,NA,NA
2900 block emerald st,NA,NA
1500 block w olney ave,NA,NA
1500 block olney ave,NA,NA
5300 block duffiel st,NA,NA
1100 block s 22nd st,NA,NA
1800 block n 33rd st,NA,NA
1400 block w cayuga st,NA,NA
5000 block knox st,NA,FITLER ACADEMICS PLUS
5800 block locust st,NA,NA
1500 block w tucker st,NA,NA
2000 block middleton st,NA,NA
5600 block w thompson st,NA,NA
6800 block musgrave st,NA,NA
300 block e phil ellena st,NA,NA
1500 block n 55th st,NA,NA
500 block s conestoga st,NA,NA
2500 block jasper st,NA,"BROWN, HENRY A. SCHOOL"
4700 block bleigh ave,NA,NA
7300 block thouron ave,NA,NA
3200 block cumberland st,NA,NA
1700 block lindenwood st,NA,NA
600 block w norris st,NA,THE U SCHOOL
2000 block cheltenham ave,NA,NA
1400 block nfirth st,NA,NA
1700 block n gratz st,NA,ALLIANCE FOR PROGRESS CHARTER SCHOOL (ANNEX)
1700 block tioga st,NA,NA
1900 block middleton st,NA,NA
5200 block poplar st,NA,NA
4500 block milnor st,NA,NA
800 block w dauphin st,NA,NA
1100 block w thompson st,NA,ST MALACHY SCHOOL
3900 block fairmount ave,NA,NA
1400 block n allison st,NA,NA
4800 block n marvine st,NA,NA
1800 block s 67th st,NA,NA
7400 block peregrine st,NA,NA
800 block nholly st,NA,NA
500 block creighton st,NA,NA
500 block n creighton st,NA,NA
200 block s saint bernard st,NA,NA
4000 block l st,NA,"HOPKINSON, FRANCIS SCHOOL"
1800 block 69th ave,NA,NA
700 block dekalb st,NA,NA
2600 block dickinson st,NA,NA
4700 block tackawanna st,NA,NA
1500 block york st,NA,NA
1500 block w york st,NA,NA
3500 block n 21st st,NA,NA
2200 block w berks st,NA,NA
6000 block walton ave,NA,NA
2200 block w firth st,NA,NA
700 block w cayuga st,NA,HUNTING PARK CHRISTIAN ACADEMY
3100 block n franklin st,NA,NA
5200 block lancastor ave,NA,NA
29th / ridgre ave,NA,NA
400 block w ontario st,NA,NA
54th & media st,NA,NA
500 block w olney ave,NA,NA
3800 block n 7th st,NA,NA
2300 block bambrey ter,NA,NA
16th & bristol st,NA,NA
1300 block belfield ave,NA,NA
22nd and cecil b moore,NA,NA
500 block w champlost st,NA,NA
1700 block n 11th st,NA,NA
3100 block ella st,NA,NA
6700 block n sydenham st,NA,NA
2500 block n sydenham st,NA,KIPP NORTH PHILADELPHIA CHARTER SCHOOL
3200 block a street,NA,NA
1500 block courtland st,NA,NA
26th & cambria st,NA,NA
1900 block wmontgomery ave,NA,NA
5200 block sansom st,NA,NA
n 2nd st  /  w chew ave,NA,NA
1700 block w olney ave,NA,NA
1800 block w olney ave,NA,NA
1800 block w 65th st,NA,MT AIRY CHRISTIAN DAY SCHOOL
2500 block w gordon st,NA,NA
5800 block boyer st,NA,NA
2900 block n orkney st,NA,NA
2900 block orkney st,NA,NA
1400 block stevens st,NA,NA
5900 block mmedia st,NA,ST ROSE OF LIMA SCHOOL
5900 block media st,NA,ST ROSE OF LIMA SCHOOL
gratz  and dauphin st,NA,NA
3100 block w huntingdon st,NA,NA
300 block w huntingdon st,NA,NA
4400 block penn st,NA,NA
600 block n 17th st,NA,NA
1900 block n vanpelt st,NA,DOUGLASS MASTERY CHARTER
300 block n simpson st,NA,NA
500 block n 53rd st,NA,NA
2100 block jackson st,NA,NA
2800 block ruth st,Market-Frankford Line - Somerset,NA
1700 block n wilton st,NA,NA
5100 block spruce st,NA,NA
1500 block n  61st st,NA,NA
500 block w westmorland st,NA,NA
3000 block a street,NA,NA
1000 block parrish st,NA,NA
3400 block n water st,NA,NA
1200 block n st bernard st,NA,NA
400 block e auburn st,NA,NA
1800 block e pike st,Market-Frankford Line - Erie-Torresdale,NA
2100 block oakford st,NA,NA
2600 block w arizona st,NA,NA
1600 block n lindenwood st,NA,NA
5400 block poplar st,NA,NA
2000 block granite st,NA,NA
1300 block of bigler st,NA,NA
1400 block ladner st,NA,NA
22nd & huntingdon st,NA,NA
4300 block frankford ave,Market-Frankford Line - Church,NA
7600 block central ave,NA,NA
100 block whansberry st,NA,NA
100 block w hansberry st,NA,NA
1400 block w fisher ave,NA,NA
2300 block orthodox st,NA,NA
6700 block n 20th st,NA,NA
6400 block dickens av,NA,ONE BRIGHT RAY-ELMWOOD CAMPUS
1500 block w seltzer st,NA,NA
600 block w tioga st,NA,ST VERONICA SCHOOL
2700 block w montgomery ave,NA,NA
2700 block montgomery ave,NA,NA
5300 block torresdale ave,NA,NA
2500 block ritner st,NA,NA
2700 block s 65th st,NA,NA
5700 block baltimore ave,NA,NA
3100 block ruth st,NA,"CONWELL, RUSSELL MIDDLE SCHOOL"
600 block wolf st,NA,NA
2200 block w clearfield st,NA,NA
4900 block keyser st,NA,NA
3900 block priscilla st,NA,NA
5600 block pemberton st,NA,NA
2700 block w york st,NA,NA
900 block w york st,NA,NA
1900 block w susquehanna ave,NA,NA
5400 block torresdale ave,NA,NA
2800 block n croskey st,NA,NA
2200 block margaret st,NA,NA
1700 block n mayland st,NA,NA
3200 block rhawn st,NA,NA
1900 block sparks st,NA,NA
0 block s dewey st,NA,NA
22nd & dauphin st,NA,NA
5100 block ranstead st,NA,NA
25th & montgomery ave,NA,NA
2700 block n 13th st,NA,NA
100 block n redfield st,NA,NA
400 block e tusculum st,NA,NA
5000 block chancellor st,NA,NA
4600 block hellerman st,NA,NA
1300 block n conestoga st,NA,NA
8600 block torresdale ave,NA,NA
5100 block henley st,NA,NA
5500 block linbergh blvd,NA,NA
5500 block lindbergh blvd,NA,NA
1400 block n 22nd st,NA,NA
1600 block n 23rd st,NA,NA
creighton & wyalusing st,NA,NA
500 block n38th st,NA,NA
0 block e duval st,NA,NA
2600 block ridge ave,NA,NA
6800 block gratz st,NA,NA
6700 block jackson st,NA,NA
3900 block market st,Market-Frankford Line - 40th,NA
67th & greenway st,NA,NA
s 67th st  & greenway av,NA,NA
5700 block elmwood st,NA,NA
5700 block hatfield st,NA,"LONGSTRETH, WILLIAM C. SCHOOL"
4900 block olive st,NA,NA
300 block e pleasant st,NA,NA
300 block pleasant st,NA,NA
2800 block jackson st,NA,NA
3200 block mcmichael st,NA,NA
2600 block elkhart st,NA,NA
2100 block n camac st,NA,NA
2600 block master st,NA,NA
1300 block w girard ave,Broad Street Line - Girard,NA
2000 block n 21st st,NA,NA
6300 block n 21st st,NA,NA
1800 block w cumberland st,NA,NA
2800 block n stillman st,NA,NA
2800 block stillman st,NA,NA
4900 block wakefield st,NA,NA
3500 block b street,NA,NA
6000 block arch st,NA,NA
100 block wduncannon st,NA,OLNEY HIGH SCHOOL
100 block w duncannon st,NA,OLNEY HIGH SCHOOL
5000 block walton st,NA,NA
5900 block n front st,NA,NA
2900 block master st,NA,NA
5800 block trinity st,NA,NA
5900 block magnolia st,NA,NA
900 block church lane,NA,NA
1800 block dauphin st,NA,NA
4100 block n 7th st,NA,NA
2100 block w montgomery av,NA,NA
2800 block w harold st,NA,NA
3000 block jasper st,NA,NA
2000 block w dauphin st,NA,NA
900 block e woodlawn ave,NA,NA
1700 block s26th st,NA,NA
3900 block kensington ave,Market-Frankford Line - Erie-Torresdale,NA
2200 block island st,NA,NA
2700 block n hutchinson st,NA,NA
5300 block oxford ave,NA,NA
5300 block georges hill dr,NA,NA
3400 block n 21st st,NA,NA
6500 block n 20th st,NA,BUILDING 21
1600 block nallison st,NA,NA
1600 block allison st,NA,NA
3800 block aramingo ave,NA,NA
1300 block n 62nd st,NA,NA
2200 block wmongomery ave,NA,NA
5200 block rodman st,NA,NA
2300 block montgomery ave,NA,NA
5600 block cherry st,NA,NA
2200 block s 10th st,NA,NA
1300 block n 11th st,NA,ST MALACHY SCHOOL
5500 block elmwood ave,NA,NA
5500 block elmwood st,NA,NA
3800 block coral st,NA,NA
1800 block n 57th st,NA,NA
3300 block n marston st,NA,NA
1500 block n 53rd st,NA,NA
6100 block sansom st,NA,NA
3100 block w norris st,NA,NA
3000 block huntingdon st,NA,NA
3000 block w huntingdon st,NA,NA
2000 block n 57th st,NA,NA
2200 block s lloyd st,NA,NA
6500 block n lambert st,NA,NA
4600 block newhall st,NA,NA
800 block n 46th st,NA,NA
2900 block stillman st,NA,NA
1300 block w york st,NA,NA
1300 block york st,NA,NA
400 block n sickels st,NA,NA
bouvier & cecil b moore,NA,ALLIANCE FOR PROGRESS CHARTER
2900 block w master st,NA,NA
5200 block thompson st,NA,NA
rising sun & olney ave,NA,NA
3000 block marshall st,NA,NA
300 block e louden st,NA,NA
15th & lehigh ave,NA,NA
15th st and lehigh ave,NA,NA
100 block s salford st,NA,NA
1700 block nnewkirk st,NA,NA
2900 block w huntingdon st,NA,NA
59th & master st,NA,NA
2100 block n 16th st,NA,"DUCKREY, TANNER SCHOOL"
3000 block w york st,NA,NA
2300 block tioga st,NA,NA
52nd & cedar ave,NA,NA
2700 block morris st,NA,NA
3100 block amber st,NA,NA
3400 block gaul st,NA,NA
1400 block w york st,NA,NA
56th & osage ave,NA,NA
5600 block osage ave,NA,NA
2000 block s 54th st,NA,NA
0 block e penn st,NA,NA
2100 block wdauphin st,NA,NA
2600 block w fletcher st,NA,NA
3900 block n broad st,NA,NA
500 block s salford st,NA,NA
1800 block e willard st,NA,NA
1900 block ewiilard st,NA,NA
100 block w logan st,NA,DEPAUL CATHOLIC SCHOOL
2000 block cottman ave,NA,NA
1800 block lippincot st,NA,NA
3800 block powelton st,NA,NA
2800 block w oxford st,NA,"KELLEY, WILLIAM D. SCHOOL"
700 block w ontario st,NA,NA
500 block e louden st,NA,NA
2900 block french st,NA,NA
1200 block n 42nd st,NA,NA
41st & parkside ave,NA,NA
6800 block gillespie st,NA,"DISSTON, HAMILTON SCHOOL"
3600 block sydenham st,NA,NA
3600 block n sydenham st,NA,NA
31st and clifford st,NA,NA
100 block w clarkson st,NA,NA
600 block brooklyn st,NA,NA
5400 block pennsgrove st,NA,NA
american & olney sts,NA,NA
2700 block jasper st,NA,NA
3300 block w york st,NA,NA
3300 block york st,NA,NA
8800 block tinicum blvd,NA,NA
8200 block bartram ave,NA,NA
2600 block w berks drive,NA,NA
2100 block e birch st,NA,NA
43rd & brown sts,NA,NA
21st & master st,NA,NA
2500 block s 7th st,NA,NA
4400 block levick st,NA,NA
1500 block womrath st,NA,NA
1700 block medary st,NA,NA
1700 block medary ave,NA,NA
5800 block angora terr,NA,NA
4700 block salem st,NA,NA
3300 block n philip st,NA,NA
2500 block n patton st,NA,NA
800 block e willard st,NA,NA
700 block w spencer st,NA,NA
4000 block dungan st,NA,"HOPKINSON, FRANCIS SCHOOL"
3000 block n front st,NA,NA
600 block s 49th st,NA,NA
1000 block appletree st,NA,NA
6900 block linmore ave,NA,NA
1100 block w susquehanna ave,NA,NA
3900 block darien st,NA,NA
200 block n felton st,NA,NA
600 block park lane,NA,NA
2900 block oakdale st,NA,NA
500 block mckean st,NA,NA
1300 block snyder ave,NA,SOUTH PHILADELPHIA HIGH SCHOOL
2500 block n 23rd st,NA,NA
1900 block w wingohocking st,NA,NA
2800 block of kensington ave,Market-Frankford Line - Somerset,NA
4700 block bingham st,NA,NA
5900 block 10th st,Broad Street Line - Fern Rock Transportation Center,NA
3700 block n9th st,NA,NA
1100 block s paxon st,NA,NA
3400 block a street,NA,NA
51st & haverford av,NA,NA
2200 block n16th st,NA,NA
2500 block w berks st,NA,NA
600 block s 56th st,NA,NA
3800 block n 8th st,NA,NA
1700 block n 56th st,NA,NA
100 block s 45th st,NA,WEST CATHOLIC PREPARATORY HIGH SCHOOL
400 block w champlost st,NA,NA
1700 block belmont st,NA,NA
2800 block w huntingdon st,NA,NA
2500 block whuntingdon t,NA,NA
1300 block wingohocking st,NA,NA
1300 block w wingohocking st,NA,NA
700 block n41st st,NA,NA
6000 block n 4th st,NA,NA
7th & tioga st,NA,NA
100 block s 47th st,NA,NA
1200 block n alden st,NA,NA
1300 block bridge st,NA,NA
1900 block gerritt st,NA,NA
3200 block mascher st,NA,NA
4700 block n 2nd st,NA,NA
w bristol  /  old york rd,NA,NA
6100 block cobbs creek parkway,NA,"ANDERSON, ADD B. SCHOOL"
n 18th st  & w oxford st,NA,"MEADE, GEN. GEORGE G. SCHOOL"
2800 block n orkney st,NA,NA
100 block w albanus st,NA,NA
5000 block keyser st,NA,FITLER ACADEMICS PLUS
6200 block chestnut st,NA,NA
7500 block lansdowne ave,NA,NA
4000 block m street,NA,NA
4200 block castor ave,NA,NA
700 block foulkrod st,NA,UNIVERSAL CREIGHTON CHARTER
3400 block kip st,NA,NA
2200 block w toronto st,NA,NA
1500 block w susquehanna ave,NA,NA
1500 block w susquehanna st,NA,NA
5200 block heston st,NA,NA
5900 block manning st,NA,NA
2100 block middleton st,NA,NA
2900 block mckean st,NA,NA
1800 block n etting st,NA,NA
800 block n 45th st,NA,NA
"2700 block ""a"" st",NA,NA
4500 block n broad st,NA,NA
1700 block n 32nd st,NA,NA
3300 block n water st,NA,NA
2200 block titan st,NA,NA
1000 block w ruscomb st,NA,NA
0 block n dewey st,NA,NA
6100 block nassau rd,NA,NA
s 72nd st  /  elmwood av,NA,NA
6500 block rising sun ave,NA,NA
1400 block warfield st,NA,NA
glenwood and york st,NA,NA
2600 block roberts ave,NA,NA
1800 block wishart st,Market-Frankford Line - Allegheny,NA
3300 block n american st,NA,NA
200 block s 61st st,NA,NA
1700 block s 29th st,NA,NA
s 56th st  /  pemberton st,NA,NA
1700 block w butler st,NA,NA
2900 block s 70th st,NA,NA
6200 block crittenden st,NA,PARKWAY-NORTHWEST HIGH SCHOOL
7500 block mayland st,NA,NA
7500 block mayland ave,NA,NA
5200 block beaumont st,NA,NA
4700 block darrah st,NA,NA
1900 block s 60th st,NA,NA
2700 block n park ave,NA,YES PHILLY
2700 block park ave,NA,YES PHILLY
300 block w westmorland st,NA,"MUNOZ-MARIN, HON LUIS SCHOOL"
2200 block edgely st,NA,NA
4800 block hellerman st,NA,NA
1100 block n 64th st,NA,NA
2000 block e ann st,NA,NA
2900 block marha st,NA,NA
4000 block brown st,NA,NA
6100 block ludlow st,NA,NA
5400 block gibson dr,NA,NA
500 block w clearfield st,NA,NA
1700 block w courtland st,NA,NA
b and clearfield st,NA,NA
1300 block s 49th st,NA,NA
300 block n horton st,NA,NA
17th & cayuga st(blavis),NA,NA
17th & w cayuga st,NA,NA
1200 block w cumberland st,NA,NA
n 33rd & w cumberland st,NA,NA
300 block adams ave,NA,NA
4700 block leiper st,NA,NA
1500 block s napa st,NA,NA
1500 block s31st st,NA,NA
1100 block w venago st,NA,NA
1100 block w venango st,NA,NA
3500 block n 11th st,NA,NA
3000 block w norris st,NA,NA
400 block w clearfiled st,NA,NA
5200 block clarkson st,NA,NA
1900 block ruan st,NA,NA
20th & cumberland st,NA,NA
7th & butler st,NA,NA
n 7th st & w butler st,NA,NA
howell /  torresdale ave,NA,NA
7500 block elmwood st,NA,NA
wilton & girard,NA,NA
1100 block w somerset st,NA,NA
3300 block n5th st,NA,NA
5100 block hadfield st,NA,HYACINTH MONTESSORI
24th & nicholas st,NA,NA
5000 block chester ave,NA,NA
5400 block haverford ave,NA,NA
2100 block n 72nd ave,NA,NA
2200 block delhi st,NA,NA
54th and woodland ave,NA,NA
1900 block n 31st st,NA,NA
1900 block ingersoll st,NA,NA
4500 block n bouvier st,NA,NA
200 block e rittenhouse st,NA,NA
7500 block brookhaven rd,NA,NA
6700 block guyer ave,NA,NA
3000 block ruth st,NA,"CONWELL, RUSSELL MIDDLE SCHOOL"
1800 block n woodstock st,NA,NA
5100 block chester ave,NA,NA
29th and girard ave,NA,NA
2000 block bellevue st,NA,NA
55th & kingsessing ave,NA,NA
5500 block n hill creek dr,NA,NA
1400 block w wingohocking st,NA,NA
5000 block catherine st,NA,NA
27th and lehigh ave,NA,NA
700 block w lycoming st,NA,NA
5200 block pentridge st,NA,NA
1500 block ruan st,NA,NA
4700 block northwood st,NA,NA
600 block n 42nd st,NA,NA
300 block n water st,NA,NA
5300 block lindbergh boulevard,NA,NA
6400 block greenway ave,NA,NA
4300 block n 8th st,NA,NA
1900 block titan st,NA,NA
7100 block rodney st,NA,NA
3600 block castor ave,NA,NA
3900 block mt vernon st,NA,NA
13th & porter st,NA,"JENKS, ABRAM SCHOOL"
n 20th st & w montgomery av,NA,NA
5800 block pentridge st,NA,NA
1600 block s 52nd st,NA,NA
1400 block n26th st,NA,NA
1400 block n 26th st,NA,NA
6200 block locust st,NA,NA
800 block w clearfield st,NA,NA
900 block s 17th st,NA,"STANTON, EDWIN M. SCHOOL"
3900 block bott st,NA,NA
2100 block e westmorland st,NA,NA
400 block christian st,NA,NA
60th and master st,NA,NA
200 block e montana st,NA,NA
2300 block w york st,NA,NA
1400 block w cumberland st,NA,NA
1400 block cumberland st,NA,NA
2000 block sanger st,NA,"SULLIVAN, JAMES J. SCHOOL"
700 block e madsion st,NA,NA
2700 block n orkney st,NA,NA
600 block n creighton st,NA,NA
600 block ncrieghton st,NA,NA
500 block s university ave,NA,NA
500 block university ave,NA,NA
5700 block hasbrook ave,NA,NA
1000 block cherry st,NA,NA
2900 block w oakdale st,NA,NA
1700 block s 60th st,NA,NA
2900 block frankford ave apt b,NA,NA
1200 block n 50th st,NA,NA
2500 block s 24th st,NA,NA
7300 block sommers rd,NA,NA
3200 block n spangler st,NA,NA
1500 block overington st,NA,NA
3700 block frankford ave,NA,NA
2500 block e schiller st,NA,NA
4000 block howland st,NA,NA
0 block n hobert st,NA,NA
2000 block n 7th st,NA,NA
4800 block tackawana st,NA,NA
1100 block divinity st,NA,NA
5100 block saul st,NA,NA
5800 block beaumont st,NA,NA
600 block mifflins st,NA,NA
2400 block s 57th st,NA,NA
7000 block buist ave,NA,"PATTERSON, JOHN M. SCHOOL"
6300 block hawthorne st,NA,NA
27th st &  w montgomery av,NA,NA
300 block e ruscomb st,NA,NA
5600 block master st,NA,NA
2200 block w glenwood ave,NA,NA
7900 block linbergh blvd,NA,NA
7900 block lindbergh blvd,NA,NA
2400 block s 66th st,NA,NA
5800 block mcmahon st,NA,NA
2700 block n hancock st,NA,NA
4200 block unruh ave,NA,NA
7300 block andrews ave,NA,NA
2400 block w indiana ave,NA,NA
2100 block castor ave,NA,BETHEL BAPTIST ACADEMY
7700 block linbergh blvd,NA,NA
7900 block ridgeway st,NA,NA
3500 block k st,Market-Frankford Line - Tioga,NA
4200 block wayne ave,NA,NA
1800 block w rockland,NA,NA
5000 block portico st,NA,NA
3300 block malta st,NA,NA
5200 block addison st,NA,G.L.A. CHARTER @ HUEY
limekiln pk / ogontz ave,NA,NA
6600 block upland st,NA,NA
2800 block salmon st,NA,NA
600 block e clemetine st,NA,NA
0 block s 62nd st,NA,NA
1600 block n 62nd st,NA,NA
5300 block pentridge st,NA,NA
2500 block gordon st,NA,NA
1900 block e washington ln,NA,"PENNYPACKER, SAMUEL SCHOOL"
3800 block n13th st,NA,NA
3800 block n 13th st,NA,NA
100 block e albanus st,NA,NA
1800 block e wensley st,NA,NA
1200 block rising sun ave,NA,"BETHUNE, MARY MCLEOD SCHOOL"
4100 block aspen st,NA,NA
6500 block belmar st,NA,NA
5000 block n camac st,NA,NA
1200 block filbert st,NA,NA
2300 block morris st,NA,NA
2100 block w sedgley ave,NA,NA
ithan & arch sts,NA,NA
2700 block tulip st,NA,NA
3400 block frankford ave,NA,"WEBSTER, JOHN H. SCHOOL"
200 block e ontarion st,NA,NA
400 block e indiana st,NA,NA
2900 block howard st,NA,"SHEPPARD, ISAAC A. SCHOOL"
3300 block rorer street,NA,NA
2500 block jackson st,NA,NA
4600 block penn st,NA,NA
400 block e wyoming ave,NA,NA
200 block eerie ave,NA,NA
500 block n 7th st,NA,NA
800 block w diamond st,NA,NA
800 block diamond st,NA,NA
4900 block stenton ave apt 322,NA,NA
1700 block w lehigh ave,NA,NA
500 block e allegheny ave,NA,"ELKIN, LEWIS SCHOOL"
1100 block e sydney st,NA,NA
1800 block w wingohocking st,NA,NA
500 block master st,NA,LITTLE CITY MONTESSORI
26th & somerset st,NA,NA
1600 block w oxford ave,NA,NA
700 block w diamond st,NA,NA
6300 block jefferson st,NA,NA
"3300 block "" f"" st",NA,NA
3300 block g st,NA,NA
2400 block ardell st,NA,NA
4500 block n 12th st,NA,NA
2700 block winton terrace,NA,NA
2700 block winton ter,NA,NA
1700 block fontain st,NA,NA
800 block n 49th st,NA,NA
600 block w cumberland st,NA,NA
0 block n 57th st,NA,NA
3300 block argyle st,NA,NA
2000 block hellerman st,NA,NA
3000 block w clearfield st,NA,RHODES ELEMENTARY SCHOOL
2100 block taney terrace,NA,NA
3200 block n 2nd st,NA,NA
1600 block n 19th st,NA,NA
2500 block w cambria st,NA,NA
3900 block alfred st,NA,NA
500 block w huntingdon st,NA,NA
1600 block olney ave,NA,NA
1600 block w olney ave,NA,NA
800 block w glenwood ave,NA,NA
5700 block morton st,NA,NA
s 58th st  /  larchwood av,NA,NA
200 block w widener pl,NA,NA
3200 block american st,NA,NA
3700 block n 13th st,NA,NA
300 block e rockland st,NA,NA
3500 block n 7th st,NA,NA
1000 block w arizona st,NA,NA
5100 block c st,NA,NA
1800 block s columbus blvd,NA,NA
1200 block w clearfield st,NA,NA
2400 block n 29th st,NA,NA
2200 block mutter st,NA,NA
2200 block college ave,NA,NA
4700 block pechin st,NA,NA
3100 block fontain st,NA,NA
8200 block stenton ave,NA,NA
900 block s 22nd st,NA,NA
2600 block s 4th st,NA,NA
4200 block n 15th st,NA,NA
500 block w 65th ave,NA,NA
4000 block o st,NA,NA
1800 block w godfrey ave,NA,PRINCE HALL SCHOOL
2400 block n marshall st,NA,"HARTRANFT, JOHN F. SCHOOL"
1000 block rodman st,NA,NA
3200 block n 15th st,NA,NA
100 block n 10th st,NA,NA
2200 block s felton st,NA,NA
500 block w pike st,NA,NA
0 block e woodlawn st,NA,NA
4500 block old york rd 2nd fl,NA,NA
4600 block h street,NA,NA
6100 block oxford ave,NA,NA
2300 block n 7th st,NA,NA
6400 block n 11th st,NA,NA
6500 block windsor st (rear),NA,NA
3900 block wyalusing ave,NA,NA
100 block n 50th st,NA,NA
2200 block w lehigh st,NA,NA
5200 block marlowe st,NA,MASTERY CHARTER @ SMEDLEY
5700 block windsor st,NA,NA
1200 block w 68th ave,NA,NA
4400 block sheffield st,NA,NA
"1400 block wpoplar st apt ""a""",NA,NA
3400 block h street,NA,NA
4700 block oakmont st,NA,NA
6800 block lansdowne ave,NA,OVERBROOK EDUCATIONAL CENTER
1700 block w ontario st,NA,NA
4400 block cleveland st,NA,NA
1400 block e washington ln,NA,NA
3700 block mt vernon st,NA,NA
5700 block anderson st,NA,NA
1400 block s 25th st,NA,NA
2800 block stouton st,NA,NA
200 block s juniper st,NA,NA
3500 block emerald st,NA,NA
henry av  /  w queen la,NA,NA
3000 block n lawrence st,NA,NA
3000 block lawrence st,NA,NA
2600 block penrose ave,NA,NA
n 16th st & w lehigh av,NA,NA
5500 block harbison ave,NA,NA
5200 block a street,NA,NA
1700 block n 31st street,NA,NA
1700 block s 19th st,NA,NA
2500 block w page st,NA,NA
4300 block castor ave,NA,NA
4800 block florence st,NA,NA
5th & mckean st,NA,NA
2700 block ruth st,NA,NA
5500 block b street,NA,NA
5100 block n hutchinson st,NA,LINDLEY ACADEMY CHARTER @ BIRNEY
3000 block n 10th st,NA,NA
27th and berks st,NA,NA
500 block n conestoga st,NA,NA
700 block jackson st,NA,NA
1500 block roumfort rd,NA,NA
4100 block cambridge st,NA,NA
800 block lemon hill drive,NA,NA
200 block w hunting park ave,NA,NA
7100 block chew ave,NA,NA
4500 block n 4th st,NA,NA
13th & catherine st,NA,NA
4400 block n 6th st,NA,HUNTING PARK CHRISTIAN ACADEMY
1900 block w laveer st,NA,NA
1600 block andrews ave,NA,NA
2700 block moore st,NA,NA
4800 block comly st,NA,NA
100 block pleasant st,NA,NA
2700 block n16th st,NA,NA
5100 block griscom st,NA,NA
3100 block of n 33rd st,NA,NA
1600 block n 57th st,NA,NA
4800 block lancaster ave,NA,NA
5500 block pearl st,NA,NA
3900 block l street,NA,NA
1500 block n gratz st,NA,NA
2100 block college ave,NA,NA
2300 block glenwood ave,NA,NA
2300 block w glenwood ave,NA,NA
2200 block e venango st,NA,NA
1800 block cornwall st,NA,NA
1100 block w york st,NA,NA
2000 block w champlost st,NA,NA
2100 block granite st 2nd floor,NA,NA
100 block w susquehanna ave,NA,NA
1500 block w belfield ave,NA,NA
5300 block n marvine st,NA,NA
200 block e cliveden st,NA,NA
2700 block coral st,NA,NA
6400 block n broad st,NA,NA
5900 block osage ave,NA,NA
600 block s 59th st,NA,NA
1500 block wakeling st,NA,NA
2400 block w somerset st,NA,NA
4900 block hawthorne st,NA,NA
n 20th st & w berks st,NA,NA
2800 block w montgomery ave,NA,NA
16th & wyoming ave,NA,NA
n 25th st  /  w clearfield st,NA,NA
3300 block wharton st,NA,NA
5800 block n mascher st,NA,NA
broad & master st,NA,NA
5000 block n fairhill st,NA,NA
5800 block pulaski ave,NA,NA
4300 block aspen st,NA,NA
2300 block baily terrace,NA,NA
1500 block princeton ave,NA,NA
200 block w sedgley st,NA,NA
5000 block gransback st,NA,NA
5300 block wingohocking ter,NA,NA
900 block s 3rd st,NA,NA
26th & lehigh ave,NA,NA
2500 block s 65th st,NA,NA
5600 block broomall st,NA,NA
5100 block ludlow st,NA,NA
2400 block n 21st st,NA,NA
2400 block n21st st,NA,NA
6100 block upland st,NA,NA
6200 block n 2nd st,NA,NA
2900 block n croskey st,NA,"PEIRCE, THOMAS M. SCHOOL"
n 20th & w york st,NA,NA
2400 block n 7th st,NA,NA
1600 block s 20th st,NA,NA
1400 block arrott st,NA,NA
7900 block woolston ave,NA,NA
1500 block s 23rd st,NA,NA
5000 block greene st,NA,NA
3200 block n 13th st,NA,NA
1200 block w grange ave,NA,SAINTS TABERNACLE DAY SCHOOL
1600 block reed st,NA,NA
3000 block b street,NA,NA
1400 block parrish st,NA,NA
1400 block of lardner st,NA,NA
2300 block e ann st,NA,NA
2200 block mifflin st,NA,NA
400 block n 54th st,NA,NA
2400 block clifford st,NA,NA
2400 block wclifford st,NA,NA
5800 block fernwood st,NA,NA
900 block n marvine st,NA,NA
1500 block page st,NA,NA
2000 block n 30th st,NA,NA
2800 block n bambrey st,NA,NA
400 block felton st,NA,NA
4600 block wayne ave,NA,NA
2800 block n woodstock st,NA,NA
2800 block n woodtock st,NA,NA
5600 block boyer st,NA,NA
4800 block b street,NA,NA
2200 block greenwich st,NA,NA
2700 block s 54th dr,NA,NA
1800 block e venago st,NA,NA
3400 block n judson st,NA,NA
1800 block e venango st,NA,NA
3500 block belgrade st,NA,NA
4200 block of n fairhill st,NA,NA
5200 block n 2nd st,NA,NA
5900 block girard ave,NA,NA
700 block tasker st,NA,NA
5700 block leonard st,NA,NA
0 block s 45th st,NA,WEST CATHOLIC PREPARATORY HIGH SCHOOL
2100 block n 15th st,NA,NA
1400 block s patton st,NA,NA
4700 block lansing st,NA,NA
0 block w rockland st,NA,DEPAUL CATHOLIC SCHOOL
5300 block charles st,NA,MASTERY CHARTER @ SMEDLEY
1400 block frazier st,NA,NA
2900 block gordon st,NA,NA
2900 block w gordon st,NA,NA
1600 block w huntingdon st,NA,KIPP NORTH PHILADELPHIA CHARTER SCHOOL
2200 block s 27th st,NA,NA
100 block wruscomb st,NA,NA
700 block w susquehanna ave,NA,NA
2500 block w clearfield st,NA,NA
1000 block s 57th street,NA,NA
2100 block berks st,NA,NA
900 block n 43rd st,NA,NA
5500 block baynton st,NA,NA
2300 block w berks st,NA,NA
2700 block n 9th st,NA,NA
g and hunting park ave,NA,JUNIATA PARK ACADEMY
3000 block n 7th st,NA,NA
7200 block mansfield ave,NA,NA
600 block comly st,NA,NA
800 block w susquehanna ave,NA,NA
200 block e church ln,NA,NA
1900 block tasker st,NA,NA
500 block w cornwall st,NA,NA
3000 block w oakdale st,NA,NA
5900 block linbergh blvd,NA,NA
5900 block lindbergh blvd,NA,NA
7300 block elmwood ave,NA,NA
900 block e locust ave,NA,NA
2600 block n 24th st,NA,NA
600 block e my airy av,NA,NA
3000 block cecil b moore ave,NA,NA
6500 block summerdale ave,NA,NA
900 block w indiana ave,NA,NA
7100 block ardleigh st,NA,NA
1400 block n 25th st,NA,NA
4600 block mulberry st,NA,NA
800 block w duncannon st,NA,NA
300 block n felton st,NA,NA
5100 block whitby ave,NA,NA
500 block w lehigh ave,NA,NA
5400 block osage ave,NA,NA
1900 block e cornwall st,NA,NA
w dauphin st  /  ridge av,NA,NA
limekiln & andrews,NA,NA
2200 block e westmoreland st,NA,NA
1600 block mifflin st,NA,NA
2400 block n sydenham st,NA,NA
1900 block kingston st,NA,NA
1800 block s alden st,NA,NA
1800 block s alden,NA,NA
2100 block n redfield st,NA,NA
1400 block federal st,Broad Street Line - Ellsworth-Federal,NA
4500 block n 13th st,NA,NA
2100 block w grange st,NA,NA
3400 block n 18th st,NA,NA
60th & media st,NA,NA
6100 block osceola st,NA,NA
1100 block w grange ave,NA,SAINTS TABERNACLE DAY SCHOOL
6100 block frontenac st,NA,"CARNELL, LAURA H. SCHOOL"
1700 block w lindley ave,NA,"LOGAN, JAMES SCHOOL"
5900 block champlost st,NA,NA
2000 block e victoria st,NA,NA
100 block w chamlost ave,NA,NA
5500 block winter pl,NA,NA
5700 block wheeler st,NA,NA
5100 block knox st,NA,NA
3500 block janney st,NA,NA
2300 block bailey terrace,NA,NA
1000 block wagner st,NA,NA
200 block rubicam st,NA,"MORRISON, ANDREW J. SCHOOL"
500 block s 56th st,NA,NA
5200 block old york rd,NA,NA
2500 block jessup st,NA,NA
6700 block n 18th st,NA,NA
800 block n hutton st,NA,NA
1500 block s 31st st,NA,NA
61st & callowhill st,NA,NA
5500 block n 2nd st,NA,NA
9500 block leon st,NA,NA
1600 block w courtland st,NA,NA
3600 block aspen st,NA,"MC MICHAEL, MORTON SCHOOL"
200 block w apsley st,NA,NA
5200 block n 10th st,NA,NA
6100 block pine st,NA,NA
2900 block of n front st,NA,NA
2600 block ryan ave,NA,NA
200 block s 62nd st,NA,NA
1200 block n carlisle st,Broad Street Line - Girard,NA
3600 block n 8th st,NA,NA
5100 block n 4th st,NA,"MORRISON, ANDREW J. SCHOOL"
1500 block haines st,NA,NA
1700 block n 26th st,NA,NA
1600 block orthodox st,NA,NA
4900 block b street,NA,NA
300 block n 61st st,NA,NA
3300 block reed st,NA,NA
2200 block w susquehanna ave,NA,NA
3100 block w susquehanna ave,NA,ONE BRIGHT RAY MANSION
2200 block s 67th st,NA,NA
2100 block 75th ave,NA,NA
0 block n 53rd st,NA,NA
1000 block w clearfield st,NA,NA
41st & powelton ave,NA,NA
700 block w ruscomb st,NA,NA
2200 block stenton ave,NA,NA
1400 block n hobart st,NA,NA
1400 block hobart st,NA,NA
1900 block mckean st,NA,NA
5100 block camac st,NA,NA
3100 block of n 9th st,NA,NA
500 block s 17th st,NA,NA
800 block w york st,NA,NA
600 block n 12th st,NA,SPRING GARDEN SCHOOL
1900 block s 67th st,NA,NA
2500 block shields st,NA,TILDEN MIDDLE SCHOOL
1800 block n 61st st,NA,NA
5800 block hasbrook ave,NA,NA
5500 block pemberton st,NA,NA
600 block shunk st,NA,NA
4600 block stenton ave,NA,NA
2000 block church ln,NA,NA
300 block e sharpnack st,NA,"EMLEN, ELEANOR C. SCHOOL"
4200 block fairmount st,NA,NA
3500 block n marshall st,NA,NA
6500 block boyer st,NA,NA
3200 block tampa st,NA,NA
5600 block chrsitian st,NA,MASTERY CHARTER @ HARRITY
1800 block wharton st,NA,NA
900 block w cumberland st,NA,NA
5900 block irving st,NA,NA
5700 block w girard av,NA,NA
5700 block girard ave,NA,NA
300 block s 54th st,NA,NA
5800 block thompson st,NA,NA
5800 block w thompson st,NA,NA
1100 block n 38th st,NA,NA
3100 block n 7th st,NA,NA
2100 block n 30th st,NA,NA
4700 block brown st,NA,NA
700 block green st,NA,NA
4200 block n 9th st,NA,NA
300 block n christopher columbus blvd,NA,NA
2600 block s 69th st,NA,NA
1200 block s 51st st,NA,NA
700 block n 46th st,NA,NA
4600 block haverford ave,NA,"LOCKE, ALAIN SCHOOL"
4700 block disston st,NA,NA
6000 block race st,NA,NA
1400 block jfk blvd,NA,NA
5900 block filbert st,NA,NA
1200 block s 27th st,NA,NA
1500 block w courtland st,NA,NA
5800 block arch st,NA,NA
600 block n 35th st,NA,NA
5100 block harlan st,NA,NA
3500 block frankford ave,NA,DEEP ROOTS CHARTER SCHOOL
6000 block delancey st,NA,NA
100 block w diamond st,NA,NA
100 block diamond st,NA,NA
600 block e lippincott st,NA,NA
6500 block n 18th st,NA,NA
100 block w dauphin st,NA,NA
300 block w nedro ave,NA,NA
1100 block atwood rd,NA,NA
300 block e william st,NA,NA
3600 block brandywine st,NA,NA
800 block brooklyn st,NA,NA
5300 block duffield st,NA,NA
3900 block n franklin st,NA,NA
3800 block n 6th st,NA,NA
3900 block ford rd,NA,NA
300 block e eleanor st,NA,NA
1900 block  haines st,NA,NA
3600 block sepviva st,NA,NA
400 block e haines st,NA,LOTUS ACADEMY
400 block lemonte st,NA,NA
3600 block wallace st,NA,NA
3600 block n 15th st,NA,NA
400 block n dearborn st,NA,NA
3900 block n 9th st,NA,NA
3600 block aramingo ave,NA,NA
4000 block n marshall st,NA,NA
4000 block wells st,NA,NA
400 block w chew ave,NA,NA
3800 block castor ave,NA,NA
4000 block green st,NA,NA
6300 block ogontz ave,NA,NA
6600 block castor ave,NA,NA
6700 block malvern ave,NA,NA
6200 block callowhill st,NA,NA
6200 block belfield ave,NA,NA
6200 block limekiln pk,NA,NA
600 block w venango st,NA,NA
6200 block magnolia st,NA,NA
6900 block eastwood st,NA,NA
600 block e ontario st,NA,NA
600 block w fisher ave,NA,NA
6900 block torresdale ave a,NA,NA
6900 block torresdale ave,NA,NA
6300 block moylan st,NA,NA
1200 block s 17th st,NA,NA
1200 block n 30th st,NA,NA
1200 block parrish st,NA,NA
1300 block e johnson st,NA,NA
1300 block w cambria st,NA,NA
1300 block e carey st,NA,NA
0 block s 40th st,Market-Frankford Line - 40th,NA
1400 block s 10th st,NA,NA
1400 block n 75th st,NA,NA
1500 block s lindenwood st,NA,NA
1500 block hellerman st,NA,NA
1500 block s corlies st,NA,NA
1500 block s 22nd st,NA,NA
1500 block w diamond st,NA,"DUCKREY, TANNER SCHOOL"
1600 block e lycoming st,NA,NA
2400 block n 26th st,NA,NA
1800 block plymouth st,NA,NA
2700 block w glenwood ave,NA,NA
200 block e mayfield st,NA,NA
4600 block n marvine st,NA,NA
7100 block state rd,NA,NA
3300 block waterloo st,NA,NA
5800 block pemberton st,NA,NA
5000 block osage ave,NA,NA
2500 block n opal st,NA,NA
600 block n 37th st,NA,NA
700 block e madison st,NA,NA
2100 block n dover st,NA,NA
3800 block n 15th st,NA,NA
4100 block presidential blvd,NA,NA
4100 block brown st,NA,NA
400 block w diamond st,NA,"MCKINLEY, WILLIAM SCHOOL"
400 block e allegheny ave,NA,NA
3900 block frankford ave,NA,NA
400 block w olney ave,NA,NA
400 block s 62nd st,NA,NA
400 block ewyoming ave,NA,NA
4100 block reese st,NA,NA
4100 block n reese st,NA,NA
4200 block rhawn st,NA,NA
4200 block ogden st,NA,NA
4200 block n 8th st,NA,NA
6300 block vine st,NA,NA
600 block e wyoming st,NA,NA
6300 block theodore ave,NA,ST BARNABAS CATHOLIC SCHOOL
700 block e kingston st,NA,NA
600 block w clearfield st,NA,NA
700 block w norris st,NA,THE U SCHOOL
6600 block ross st,NA,NA
7000 block castor ave,NA,NA
7000 block wheeler st,NA,NA
6600 block woodland ave,NA,NA
6700 block torresdale ave,NA,NA
7100 block ogontz ave,NA,NA
1500 block mckinley st,NA,NA
1600 block n broad st,NA,NA
1600 block s taney st,NA,NA
1600 block s 27th st,NA,NA
1700s 24th st,NA,NA
1700 block roselyn st,NA,NA
100 block w girard ave,NA,NA
1800 block nolan st,NA,NA
0 block s redfield st,NA,NA
1900 block byberry rd,NA,NA
1900 block s 23rd st,NA,NA
1900 block s 5th st,NA,NA
1900 block s redfield st,NA,NA
1900 block ewashington ave,NA,NA
2000 block point breeze ave,NA,NA
5200 block horrocks st,NA,NA
4800 block n 9th st,NA,NA
5800 block crittenden st,NA,NA
5900 block n 12th st,NA,NA
2200 block n van pelt st,NA,NA
5300 block delancey st,NA,NA
3500 block n21st st,NA,NA
5200 block n warnock st,NA,NA
1300 block s stanley st,NA,NA
5500 block whitby ave,NA,NA
600 block w diamond st,NA,NA
1700 block saint paul st,NA,NA
2800 block n ringgold st,NA,NA
1900 block e monmouth st,NA,NA
4200 block regent sq,NA,NA
4300 block n darien st,NA,NA
4300 block n 17th st,NA,NA
4000 block n 8th st,NA,NA
4100 block n 16th st,NA,NA
4300 block germantown ave,NA,NA
4300 block orchard st,NA,"STEARNE, ALLEN M. SCHOOL"
4300 block bermuda st,NA,NA
400 block delphine st,NA,NA
400 block w roosevelt blvd,NA,NA
4400 block frankford ave,NA,NA
6500 block woodland ave,NA,NA
7200 block n 21st st,NA,NA
6800 block torresdale ave,NA,NA
7200 block frankford ave,NA,NA
600 block e clementine st,NA,NA
6600 block n 20th st,NA,NA
7200 block limekiln pk,NA,NA
600 block n 52nd st,NA,NA
7300 block longspur pl,NA,NA
6600 block n opal st,NA,NA
7300 block sanderling pl,NA,NA
700 block n 8th st,NA,NA
600 block garland st,NA,NA
7400 block drexel rd,NA,NA
7400 block fayette st,NA,NEW MEDINA LEARNING INSTITUTE
6800 block essington ave,NA,NA
6900 block buist ave,NA,NA
2000 block s 7th st,NA,NA
2200 block s 8th st,NA,NA
2300 block s 7th st,NA,NA
2300 block n 18th st,NA,NA
200 block w nedro ave,NA,NA
200 block s 15th st,NA,NA
2400 block s 61st st,NA,NA
2400 block s millick st,NA,NA
2400 block n dover st,NA,NA
200 block s felton st,NA,NA
2500 block n lee st,NA,NA
7100 block montague st,NA,NA
4000 block n 12th st,NA,NA
2500 block n fairhill st,NA,NA
5500 block morton st,NA,NA
3300 block emerald st,NA,NA
1200 block s millick st,NA,NA
1000 block s 53rd st,NA,NA
2000 block n 4th st,NA,"MCKINLEY, WILLIAM SCHOOL"
0 block e washington ln,NA,NA
2200 block snyder ave,NA,NA
4200 block e roosevelt blvd,NA,NA
6000 block namerican st,NA,NA
1900 block e ontario st,NA,NA
5400 block thompson st,NA,NA
400 block e wyoming av,NA,NA
4500 block parrish st,NA,NA
4200 block wyalusing av,NA,NA
4400 block n marshall st,NA,HUNTING PARK CHRISTIAN ACADEMY
4500 block n 20th st,NA,NA
0 block n redfield st,NA,NA
4400 block n 4th st,NA,NA
4400 block n gratz st,NA,NA
4600 block griscom st,NA,NA
4300 block comly st,NA,NA
400 block  mechanic st,NA,NA
4500 block linmore ave,NA,NA
4700 block castor ave,NA,NA
4700 block island ave,NA,NA
400 block n 52nd st,NA,NA
4700 block oxford ave,Market-Frankford Line - Arrott Transportation Center,NA
7100 block old york rd,NA,NA
7000 block algard st,NA,NA
7200 block paschall ave,NA,NA
7300 block montour st,NA,NA
800 block s broad st,NA,NA
7300 block frankford ave,NA,NA
800 block wlindley ave,NA,LINDLEY ACADEMY CHARTER @ BIRNEY
800 block w lindley ave,NA,LINDLEY ACADEMY CHARTER @ BIRNEY
700 block south st,NA,NA
7400 block beverly rd,NA,NA
800 block w lehigh ave,NA,NA
7200 block charles st,NA,NA
800 block south st,NA,NA
7200 block ogontz ave,NA,NA
2500 block s 61st st,NA,NA
2600 block n 6th st,NA,NA
2600 block kensington ave,Market-Frankford Line - Huntingdon,VISITATION SCHOOL
200 block e armstrong st,NA,NA
2700 block w lehigh ave,NA,NA
0 block n 62nd st,NA,NA
2800 block n 20th st,NA,NA
2800 block welsh road,NA,NA
2800 block orthodox st,NA,NA
2800 block mascher st,NA,"SHEPPARD, ISAAC A. SCHOOL"
6600 block malvern ave,NA,NA
1400 block s 31st st,NA,NA
3600 block n19th st,NA,NA
500 block e cornwall st,NA,NA
3600 block richmond st,NA,NA
1500 block s beulah st,NA,"KIRKBRIDE, ELIZA B. SCHOOL"
700 block e willard st,NA,NA
2700 block n newkirk st,NA,NA
2400 block n patton st,NA,NA
5500 block chew ave,NA,NA
2600 block nhollywood st,NA,NA
3400 block dillman st,NA,NA
6000 block larchwood st,NA,NA
2300 block w atlantic st,NA,NA
4700 block marple st,NA,NA
4700 block npenn st,NA,NA
4400 block n cleveland st,NA,NA
4700 block baltimore ave,NA,NA
4700 block mulberry st,NA,NA
4500 block edgemont st,NA,NA
4500 block laird st,NA,NA
4800 block n 11th st 1st fl,NA,NA
4700 block n 15th st,NA,NA
4500 block torresdale ave,NA,NA
4500 block ngratz st,NA,NA
4900 block westminster ave,NA,NA
4900 block paschall ave,NA,NA
4900 block pennway st,NA,NA
4900 block w girard ave,NA,NA
500 block w diamond st,NA,"MCKINLEY, WILLIAM SCHOOL"
4700 block n 5th st,NA,NA
8300 block fayette st,NA,NA
800 block bridge st,NA,NA
700 block n dekalb st,NA,NA
7600 block gilbert st,NA,NA
7700 block cedarbrook ave,NA,NA
7700 block lexington ave,NA,NA
4000 block n8th st,NA,NA
800 block s cecil st,NA,NA
7700 block thouron ave,NA,NA
800 block welton st,NA,NA
7400 block frankford ave,NA,NA
8600 block fayette st,NA,NA
8600 block gillespie st,NA,NA
8700 block frankford ave,NA,NA
800 block n markoe st,NA,NA
800 block e godfrey ave,NA,NA
2900 block roberts ave,NA,NA
300 block e albanus st,NA,NA
3000 block n 22nd st,NA,NA
3100 block n broad st,Broad Street Line - Allegheny,NA
31st & fontain st,NA,NA
n 32nd st and sergeant st,NA,NA
3300 block ngratz st,NA,NA
3500 block stouton st,NA,NA
3500 block n warnock st,NA,NA
3600 block n 21st st,NA,NA
3600 block n lawrence st,NA,NA
2300 block n2nd st,NA,NA
3000 block s 68th st,NA,NA
3200 block clifford st,NA,NA
2100 block n 8th st,NA,NA
5500 block springfield ave,NA,NA
3500 block n gratz st,NA,NA
2400 block n bouvier st,NA,NA
200 block e collom st,NA,NA
0 block n 52nd st,NA,NA
1600 block s 28th st,NA,NA
2200 block bonnaffon st,NA,NA
300 block n redfield st,NA,NA
6600 block cornelius st,NA,NA
1300 block s 23rd st,NA,NA
4700 block lancaster ave,NA,NA
4700 block rorer st,NA,NA
4700 block loring st,NA,NA
4800 block n franklin st,NA,NA
4800 block hawthorne st,NA,NA
4800 block woodland ave,NA,NA
0 block w seymour st,NA,NA
4800 block howell st,NA,NA
5000 block griscom st,NA,NA
4700 block n 13th st,NA,"COOKE, JAY ELEMENTARY SCHOOL"
4900 block rising sun ave,NA,NA
4900 block n 5th st,NA,NA
4900 block aspen st,NA,NA
5000 block charles st,NA,NA
500 block s front st,NA,NA
5000 block n 8th st,NA,NA
4800 block greenway ave,NA,NA
800 block sloan st,NA,NA
7800 block lindbergh blvd,NA,NA
900 block n 41st st,NA,BELMONT ACADEMY CHARTER SCHOOL
900 block w tioga st,NA,NA
800 block n warnock st,NA,NA
900 block e schiller st,NA,NA
900 block n 11th st,NA,NA
900 block e luzerne st,NA,NA
800 block s 53rd st,NA,"HARRINGTON, AVERY D. SCHOOL"
800 block n preston st,NA,NA
8300 block cottage st,NA,NA
7500 block briar rd,NA,NA
7500 block e walnut ln,NA,NA
7500 block gilbert st,NA,NA
800 block sanger st,NA,NA
3700 block n broad st,Broad Street Line - Erie,NA
3800 block reno st,NA,NA
3900 block howland st,NA,NA
300 block e upsal st,NA,NA
400 block s 60 th,NA,NA
400 block w sedgley st,NA,NA
4000 block n 7th st,NA,NA
4100 block westminster ave,NA,NA
4200 block welsh rd,NA,NA
4400 block w 19th st,NA,NA
4500 block n 17th st,NA,NA
4500 block n5th st,NA,NA
4800 block n fairhill st,NA,NA
7400 block andrews ave,NA,NA
1200 block medary av,NA,NA
6300 block of crafton st,NA,NA
2500 block n 25h st,NA,NA
1100 block s 52nd st,NA,NA
4500 block n gratz st,NA,NA
1700 block belfield ave,NA,NA
5600 block n 10th st,NA,NA
4300 block n marshall st,NA,NA
4500 block n 19th st,NA,NA
5700 block n lambert st,NA,NA
1300 block w butler st,NA,NA
900 block flanders rd,NA,NA
2200 block nchadwick st,NA,NA
3900 block n 8th st,NA,NA
600 block e godfrey ave,NA,NA
1200 block w dauphin st,NA,NA
2500 block tasker st,NA,NA
4900 block catherine st,NA,NA
5000 block n warnock st,NA,NA
5100 block funston st,NA,NA
4900 block n fairhill st,NA,NA
5100 block baltimore ave,NA,NA
5000 block n penn st,NA,NA
500 block w dauphin st,NA,NA
5000 block wgirard ave,NA,NA
5000 block n 12th st,NA,NA
5200 block n marshall st,NA,"MARSHALL, THURGOOD SCHOOL"
5000 block n franklin st,NA,NA
5200 block n 11th st,NA,NA
5100 block race st,NA,NA
800 block scecil st,NA,NA
800 block n 42nd st,NA,NA
900 block n 13th st,NA,NA
800 block eprice st,NA,NA
900 block parrish st,NA,NA
900 block w seltzer st,NA,NA
900 block e godfrey ave,NA,NA
martin luther king dr  /  black rd,NA,NA
900 block n 63rd st,NA,NA
900 block w somerset st,NA,NA
1300 block albanus st,NA,LOGAN HOPE SCHOOL
2900 block palethorpe st,NA,NA
800 block w pike st,NA,NA
4600 block ditman st,NA,NA
4600 block n 5th st,NA,NA
4800 block wayne ave,NA,NA
4800 block fillmore terr,NA,NA
4800 block tacony st,NA,NA
4900 block bingham st,NA,NA
5100 block frankford ave,NA,NA
5100 block germantown ave,NA,NA
500 block s57th st,NA,NA
5300 block florence ave,NA,NA
5400 block n 12th st,NA,NA
2900 block judson st,NA,NA
400 block n 63rd st,NA,NA
5200 block marlow st,NA,MASTERY CHARTER @ SMEDLEY
5400 block trinity st,NA,NA
6600 block blakemore st,NA,NA
6600 block hegerman st,NA,NA
4000 block w girard ave,NA,NA
1600 block n 8th st,NA,NA
1300 block westbury dr,NA,NA
5700 block keystone st,NA,NA
5400 block media st,NA,NA
3600 block n 18th st,NA,NA
6000 block n beachwood st,NA,NA
1400 block n 27th st,NA,NA
8000 block montague st,NA,NA
1700 block s frazier st,NA,INDEPENDENCE CHARTER WEST
5700 block hazel st,NA,NA
5200 block upland st,NA,NA
5200 block catherine st,NA,NA
5200 block harlan st,NA,NA
5100 block catherine st,NA,NA
5300 block chestnut st,NA,NA
5300 block newhall st,NA,NA
5200 block woodland ave,NA,NA
5200 block schuyler st,NA,NA
5300 block berks st,NA,MASTERY CHARTER @ MANN
5200 block pulaski st,NA,NA
5300 block yocum st,NA,NA
500 block e haines st,NA,NA
500 block n preston st,NA,NA
600 block w cleafield st,NA,NA
600 block w clearfiled st,NA,NA
500 block e chelten ave,NA,NA
1600 block s 54th st,NA,NA
1600 block rowan walk,NA,NA
1600 block w lehigh ave,NA,NA
1400 block w 71st ave,NA,NA
600 block creighton st,NA,NA
1300 block w selzer st,NA,NA
3000 block n baily st,NA,KIPP PHILADELPHIA CHARTER
2300 block oakdale st,NA,NA
1300 block s 28th st 2nd fl,NA,NA
200 block e westmorland st,NA,NA
3500 block warnock st,NA,NA
2700 block woakdale st,NA,NA
1300 block s 53rd st,NA,NA
2000 block vista st,NA,RESURRECTION REGIONAL CATHOLIC SCHOOL
0 block arrivals rd,NA,NA
500 block s redfield st,NA,NA
5500 block wlaton ave,NA,NA
5500 block walton ave,NA,NA
5500 block n 5th st,NA,NA
5600 block n 13th st,NA,NA
5600 block pentridge st,NA,"LONGSTRETH, WILLIAM C. SCHOOL"
5600 block willows ave,NA,"LONGSTRETH, WILLIAM C. SCHOOL"
5700 block n park ave,NA,"HOWE, JULIA WARD SCHOOL"
5900 block n 5th st,NA,SOPHIA ACADEMY
5900 block pine st,NA,NA
600 block w sedgley ave,NA,NA
2800 block swanson st,NA,NA
2800 block s 80th st,NA,NA
2900 block wharton st,NA,NA
3800 block of elsinore st,NA,NA
200 block collom st,NA,NA
2900 block w girard ave,NA,NA
2800 block holme ave,NA,NA
2800 block w susquehanna ave,NA,NA
1600 block w 67th ave,NA,NA
2800 block n 21st st,NA,NA
300 block n 40th st,NA,NA
2900 block e st,NA,NA
5400 block greene st,NA,NA
5400 block willows ave,NA,NA
5400 block chester ave,NA,NA
5400 block market st,NA,NA
0 block e walnut ln,NA,NA
5400 block rising sun ave,NA,NA
5300 block cedar ave,NA,NA
5400 block norfolk st,NA,NA
5400 block large st,NA,NA
5300 block magnolia st,NA,NA
5300 block w girard ave,NA,NA
5200 block montour st,NA,NA
5300 block spruce st,NA,NA
500 block e clarkson st,NA,NA
500 block n hobart st,NA,NA
0 block arrivals road,NA,NA
2000 block nwoodstock st,NA,NA
2800 block n22nd st,NA,NA
2900 block n22nd st,NA,NA
3600 block marvine st,NA,NA
3600 block n marvine st,NA,NA
3500 block n 15th st,NA,NA
2700 block n 26th st,NA,NA
1500 block w huntingdon st,NA,NA
1300 block w pike st,NA,NA
100 block w seymour st,NA,NA
300 block n holly st,NA,NA
6000 block reinhard st,NA,NA
6000 block n beechwood st,NA,NA
6000 block vine st,NA,NA
6100 block n 10th st,NA,NA
6100 block webster st,NA,NA
600 block e tioga st,NA,NA
6200 block elmwood ave,NA,NA
5800 block of old york rd,NA,NA
6200 block dickens ave,NA,"MORTON, THOMAS G. SCHOOL"
600 block s 55th st,NA,NA
6300 block horrocks st,NA,NA
6300 block n woodstock st,NA,NA
6500 block n 17th st,NA,NA
6600 block dorel st,NA,NA
6700 block castor ave,NA,NA
69th av & limekiln pike,NA,NA
700 block n 7th st,NA,NA
700 block ewillard st,NA,NA
600 block n 56th st,NA,NA
2800 block water st,NA,NA
2800 block n 4th st,NA,ONE BRIGHT RAY-FAIRHILL CAMPUS
2900 block waterloo st,NA,NA
"2900 block ""b"" st",NA,NA
3000 block n 25th st,NA,NA
2900 block nflora st,NA,NA
2900 block e street,NA,NA
3500 block mt vernon st,NA,NA
3000 block marvine st,NA,NA
2900 block of amber st,NA,NA
300 block n 54th st,NA,NA
5500 block w master st,NA,NA
5500 block blakemore st,NA,NA
5300 block n sydenham st,NA,NA
5300 block media st,NA,MASTERY CHARTER-SHOEMAKER
5300 block wissahickon ave,NA,NA
5400 block wayne ave,NA,NA
5300 block akron st,NA,NA
5600 block sydenham st,NA,NA
5600 block n sydenham st,NA,NA
5300 block pentrdige st,NA,NA
5600 block elmwood ave,NA,NA
5400 block springfield ave,NA,NA
5600 block chew ave,NA,NA
0 block n 40th st,NA,NA
5600 block arch st,NA,NA
5600 block hadfield st,NA,NA
5700 block n15th st,NA,NA
6700 block n 15th st,NA,NA
2900 block jefferson st,NA,NA
700 block e rittenhouse st,NA,NA
2500 block w arizona st,NA,NA
300 block e westmoreland st,NA,NA
300 block n busti st,NA,NA
300 block busti st,NA,NA
4300 block n front st,NA,COMMUNITY COUNCIL LEARNING ACADEMY
400 block busti st,NA,NA
400 block w norris st,NA,NA
2100 block wvenago st,NA,NA
500 block w cambria st,NA,NA
500 block manheim st,NA,NA
700 block s 60th st,NA,NA
700 block e chelten av,NA,NA
7500 block stenton ave,NA,NA
7900 block forrest ave,NA,NA
7900 block henry ave,NA,NA
7900 block henry ave apt g404,NA,NA
8000 block gilbert st,NA,NA
800 block e russell st,NA,NA
900 block n 65th st,NA,NA
900 block belmont ave,NA,PHILADELPHIA LEARNING ACADEMY-WEST
0 block e seymour st,NA,NA
900 block granite st,NA,NA
magnolia & east queen la,NA,NA
5300 block sydenham st,NA,NA
700 block n union st,NA,NA
1200 block w westmorland st,NA,NA
1600 block s 23rd st,NA,NA
2900 block westmont st,NA,NA
3000 block n bailey st,NA,KIPP PHILADELPHIA CHARTER
3000 block n percy st,NA,NA
300 block e wister st,NA,NA
2900 block mutter st,NA,NA
3000 block n warnock st,NA,NA
0 block s54th st,NA,NA
3100 block n darien st,NA,NA
3100 block n taylor st,NA,NA
3000 block clifford st,NA,NA
3000 block potter st,NA,NA
3000 block janney st,NA,NA
3000 block n lee st,NA,NA
3100 block arbor st,NA,NA
3000 block n stillman st,NA,NA
5600 block ridge ave,NA,NA
5500 block angora ter,NA,NA
5600 block walnut st,NA,NA
5400 block delancey st,NA,NA
5400 block chester st,NA,NA
5500 block sprague st,NA,NA
5700 block wyndale ave,NA,NA
5400 block ridgewood st,NA,NA
5700 block chriatian st,NA,NA
5700 block n lawrence st,NA,NA
5500 block cedar ave,NA,BOYS LATIN OF PHILADELPHIA CHARTER
5500 block n front st,NA,NA
5800 block vine st,NA,NA
5800 block old york rd,NA,NA
5800 block hadfield st,NA,NA
500 block w somerset st,NA,NA
1400 block nvodges st,NA,NA
6500 block n 16th st,NA,NA
2900 block orthodox st,NA,NA
600 block e louden st,NA,NA
600 block w allegheny ave,NA,NA
2000 block w toronto st,NA,NA
2000 block e atlantic st,NA,NA
400 block n 3rd st,NA,OIC CADI
1200 block n wilton st,NA,NA
800 block brown st,NA,NA
800 block w master st,NA,NA
900 block w duncannon st,NA,NA
1000 block w lycoming st,NA,LITTLE FLOWER CATHOLIC SCHOOL
1200 block n 27th st,NA,NA
1200 block n 60th st,NA,NA
1200 block s 9th st,NA,NA
1200 block s 19th st,NA,NA
1200 block s 33rd st,NA,NA
1200 block w tioga st,NA,NA
700 block w montgomery ave,NA,NA
100 block n salford st,NA,NA
800 block w tioga st,NA,NA
2000 block n 22nd st,NA,NA
500 block n 55th st,NA,NA
2500 block bellford st,NA,NA
4400 block oakmont st,NA,NA
1500 block n 18th st,NA,NA
2600 block n 30th st,NA,NA
1300 block e duval st,NA,"DAY, ANNA B. SCHOOL"
1300 block w jerome st,NA,NA
1600 block chelten ave,NA,NA
4100 block mantua ave,NA,NA
1800 block n 22nd st,NA,NA
3100 block n 16th st,NA,NA
3100 block richmond st,NA,NA
3000 block germantown ave,NA,NA
3000 block page st,NA,NA
300 block w lehigh ave,NA,NA
300 block n salford st,NA,NA
300 block e rittenhouse st,NA,NA
3200 block n 20th st,NA,NA
300 block e collom st,NA,NA
5500 block n 4th st,NA,NA
5500 block master st,NA,NA
5500 block wayne ave,NA,NA
5900 block cobbs creek parkway,NA,NA
5600 block wyalusing ave,NA,NA
5900 block delancey st,NA,NA
5900 block marvine st,NA,NA
5900 block greene st,NA,NA
5900 block spruce st,NA,NA
1200 block wtiaoga st,NA,NA
1700 block n 21st st,NA,NA
1800 block s cecil st,NA,NA
400 block e wister st,NA,NA
1400 block n hutchinson st,NA,NA
1400 block chew ave,Broad Street Line - Olney,NA
1400 block w chew ave,Broad Street Line - Olney,NA
1400 block venago st,NA,NA
500 block w bristol st,NA,NA
2200 block w dauphin st,NA,NA
1200 block of s 51st st,NA,NA
1700 block ncroskey st,NA,NA
1700 block taney st,NA,NA
1700 block w atlantic st,NA,SPRING GARDEN ACADEMY - TIOGA
1900 block belfield st,NA,NA
200 block w westmorland st,NA,NA
200 block w westmoreland,NA,NA
200 block w westmoreland st,NA,NA
600 block n wilton st,NA,NA
2800 block n 6th st,NA,NA
100 block n vodges st,NA,NA
5200 block n 3rd st,NA,"MORRISON, ANDREW J. SCHOOL"
4800 block rosalie st,NA,NA
3200 block w susquehanna ave,NA,NA
1700 block n 60th st,NA,NA
600 block w roosevelt blvd,NA,NA
400 block farson st,NA,NA
300 block w abbottsford ave,NA,NA
3100 block n 9th st,NA,NA
200 block w york st,NA,NA
1600 block s 53rd st,NA,NA
2400 block oakdale st,NA,NA
0 block s 55th st,NA,NA
4700 block n 3rd st,NA,NA
2200 block n 17th st,NA,NA
3200 block rorer st,NA,NA
3100 block n front st,NA,NA
0 block mt airy ave,NA,NA
300 block e haines st,NA,LOTUS ACADEMY
3300 block n smedley st,NA,NA
3100 block n 6th st,NA,NA
3100 block n 25th st,NA,NA
3300 block n sydenham st,NA,NA
300 block chestnut st,NA,NA
300 block w albanus st,NA,NA
300 block s 60th st,NA,NA
3300 block frankford ave,NA,NA
3400 block n 22nd st,NA,NA
5600 block ridgewood st,NA,NA
600 block courtland st,NA,NA
600 block e wensley st,NA,NA
5800 block sansom st,NA,NA
5700 block tacony st,NA,NA
600 block s conestoga st,NA,NA
5700 block spruce st,NA,NA
5700 block n broad st,NA,NA
6000 block n 10th st,NA,NA
5700 block n beechwood st,NA,NA
5900 block mascher st,NA,NA
600 block rising sun av,NA,NA
600 block w girard ave,NA,NA
600 block emily st,NA,NA
5900 block n park ave,NA,NA
5900 block christian st,NA,NA
3400 block n 7th st,NA,NA
1100 block w erie ave,NA,NA
2000 block n 62nd st,NA,OVERBROOK ELEMENTARY SCHOOL
2000 block n bambrey st,NA,NA
2000 block orkney st,NA,NA
2000 block n van pelt st,NA,DOUGLASS MASTERY CHARTER
3700 block n delhi st,NA,NA
1900 block s 56th st,NA,NA
2100 block n corlies st,NA,NA
1500 block w butler st,NA,NA
1500 block butler st,NA,NA
700 block n preston st,NA,NA
1200 block e atlantic st,NA,NA
2200 block n bancroft st,NA,NA
2400 block nlawrence st,NA,NA
5100 block n front st,NA,NA
2700 block w cabot st,NA,NA
1100 block s ruby st,NA,NA
1800 block e albert st,Market-Frankford Line - Huntingdon,VISITATION SCHOOL
4800 block n howard st,NA,NA
5800 block n 20th st,NA,NA
1000 block w huntingdon st,NA,HOPE PARTNERSHIP FOR EDUCATION
2600 block s dewey st,NA,NA
3000 block n10th st,NA,NA
1800 block ewashington ln,NA,"PENNYPACKER, SAMUEL SCHOOL"
1200 block windrim ave,NA,NA
3100 block n percy st,NA,NA
2800 block coral st,NA,NA
1400 block friendship st,NA,NA
500 block w duncannon ave,NA,NA
1500 block n 20th st,NA,NA
1900 block church st,NA,NA
700 block s juniper st,NA,NA
3300 block n 2nd st,NA,NA
3300 block ridge ave,NA,NA
3400 block n 2nd st,NA,NA
3200 block vare ave,NA,NA
300 block n gross st,NA,NA
3400 block civic center blvd,NA,NA
3300 block n 6th st,NA,NA
3300 block e street,NA,NA
3400 block n6th st,NA,NA
6600 block crowson st,NA,NA
3400 block n marshall st,NA,NA
3300 block n uber st,NA,NA
3300 block ella st,NA,NA
3300 block n phillip st,NA,NA
5900 block chestnut st,NA,NA
5800 block belmar st,NA,NA
6000 block regent st,NA,NA
5900 block washington av,NA,NA
600 block franklin pl,NA,NA
6100 block market st,NA,NA
600 block s broad st,NA,NA
5900 block warrington ave,NA,NA
600 block n 11th st,NA,NA
600 block e willard st,NA,NA
6000 block n american st,NA,NA
600 block n 34th st,NA,NA
6200 block n 21st st,NA,IMHOTEP CHARTER SCHOOL
2600 block n braod st,NA,NA
300 block n edgewood st,NA,NA
2600 block n chadwick st,NA,NA
600 block ewestmorland st,NA,NA
2700 block n croskey st,NA,NA
2800 block s7th st,NA,NA
1300 block s 22nd st,NA,NA
3700 block n 7th st,NA,NA
2900 block w diamond st,NA,NA
3000 block w arizona st,NA,NA
3100 block n 23rd st,NA,NA
900 block s4th  st,NA,NA
5200 block w girard ave,NA,NA
5200 block girard ave,NA,NA
1600 block cheltenham ave,NA,NA
1000 block south st,NA,NA
3000 block n judson st,NA,NA
2500 block n franklin st,NA,NA
1700 block s 55th st,NA,NA
5300 block reinhard st,NA,NA
5900 block n norwood st,NA,NA
400 block w dauphin st,NA,NA
4100 block w girard ave,NA,NA
1700 block n 25th st,NA,NA
600 block e westmoreland st,NA,NA
2100 block e clementine st,NA,NA
5300 block kershaw st,NA,NA
3600 block germantown ave,Broad Street Line - Erie,NA
300 block e roosevelt blvd,NA,NA
3400 block mount vernon st,NA,NA
3400 block n17th st,NA,NA
3700 block n park ave,NA,NA
3600 block frankford ave,NA,DEEP ROOTS CHARTER SCHOOL
3400 block tampa st,NA,NA
3800 block n 18th st,NA,NA
3800 block old york rd,NA,NA
3800 block old york road,NA,NA
6300 block park ave,NA,NA
6000 block water st,NA,NA
6000 block n 20th st,NA,NA
6300 block callowhill st,NA,NA
600 block oregon ave,NA,NA
6300 block reedland st,NA,NA
6100 block ridge ave,NA,NA
6100 block musgrave st,NA,NA
600 block e lippencott st,NA,NA
6000 block summerdale ave,NA,NA
3500 block camac st,NA,NA
6500 block beechwood st,NA,NA
4100 block roosevelt blvd,NA,NA
4700 block n warnock st,NA,NA
5900 block hammond ave,NA,NA
2900 block n hancock st,NA,NA
700 block w erie ave,NA,NA
2600 block w 75th st,NA,NA
100 block e roosevelt blvd,NA,NA
1800 block e oakdale st,NA,NA
3100 block w york st,NA,NA
3100 block wabbottsford ave,NA,NA
100 block ritner st,NA,"SHARSWOOD, GEORGE SCHOOL"
5400 block walker st,NA,NA
4000 block aldine st,NA,NA
5400 block regent st,NA,NA
2400 block n reese st,NA,NA
2200 block mckean st,NA,NA
1200 block n taney st,NA,EL CENTRO DE ESTUDIANTES
6600 block n uber st,NA,NA
3100 block french st,NA,ONE BRIGHT RAY MANSION
1400 block s taylor st,NA,NA
1600 block s wilton st,NA,NA
100 block w chew ave,NA,NA
2600 block s 66th st,NA,NA
6200 block spruce st,NA,NA
3800 block parrish st,NA,NA
3800 block archer st,NA,NA
3700 block n 20th st,NA,NA
0 block n hobart st,NA,NA
3700 block n percy st,NA,NA
3700 block kensington ave,NA,NA
3800 block n marshall st,NA,NA
6400 block lawndale st,NA,CEDAR GROVE CHRISTIAN ACADEMY LOWER SCHOOL
6000 block walton st,NA,NA
600 block w huntingdon st,NA,NA
6400 block dicks av,NA,NA
600 block w venago st,NA,NA
6100 block n fairhill st,NA,NA
600 block w bristol st,NA,NA
6500 block grays ave,NA,NA
600 block clementine st,NA,NA
6500 block kingsessing ave,NA,NA
600 block e woodlawn st,NA,NA
600 block n 66th st,NA,HARAMBEE INSTITUTE OF SCIENCE
6100 block chew ave,NA,NA
1300 block s 54th st,NA,NA
5800 block n phillips st,NA,NA
600 block church ln,NA,NA
6400 block n 20th st,NA,NA
1000 block s55th st,NA,NA
300 block west ruscomb st,NA,NA
1900 block hunting park ave,NA,NA
1200 block hazard st,NA,NA
200 block e sharpnack st,NA,NA
2000 block york st,NA,NA
100 block s 57th st,NA,NA
1100 block w sommerville rd,NA,NA
4700 block marvine st,NA,NA
600 block n 7th st,NA,NA
1900 block clarence st,NA,NA
2500 block bonaffon st,NA,NA
1000 block w erie ave,NA,NA
1000 block s 52nd st,NA,NA
1000 block e chelten ave,NA,NA
1100 block w wingohocking st,NA,NA
600 block alcott st,NA,NA
5700 block virginian rd,NA,NA
1700 block n newkirk st,NA,NA
3000 block n 2nd st,NA,NA
2200 block n 22nd st,NA,NA
600 block w tusculum st,NA,NA
1800 block gillingham st,NA,NA
800 block n 41st st,NA,NA
100 block n 60th st,NA,NA
700 block n 37th st,NA,NA
5400 block springfield av,NA,NA
6100 block nfranklin st,NA,NA
4300 block n 4th st,NA,NA
1500 block e lycoming st,NA,NA
5100 block n camac st,NA,NA
6700 block n 17th st,NA,NA
6500 block n smedley st,NA,NA
3200 block w montgomery ave,NA,NA
7400 block woolston ave,NA,NA
500 block church lane,NA,NA
6200 block jefferson st,NA,NA
2000 block wakeling st,NA,"HARDING, WARREN G. MIDDLE SCHOOL"
4900 block n warnock st,NA,NA
6200 block oxford ave,NA,NA
4700 block n 11th st,NA,NA
6300 block w girard ave,NA,NA
6300 block girard ave,NA,NA
2500 block harlan st,NA,NA
200 block w 65th ave,NA,NA
200 block w 65th st,NA,NA
6700 block n broad st,NA,HOPE CHURCH SCHOOL
5500 block media st,NA,NA
300 block s 58th st,NA,NA
1600 block w hunting park ave,NA,NA
1600 block hunting park ave,NA,NA
2600 block york st,NA,NA
400 block w tabor rd,NA,NA
2900 block rosehill st,NA,NA
100 block w chelten ave,NA,HIGH ROAD SCHOOL OF PHILADELPHIA- GERMANTOWN
7400 block state road,NA,NA
6100 block crescentville rd,NA,NA
5500 block baltimore ave,NA,NA
4200 block rising sun ave,NA,NA
2100 block wakeling st,NA,NA
400 block w pike st,NA,NA
2300 block oxford st,NA,NA
100 block carpenter ln,NA,NA
100 block s 52nd st,NA,NA
1600 block arch st,NA,NA
1500 block girard ave,NA,NA
1500 block w girard ave,NA,NA
6000 block upland st,NA,NA
400 block n broad st,NA,NA
2800 block n taney st,NA,NA
400 block s 60th st,NA,NA
2900 block n lawrence st,NA,NA
3800 block chestnut st,NA,NA
500 block e courtland st,NA,NA
2700 block n marvine st,NA,NA
2900 block n 8th st,NA,NA
4500 block richmond st,NA,NA
2000 block s beechwood st,NA,NA
2500 block n mascher st,NA,NA
3300 block solly ave,NA,FATHER JUDGE HIGH SCHOOL
700 block s 51st st,NA,HYACINTH MONTESSORI
500 block w venango st,NA,NA
300 block e ontario st,NA,NA
5500 block florence ave,NA,NA
100 block e pastorius st,NA,NA
4800 block springfield av,NA,NA
5700 block walker st,NA,NA
1100 block e cheltenham ave,NA,NA
800 block w venago st,NA,NA
6800 block dicks ave,NA,NA
4200 block of whitaker ave,NA,NA
100 block n 62nd st,NA,NA
1700 block n woodstock st,NA,NA
3900 block pulaski st,NA,NA
200 block s broad st,Broad Street Line - Walnut-Locust,REVOLUTION SCHOOL
2600 block n broad st,NA,NA
3100 block n15th st,NA,NA
800 block jackson st,NA,NA
900 block w tabor ave,NA,NA
600 block franklin st,NA,NA
2500 block myrtlewood st,NA,NA
4600 block lancaster ave,NA,NA
5800 block haverford ave,NA,NA
6900 block frankford ave,NA,NA
1700 block n 42nd st,NA,NA
4000 block whitaker ave,NA,NA
5200 block warren st,NA,NA
1100 block w allegheny ave,NA,NA
5800 block springfield ave,NA,NA
2800 block n 2nd st,NA,NA
200 block market st,Market-Frankford Line - 2nd,NA
2500 block n 5th st,NA,NA
4800 block longshore st,NA,NA
4300 block devereaux ave,NA,NA
1300 block wagner ave,NA,NA
100 block e allegheny ave,NA,NA
5300 block lindbergh blvd,NA,NA
200 block e wellens st,NA,NA
500 block s 50th st,NA,NA
2800 block mutter st,NA,"SHEPPARD, ISAAC A. SCHOOL"
1900 block hart ln,NA,NA
4200 block girard ave,NA,NA
4400 block brown st,NA,NA
5500 block thompson st,NA,NA
900 block w dauphin st,NA,NA
1900 block s hemberger st,NA,NA
2200 block n 29th st,NA,NA
3900 block n16th st,NA,NA
3900 block n 16th st,NA,NA
2000 block n 32nd st,NA,NA
3000 block castor ave,NA,NA
7700 block city ave,NA,NA
900 block s 58th st,NA,NA
3800 block n bouvier st,NA,MASTERY PREP ELEMENTARY CHARTER SCHOOL
5800 block market st,NA,NA
1900 block n 52nd st,NA,NA
1300 block packer ave,NA,NA
6800 block grebe pl,NA,NA
6600 block guyer ave,NA,NA
3000 block memphis st,NA,NA
2100 block orthodox st,NA,NA
8000 block frankford ave,NA,HOLMESBURG CHRISTIAN ACADEMY
3800 block frankford ave,NA,NA
2200 block n broad st,Broad Street Line - Susquehanna-Dauphin,TECH FREIRE CHARTER SCHOOL
4200 block wallace st,NA,NA
1700 block olney ave,NA,NA
2400 block rhawn st,NA,NA
400 block w fisher ave,NA,NA
400 block w fisher st,NA,NA
5200 block darrah st,NA,NA
4900 block brown st,NA,NA
1500 block s 52nd st,NA,NA
1000 block arrott st,NA,NA
400 block w girard ave,NA,NA
5900 block sansom st,NA,NA
200 block w duncannon ave,NA,NA
2200 block e somerset st,NA,NA
600 block w susquehanna ave,NA,NA
700 block n 43rd st,NA,NA
2600 block palethorp st,NA,NA
2300 block n 17 st,NA,NA
7200 block woodland ave,NA,NA
1100 block w tioga st,NA,NA
2900 block n bailey st,NA,KIPP PHILADELPHIA CHARTER
4600 block vista st,NA,NA
100 block w lehigh ave,NA,NA
2500 block kensington ave,NA,NA
5300 block n 10th st,NA,NA
5200 block duffield st,NA,NA
1200 block w lehigh ave,NA,NA
1300 block w allegheny ave,NA,NA
1800 block w susquehanna ave,NA,NA
100 block n 46th st,Market-Frankford Line - 46th,NA
5400 block woodland ave,NA,NA
5400 block woodland,NA,NA
1700 block georges lane,NA,NA
1700 block georges ln,NA,NA
0 block e coulter st,NA,NA
3300 block jasper st,NA,NA
2100 block s gould st,NA,NA
6600 block jackson st,NA,NA
3400 block n 17th st,NA,NA
6400 block edmund st,NA,NA
5400 block lancaster ave,NA,NA
4900 block frankford ave,NA,NA
5800 block eastwick st,NA,NA
5700 block delancey st,NA,"HAMILTON, ANDREW SCHOOL"
6700 block ogontz ave,NA,NA
2100 block s 24th st,NA,UNIVERSAL VARE CHARTER SCHOOL
3400 block spruce st,NA,NA
2100 block e stella st,NA,NA
6400 block torresdale ave,NA,NA
5200 block haverford ave,NA,NA
8400 block lyons pl,NA,NA
2100 block wtoronto st,NA,NA
2000 block n marshall st,NA,THE U SCHOOL
2100 block e clearfield st,NA,NA
3100 block g street,NA,NA
5800 block hoffman st,NA,TILDEN MIDDLE SCHOOL
4300 block old york rd,NA,NA
3100 block rosehill st,NA,NA
5900 block morton st,NA,LOTUS ACADEMY
100 block wlehigh ave,NA,NA
400 block n 59th st,NA,NA
1800 block s iseminger st,NA,NA
4100 block ogden st,NA,NA
2900 block rorer st,NA,NA
6000 block lansdowne ave,NA,NA
2500 block n 29th st,NA,NA
4800 block paschall ave,NA,NA
1600 block annin st,NA,NA
3100 block w lehigh ave,NA,NA
1600 block widener pl,NA,NA
3100 block w diamond st,NA,NA
1100 block lindley ave,NA,NA
200 block glenwood ave,NA,NA
6000 block woodland ave,NA,NA
6800 block paschal ave,NA,NA
6100 block lansdowne ave,NA,NA
900 block oregon ave,NA,"FELL, D. NEWLIN SCHOOL"
2900 block nhope st,NA,"SHEPPARD, ISAAC A. SCHOOL"
6400 block musgrave st,NA,NA
6400 block carlton st,NA,NA
300 block e lehigh ave,NA,VISITATION SCHOOL
2200 block e ann st,NA,NA
1400 block w toronto st,NA,NA
2600 block montgomery ave,NA,NA
1200 block w sergeant st,NA,NA
400 block n 38th st,NA,NA
400 block e cambria st,NA,NA
5500 block chester ave,NA,NA
7000 block louise st,NA,NA
1000 block woodlawn st,NA,MASTERY CHARTER @ PASTORIUS
1600 block w bristol st,NA,NA
3000 block poplar st,NA,NA
3000 block n bonsall st,NA,NA
2400 block aramingo ave,NA,NA
100 block e seymour st,NA,NA
2700 block aramingo ave,NA,NA
5300 block  greenway ave,NA,NA
500 block e wyoming ave,NA,NA
5700 block haverford ave,NA,NA
3400 block aramingo ave,NA,NA
2300 block n cleveland st,NA,NA
2300 block cleveland st,NA,NA
5000 block frankford ave,NA,NA
3900 block n delhi st,NA,NA
6600 block leeds st,NA,NA
3200 block gilham st,NA,NA
100 block w grange st,NA,NA
2200 block w allegheny ave,NA,NA
5400 block pearl st,NA,NA
5000 block baltimore ave,NA,NA
1300 block lindley ave,NA,NA
2600 block n sartain st,NA,NA
2800 block w lehigh ave,NA,NA
3900 block city av,NA,NA
6100 block vine st,NA,NA
4500 block longshore ave,NA,KEYSTONE ACADEMY CHARTER
1200 block n 55th st,NA,NA
1500 block w glenwood ave,NA,NA
1800 block hart la,NA,NA
300 block s 52nd st,NA,NA
1800 block s 18th st,NA,NA
300 block oregon ave,NA,NA
4900 block thompson st,NA,NA
3600 block n broad st,NA,NA
2600 block n franklin st,NA,NA
1500 block wharton st,NA,"CHILDS, GEORGE W. SCHOOL"
1900 block welsh rd,NA,NA
1300 block w lycoming ave,NA,NA
1300 block w lycoming st,NA,NA
6300 block stenton ave,NA,NA
3000 block n broad st,NA,NA
4900 block n 16th st,NA,NA
1300 block s 56th st,NA,NA
700 block e locust av,NA,NA
400 block w cheltenham ave,NA,NA
1800 block wallace st,NA,NA
1800 block wallace,NA,NA
5000 block ditman st,NA,NA
1300 block n 50th st,NA,NA
2600 block earp st,NA,NA
3200 block kensington ave,NA,NA
5500 block linmore ave,NA,NA
1900 block s cecil st,NA,CORNERSTONE CHRISTIAN ACADEMY
6100 block spruce st,NA,NA
300 block christian st,NA,NA
5400 block n 11th st,NA,NA
5200 block frankford ave,Market-Frankford Line - Frankford Transportation Center,NA
4000 block benner st,NA,NA
5400 block lindbergh blvd,NA,NA
5400 block linbergh blvd,NA,NA
2900 block n waterloo st,NA,"SHEPPARD, ISAAC A. SCHOOL"
4000 block haverford ave,NA,NA
900 block porter st,NA,NA
5800 block torresdale ave,NA,NA
6100 block kingsessing ave,NA,NA
4000 block kensington ave,NA,NA
5400 block baltimore ave,NA,NA
2100 block s 17th st,NA,NA
600 block diamond st,NA,NA
4900 block summerdale ave,NA,NA
7400 block jackson st,NA,BRIDGE WAY SCHOOL
1200 block lindley ave,NA,NA
6600 block n 15thst,NA,NA
1600 block n 52nd st,NA,NA
600 block e erie ave,NA,NA
4700 block rising sun av,NA,NA
6700 block guyer av,NA,NA
1800 block w girard ave,NA,NA
100 block n 52nd st,NA,NA
4000 block n reese st,NA,NA
4900 block laurens st,NA,NA
1000 block w cumberland st,NA,NA
5900 block springfield ave,NA,NA
1600 block w york st,NA,NA
1900 block w cecil b moore ave,NA,ALLIANCE FOR PROGRESS CHARTER SCHOOL (ANNEX)
2000 block e william st,NA,NA
2000 block e william street,NA,NA
5100 block westminster ave,NA,NA
3200 block guilford st,NA,NA
5th & glenwood sts,NA,NA
500 block w glenwood ave,NA,NA
2300 block w huntingdon st,NA,NA
1300 block fillmore st,NA,NA
2600 block bouvier st,NA,NA
5700 block springfield ave,NA,NA
900 block bridge st,NA,NA
2100 block carpenter st,NA,NA
1300 block w lehigh ave,NA,NA
5400 block germantown ave,NA,NA
2500 block smillck st,NA,NA
2500 block grant ave,NA,NA
1900 block n 32nd st,NA,NA
3100 block c street,NA,NA
1300 block w rockland st,NA,NA
2000 block n 16th st,NA,NA
5900 block columbia st,NA,OVERBROOK HIGH SCHOOL
3100 block abbottsford ave,NA,NA
1500 block w allegheny ave,NA,NA
5400 block akron st,NA,NA
3300 block n 21st st,NA,NA
6600 block woodland av,NA,NA
7200 block haverford ave,NA,NA
2400 block n napa st,NA,NA
2400 block wlehigh ave,NA,NA
1600 block s 5th st,NA,NA
1300 block cecil b moore ave,NA,NA
6300 block magnolia st,NA,NA
3600 block old york rd,NA,NA
1800 block cecil b moore ave,NA,ALLIANCE FOR PROGRESS CHARTER SCHOOL (ANNEX)
7200 block glenloch st,NA,NA
1500 block s 53rd st,NA,NA
1500 block n53rd st,NA,NA
4300 block unruh ave,NA,NA
4100 block n 6th st,NA,"MC CLURE, ALEXANDER K. SCHOOL"
1200 block n hutchinson st,NA,NA
900 block n broad st,NA,NA
3500 block germantown ave,NA,NA
2900 block edgley st,NA,NA
400 block  e wyoming ave,NA,NA
4900 block old york rd,NA,NA
6500 block lansdowne ave,NA,NA
700 block e hunting park ave,NA,NA
1700 block s 5th st,NA,NA
1400 block frankford ave,NA,NA
400 block n redfield st,NA,NA
1300 block s 17th st,NA,NA
4900 block frankford,NA,NA
1200 block w susquehanna av,NA,NA
3800 block morrell ave,NA,NA
2800 block hope st,NA,"SHEPPARD, ISAAC A. SCHOOL"
1500 block sellers st,NA,FRANKFORD FRIENDS SCHOOL
2000 block tasker st,NA,NA
8000 block thouron st,NA,NA
300 block n52nd st,NA,NA
4500 block gratz st,NA,NA
8000 block temple rd,NA,NA
2000 block chelten ave,NA,NA
5700 block malcom st,NA,NA
3900 block brown st,NA,NA
1300 block e luzerne st,NA,"HOPKINSON, FRANCIS SCHOOL"
300 block s 40th st,NA,NA
4000 block city ave,NA,NA
7800 block chelwynde ave,NA,NA
300 block e chelten ave,NA,NA
2300 block n fawn st,NA,NA
1500 block point breeze ave,NA,NA
900 block w sedgley ave,NA,LAB SCH OF COMMUNICAT'N & LANG
800 block e westmoreland st,NA,NA
2600 block tasker st,NA,NA
600 block n 38th st,NA,NA
5400 block whitby ave,NA,NA
600 block n 8th st,NA,NA
6200 block paschall ave,NA,NA
5900 block n b st,NA,NA
500 block e tulpehocken st,NA,NA
4900 block kingsessing ave,NA,NA
600 block n52nd st,NA,NA
6800 block frontenac st,NA,NA
6200 block vine st,NA,NA
40th and cambridge st,NA,NA
5900 block windsor st,NA,NA
7400 block redwing pl,NA,NA
4700 block higbee st,NA,NA
1800 block fillmore st,NA,NA
7200 block anderson st,NA,NA
1000 block harrison st,NA,NA
1000 block n 40th st,NA,NA
4900 block nhutchinson st,NA,NA
6500 block essington ave,NA,NA
3700 block n  broad st,Broad Street Line - Erie,NA
2700 block tasker st,NA,NA
1600 block granite st,NA,NA
800 block vernon rd,NA,NA
1500 block church st,NA,NA
2100 block s simpson st,NA,NA
1800 block n 24th st,NA,NA
6400 block glenmore st,NA,NA
1500 block s bailey st,NA,NA
600 block w erie ave,NA,NA
6400 block guyer ave,NA,NA
7700 block ogontz ave,NA,NA
broad st & somerville ave,NA,NA
3600 block n 19th st,NA,NA
400 block fitzgerald st,NA,NA
4900 block walnut st,NA,NA
200 block w grange ave,NA,NA
3300 block tulip st,NA,NA
1800 block 67th ave,NA,NA
1800 block e westmoreland st,NA,NA
6500 block n broad st,NA,NA
3000 block rorer st,NA,NA
4500 block n 7th st,NA,NA
6100 block haddington lane,NA,NA
2400 block nicholas st,NA,NA
3000 block diamond st,NA,NA
400 block raymond st,NA,NA
1600 block haines st,NA,NA
2100 block w susquhanna ave,NA,NA
3400 block mascher st,NA,"CRAMP, WILLIAM SCHOOL"
600 block s 60th st,NA,NA
300 block of glen echo rd,NA,NA
1300 block w cumberland st,NA,NA
2400 block jefferson st,NA,NA
1400 block e cheltenham ave,NA,NA
700 block wallace st,NA,NA
300 block e clarkson ave,NA,NA
2300 block n 15th st,NA,NA
800 block w olney ave,NA,NA
6000 block n ogontz ave,NA,NA
5100 block woodland ave,NA,NA
1500 block w grange ave,NA,NA
3000 block w susquehanna ave,NA,ONE BRIGHT RAY MANSION
1500 block s 21st st,NA,NA
6700 block trinity st,NA,NA
2400 block w norris st,NA,NA
4700 block chester ave,NA,NA
2000 block 75th ave,NA,NA
2300 block e clearfield st,NA,NA
2400 block w poplar st,NA,CITY SCHOOL AT FAIRMOUNT
5900 block hegerman st,NA,NA
1800 block roselyn st,NA,NA
1800 block s 21st st,NA,NA
2000 block parrish st,NA,NA
1200 block carpenter st,NA,NA
600 block south st,NA,NA
3900 block m street,NA,NA
6800 block n 16th st,NA,NA
1700 block edwin walk 2nd fl,NA,NA
8200 block lowber av,NA,NA
3300 block st vincent st,NA,NA
400 block e clarkson av,NA,NA
3900 block n darien st,NA,NA
2700 block n howard st,NA,NA
5200 block whitaker ave,NA,NA
1500 block clearview st,NA,NA
2000 block bellmore st,NA,NA
1100 block w duncannon ave,NA,NA
1300 block hunting park ave,NA,NA
7300 block torresdale ave,NA,ST HUBERTS CATHOLIC HIGH SCHOOL
4100 block old york rd,NA,NA
4600 block n penn st,NA,NA
1500 block s newkirk st,NA,NA
2000 block n 23rd st,NA,NA
5500 block regent st,NA,NA
2000 block synder ave,NA,NA
5000 block summerdale ave,NA,NA
1500 block w grange st,NA,NA
500 block e loudon st,NA,NA
5000 block f street,NA,NA
3900 block aspen st,NA,NA
3900 block pulaski ave,NA,NA
1700 block n 62nd st,NA,NA
4500 block wayne ave,NA,NA
3900 block poplar st,NA,NA
3800 block wallace st,NA,NA
700 block w champlost ave,NA,NA
4100 block n 5th st,NA,NA
3000 block w cumberland st,NA,NA
8100 block lyons ave,NA,NA
5500 block elliott st,NA,NA
2000 block e schiller st,NA,"WEBSTER, JOHN H. SCHOOL"
1600 block s 56th st,NA,NA
6100 block media st,NA,NA
500 block w erie ave,NA,"TAYLOR, BAYARD SCHOOL"
10800 block knights rd,NA,NA
5100 block n penn st,NA,NA
200 block e wyoming st,NA,NA
6300 block market st,Market-Frankford Line - 63rd,NA
100 block n 54th st,NA,NA
6000 block cedarhurst st,NA,NA
6300 block regent st,NA,NA
3400 block nbroad st,NA,NA
3400 block broad st,NA,NA
2700 block snyder ave,NA,NA
3000 block page street,NA,NA
4600 block kingsessing ave,NA,NA
2100 block n 21st st,NA,NA
5900 block elmwood ave,NA,NA
6500 block limekiln pk,NA,NA
1600 block e hunting park ave,NA,NA
1300 block n 10th st,NA,NA
1500 block n 28th st,NA,NA
2100 block 72nd ave,NA,NA
7600 block city ave,NA,NA
300 block n 63rd st,NA,NA
6400 block n camac st,NA,NA
2600 block welsh rd,NA,NA
1900 block n orianna st,NA,NA
900 block w girard ave,NA,NA
2100 block n 18th st,NA,NA
400 block nchristopher columbus blvd,NA,NA
4300 block lancaster ave,NA,NA
100 block spring garden st,Market-Frankford Line - Spring Garden,NA
900 block orthodox st,NA,NA
4900 block n 10th st,NA,NA
4100 block frankford ave,NA,NA
3500 block w allegheny ave,NA,NA
2300 block s ithan st,NA,NA
900 block n franklin st,NA,NA
3200 block n 17th st,NA,NA
5200 block hawthorne st,NA,NA
5300 block walton st,NA,NA
900 block w erie ave,NA,NA
2900 block n 4th st,NA,NA
1200 block unity st,NA,NA
1800 block s conestoga st,NA,NA
6400 block rising sun ave,NA,NA
5300 block rising sun ave,NA,NA
1000 block w rockland st,NA,NA
2500 block ingersoll st,NA,NA
2400 block n hollywood st,NA,NA
3800 block n darien st,NA,NA
2600 block n 17th st,NA,NA
2400 block ridge ave,NA,NA
400 block comly st,NA,NA
n 39th st  /  olive st,NA,NA
5300 block n 5th st,NA,NA
3200 block ridge ave,NA,STRAWBERRY MANSION HIGH SCHOOL
3000 block ryan ave,NA,NA
4800 block n hutchinson st,NA,NA
5600 block cedar ave,NA,NA
1400 block e lycoming st,NA,NA
1100 block overington st,NA,NA
2500 block w sterner st,NA,NA
4000 block e roosevelt blvd,NA,NA
5900 block tulip st,NA,NA
2500 block s 8th st,NA,NA
100 block s 61st st,NA,NA
5100 block catharine st,NA,NA
3200 block w arizona st,NA,NA
1900 block s 7th st,NA,NA
400 block w wellens st,NA,NA
100 block hansberry st,NA,NA
1400 block n 52nd st,NA,NA
2800 block n waterloo st,NA,NA
1000 block n marshall st,NA,NA
2300 block n lambert st,NA,NA
1900 block s bonsall st,NA,NA
3400 block n 8th st,NA,NA
5400 block pentridge st,NA,NA
2900 block w abbottsford ave,NA,NA
700 block w cambria st,NA,NA
5200 block lancaster ave,NA,NA
800 block w sedgley st,NA,NA
900 block n saint bernard st,NA,NA
3000 block tioga st,NA,NA
1800 block cambria st,NA,NA
600 block princeton ave,NA,NA
1700 block n dover st,NA,NA
1100 block e luzerne st,NA,NA
3200 block cottman ave,NA,NA
4600 block shelmire st,NA,NA
2300 block montrose st,NA,NA
2200 block e clearfield st,NA,NA
7100 block limekiln pike,NA,ST ATHANASIUS IMMACULATE CONCEPTION SCHOOL
900 block w champlost ave,NA,NA
1700 block wjefferson st,NA,NA
4500 block n 5th st,NA,NA
1500 block wlehigh ave,NA,NA
2900 block richmond st,NA,NA
600 block n 65th st,NA,NA
7000 block roosevelt blvd,NA,NA
300 block n 55th st,NA,NA
4100 block unruh st,NA,NA
700 block e thayer st,NA,NA
1600 block cecil b moore ave,NA,NA
1600 block cecil b moore st,NA,NA
2000 block kelly dr,NA,NA
5100 block valley st,NA,NA
1700 block w allegheny ave,NA,NA
5800 block woodland ave,NA,NA
500 block n christopher columbus blvd,NA,NA
200 block e ontario st,NA,NA
4900 block germantown ave,NA,NA
600 block w butler st,NA,NA
1800 block tioga st,NA,NA
300 block w cambria st,NA,PAN AMERICAN ACADEMY CHARTER
5300 block malcolm st,NA,NA
2600 block w seltzer st,NA,NA
6700 block chew ave,NA,NA
6100 block baltimore ave,NA,NA
7100 block greenway ave,NA,NA
2900 block passmore st,NA,NA
600 block atwood st,NA,NA
6200 block chew ave,NA,NA
5800 block upland way,NA,NA
4900 block arch st,NA,NA
200 block w cornmall st,NA,"MUNOZ-MARIN, HON LUIS SCHOOL"
7300 block chelwynde ave,NA,NA
5400 block arlington st,NA,NA
5800 block n penn st,NA,NA
7500 block city ave,NA,NA
100 block e ruscomb st,NA,NA
5300 block arlington st,NA,NA
700 block e ontario st,NA,NA
2100 block dickinson st,NA,NA
2500 block e allegheny ave,NA,NA
5100 block parkside ave,NA,NA
2600 block n 12th st,NA,NA
6800 block limekiln pk,NA,NA
4800 block rising sun ave,NA,NA
7000 block frankford ave,NA,NA
3700 block n bouvier st,NA,NA
2600 block n 11th st,NA,HOPE PARTNERSHIP FOR EDUCATION
1300 block e rittenhouse st,NA,NA
5800 block musgrave st,NA,NA
7400 block ogontz ave,NA,NA
5000 block oxford ave,NA,FRANKFORD HIGH SCHOOL
4000 block chestnut st,NA,NA
2300 block n gratz st,NA,NA
7000 block souder st,NA,NA
5600 block appletree st,NA,NA
2400 block n 28th st,NA,NA
1500 block n robinson st,NA,NA
5100 block wayne ave,NA,NA
1500 block adams ave,NA,NA
1100 block porter st,NA,NA
5700 block willows av,NA,"LONGSTRETH, WILLIAM C. SCHOOL"
5000 block city ave,NA,NA
200 block s 12th st,NA,NA
300 block n55th st,NA,NA
4800 block bingham st,NA,NA
1900 block grays ln,NA,NA
300 block w ruscomb st,NA,NA
2000 block cecil b moore ave,NA,NA
2000 block w cecil b moore ave,NA,NA
1600 block church st,NA,NA
2800 block n taylor st,NA,NA
2400 block n 13th st,NA,NA
4200 block e wingohocking st,NA,NA
100 block w queen ln,NA,NA
5400 block ella st,NA,NA
200 block w champlost ave,NA,NA
6800 block hegerman st,NA,NA
2700 block ridge ave,NA,NA
1900 block w venago st,NA,NA
4100 block paul st,NA,NA
3000 block tyson ave,NA,NA
5700 block florence ave,NA,NA
2000 block laveer st,NA,NA
2100 block s christopher columbus blvd,NA,NA
100 block e fisher ave,NA,OLNEY ELEMENTARY SCHOOL
1300 block wcambria st,NA,NA
4200 block n fairhill st,NA,"MC CLURE, ALEXANDER K. SCHOOL"
5700 block market st,NA,NA
6000 block rising sun ave,NA,NA
6900 block elmwood ave,NA,NA
4600 block n 16th st,NA,NA
1500 block cumberland st,NA,NA
100 block s broad st,NA,NA
300 block w erie ave,NA,NA
3300 block rorer st,NA,NA
3500 block chew ave,NA,NA
2100 block s 61st st,NA,NA
3700 block aspen st,NA,NA
1100 block w hunting park ave,NA,NA
5900 block charles st,NA,NA
5200 block pine st,NA,G.L.A. CHARTER @ HUEY
3300 block wallegheny ave,NA,NA
6400 block woodland ave,NA,NA
3800 block lancaster ave,NA,NA
1300 block n 52nd st,NA,NA
400 block w luray st,NA,NA
1500 block n frazier st,NA,NA
6500 block e wister st,NA,NA
400 block w cambria st,NA,ONE BRIGHT RAY-FAIRHILL CAMPUS
5900 block castor ave,NA,NA
5400 block n broad st,NA,NA
2500 block island ave,NA,NA
200 block horton st,NA,NA
200 block n horton st,NA,NA
1900 block market st,NA,NA
3500 block i street,NA,NA
3500 block i st,NA,NA
1700 block cecil b moore av,NA,ALLIANCE FOR PROGRESS CHARTER
2400 block s 63rd st,NA,NA
6900 block lindbergh blvd,NA,NA
3900 block n 13th st,NA,NA
3900 block ndarien st,NA,NA
4000 block s 26th st,NA,NA
4100 block greeby st,NA,NA
4200 block paul st,NA,NA
400 block w ashdale st,NA,NA
4400 block longshore ave,NA,NA
4600 block kendrick st,NA,NA
1000 block n66th st,NA,NA
1100 block e upsal st,NA,NA
1100 block e stafford st,NA,NA
1200 block s 5th st,NA,NA
1200 block w venago st,NA,NA
1200 block e chelten ave,NA,NA
4200 block l street,NA,NA
2000 block s croskey st,NA,NA
0 block jackson st,NA,NA
1000 block arch st,NA,NA
5500 block ardleigh st,NA,NA
800 block n 40th st,NA,NA
1300 block s melville st,NA,NA
6600 block lotus rd,NA,NA
3000 block rosehill st,NA,NA
3900 block germantown ave,NA,NA
1500 block s etting st,NA,NA
5700 block chestnut st,NA,NA
5600 block upland way,NA,NA
1300 block n frazier st,NA,NA
2500 block n gratz st,NA,NA
1400 block n corlies st,NA,NA
4200 block n 17th st,NA,NA
2100 block granite st,NA,NA
3700 block n sydenham st,NA,NA
300 block w chelten ave,NA,NA
1700 block s ringgold st,NA,NA
100 block s 55th st,NA,NA
5300 block w stiles st,NA,NA
2200 block s 66th st,NA,NA
1600 block conklin st,NA,NA
100 block e cumberland st,NA,NA
1900 block s 20th st,NA,NA
1900 block 74th av,NA,NA
1900 block n 54th st,NA,MASTERY CHARTER @ MANN
4600 block hedge st,NA,NA
1400 block s 23rd st,NA,NA
5600 block heiskell st,NA,NA
3000 block n 3rd st,NA,NA
1100 block wlehigh st,NA,NA
2300 block n 25th st,NA,NA
100 block n 61st st,NA,NA
1200 block s 57th st,NA,NA
1200 block s 29th st,NA,NA
1000 block s 18th st,NA,NA
1000 block pratt st,NA,NA
1300 block porter st,NA,NA
100 block w rockland st,NA,NA
1300 block steinber st,NA,NA
1100 block w silver st,NA,NA
1100 block mifflin st,NA,NA
1100 block shackamaxon st,NA,NA
1100 block luzerne st,NA,NA
1400 block wellington st,NA,NA
1400 block fitzwater st,NA,NA
1100 block alcott st,NA,NA
100 block w champlost ave,NA,NA
1400 block w letterly st,NA,NA
1200 block haworth st,NA,NA
3000 block of n water st,NA,NA
100 block meehan ave,NA,NA
2300 block n 3rd st,NA,"WELSH, JOHN SCHOOL"
600 block sanger st,NA,NA
1100 block levick st,NA,NA
5900 block malta st,NA,NA
600 block benner st,NA,NA
1500 block s 4th st,NA,NA
1800 block s 4th st,NA,NA
2000 block s 9th st,NA,NA
100 block s 10th st,NA,NA
1300 block race st,NA,NA
2700 block comly st,NA,NA
1400 block walnut st,NA,NA
7500 block buist ave,NA,NA
1200 block s 58th st,NA,NA
1900 block s ithan st,NA,NA
8400 block gibbs pl,NA,NA
1200 block herbert st,NA,NA
5900 block n 21st st,NA,NA
300 block e gale st,NA,NA
5600 block springfield ave,NA,NA
7300 block n 19th st,NA,NA
8900 block ridge ave,NA,NA
6200 block morton st,NA,NA
4700 block james st,NA,NA
4300 block parrish st,NA,NA
2400 block e allegheny ave,NA,NA
1700 block s avondale st,NA,NA
800 block w huntingdon st,NA,NA
3800 block n lawrence st,NA,NA
2300 block wlehigh ave,NA,ST MARTIN DE PORRES SCHOOL
3100 block n 10th st,NA,NA
2600 block n hollywood st,NA,NA
700 block s alden st,NA,NA
2100 block reed st,NA,NA
3000 block n 23rd st,NA,NA
2600 block n 22nd st,NA,NA
2900 block castor ave,NA,NA
2600 block s warnock st,NA,NA
5400 block rutland st,NA,NA
7300 block melrose st,NA,NA
1000 block e cayuga st,NA,NA
100 block n 53rd st,NA,NA
100 block n ruby st,NA,NA
2200 block fernon st,NA,NA
2200 block watkins st,NA,NA
200 block e tioga st,NA,NA
2000 block e cornwall st,NA,NA
2000 block s mildred st,NA,NA
2300 block w harold st,NA,ST MARTIN DE PORRES SCHOOL
2000 block n howard st,NA,NA
2100 block w susquehanna ave,NA,NA
200 block e clearfield st,NA,NA
2400 block tulip st,NA,NA
200 block e queen ln,NA,NA
2400 block s sheridan st,NA,NA
2100 block s opal st,NA,NA
200 block christian st,NA,NA
2500 block s alden st,NA,NA
2400 block s 62nd st,NA,NA
5600 block warrington ave,NA,NA
2500 block s 66th st,NA,NA
3200 block s 61st st,NA,NA
8500 block harley pl,NA,NA
7900 block temple rd,NA,NA
500 block brinton st,NA,NA
8000 block rodney st,NA,NA
7900 block ogontz ave,NA,NA
500 block e penn st,NA,NA
3200 block knorr st,NA,NA
3200 block ryan ave,NA,NA
6000 block ditman st,NA,NA
4200 block romain st,NA,NA
5000 block homestead st,NA,NA
5200 block oxford ave,NA,NA
4600 block tacony st,NA,NA
200 block e wishart st,NA,NA
5200 block westford rd,NA,NA
500 block tree st,NA,NA
2600 block s 78th st,NA,NA
1500 block n 6th st,NA,NA
5700 block oxford ave,NA,NA
1300 block s 46th st,NA,NA
800 block granite st,NA,NA
1500 block n 10th st,NA,NA
100 block w wishart st,NA,NA
3300 block n 13th st,NA,NA
2400 block 76th ave,NA,NA
2900 block nmascher st,NA,NA
2600 block s carroll st,NA,NA
1100 block w oxford st,NA,NA
1100 block e cayuga st,NA,NA
100 block e allen st,NA,NA
100 block pensdale st,NA,NA
1200 block faunce st,NA,NA
1200 block w cambria st,NA,NA
1200 block s 28th st,NA,NA
1200 block sdover st,NA,NA
1200 block s 32nd st,NA,NA
100 block linton st,NA,NA
1300 block n 58th st,NA,NA
1300 block parrish st,NA,NA
1300 block n wanamaker st,NA,NA
100 block wchelten st,NA,NA
1400 block ellsworth st,NA,NA
1400 block n4th st,NA,NA
2500 block n chadwick st,NA,NA
2100 block carver st,NA,NA
2500 block s 67th st,NA,NA
2500 block n 26th st,NA,NA
200 block comly st,NA,NA
2200 block n howard st,NA,NA
2500 block n 24th st,NA,NA
2500 block s dewey st,NA,NA
2200 block e tioga st,NA,NA
2200 block n colorado st,NA,NA
2200 block n woodstock st,NA,NA
2600 block elbridge st,NA,NA
2600 block w hagert st,NA,NA
2600 block holbrook st,NA,NA
3500 block oakmont st,NA,NA
6800 block marsden st,NA,NA
1900 block haworth st,NA,NA
7200 block jackson st,NA,NA
100 block farson st,NA,NA
4200 block viola st,NA,NA
4200 block w stiles st,NA,NA
400 block n 50th st,NA,NA
700 block n 47th st,NA,NA
1400 block sringold st,NA,NA
1600 block s 29th st,NA,NA
2700 block wharton st,NA,NA
1400 block ritner st,NA,NA
2100 block w indiana ave,NA,NA
2000 block gorman st,NA,NA
0 block e ashmead st,NA,NA
5300 block hazelhurst st,NA,NA
6000 block colgate st,NA,NA
2200 block n front st,Market-Frankford Line - York-Dauphin,NA
5700 block hadfield st,NA,NA
1600 block s 18th st,NA,ST THOMAS AQUINAS SCHOOL
1200 block s 30th st,NA,NA
3000 block n howard st,NA,NA
6700 block marsden st,NA,NA
2800 block ormes st,NA,NA
1400 block n 61st st,NA,NA
1400 block rosalie st,NA,NA
1500 block s capitol st,NA,NA
1500 block w westmoreland st,NA,NA
1500 block s allison st,NA,MITCHELL ELEMENTARY SCHOOL
1500 block n redfield st,NA,NA
1600 block saint paul st,NA,NA
1600 block s19th st,NA,NA
1600 block e luzerne st,NA,NA
1600 block s 2nd st,NA,NA
1600 block s conestoga st,NA,NA
1700 block w juniata st,NA,NA
1700 block chestnut st,NA,NA
1700 block federal st,NA,NA
1700 block aberdeen st,NA,NA
1700 block w rockland st,NA,NA
1700 block brill st,NA,NA
1500 block n marshall st,NA,NA
1500 block s dover st,NA,NA
1200 block w westmoreland st,NA,NA
1500 block s 28th st,NA,NA
1200 block n 56th st,NA,NA
1500 block n alden st,NA,NA
1500 block mohican st,NA,NA
1500 block e hunting park ave,NA,NA
1300 block s 48th st,NA,NA
1300 block w wishart st,NA,NA
1600 block n 20th st,NA,NA
1600 block worrell st,NA,NA
1300 block s 58th st,NA,NA
1600 block swain st,NA,NA
1600 block nmarshall st,NA,NA
1600 block n marshall st,NA,NA
1600 block meadow st,NA,NA
1400 block s 47th st,NA,NA
1400 block higbee st,NA,NA
1400 block blavis st,NA,NA
1400 block n 56th st,NA,NA
200 block s 55th st,NA,NA
3000 block market st,NA,NA
0 block s 56th st,Market-Frankford Line - 56th,NA
5800 block pine st,NA,NA
0 block n millick st,NA,NA
0 block n yewdall st,NA,NA
5100 block w stiles st,NA,NA
200 block n 62nd st,NA,NA
1700 block n 53rd st,NA,NA
2600 block wcumberland st,NA,NA
2600 block w cumberland st,NA,NA
2100 block w master st,NA,NA
6700 block n 11th st,NA,NA
5800 block charles st,NA,NA
400 block n 55th st,NA,NA
1200 block n redfield st,NA,NA
1900 block elston st,NA,NA
100 block wdauphin st,NA,NA
2400 block nhollywood st,NA,NA
2600 block n31st st,NA,NA
200 block eallegheny ave,NA,JOHN B STETSON MIDDLE SCHOOL
700 block s58th st,NA,NA
1400 block vernon rd,NA,NA
5100 block arbor st,NA,NA
1000 block edgemore rd,NA,NA
2300 block ncleveland st,NA,NA
6000 block baltimore ave,NA,NA
3100 block n patton st,NA,NA
3400 block braddock st,NA,NA
1800 block w cayuga st,NA,NA
1800 block w ontario st,NA,NA
1800 block e madison st,NA,NA
1800 block dudley st,NA,NA
1800 block n taney st,NA,NA
1800 block s 68th st,NA,NA
19800 block ellsworth st,NA,NA
1900 block s 28th st,NA,NA
1900 block fontain st,NA,NA
1900 block n 10th st,NA,NA
1900 block n franklin st,NA,THE U SCHOOL
1900 block penfield st,NA,NA
2000 block n lambert st,NA,NA
2000 block medary ave,NA,NA
2000 block sigel st,NA,NA
1700 block n 28th st,NA,NA
1500 block s 26th st,NA,NA
1800 block tasker st,NA,NA
1800 block w atlantic st,NA,NA
1500 block n bouvier st,NA,NA
1500 block w oakdale st,NA,NA
1800 block farrington rd,NA,NA
1600 block n 21st st,NA,NA
1900 block w nedro ave,NA,NA
1700 block diamond st,NA,NA
1500 block n 11th st,NA,NA
1300 block n myrtlewood st,NA,NA
2400 block n 30th st,NA,NA
2400 block n myrtlewood st,NA,NA
2300 block n 29th st,NA,NA
2500 block n colorado st,NA,NA
2600 block n bouvier st,NA,NA
5600 block media st,NA,NA
3600 block n 11th st,NA,NA
4200 block n franklin st,NA,NA
1400 block adams ave,NA,NA
4200 block macalester st st,NA,NA
7100 block n20th st,NA,NA
500 block w luray st,NA,NA
1300 block w seltzer st,NA,NA
600 block n shedwick st,NA,NA
4700 block n 12th st,NA,NA
1700 block n 6th st,NA,NA
100 block w godfrey ave,NA,NA
1200 block sanger st,NA,NA
3000 block fontain st,NA,NA
1600 block latona st,NA,"CHILDS, GEORGE W. SCHOOL"
2000 block mckean st,NA,NA
2000 block w norris st,NA,NA
2000 block napfle av,NA,NA
200 block w mentor st,NA,NA
2100 block w york st,NA,NA
2100 block master st,NA,NA
2100 block tyson ave,NA,NA
2200 block bryn mawr ave,NA,NA
2200 block e washington ln,NA,NA
2200 block s 23rd st,NA,NA
1900 block watkins st,NA,NA
1900 block colonial st,NA,NA
1900 block s 70th st,NA,NA
1900 block e allegheny ave,NA,NA
100 block rosemar st,NA,NA
1900 block s croskey st,NA,NA
1900 block n 29th st,NA,NA
1600 block s 21st st,NA,NA
100 block roselyn st,NA,NA
2000 block n 56th st,NA,NA
2000 block glendale ave,NA,NA
1700 block w oxford st,NA,"MEADE, GEN. GEORGE G. SCHOOL"
2000 block w york st,NA,NA
900 block e ontario st,NA,NA
3200 block frankford ave,NA,NA
3100 block stouton st,NA,"CONWELL, RUSSELL MIDDLE SCHOOL"
3000 block cedar st,NA,NA
3900 block glendale st,NA,NA
3400 block keim st,NA,NA
4000 block n fairhill st,NA,NA
2000 block w cambria st,NA,NA
2400 block arlington st,NA,NA
2300 block s 12th st,NA,NA
2900 block gaul st,NA,NA
2700 block n 19th st,NA,NA
0 block e garfield st,NA,NA
6200 block ellsworth st,NA,NA
3500 block lancaster ave,NA,NA
1200 block greeby st,NA,NA
2500 block n bancroft st,NA,KIPP NORTH PHILADELPHIA CHARTER SCHOOL
2200 block cantrell st,NA,NA
5000 block westminster ave,NA,NA
6200 block bustleton ave,NA,NA
2200 block bridge st,NA,NA
2200 block s hemberger st,NA,NA
2200 block n 18th st,NA,NA
2300 block n 52nd st,NA,NA
200 block n hobart st,NA,NA
200 block w fisher ave,NA,NA
2400 block n bancroft st,NA,NA
2500 block n 28th st,NA,NA
2500 block a st,NA,NA
200 block fariston dr,NA,NA
2500 block n 15th st,NA,NA
200 block w wingohocking st,NA,NA
2600 block w somerset st,NA,NA
200 block w lippincott st,NA,NA
1800 block w rockland st,NA,NA
1800 block n 26th st,NA,NA
1800 block whuntingdon st,NA,NA
200 block n robinson st,NA,NA
1800 block wynnewood rd,NA,NA
1900 block w allegheny ave,NA,NA
1900 block w willard st,NA,NA
2200 block w oxford st,NA,NA
2200 block n 15th st,NA,NA
1900 block independence st,NA,NA
1100 block werie ave,NA,NA
3700 block n 5th st,NA,NA
4900 block rorer st,NA,NA
100 block e erie ave,NA,NA
4200 block n darien st,NA,NA
1100 block n bodine st,NA,NA
1000 block delaware ave,NA,NA
2400 block kensington ave,NA,NA
2700 block n sydenham st,NA,NA
4900 block n 19th st,NA,NA
0 block s 50th st,NA,NA
1700 block w oxford av,NA,"MEADE, GEN. GEORGE G. SCHOOL"
800 block n 16th st,NA,NA
3000 block s 74th st,NA,NA
3000 block n darien st,NA,NA
300 block w delphine st,NA,NA
6000 block n 2nd st,NA,NA
1400 block s 55th st,NA,NA
2100 block s 64th st,NA,NA
1800 block n 76th st,NA,NA
3000 block n bambrey st,NA,NA
300 block n60th st,NA,NA
3100 block w dauphin st,NA,STRAWBERRY MANSION HIGH SCHOOL
3100 block n 28th st,NA,NA
3100 block ncarlisle st,NA,NA
3200 block princeton ave,NA,NA
2600 block n hutchinson st,NA,NA
0 block s 54th st,NA,NA
2800 block s 64th st,NA,NA
2900 block n 26th st,NA,NA
2900 block s robinson st,NA,NA
6900 block e wister st,NA,NA
7400 block devon st,NA,NA
7600 block woodcrest ave,NA,NA
800 block w stella st,NA,NA
9200 block e roosevelt blvd,NA,NA
1300 block st lukes st,NA,NA
1300 block kater st,NA,NA
2000 block e orleans st,NA,NA
2900 block n bambrey st,NA,NA
2900 block hartville st,NA,NA
2900 block tremont st,NA,NA
3700 block pulaski st,NA,NA
2200 block s shields st,NA,NA
400 block w 65th ave,NA,NA
4800 block e roosevelt blvd,NA,NA
4900 block n lawrence st,NA,NA
5000 block rising sun ave,NA,NA
1400 block n 5th st,NA,LITTLE CITY MONTESSORI
100 block w huntingdon st,NA,NA
2200 block n 2nd st,NA,NA
1200 block w wingohocking st,NA,NA
600 block lindley ave,NA,NA
5900 block n lambert st,NA,NA
4600 block n 12th st,NA,NA
5100 block nhucthcinson st,NA,LINDLEY ACADEMY CHARTER @ BIRNEY
4800 block nbouvier st,NA,NA
6100 block n 11th st,NA,NA
1800 block conlyn st,NA,"PENNELL, JOSEPH ELEMENTARY"
2700 block n garnet st,NA,NA
2600 block w allegheny ave,NA,NA
1500 block blavis st,NA,NA
1800 block s ringgold st,NA,NA
1800 block ecornwall st,NA,NA
1800 block sulis st,NA,NA
2200 block glenview st,NA,NA
1200 block n 28th st,NA,NA
1500 block scleveland st,NA,NA
1500 block guilford pl,NA,NA
2100 block n 7th st,NA,NA
800 block s 57th st,NA,NA
0 block s robinson st,NA,NA
100 block e lippincott st,NA,NA
300 block n 52nd st,NA,NA
3300 block n hancock st,NA,NA
3300 block brandywine st,NA,NA
3300 block n 19th st,NA,NA
3400 block nphilip st,NA,NA
3400 block helen st,NA,NA
3500 block n 19th st,NA,NA
0 block s 61st st,NA,NA
3900 block folsom st,NA,NA
400 block w ruscomb st,NA,NA
400 block s 13th st,NA,NA
4500 block n 16th st,NA,NA
4600 block fernhill rd,NA,NA
1000 block s 51st st,NA,NA
5300 block priscilla st,NA,NA
5400 block euclid st,NA,NA
5500 block poplar st,NA,NA
5900 block tacony st,NA,NA
5900 block springfield st,NA,NA
6200 block limekiln pike,NA,NA
6600 block n 7th st,NA,NA
6700 block limekiln pike,NA,NA
6300 block crafton st,NA,NA
1100 block s 20th st,NA,NA
1400 block robbins ave,NA,NA
1400 block w hunting park ave,NA,NA
2800 block n garnet st,NA,NA
100 block manheim st,NA,NA
4600 block greene st,NA,NA
3200 block n newkirk st,NA,NA
2900 block w wishart st,NA,NA
2300 block w oxford st,NA,NA
6400 block tulip st,NA,NA
900 block n 68th st,NA,NA
4600 block n 4th st,NA,NA
5700 block n 16th st,NA,NA
4300 block n carlisle st,NA,NA
1900 block n 76th st,NA,NA
500 block moore st,NA,NA
1900 block georgian rd,NA,NA
5100 block brown st,NA,NA
5000 block ludlow st,NA,NA
5400 block summer st,NA,NA
1200 block w atlantic st,NA,NA
1200 block n 41st st,NA,NA
1500 block s 9th st,NA,NA
1700 block mohican st,NA,NA
4600 block strahle st,NA,NA
1800 block wilder st,NA,NA
1900 block page st,NA,NA
1000 block belmont ave,NA,NA
1000 block shackamaxon st,NA,NA
100 block e courtland st,NA,NA
1100 block passmore st,NA,NA
1200 block peters st,NA,NA
1200 block n 53rd st,NA,NA
1600 block s columbus blvd,NA,NA
1700 block 68th av,NA,NA
1800 block n 6th st,NA,NA
1900 block n 3rd st,NA,NA
1900 block n 3rd stt,NA,NA
2000 block e letterly st,NA,KENSINGTON HEALTH SCIENCES
200 block krams ave,NA,NA
2300 block n bouvier st,NA,NA
2300 block e harold st,NA,NA
2500 block benjamin franklin pkwy,NA,NA
2500 block w passyunk ave,NA,NA
2800 block sedgley ave,NA,NA
0 block w master st,NA,NA
3300 block n 20th st,NA,NA
3400 block rorer st,NA,NA
400 block manton st,NA,NA
4600 block n front st,NA,NA
300 block w seymour st,NA,NA
2100 block afton st,NA,NA
1800 block pratt st,NA,NA
6900 block hegerman st,NA,NA
4900 block castor ave,NA,NA
1300 block s ringgold st,NA,NA
1400 block s 19th st,NA,NA
600 block s 61st st,NA,NA
2500 block welsh rd,NA,NA
5500 block devon st,NA,NA
5300 block vine st,NA,NA
1500 block n 13th st,NA,NA
1800 block n 27th st,NA,NA
1900 block e venango st,NA,NA
300 block e loudon st,NA,NA
2900 block welsh rd,NA,NA
2500 block s wanamaker st,NA,NA
1300 block e airdrie st,NA,NA
4300 block n franklin st,NA,NA
1600 block w chew ave,NA,NA
1100 block s 51st st,NA,NA
1400 block widener pl,NA,NA
1300 block levick st,NA,NA
1700 block s 54th st,NA,NA
2200 block n lawrence st,NA,NA
1200 block w chew ave,NA,NA
3000 block n 16th st,NA,NA
1200 block ellsworth st,NA,NA
1200 block e pike st,NA,NA
1200 block magee av,NA,NA
1200 block s bonsall st,NA,NA
1300 block n 59th st,NA,NA
0 block e sharpnack st,NA,NA
1400 block s 17th st,NA,NA
1400 block n 76th st,NA,NA
1400 block cambridge st,NA,NA
1400 block n 17th st,NA,NA
1500 block rosalie st,NA,NA
1500 block longshore ave,NA,NA
1500 block tasker st,NA,NA
1500 block n felton st,NA,NA
400 block n preston st,NA,NA
4300 block milnor st,NA,NA
4500 block n smedley st,NA,NA
400 block parlin st,NA,NA
400 block robbins st,NA,"MATHEMATICS, SCIENCE AND TECHNOLOGY COMMUNITY CHARTER SCHOOL II"
4800 block fillmore terrace apt i-11,NA,NA
4800 block n leithgow st,NA,NA
5000 block ormes st,NA,NA
5200 block comly st,NA,NA
5200 block whitaker st,NA,NA
500 block s 12th st,NA,NA
500 block w hunting park ave,NA,"MC CLURE, ALEXANDER K. SCHOOL"
5600 block race st,NA,NA
6700 block essington ave,NA,NA
1300 block s 6th st,NA,NA
1500 block e pastorius st,NA,NA
4800 block umbria st,NA,NA
1000 block n 68th st,NA,NA
200 block e duncannon ave,NA,NA
100 block lincoln st,NA,NA
2300 block e cambria st,NA,NA
3200 block glenview st,NA,NA
200 block n wilton st,NA,NA
1800 block s 54th st,NA,NA
1200 block s 52nd st,NA,NA
2300 block n colorado st,NA,NA
3100 block nfront st,NA,NA
1400 block s 7th st,NA,"KIRKBRIDE, ELIZA B. SCHOOL"
7200 block grays ave,NA,NA
1900 block wakeling st,NA,NA
1900 block w york st,NA,NA
1600 block n conestoga st,NA,NA
1600 block wynsam st,NA,NA
1600 block jackson st,NA,NA
1600 block s ithan st,NA,NA
6000 block keystone st,NA,NA
1700 block tasker st,NA,NA
1700 block sansom st,NA,NA
1700 block s 30th st,NA,NA
100 block w berks st,NA,NA
1800 block judson st,NA,NA
1800 block mohican st,NA,NA
7200 block oxford ave,NA,NA
7200 block elmwood ave,NA,NA
7500 block forrest ave,NA,NA
700 block s 7th st,NA,NA
7700 block lindbergh blvd,NA,NA
800 block june st,NA,NA
8400 block madison pl,NA,NA
8500 block augusta st,NA,NA
9800 block roosevelt blvd,NA,NA
1200 block n 24th st,NA,NA
12700 block verda dr,NA,NA
2300 block n 27th st,NA,"WRIGHT, RICHARD R. SCHOOL"
2700 block w girard ave,NA,NA
2800 block wharton st,NA,NA
4200 block n hicks st,NA,NA
0 block s conestoga st,NA,NA
4500 block n front st,NA,NA
100 block e rockland st,NA,NA
4800 block n camac st,NA,NA
200 block apsley st,NA,NA
1600 block whunting park ave,NA,NA
2500 block willard st,NA,NA
2000 block whunting park ave,NA,NA
2700 block n 22nd st,NA,NA
4900 block n 11th st,NA,NA
1700 block w nedro ave,NA,NA
5200 block n 15th st,NA,NA
1000 block 66th ave,NA,NA
3700 block nbroad st,Broad Street Line - Erie,NA
4300 block m street,NA,NA
800 block etioga st,NA,NA
1400 block s 54th st,NA,NA
2000 block s frazier st,NA,NA
1900 block e thayer st,NA,NA
3400 block emerald st,NA,NA
2100 block n gratz st,NA,NA
1700 block w cheltenham ave,NA,NA
1700 block n 16th st,NA,NA
1800 block s 11th st,NA,NA
1900 block e madison st,NA,NA
1900 block fuller st,NA,NA
1900 block e pacific st,NA,NA
1900 block morris st,NA,NA
2000 block titan st,NA,NA
2000 block mercy st,NA,NA
2000 block w boston st,NA,NA
2000 block e clearfield st,NA,NA
2100 block n howard st,NA,NA
2100 block wfurley st,NA,NA
2200 block gerritt st,NA,NA
2200 block wilder st,NA,NA
200 block claremont rd,NA,NA
2300 block diamond st,NA,NA
2300 block s 71st st,NA,SOUTHWEST LEADERSHIP ACADEMY
2300 block ripley st,NA,NA
4700 block n broad st,Broad Street Line - Wyoming,NA
5000 block franklin st,NA,NA
1900 block roselyn st,NA,NA
6400 block n 10th st,NA,NA
900 block e rittenhouse st,NA,NA
400 block w venago st,NA,NA
300 block dupont st,NA,NA
4700 block sheffield ave,NA,NA
500 block e westmorlaand st,NA,NA
1800 block e pastorius st,NA,NA
2000 block anchor st,NA,NA
2000 block n franklin st,NA,THE U SCHOOL
2400 block emerald st,NA,KENSINGTON HEALTH SCIENCES
700 block w bristol st,NA,NA
2900 block n fairhill st,NA,NA
2100 block e orleans st,NA,NA
1400 block n 19th st,NA,NA
2400 block n 25th st,NA,NA
0 block n 61st st,NA,NA
5900 block alma st,NA,NA
4000 block castor ave,NA,NA
4700 block n camac st,NA,NA
2500 block w cumberland st,NA,NA
5800 block n 15th st,NA,NA
5500 block race st,NA,NA
2000 block e wishart st,NA,"MASTBAUM, JULES E. HIGH SCHOOL"
500 block e queen ln,NA,NA
200 block w glenwood ave,NA,NA
4100 block germantown ave,NA,NA
2600 block n colorado st,NA,NA
2300 block fernon st,NA,NA
2300 block n camac st,NA,NA
2400 block n 18th st,NA,NA
2400 block w montgomery ave,NA,NA
2400 block n gratz st,NA,NA
2500 block n 16th st,NA,KIPP NORTH PHILADELPHIA CHARTER SCHOOL
2500 block n spangler st,NA,NA
2500 block n 22nd st,NA,NA
2500 block s 6th st,NA,NA
2500 block s 28th st,NA,NA
2800 block belmont ave,NA,NA
5800 block oakland st,NA,NA
600 block w annsbury st,NA,NA
8200 block mansfield st,NA,NA
300 block e sheldon st,NA,NA
400 block salford st,NA,NA
3900 block melon st,NA,NA
2700 block axe factory road,NA,NA
4300 block byberry rd,NA,NA
4200 block  n broad st,Broad Street Line - Hunting Park,NA
6300 block oxford ave,NA,NA
2100 block s 8th st,NA,NA
1600 block s marston st,NA,NA
4500 block tudor st,NA,NA
1200 block bridge st,NA,NA
2400 block 80th ave,NA,NA
6300 block morton st,NA,NA
6700 block n woodstock st,NA,NA
2200 block s 68th st,NA,NA
1500 block melon st,NA,NA
7700 block matthias st,NA,NA
1000 block s 13th st,NA,NA
200 block devereaux ave,NA,NA
7300 block castor ave,NA,NA
5500 block w girard ave,NA,NA
1400 block s 4th st,NA,NA
1100 block s 53rd st,NA,NA
200 block garrett st,NA,NA
500 block e willard st,NA,NA
3700 block n 16th st,NA,NA
1400 block s broad st,NA,NA
2900 block s felton st,NA,NA
200 block e phil ellena st,NA,NA
200 block w roosevelt blvd,NA,NA
2700 block french st,NA,NA
2800 block w oakdale st,NA,NA
2900 block n ringgold st,NA,NA
2900 block n 25th st,NA,NA
2900 block ogden st,NA,NA
3000 block n 5th st,NA,NA
3000 block emerald st,NA,NA
3000 block w lehigh ave,NA,NA
3100 block n rosewood st,NA,NA
11600 block norcom road,NA,NA
5500 block tulip st,NA,NA
1200 block s 15th st,NA,NA
600 block s60th st,NA,"BRYANT, WILLIAM C. SCHOOL"
0 block n robinson st,NA,NA
1000 block w erie av,NA,NA
600 block brill st,NA,NA
2500 block w thompson st,NA,NA
3000 block n 26th st,NA,NA
1500 block n19th st,NA,NA
600 block n 39th st,NA,NA
700 block wannsbury st,NA,NA
1100 block e haines st,NA,NA
1000 block e sydney st,NA,NA
2700 block w albert st,NA,NA
1700 block w erie ave,NA,NA
0 block w johnson st,NA,NA
4800 block germantown ave,NA,NA
5900 block trinity st,NA,NA
4500 block hoopes st,NA,NA
1800 block s 23rd st,NA,NA
300 block n robinson st,NA,NA
3200 block n park av,NA,NA
4100 block nbroad st,NA,NA
1700 block s 58th st,NA,NA
500 block n 63rd st,NA,NA
1400 block s 27th st,NA,NA
2200 block w huntington st,NA,NA
1600 block n allison st,NA,NA
6300 block n beechwood st,NA,NA
3200 block n philip st,NA,NA
3300 block mascher st,NA,NA
3400 block joyce st,NA,NA
3500 block braddock st,NA,NA
3500 block penhurst st,NA,NA
3500 block n smedley st,NA,SPRING GARDEN ACADEMY - TIOGA
300 block dickinson st,NA,NA
3700 block n marshall st,NA,NA
3800 block n delhi st,NA,NA
200 block farson st,NA,NA
2400 block w hagert st,NA,NA
200 block armstrong st,NA,NA
2500 block n reese st,NA,NA
2500 block bonnaffon st,NA,NA
2500 block coral st,NA,NA
1600 block s 72nd st,NA,NA
2600 block s 72nd st,NA,NA
2600 block n 23rd st,NA,ST MARTIN DE PORRES SCHOOL
2600 block w dauphin st,NA,"WRIGHT, RICHARD R. SCHOOL"
2600 block n orianna st,NA,NA
2600 block carroll st,NA,NA
2700 block 55th dr,NA,NA
2700 block n warnock st,NA,NA
2700 block n 6th st,NA,NA
2700 block n front st,NA,NA
2700 block w seltzer st,NA,NA
2700 block n philip st,NA,NA
2800 block walter st,NA,NA
2800 block n marvine st,NA,NA
1600 block w glenwood av,NA,NA
2400 block ngratz st,NA,NA
600 block n 13th st,NA,NA
5900 block master st,NA,NA
1500 block kinsdale st,NA,NA
2400 block n cleveland st,NA,NA
2000 block dickinson st,NA,NA
100 block mayland st,NA,NA
2300 block van pelt st,NA,NA
100 block n 55th st,NA,NA
6000 block spring st,NA,NA
900 block n 42nd st,NA,NA
8000 block madison ave,NA,NA
900 block w cambridge st,NA,NA
7700 block overbrook ave,NA,NA
8000 block lyons ave,NA,NA
8500 block verree rd,NA,NA
900 block anchor st,NA,NA
23rd &lippincott sts,NA,NA
n 32nd st & w thompson st,NA,NA
shelbourne st & e willard st,NA,NA
w susquehanna av  /  n newkirk st,NA,NA
3300 block w cheltenham ave,NA,NA
mc kean av  /  manheim st,NA,NA
pulaski av  & winona st,NA,NA
1100 block marlyn rd,NA,NA
1100 block e price st,NA,NA
1100 block stiles st,NA,NA
800 block n49th st,NA,NA
800 block carver st,NA,NA
800 block scattergood st,NA,NA
9100 block academy rd,NA,NA
0 block w sharpnack st,NA,NA
900 block s paxon st,NA,NA
9300 block roosevelt boulevard,NA,NA
900 block s conestoga st,NA,NA
9400 block e roosevelt blvd,NA,NA
900 block e sanger st,NA,NA
400 block n wannamaker st,NA,NA
matthews & woodlawn sts,NA,NA
n 2nd st  /  roselyn st,NA,NA
n 3rd st  & linton st,NA,NA
1200 block cambridge court,NA,NA
1100 block n39th st,NA,NA
1100 block w loudon st,NA,NA
2800 block michael rd,NA,NA
2800 block n leithgow st,NA,ONE BRIGHT RAY-FAIRHILL CAMPUS
3000 block mifflin st,NA,NA
3000 block mercer st,NA,NA
3000 block frankford ave,NA,NA
3100 block st vincent st,NA,NA
3300 block holyoke rd,NA,NA
3300 block morris st,NA,NA
3400 block sunnyside ave,NA,NA
3400 block n 5th st,NA,NA
3400 block n howard st,NA,"CRAMP, WILLIAM SCHOOL"
3400 block w huntingdon st,NA,NA
3600 block drumore dr,NA,NA
700 block whuntingdon st,NA,NA
5400 block belmar st,NA,NA
3600 block n 13th st,NA,NA
2600 block n 13th st,NA,NA
100 block s 59th st,NA,NA
4300 block cottman ave,NA,NA
3200 block w norris st,NA,NA
700 block n 36th st,NA,"MC MICHAEL, MORTON SCHOOL"
1800 block moore st,NA,NA
1900 block n napa st,NA,NA
4000 block ormond st,NA,NA
4100 block lancaster ave,NA,NA
1200 block cambridge ct,NA,NA
1200 block 69th ave,NA,NA
1200 block montrose st,NA,NA
1200 block w harold st,NA,NA
1200 block w silver st,NA,NA
1200 block unruh ave,NA,NA
1300 block e cliveden st,NA,NA
1300 block w somerset st,NA,NA
1300 block w hunting park ave,NA,NA
100 block n hobart st,NA,"BARRY, JOHN ELEMENTARY SCHOOL"
1500 block n 29th st,NA,NA
1500 block e cayuga st,NA,NA
1500 block riverside dr,NA,NA
1600 block womrath st,NA,NA
1600 block s orkney st,NA,NA
1100 block roy st,NA,NA
1100 block e phil ellena st,NA,NA
1200 block w fairmont ave,NA,NA
1200 block s 23rd st,NA,NA
100 block leverington ave,NA,NA
1300 block st vincent st,NA,NA
1300 block s lindenwood st,NA,NA
1300 block narragansett st,NA,NA
1400 block n wanamaker st,NA,GUION S BLUFORD ELEMENTARY SCHOOL
1500 block w erie ave,NA,NA
1500 block n franklin st,NA,NA
1500 block s bambrey st,NA,NA
1600 block fitzwater st,NA,NA
1700 block mt vernon st,NA,NA
1700 block barbara st,NA,NA
1800 block n mascher st,NA,NA
1700 block w luzerne st,NA,NA
1900 block 68th ave,NA,NA
400 block s taney st,NA,NA
4000 block nfranklin st,NA,NA
4000 block parkside ave,NA,NA
400 block e indiana ave,NA,NA
400 block w abbottsford ave,NA,NA
4300 block lawndale st,NA,NA
4400 block n reese st,NA,NA
400 block dearborn st,NA,NA
4700 block greene st,NA,NA
400 block mechanic st,NA,NA
4900 block wayne av,NA,NA
4900 block charles st,NA,NA
5000 block hawthorne st,NA,NA
2100 block emonmouth st,NA,NA
2900 block n bonsall st,NA,NA
5800 block malvern ave,NA,NA
7800 block williams ave,NA,NA
5700 block thomas st,NA,NA
2100 block n 10th st,NA,NA
700 block w annsbury st,NA,NA
400 block w annsbury st,NA,NA
4000 block n 13th st,NA,NA
5800 block nwoodstock st,NA,NA
3100 block n 32nd st,NA,ST JAMES SCHOOL
1700 block n ruby st,NA,NA
100 block salaignac st,NA,NA
1700 block jackson st,NA,NA
1800 block n 53rd st,NA,NA
1900 block lansing st,NA,NA
100 block s 20th st,NA,NA
2000 block w montgomery ave,NA,NA
2000 block orthodox st,NA,NA
2000 block n wanamaker st,NA,NA
2000 block upland way,NA,NA
1900 block ridge ave,NA,NA
1900 block plymouth st,NA,NA
2000 block e monmouth st,NA,NA
2100 block marston terrace,NA,NA
2200 block amber st,NA,NA
2200 block pierce st,NA,NA
2200 block w cambria st,NA,"PEIRCE, THOMAS M. SCHOOL"
2700 block winton terr,NA,NA
300 block montrose st,NA,NA
5000 block jackson st,NA,NA
500 block n 58th st,NA,NA
5200 block jackson st,NA,NA
5200 block burton st,NA,NA
5400 block morris st,NA,NA
5400 block w girard ave,NA,NA
5400 block cedar ave,NA,NA
5600 block n 4th st,NA,NA
5600 block hunter st,NA,NA
5600 block matthews st,NA,NA
5600 block arlington st,NA,NA
2000 block e elkhart st,NA,NA
1800 block n marston st,NA,NA
5300 block willows ave,NA,NA
3200 block haverford ave,NA,NA
700 block w lehigh ave,NA,NA
1000 block w orleans st,NA,NA
3400 block b street,NA,NA
200 block w school house ln,NA,NA
2500 block n 6th st,NA,NA
1100 block e tioga st,NA,NA
2200 block n hobart st,NA,NA
2200 block s croskey st,NA,NA
2200 block krams ave,NA,NA
2300 block s 53rd st,NA,NA
2300 block st albans st,NA,NA
200 block n 53rd st,NA,NA
0 block s yewdall st,NA,NA
2400 block n mascher st,NA,NA
2600 block norris ct,NA,NA
2600 block e hagert st,NA,NA
200 block widener st,NA,NA
2700 block boudinot st,Market-Frankford Line - Somerset,NA
300 block e ashmead st,NA,NA
3100 block lee st,NA,NA
3600 block n warnock st,NA,NA
3800 block cambridge st,NA,NA
3900 block n 5th st,NA,NA
400 block n wanamaker st,NA,NA
4100 block n8th st,NA,NA
4100 block m st,NA,NA
4200 block claridge st,NA,NA
4300 block benner st,NA,NA
0 block w cheltenham ave,NA,NA
5200 block oakland st,NA,NA
5200 block arbor st,NA,NA
5500 block new place,NA,NA
5500 block belmar st,NA,NA
5500 block w thompson st,NA,NA
5600 block n american st,NA,NA
6000 block angora terrace,NA,NA
6000 block castor ave,NA,NA
6300 block theodore st,NA,"MORTON, THOMAS G. SCHOOL"
6500 block walnut park dr,NA,NA
6600 block n gratz st,NA,NA
2800 block n 8th st,NA,NA
400 block medary ave,NA,NA
5000 block pennway st,NA,NA
700 block mayfair st,NA,NA
1500 block s taney st,NA,NA
1100 block rising sun ave,NA,NA
6500 block n 21st st,NA,NA
4500 block n 15th st,NA,NA
3500 block of kyle rd,NA,NA
500 block w fisher ave,NA,NA
1500 block gillingham st,NA,FRANKFORD FRIENDS SCHOOL
4800 block aspen st,NA,NA
2400 block w toronto st,NA,NA
0 block s 8th st,Broad Street Line - 8th,NA
1000 block s 57th st,NA,NA
4800 block gransback st,NA,NA
5800 block trinity ave,NA,NA
2700 block s randolph st,NA,NA
2800 block n bailey st,NA,NA
2800 block n marston st,NA,NA
2900 block aramingo ave,NA,NA
2900 block w oxford st,NA,NA
3000 block glenview st,NA,NA
3100 block w montgomery ave,NA,NA
3100 block n stillman st,NA,NA
3100 block w westmont st,NA,NA
3200 block mt vernon st,NA,NA
3200 block cresson st,NA,NA
3300 block n hope st,NA,NA
3400 block fairmount av,NA,NA
3500 block cottman ave,NA,NA
4300 block n american st,NA,NA
400 block s 52nd st,NA,NA
4700 block tacony st,NA,NA
4700 block meridian st,NA,NA
4700 block n mascher st,NA,NA
4800 block wallace st,NA,NA
4900 block n 9th st,NA,NA
4900 block n 7th st,NA,NA
4900 block boudinot st,NA,NA
5000 block walnut st,NA,NA
6700 block dicks ave,NA,NA
6700 block regent st,NA,NA
6700 block blakemore st,NA,NA
6900 block n broad st,NA,NA
7200 block n 20th st,NA,NA
700 block landis st,NA,NA
7600 block williams ave apt 1,NA,NA
7900 block charles st,NA,HOLMESBURG CHRISTIAN ACADEMY
800 block s 58th st,NA,NA
900 block n 66th st,NA,NA
900 block locust ave,NA,NA
1500 block n 23rd st,NA,NA
2000 block n college ave,NA,NA
1000 block pallas st,NA,NA
1000 block s 58th st,NA,NA
1100 block w louden st,NA,NA
1200 block w venango st,NA,NA
1300 block wakling st,NA,NA
1000 block seybert mall,NA,NA
1300 block  n newkirk st,NA,NA
1300 block n 10th st apt 7d,NA,NA
1300 block fanshaw st,NA,NA
1300 block w jerome av,NA,NA
100 block w roselyn st,NA,NA
1400 block mckinley st,NA,NA
1500 block w thompson st,NA,NA
1500 block hazzard st,NA,KIPP NORTH PHILADELPHIA CHARTER SCHOOL
1500 block n 22nd st,NA,NA
3800 block melon st,NA,NA
3800 block hamilton st,NA,NA
3800 block wyalusing ave,NA,NA
3900 block l st,NA,NA
3900 block n 8h st,NA,NA
4000 block n 6th st,NA,NA
4000 block vista st,NA,NA
400 block e louden st,NA,NA
5000 block n 7th st,NA,NA
5100 block glenloch st,NA,NA
5100 block wakefield st,NA,NA
5100 block e tabor rd,NA,NA
5200 block akron st,NA,NA
5200 block cedar ave,NA,NA
500 block e roosevelt blvd,NA,OLNEY CHRISTIAN SCHOOL
5200 block walnut st,NA,NA
5200 block walton ave,NA,NA
5200 block pennway st,NA,NA
5200 block howland st,NA,NA
5300 block sylvester st,NA,NA
5300 block horrocks st,NA,NA
5400 block westford rd,NA,NA
5400 block spring st,NA,NA
5900 block palmetto st,NA,NA
6100 block n broad st,NA,NA
6400 block clearview st,NA,NA
6500 block vandike st,NA,NA
6600 block large st,NA,NA
700 block s2nd st,NA,NA
7300 block malvern ave,NA,NA
8200 block fayette st,NA,NA
800 block glenview st,NA,NA
900 block fitzwater st,NA,NA
1800 block e sanger st,NA,NA
1400 block e mt pleasant ave,NA,NA
1400 block lindley av,NA,NA
1600 block mohican st,NA,NA
1600 block w louden st,NA,NA
1600 block w glenwood st,NA,NA
1700 block  n woodstock st,NA,NA
1700 block snyder ave,NA,NA
1700 block saint paul,NA,NA
1700 block n 29th st,NA,NA
1800 block ingersoll st,NA,NA
1800 block herbert ct,NA,NA
n 42nd st  /  w stiles st,NA,NA
1800 block lippincott st,NA,NA
5400 block euchlid st,NA,MASTERY CHARTER @ MANN
1900 block croskey st,NA,NA
1900 block cambridge st,NA,NA
1900 block fillmore pl,NA,NA
2000 block brown st,NA,NA
4200 block salem st,NA,NA
4200 block n 7th st,NA,NA
400 block w cambridge st,NA,ST PETER THE APOSTLE SCHOOL
400 block w wingohocking st,NA,NA
4200 block torresdale ave,NA,NA
4300 block josephine st,NA,NA
400 block n 64th st,NA,NA
4300 block torresdale ave,NA,NA
4300 block n 3rd st,NA,NA
400 block high st,NA,NA
4400 block n 9th st,NA,NA
400 block van kirk st,NA,NA
4500 block higbee st,NA,NA
4500 block westminster ave,NA,NA
4500 block n carlisle st,NA,NA
4600 block linmore ave,NA,NA
4600 block woodland ave,NA,NA
5500 block w godfrey ave,NA,NA
500 block n paxon st,NA,NA
500 block cheltenham ave,NA,NA
5500 block n hill creek cir,NA,NA
5500 block s hill creek drive,NA,NA
5700 block w girard ave,NA,NA
5700 block ridge ave,NA,NA
5700 block stewart st,NA,NA
6000 block chester ave,NA,NA
5800 block woodcrest ave,NA,NA
5800 block n lawrence st,NA,"LOWELL, JAMES R. SCHOOL"
0 block w armat st,NA,GREENE STREET FRIENDS SCHOOL
6000 block a st,NA,NA
6000 block christian st,NA,NA
600 block walnut ln,NA,NA
6200 block christian st,NA,NA
6300 block n 10th st,NA,NA
6300 block elmhurst st,NA,NA
6300 block milton st,NA,NA
6500 block ross st,NA,NA
6500 block guyer ave,NA,NA
2000 block  chelten av,NA,NA
200 block thornwood pl,NA,NA
2000 block e clementine street,NA,NA
2100 block bailey ter,NA,NA
2100 block lambert st,NA,NA
2100 block palethorpe st,NA,NA
2100 block webster st,NA,NA
200 block erica st apt a,NA,NA
200 block w oxford st,NA,NA
200 block e horter st,NA,NA
2300 block n leithgow st,NA,"WELSH, JOHN SCHOOL"
200 block w sulis st,NA,NA
4600 block paul st,Market-Frankford Line - Arrott Transportation Center,NA
4700 block valley pl,NA,NA
4800 block n lawrence st,NA,NA
4800 block knox st,NA,NA
4800 block ogden st,NA,NA
4900 block pulaski ave,NA,NA
5019-b cottman ave,NA,NA
6200 block n broad st,NA,NA
6300 block cherokee st,NA,NA
6600 block haverford ave,NA,NA
6700 block martins mill rd,NA,NA
6800 block henry ave,NA,NA
6800 block upland st,NA,NA
7100 block n 19th st,NA,NA
700 block brighton st,NA,NA
700 block s 57th st,NA,NA
700 block n38th st,NA,NA
7200 block bradford st,NA,NA
7400 block walnut ln,NA,NA
2100 block fitzwater st,NA,NA
2300 block n 11th st,NA,NA
2400 block w firth st,NA,NA
2500 block e clearfield st,NA,NA
2600 block almond st,NA,NA
2600 block w montgomery ave,NA,NA
2700 block northview rd,NA,NA
3300 block w cumberland st,NA,NA
0 block w girard ave,Market-Frankford Line - Girard,NA
400 block harlan st,NA,LITTLE CITY MONTESSORI
4500 block oakmont st,NA,NA
4700 block hartel ave,NA,NA
5000 block glenloch st,NA,NA
5000 block duffield st,NA,NA
2400 block s lee st,NA,NA
2400 block w diamond st,NA,"DICK, WILLIAM SCHOOL"
2500 block n hollywood st,NA,NA
2700 block w allegheny ave,NA,NA
7900 block torresdale ave,NA,NEW FOUNDATIONS CHARTER SCHOOL
2700 block w oakdale st,NA,NA
2800 block b street,NA,NA
2900 block van pelt st,NA,NA
2900 block n 6th st,NA,NA
2900 block princeton ave,NA,NA
3000 block w susquehhanna ave,NA,NA
3000 block belgrade st,NA,NA
5000 block newhall st,NA,NA
5000 block saul st,NA,NA
5000 block haverford ave,NA,NA
5000 block spruce st,NA,NA
500 block e duvall st,NA,NA
5100 block w thompson st,NA,NA
5100 block n 6th st,NA,"MARSHALL, THURGOOD SCHOOL"
5100 block warrington ave,NA,NA
5100 block warrington av,NA,NA
5100 block n 05th st,NA,NA
500 block w roosevelt blvd,NA,NA
500 block s broad st,Broad Street Line - Lombard-South,NA
5200 block kershaw st,NA,NA
7700 block castor ave,NA,NA
800 block w somerset st,NA,NA
8100 block erdrick st,NA,NA
800 block adams ave,NA,NA
8600 block ditman st,NA,NA
8700 block crispin st,NA,NA
9100 block verree rd,NA,NA
900 block e mount pleasant av,NA,NA
900 block marcella st,NA,NA
erringer & clapier sts,NA,NA
4100 block cheltenham ave,NA,NA
1300 block n marston st,NA,NA
1800 block kennedy ct,NA,NA
1800 block w grange st,NA,NA
2200 block n 26th st,NA,NA
2300 block n front st,Market-Frankford Line - York-Dauphin,NA
200 block s 57th st,NA,NA
200 block n 52nd st,NA,NA
2700 block swain st,NA,NA
2800 block n lawrence st,NA,ONE BRIGHT RAY-FAIRHILL CAMPUS
3300 block longshore ave,NA,NA
3400 block salmon st,NA,NA
3500 block henry ave,NA,NA
3900 block n 6th st,NA,NA
3900 block roosevelt blvd,NA,NA
0 block w weaver st,NA,NA
4400 block hedge st,NA,"STEARNE, ALLEN M. SCHOOL"
400 block e cheltenham ave,NA,"FRANKLIN, BENJAMIN SCHOOL"
4700 block knorr st,NA,NA
3000 block n 17th st,NA,NA
3100 block n pennock st,NA,NA
3100 block n lee st,NA,NA
3100 block n 33rd st,NA,ST JAMES SCHOOL
3200 block montgomery ave,NA,NA
3200 block newkirk st,NA,NA
3400 block kensington ave,Market-Frankford Line - Tioga,NA
3500 block randolph st,NA,NA
3700 block fairmount st,NA,NA
3700 block n 10th st,NA,NA
4000 block greeby st,NA,NA
4000 block meridian st,NA,NA
4100 block manayunk ave 1st floor,NA,NA
400 block w fern st,NA,NA
5200 block sylvester st,NA,NA
5200 block wjefferson st,NA,NA
5300 block diamond st,NA,NA
5300 block s 43rd st,NA,NA
5400 block tackawanna st,NA,NA
5400 block grays ave,NA,NA
5400 block n front st,NA,NA
500 block e walnut ln,NA,NA
1400 block w 67th st,NA,NA
1800 block e hart ln,NA,NA
1800 block bergen st,NA,NA
1800 block w ashdale st,NA,NA
1900 block hartel st,NA,NA
1900 block conwell av,NA,NA
2000 block longshore ave,NA,NA
2100 block w toronto st,NA,NA
2300 block bambrey terr,NA,NA
2300 block s bailey st,NA,NA
2500 block s 71st st,NA,NA
2500 block s millick st,NA,NA
5300 block grays ave,NA,NA
500 block e cheltenham ave,NA,NA
4200 block wyalusing ave,NA,NA
3100 block bambrey st,NA,NA
4700 block n penn st,NA,NA
400 block n 58th st,NA,NA
4200 block parrish st apt 203,NA,NA
4300 block van kirk st,NA,NA
4400 block sheffield ave,NA,NA
4600 block c street,NA,NA
4700 block bleigh st,NA,NA
4800 block merion ave,NA,NA
4900 block n 2nd st,NA,NA
5100 block malcom st,NA,HYACINTH MONTESSORI
5100 block westford rd,NA,OLNEY CHRISTIAN SCHOOL
5100 block folsom st,NA,NA
2100 block taney terr,NA,NA
5300 block n 16th st,NA,NA
5400 block westminster ave,NA,NA
500 block n simpson st,NA,NA
5500 block hazel ave,NA,BOYS LATIN OF PHILADELPHIA CHARTER
5500 block bloyd st,NA,NA
5500 block harmer st,NA,NA
5500 block lansdowne ave,NA,NA
5500 block chancellor st,NA,NA
5500 block hill creek circle,NA,NA
5500 block hill creek court,NA,NA
5600 block diamond st,NA,NA
5600 block whitby ave,NA,NA
5700 block cherry st,NA,NA
3400 block lamar pl,NA,NA
3500 block fairmount ave,NA,"MC MICHAEL, MORTON SCHOOL"
3500 block n 13th st,NA,NA
3700 block lincoln dr,NA,NA
4000 block reese st,NA,NA
4200 block ormond st,NA,NA
400 block vernon rd,NA,NA
2700 block n gratz st,NA,NA
5300 block germantown ave,NA,NA
1700 block master st,NA,NA
700 block w tioga st,NA,NA
100 block n dewey st,NA,NA
2700 block ndarien st,NA,NA
2000 block e lippincott st,NA,NA
1600 block w victoria st,NA,NA
2400 block windiana ave,NA,NA
5400 block n 5th st 2nd fl,NA,NA
5400 block samson st,NA,NA
5400 block howland st,NA,NA
5500 block greenway ave,NA,NA
5600 block walton ave,NA,NA
5600 block frontenac st,NA,NA
5600 block angora terr,NA,NA
5700 block mcmahon st,NA,NA
5700 block catherine st,NA,NA
5800 block walton ave,NA,NA
5800 block hegerman st apt 4,NA,NA
5800 block chew ave,NA,NA
5800 block n 4th st,NA,"LOWELL, JAMES R. SCHOOL"
5800 block n 6th st,NA,NA
5800 block washington ave,NA,NA
5700 block vandike st,NA,NA
5700 block woodcrest ave,NA,NA
5800 block n 7th st,NA,NA
5800 block filbert st,NA,NA
5800 block angora ter,NA,NA
5800 block cedarhurst st,NA,NA
5900 block hammond st,NA,NA
5900 block greenway ave,NA,NA
"5900 block n ""a"" st",NA,NA
5900 block n 3rd st,NA,NA
6000 block chestnut st,NA,NA
6000 block lawndale st,NA,NA
400 block e ontario st,NA,NA
4600 block ella st,NA,FELTONVILLE ARTS & SCIENCES
4800 block alcott st,NA,NA
4900 block rubicam st,NA,NA
5100 block delancey st,NA,NA
5100 block parrish st,NA,NA
5100 block leiper st,NA,NA
5200 block race st,NA,NA
5200 block hazel ave,NA,NA
5300 block wakefield st,NA,NA
500 block snyder ave,NA,NA
5400 block kingsessing ave,NA,NA
100 block n peach st,NA,NA
1600 block comly st,NA,NA
8000 block williams ave,NA,NA
1400 block n vodges st,NA,NA
2200 block w tioga st,NA,NA
5100 block torresdale ave,NA,NA
200 block n cecil st,NA,NA
3300 block n howard st,NA,NA
200 block wjohnson st,NA,NA
2000 block s redfield st,NA,NA
2100 block n darien st,NA,NA
5900 block n 11th st,NA,NA
5900 block n opal st,NA,NA
5900 block  n norwood rd,NA,NA
600 block fairmount st,NA,"KEARNY, GEN. PHILIP SCHOOL"
6200 block catherine st,NA,NA
6300 block w columbia ave (rear),NA,NA
6700 block lansdowne ave,NA,OVERBROOK EDUCATIONAL CENTER
7400 block whitaker ave,NA,NA
7400 block bingham st,NA,NA
7400 block revere st,NA,NA
8200 block williams ave,NA,NA
8400 block cedarbrook ave,NA,NA
8600 block jackson st basement,NA,NA
800 block n brooklyn st,NA,PHILADELPHIA LEARNING ACADEMY-WEST
900 block duncannon st,NA,NA
9400 block torresdale,NA,NA
6000 block osage ave,NA,NA
6100 block palmetto st,NA,NA
6100 block old york rd,NA,NA
6200 block mulberry st,NA,NA
6200 block wgirard ave,NA,NA
6200 block erdrick st,NA,NA
6200 block kingsessing ave,NA,NA
6200 block marsden st,NA,NA
6300 block montour st,NA,NA
6300 block baynton st,NA,NA
6300 block musgrave st,NA,NA
6300 block jackson st,NA,NA
6400 block vine st,NA,NA
6400 block dorel st,NA,NA
6400 block buist ave,NA,NA
600 block e westmorland st,NA,NA
6500 block dicks ave,NA,NA
5400 block morse st,NA,NA
5500 block torresdale av,NA,NA
5600 block baltimore ave,NA,NA
5700 block malcolm st,NA,NA
5700 block warrington ave,NA,NA
5800 block hoffman ave,NA,NA
5900 block bennington st,NA,NA
6000 block ogontz ave,NA,NA
6100 block walnut st,NA,NA
6100 block glenmore ave,NA,NA
600 block e indiana av,NA,NA
6200 block large st,NA,NA
600 block n 44th st,NA,NA
200 block emayfield st,NA,NA
2000 block n 19th st,NA,NA
2200 block sigel st,NA,NA
7800 block gilbert st,NA,NA
6500 block n camac st,NA,NA
1400 block e cheltenham av,NA,NA
2000 block madison st,NA,NA
6800 block woodland ave,NA,NA
1200 block s carlisle st,NA,NA
1800 block n 31st st,NA,NA
2500 block n 32nd st,NA,NA
900 block s 4th st,NA,NA
900 block higbee terr,NA,NA
3500 block fairmont ave,NA,"MC MICHAEL, MORTON SCHOOL"
0 block n ruby st,NA,NA
10200 block bustleton ave,NA,NA
1000 block bleigh st,NA,"CROSSAN, KENNEDY C. SCHOOL"
1000 block w schiller st,NA,NA
1000 block w cambria st,NA,NA
900 block w godfrey st,NA,NA
1400 block n hancock st,NA,NA
1400 block w susquehanna ave,Broad Street Line - Susquehanna-Dauphin,TECH FREIRE CHARTER SCHOOL
1600 block ellsworth st,NA,NA
6600 block greenway ave,NA,NA
6700 block leeds st,NA,NA
6700 block n smedley st,NA,NA
6700 block linmore ave,NA,NA
6800 block vandike st,NA,NA
6900 block garman st,NA,NA
6900 block old york rd,NA,NA
700 block s 42nd st,NA,NA
7100 block mount pleasant pl,NA,NA
7100 block crittenden st,NA,NA
7100 block cottage st,NA,NA
7200 block dicks ave,NA,NA
600 block e wishart st,NA,NA
6800 block ditman st,NA,KEYSTONE ACADEMY CHARTER
6800 block buist st,NA,NA
7100 block n18th st,NA,NA
7100 block n uber st,NA,NA
7200 block torresdale ave,NA,NA
7400 block lawndale st,NA,NA
7500 block whitaker av,NA,NA
7500 block whitaker st,NA,NA
7500 block whitaker ave,NA,NA
7800 block centaur pl,NA,NA
7900 block bustleton ave,NA,NA
800 block w walnut ln,NA,NA
0 block montana st,NA,NA
1100 block rosalie st,NA,NA
1200 block alcott st,NA,NA
1200 block rockland st,NA,NA
1300 block louden st,NA,"COOKE, JAY ELEMENTARY SCHOOL"
800 block taney st,NA,NA
0 block e clapier st,NA,NA
2600 block stanley st,NA,NA
3800 block n 16th st,NA,NA
2200 block bolton way,NA,NA
4600 block magee ave,NA,NA
1500 block n 61st st,NA,NA
1700 block n marshall st,NA,NA
2700 block n bonsall st,NA,NA
2400 block n hancock st,NA,NA
300 block n wilton st,NA,NA
1200 block w tucker st,NA,NA
1600 block rowan st,NA,NA
2200 block n sydenham st,NA,NA
200 block delphine st,NA,NA
3000 block w berks st,NA,"BLAINE, JAMES G. SCHOOL"
3800 block bennington st,NA,NA
4000 block n 5th st,NA,NA
400 block densmore rd,NA,NA
400 block w queen ln,NA,NA
4300 block reno st,NA,NA
4400 block spruce st,NA,NA
4400 block fairmount ave,NA,NA
400 block n 5th st,NA,NA
7400 block gilbert st,NA,NA
7400 block walnut st,NA,NA
7400 block sommers rd,NA,NA
700 block e wyoming ave,NA,NA
7500 block n 21st st,NA,NA
700 block n 64th st,NA,NA
7500 block haverford ave,NA,NA
7800 block provident st,NA,NA
8000 block fayette st,NA,NA
800 block s 60th st,NA,NA
800 block n 8th st,NA,NA
8200 block michener ave,NA,NA
800 block n 64th st,NA,NA
8300 block stenton ave,NA,NA
800 block s 4th st,NA,NA
800 block of n 10th st,NA,NA
8400 block williams ave,NA,NA
8400 block forrest ave,NA,NA
800 block e ontario st,NA,GLORIA CASAREZ ELEMENTARY SCHOOL
0 block roselyn st,NA,NA
1300 block w rush st,NA,NA
100 block s peach st,NA,NA
1400 block graysferry ave,NA,NA
1500 block ridge ave,NA,NA
1600 block creston st,NA,NA
1700 block cecil b moore ave,NA,ALLIANCE FOR PROGRESS CHARTER
1800 block w juanita st,NA,NA
1800 block n 20th st,NA,NA
1800 block e schiller st,NA,NA
1900 block w susquehanna av,NA,NA
1900 block e orleans st,NA,NA
1900 block w ruscomb st,NA,NA
2000 block plum st,NA,NA
2100 block e william st,NA,NA
200 block hall st,NA,NA
200 block rock st,NA,NA
2200 block n 8th st,NA,NA
800 block w allegheny ave,NA,NA
6200 block clearview st,NA,NA
100 block yewdall st,NA,NA
100 block n yewdall st,NA,NA
4900 block fort mifflin rd,NA,NA
5000 block market st,NA,NA
5000 block funston st,NA,NA
5100 block pennway st,NA,NA
5500 block willows av,NA,NA
5700 block chew ave,NA,NA
5900 block spring st,NA,NA
6000 block n 5th st,NA,NA
6000 block elmwood av,NA,NA
6000 block elmwood ave,NA,NA
6000 block kingsessing ave,NA,NA
600 block e courtland st,NA,NA
6400 block castor ave,NA,NA
6700 block tulip st,NA,NA
7200 block saybrook ave,NA,NA
2000 block e hart lane,NA,NA
2000 block hart lane,NA,NA
2000 block monmouth st,NA,NA
3000 block b st,NA,NA
400 block w huntingdon st,NA,NA
4600 block d street,NA,NA
4600 block d st,NA,NA
4700 block chestnut st,NA,NA
5100 block wyalusing ave,NA,NA
4900 block westminister ave,NA,NA
6100 block algon ave,NA,NA
6100 block algon st,NA,NA
3500 block stouton  st,NA,NA
500 block w duncannon,NA,"MARSHALL, THURGOOD SCHOOL"
3000 block gransback st,NA,NA
3300 block n fairhill st,NA,NA
2100 block n leithgow st,NA,"MCKINLEY, WILLIAM SCHOOL"
2100 block leithgow st,NA,"MCKINLEY, WILLIAM SCHOOL"
3700 block n germantown ave,NA,NA
500 block w sommerville st,NA,NA
3200 block lee st,NA,NA
1600 block s connestoga st,NA,NA
200 block s st bernard st,NA,BEULAH BAPTIST CHRISTIAN DAY SCHOOL
1800 block n vanpelt st,NA,NA
2200 block e monmouth st,NA,NA
2000 block champlost st,NA,NA
1800 block w juniata st,NA,NA
3500 block sansom st,NA,NA
0 block e abbottsford ave,NA,NA
6000 block hawthorne st,NA,NA
5300 block wayne ave 2nd floor front,NA,NA
1600 block arrott st,Market-Frankford Line - Arrott Transportation Center,NA
3400 block fairmont ave,NA,NA
1700 block page st,NA,NA
2100 block magee st,NA,NA
5500 block hill creek pl,NA,NA
4000 block l street,NA,"HOPKINSON, FRANCIS SCHOOL"
4700 block richmond st,NA,NA
3200 block b street,NA,JOHN B STETSON MIDDLE SCHOOL
1500 block s lindenwood ave,NA,NA
600 block cambria st,NA,NA
3600 block amber st,NA,NA
400 block w wyoming ave,NA,NA
1500 block graysferry ave,NA,NA
1600 block alcott st,NA,NA
3100 block baring st,NA,NA
2700 block n reese st,NA,NA
1300 block sansom st,NA,NA
1800 block s60th st,NA,NA
2000 block belmont mansion dr,NA,NA
1700 block n 7th st,NA,NA
18th & pike st,NA,MASTERY PREP ELEMENTARY CHARTER SCHOOL
1000 block stevens terr,NA,NA
7000 block georgian rd,NA,NA
5900 block germantown ave,NA,NA
0 block bethlehem pk,NA,NA
n 30th st  /  w susquehanna av,NA,NA
1300 block w boston st,NA,NA
castor av  & e lycoming st,NA,NA
1200 block spencer st,NA,NA
`5537 torresdale av,NA,NA
5700 block torresdale ave,NA,NA
5900 block belfield ave,NA,NA
6100 block baynton st,NA,NA
7000 block torresdale ave,NA,NA
6300 block greenway ave,NA,NA
5200 block cottage st,NA,NA
500 block w hill creek dr,NA,NA
1600 block widener place,NA,NA
1600 block widner pl,NA,NA
3400 block crowell st,NA,NA
100 block s 13th st,NA,NA
0 block w pomona st,NA,NA
6700 block sydenham st,NA,NA
1300 block s may st,NA,NA
100 block w colona st,NA,NA
1400 block lenox ave,NA,NA
500 block hill creek dr,NA,NA
2100 block marston terr,NA,NA
3000 block aramingo ave,NA,NA
1500 block e erie ave,Market-Frankford Line - Erie-Torresdale,NA
1600 block staub st,NA,NA
2nd & linton,NA,NA
500 block ashmead st,NA,NA
2100 block belmont mansion dr,NA,NA
3000 block norris st,NA,NA
7600 block castor ave,NA,NA
1900 block e hart ln,NA,NA
500 block fernon st,NA,NA
500 block washington ave,NA,NA
6600 block yocum st,NA,NA
600 block of mckean st,NA,NA
600 block e chelten ave,NA,NA
49th & ogden st,NA,NA
1300 block s 30th st,NA,NA
30th & market st,Market-Frankford Line - 30th,NA
1600 block n bouvier st,NA,"MEADE, GEN. GEORGE G. SCHOOL"
2700 block n lawrence st,NA,NA
500 block w allegheny ave,NA,NA
2900 block camac st,NA,MASTERY CHARTER @ CLYMER
900 block w godfrey ave,NA,NA
5200 block sydenham st,NA,NA
4800 block frankford ave,NA,NA
4100 block l:eidy ave,NA,NA
3300 block w girard ave,NA,NA
3100 block memphis st,NA,NA
2nd st & clarkson st,NA,NA
2200 block n lippencott st,NA,NA
2200 block w lippencott st,NA,NA
9200 block blue grass rd,NA,NA
100 block s 30th st,NA,NA
5700 block haddington ln,NA,NA
1600 block lewis st,NA,NA
5300 block hatfield st,NA,NA
5900 block sylvester st,NA,NA
n 51st st  /  reno st,NA,NA
1500 block s cleveland st,NA,NA
2500 block ridge ave apt a,NA,NA
2900 block weikel st,NA,NA
7300 block limekiln pike,NA,NA
9400 block academy rd,NA,NA
1000 block e venago st,NA,NA
3700 block mantua ave,NA,NA
3200 block n 5th st,NA,NA
1700 block n 55th st,NA,NA
6100 block carpenter st,NA,NA
3000 block w redner st,NA,NA
3700 block palisades dr,NA,NA
5500 block larchwood st,NA,NA
100 block n lindenwood st,NA,NA
5400 block angora terr,NA,NA
1000 block e mt pleasant,NA,NA
2400 block dover st,NA,NA
500 block w daimond st,NA,"MCKINLEY, WILLIAM SCHOOL"
7000 block louise rd,NA,NA
5900 block n 17th st,NA,NA
7600 block sherwood st,NA,NA
1000 block sansom st,NA,NA
2000 block w champlost ave,NA,NA
5700 block camac st,NA,NA
6400 block n beechwood st,NA,NA
15th and ontario st,NA,KENDERTON ELEMENTARY
7100 block brant pl,NA,NA
3100 block henry ave,NA,NA
2100 block w westmorland st,NA,NA
300 block earlham terr,NA,NA
3200 block n stillman st,NA,NA
1400 block w mayfield st,NA,NA
1900 block w westmorland st,NA,NA
100 block w apsley st,NA,NA
1300 block wagner st,NA,NA
1500 block w rockland st,NA,NA
6700 block n 5th st,NA,NA
6400 block n smedley st,NA,NA
6800 block verbana ave,NA,NA
1200 block w winghocking st,NA,NA
3800 block elsinore st,NA,NA
5100 block c street,NA,NA
7500 block brewster st,NA,NA
1600 block s consetoga st,NA,NA
3400 block chippendale ave,NA,NA
4700 block pashall ave,NA,NA
1800 block bbucknell st,NA,NA
100 block w venago st,NA,NA
5300 block thomas av,NA,NA
4500 block frankford av  apt 9,NA,NA
5900 block keystone st,NA,NA
4700 block hellerman st,NA,NA
4200 block markland st,NA,NA
i and luzerne st,NA,NA
500 block e clarkson ave,NA,NA
100 block     covington rd,NA,NA
6000 block callowhill st,NA,NA
2100 block e rush st,NA,NA
1800 block w dallas st,NA,NA
2100 block cemetery ave,NA,NA
5700 block vine st,NA,NA
1700 block w ruscomb st,NA,NA
1500 block jfk blvd,NA,NA
1900 block e cambria st,NA,NA
5800 block spruce st,NA,NA
2800 block n water st,NA,NA
5500 block n broad st,NA,NA
1900 block renovo st,NA,NA
800 block e cornwall st,NA,NA
7100 block walker st,NA,NA
2500 block n warnock st,NA,NA
6200 block mershon st,NA,NA
3000 block agate st,NA,NA
jackson & disston,NA,NA
3500 block almond st,NA,NA
6400 block glemore st,NA,NA
5300 block knox st,NA,NA
3800 block germantwon ave,NA,NA
4600 block kinsessing ave,NA,NA
8300 block gilbert st,NA,NA
1500 block n orkney st,NA,NA
500 block w nedro ave,NA,SOPHIA ACADEMY
2000 block letterly st,NA,KENSINGTON HEALTH SCIENCES
2700 block n american st,NA,NA
400 block rising sun ave,NA,NA
3200 block n lee st,NA,NA
600 block w courtland st,NA,NA
1200 block silver st,NA,NA
1200 block w erie ave,NA,NA
400 block w allegheny ave,NA,NA
2300 block ann st,NA,NA
1900 block  e wishart st,NA,NA
2000 block e willard st,NA,NA
1800 block e buckius st,NA,NA
4700 block magee ave,NA,NA
3400 block palethorp st,NA,NA
400 block w abbotsford ave,NA,NA
2400 block welsh rd,NA,NA
5400 block harley terrace,NA,NA
6800 block charles st,NA,NA
24th / huntingdon st,NA,NA
2000 block w hagert st,NA,NA
clarissa / dennie st,NA,NA
7400 block limeklin pk apt a12,NA,NA
4000 block passmore st,NA,NA
4500 block frankford ave,NA,NA
ridge and susquehanna ave,NA,STRAWBERRY MANSION HIGH SCHOOL
2200 block w harold st,NA,NA
1800 block e hunting park ave,NA,NA
200 block rosemar st,NA,NA
65th & cobbs creek pkwy,NA,NA
300 block e allegheny ave,NA,NA
100 block e lehigh ave,NA,NA
3400 block n 11th st,NA,NA
2500 block cecil b moore ave,NA,NA
2100 block medary ave,NA,NA
300 block e tioga st,NA,NA
3000 block carlisle st,NA,NA
200 block bringhurst st,NA,NA
2100 block pemberton st,NA,NA
5800 block rodman ave,NA,NA
4200 block mcalester st,NA,NA
4200 block n macalster st,NA,NA
4400 block n 7th st,NA,HUNTING PARK CHRISTIAN ACADEMY
2500 block dickenson st,NA,NA
0 block w penn st,NA,NA
300 block weymouth st,NA,NA
3700 block n percey st,NA,NA
2200 block disston st,NA,NA
5100 block thompson st,NA,NA
1600 block hawaorth st,NA,NA
4300 block hicks st,NA,NA
1700 block edgely st,NA,NA
5800 block delancy st,NA,NA
7800 block ogontz st,NA,NA
1800 block e glenwood ave,NA,NA
1900 block n ringgold st,NA,NA
2500 block ridge dr,NA,NA
1800 block n 25th st,NA,NA
2100 block n 32nd st,NA,NA
2700 block eyre st,NA,NA
1200 block n conestoga st,NA,NA
6200 block lebanon ave,NA,NA
1700 block n 76th st,NA,NA
3800 block n gratz st,NA,NA
1300 block s divinity st,NA,"COMEGYS, BENJAMIN B. SCHOOL"
3300 block hunting park ave,NA,PRODIGY LEARNING CENTERS
e roosevelt blvd  /  fox st,NA,NA
20th & green st,NA,NA
200 block lombard st,NA,NA
3600 block elder st,NA,NA
2800 block n marshall st,NA,NA
5400 block marvine st,NA,NA
2500 block n 4th st,NA,NA
5500 block matthew st,NA,NA
1300 block ruan st,NA,NA
5400 block tulip st,NA,NA
2700 block s 3rd st,NA,NA
700 block n 10th st,NA,NA
3200 block richmond st,NA,NA
3100 block berkeley dr apt d,NA,NA
1300 block s33rd st,NA,NA
1500 block locust st,NA,NA
4200 block of clarissa st,NA,NA
6200 block elmwood st,NA,NA
5900 block lansdowne av,NA,NA
5900 block lansdowne ave,NA,NA
2900 block janney st,NA,NA
4200 block neilson st,NA,NA
1100 block w clarkson st,NA,NA
1100 block clarkson st,NA,NA
4500 block n orianna st,NA,NA
8000 block fairview st,NA,NA
3100 block woodhaven rd apt 02,NA,NA
3900 block n percy st,NA,NA
5400 block wyndale st,NA,NA
2900 block mifflin st,NA,NA
4300 block n 6th st,NA,NA
6700 block yocum st,NA,NA
0 block n 49th st,NA,NA
4300 block cheltenham,NA,NA
6800 block forrest ave,NA,NA
200 block s 38th st,NA,NA
1100 block leopard st,NA,NA
6000 block tulip st,NA,NA
1000 block w thompson st,NA,ST MALACHY SCHOOL
8100 block grovers ave,NA,NA
3000 block new hope st,NA,NA
2600 block cottman st,NA,NA
1300 block webster st,NA,NA
2400 block s 75th st,NA,NA
1200 block s saint bernard st,NA,NA
6400 block farnsworth st,NA,NA
3800 block lansdowne dr,NA,HIGH SCHOOL OF THE FUTURE
300 block n sickels way,NA,NA
3800 block n franklin st,NA,NA
6000 block w locust st,NA,NA
300 block poplar st,NA,NA
3100 block stirling st,NA,NA
5000 block leiper st,NA,NA
2100 block s etting terrace,NA,NA
2700 block conestoga terrace,NA,NA
5300 block ella st,NA,NA
700 block s cecil street,NA,NA
2400 block sharswood st,NA,NA
2800 block garnet st,NA,NA
5400 block wyalusing av,NA,NA
1700 block w poplar st,NA,NA
900 block n percy st,NA,NA
3900 block ogden st,NA,NA
3900 block n 7th st,NA,NA
800 block spring garden st,NA,NA
1800 block w ruscomb st,NA,NA
7400 block ruskin rd,NA,NA
5300 block lansdowne ave,NA,NA
900 block washington ave,NA,NA
2500 block aramingo ave,NA,NA
2800 block sedgley av,NA,NA
1300 block hellerman st,NA,NA
5300 block market st,NA,NA
3100 block front st,NA,NA
400 block jeanes st,NA,NA
2200 block w indiana st,NA,NA
3600 block chesterfield rd,NA,NA
7500 block malvern st,NA,NA
5100 block d street,NA,OLNEY CHRISTIAN SCHOOL
600 block n12th st,NA,SPRING GARDEN SCHOOL
2500 block s juniper st,NA,NA
2000 block nbodine st,NA,NA
2000 block w conlyn st,NA,NA
6800 block n sydenham st,NA,NA
6600 block haddington st,NA,NA
100 block w louden st,NA,NA
5600 block lebanon ave,NA,NA
"4500 block ""a"" st",NA,NA
3600 block n 20th st,NA,NA
2700 block nnewkirk st,NA,NA
6000 block pine st,NA,NA
3900 block presidential blvd,NA,NA
100 block w 65th ave,NA,NA
5200 block bingham st,NA,NA
200 block  w grange st,NA,NA
1700 block juniata st,NA,NA
1800 block s corlies st,NA,NA
1400 block w bristol st,Broad Street Line - Hunting Park,NA
2900 block n 16th st,NA,NA
2800 block n 17th st,NA,MASTERY PREP ELEMENTARY CHARTER SCHOOL
3200 block defense terr,NA,NA
3200 block defense terrace,NA,NA
3900 block nice st,NA,NA
4800 block n 8th st,NA,NA
6100 block marsden st,NA,NA
20th & tasker st,NA,NA
5300 block roosevelt blvd,NA,NA
5600 block n marvine st,NA,NA
2000 block n 23rd t,NA,NA
600 block w westmorland st,NA,NA
1000 block w glenwood st,NA,NA
2000 block windrim ave,NA,NA
2800 block w hagert st,NA,NA
2300 block n watts st,NA,NA
4200 block hicks st,NA,NA
500 block mountain st,NA,NA
4600 block hurley st,NA,NA
400 block e hart ln,NA,NA
5900 block baltimore ave,NA,MOTIVATION HIGH SCHOOL
1700 block e washington ln,NA,NA
6800 block ogontz ave,NA,"ROWEN, WILLIAM SCHOOL"
5900 block ogontz ave,NA,NA
3900 block haverford ave,NA,NA
1800 block wthompson st,NA,NA
5600 block n lawrence st,NA,NA
6200 block ditman st,NA,NA
4700 block ditman st,NA,"HARDING, WARREN G. MIDDLE SCHOOL"
200 block sjuniper st,NA,NA
2600 block n warnock st,NA,HOPE PARTNERSHIP FOR EDUCATION
0 block wrockland st,NA,NA
1100 block emt pleasant ave,NA,NA
5600 block bloyd st,NA,NA
4000 block o street,NA,NA
2000 block s aikens st,NA,NA
400 block e mechanic st,NA,NA
2400 block n bouvier,NA,NA
5900 block  loretta ave,NA,NA
1100 block oakdale st,NA,NA
1800 block taney st,NA,NA
4600 block n broad st,Broad Street Line - Wyoming,NA
6500 block n 10th st,NA,NA
1900 block e hazzard st,NA,"BROWN, HENRY A. SCHOOL"
3900 block n reesre st,NA,NA
400 block e mentor st,NA,NA
3200 block n 11th st,NA,NA
700 block east madison st,NA,NA
700 block madison st,NA,NA
2800 block n 11th st,NA,NA
1800 block e lippencott st,NA,NA
2900 block n kip st,NA,NA
3100 block d street,NA,"ELKIN, LEWIS SCHOOL"
2800 block w diamond st,NA,NA
2300 block college ave,NA,NA
1500 block girard av,NA,NA
5800 block webster st,NA,NA
8900 block ditman st,NA,NA
3800 block lawrence st,NA,NA
3400 block n 20th st,NA,NA
5600 block morton st,NA,NA
3800 block percy st,NA,NA
1300 block harrison st,NA,NA
berks and judson st,NA,NA
7200 block walnut st,NA,NA
800 block cherry st,NA,NA
39th / melon sts,NA,NA
6200 block sansom st,NA,NA
w cumberland st  & n stanley st,NA,NA
5200 block frankford av,Market-Frankford Line - Frankford Transportation Center,NA
800 block e washington ln,NA,NA
2800 block cecil b moore ave,NA,NA
2900 block n broad st,NA,NA
1300 block wairdrie st,NA,NA
200 block ruscomb st,NA,NA
5400 block beaumont av,NA,MASTERY CHARTER AT HARDY WILLIAMS
1000 block alcottt st,NA,NA
500 block e ashmeade st,NA,NA
200 block ecollom st,NA,NA
1400 block of sharpnack st,NA,NA
5100 block akron st,NA,NA
2000 block s colarado st,NA,NA
8000 block mansfield st,NA,NA
2300 block s 25th st,NA,NA
1200 block w firth st,NA,NA
1600 block w lehigh av,NA,NA
5400 block new place,NA,NA
500 block n allison st,NA,NA
5700 block filbert st,NA,NA
5200 block master st apt 3,NA,NA
7700 block brockton rd,NA,NA
6000 block w oxford st,NA,NA
1000 block s 49th st,NA,NA
200 block s 58th st,NA,NA
6100 block hazel st,NA,NA
1700 block watkins st,NA,NA
42nd / wallace sts,NA,NA
0 block n 39th,NA,NA
900 block n markoe st,NA,NA
6100 block hegerman st,NA,NA
6200 block roosevelt blvd,NA,NA
4600 block worth st,NA,NA
600 block preston st,NA,NA
1500 block w church ln,NA,NA
1600 block s 51st st,NA,NA
100 block e westmorland st,NA,NA
3300 block kayford cir,NA,NA
3000 block stokley st,NA,NA
7000 block woodcrest ave,NA,NA
3300 block cumberland st,NA,NA
4100 block levick st,NA,NA
1300 block boston st,NA,NA
ella st & e wyoming av,NA,NA
3300 block w allegheny ave,NA,NA
576-1 / 2 alcott st,NA,NA
6300 block castor ave,NA,NA
1900 block nfranklin st,NA,NA
2000 block w girard ave,NA,NA
2200 block n fairhill st,NA,NA
800 block n 12th st,NA,NA
3800 block n18th st,NA,NA
500 block wfisher ave,NA,NA
4100 block e roosevelt blvd,NA,NA
2000 block e allegheny ave,NA,NA
5200 block morris st,NA,NA
8300 block williams ave,NA,NA
200 block s millick st,NA,NA
2000 block nrandolf st,NA,NA
2000 block n randolph st,NA,NA
4800 block sansom st,NA,NA
800 block n  markoe st,NA,NA
500 block e herman st,NA,NA
1200 block w harper st,NA,NA
6500 block toresdale ave,NA,NA
400 block e comly st,NA,NA
4th & cecil b moore,NA,NA
5100 block f street,NA,NA
1800 block e hart lane,NA,NA
6500 block ewister st,NA,NA
3200 block wellington st,NA,NA
4600 block torrsdale ave,NA,NA
7100 block torresdale ave,NA,NA
4200 block penn st,NA,NA
1500 block gowen ave,NA,NA
5800 block bueaumont ave,NA,NA
6000 block passyunk ave,NA,NA
2700 block peach terr,NA,NA
6900 block saybrook ave,NA,NA
5200 block grays ave,NA,NA
1900 block s salford st,NA,NA
700 block waterworks drive,NA,NA
0 block n 17th st,NA,NA
1900 block s columbus blvd,NA,NA
6900 block rising sun ave,NA,NA
7300 block oxford ave,NA,NA
900 block hartel st,NA,NA
2100 block n 19th st,NA,NA
5300 block wayne av apt 207,NA,NA
4100 block w girard ave 3rd floor,NA,NA
1900 block dalkeith st,NA,"STEEL, EDWARD SCHOOL"
5500 block cherry st,NA,NA
s 58th st  /  windsor st,NA,NA
1900 block granite st,NA,NA
smedley & chelten ave,NA,NA
3000 block w colona st,NA,NA
2700 block cumberland ave,NA,NA
1200 block kelly dr,NA,NA
6000 block angora terr,NA,NA
2800 block memphis st,NA,NA
200 block w lindley ave,NA,NA
800 block unruh st,NA,NA
5200 block n sydenham st,NA,NA
6200 block market st 3rd floor,Market-Frankford Line - 63rd,NA
4000 block chippendale st,NA,NA
800 block nperkiomen st,NA,NA
3200 block norris st,NA,NA
1100 block w harper st,NA,NA
2200 block wooster st,NA,NA
900 block w master st,NA,NA
3100 block camac st,NA,NA
1600 block w grange st,NA,NA
1300 block n 21st st,NA,NA
2963frankford ave,NA,NA
2700 block n darien st,NA,NA
3600 block n gratz st,NA,NA
500 block e hill creek dr,NA,NA
500 block e hillcreek dr,NA,NA
2100 block etting terrace,NA,NA
1400 block n 30th st,NA,NA
5000 block boundinot st,NA,NA
1400 block lycoming st,NA,NA
2100 block e firth st,NA,NA
600 block may pl,NA,NA
600 block s 51st st,NA,NA
5100 block n12th st,NA,NA
1000 block ogden st,NA,NA
2700 block taunton st,NA,NA
3100 block e st,NA,NA
3500 block n 9th st,NA,NA
11000 block waldemire dr,NA,NA
8000 block busleton ave,NA,NA
4900 block rosehill st,NA,NA
7100 block horrocks st,NA,NA
1200 block s 6th st,NA,NA
5800 block alter st,NA,NA
2600 block s 26th st,NA,NA
900 block stevens terr,NA,NA
1700 block cobbs creek parkway,NA,NA
7000 block woodland ave 1st floor,NA,GREATER HOPE CHRISTIAN ACADEMY
2600 block s hobson st,NA,NA
600 block n 64th st apt 2,NA,NA
1900 block 74th ave,NA,NA
2200 block s darien st,NA,"KEY, FRANCIS SCOTT SCHOOL"
2400 block s fairhill st,NA,NA
700 block n 17th st,NA,NA
2700 block ruby terrace,NA,NA
4800 block ditman st,NA,"HARDING, WARREN G. MIDDLE SCHOOL"
51st & funston st,NA,NA
1300 block s chadwick st,NA,NA
5th & dauphin st,NA,NA
20th and allegheny ave,NA,NA
5800 block angora terrace,NA,NA
1200 block fairmount ave,NA,NA
2300 block ridge ave,NA,NA
2300 block w diamond st,NA,NA
1700 block cambridge st,NA,NA
1300 block windrim ave,NA,NA
2200 block w huntingdon st,NA,NA
1100 block frazier st,NA,NA
1100 block s frazier st,NA,NA
2100 block mountain st,NA,NA
1000 block erie ave,NA,NA
4800 block npalethorp st,NA,NA
1200 block huntingdon st,NA,NA
6100 block walton st,NA,NA
3100 block n sheridan st,NA,NA
3100 block sheridan st,NA,NA
7200 block mallard pl,NA,NA
0 block w pamona st,NA,NA
1900 block pratt st,NA,NA
1900 block patton st,NA,NA
1300 block gilham st,NA,NA
8000 block erdrick st 1st fl,NA,NA
100 block thornwood pl,NA,NA
7800 block baldwin st,NA,NA
4300 block boone st,NA,NA
5100 block hazel st,NA,NA
1500 block w wongohocking st,NA,NA
1900 block n 22nd st,NA,DOUGLASS MASTERY CHARTER
400 block  e washington lane,NA,ROOSEVELT ELEMENTARY SCHOOL
1500 block s bancroft st,NA,NA
5500 block american st,NA,NA
2800 block e schiller st,NA,NA
washington la & w cheltenham av,NA,NA
1000 block e mt airy av,NA,NA
26th & morris st,NA,NA
2000 block e rush st,NA,NA
3500 block germantown av,NA,NA
5700 block willows st,NA,"LONGSTRETH, WILLIAM C. SCHOOL"
5700 block belmar st,NA,NA
5700 block harbison ave,NA,NA
1400 block foulkrod st,NA,NA
100 block s farragut st,NA,NA
6300 block vine st 3f,NA,NA
d st  /  e rockland st,NA,NA
7400 block calvert st,NA,NA
3000 block a st,NA,NA
3400 block graysferry ave,NA,NA
3400 block e st,NA,NA
400 block w lehigh ave,NA,NA
4000 block powelton ave,NA,NA
1000 block poplar st,NA,NA
3100 block w arizona st,NA,NA
600 block n shedwick,NA,NA
1400 block e sharpnack st,NA,NA
2500 block w hagart st,NA,NA
2100 block s 65th st,NA,NA
2000 block pickwick st,NA,NA
2600 block ridge dr,NA,NA
1900 block mountain st,NA,NA
4900 block pulaski st,NA,NA
3200 block defense ter,NA,NA
5600 block newtown ave,NA,NA
1100 block norris st,NA,NA
3200 block mercer st,NA,NA
2700 block bonsall st,NA,NA
2100 block toronto st,NA,NA
7400 block stenton ave,NA,NA
4800 block yocum st,NA,NA
5600 block stewart st,NA,NA
4300 block griscom st,NA,NA
6400 block n 17th st,NA,"WAGNER, GEN. LOUIS MIDDLE SCH."
2300 block harold st,NA,NA
1100 block w stiles st,NA,NA
5800 block montrose st,NA,NA
5300 block n mascher st,NA,NA
1900 block s 60th street,NA,NA
5900 block warrington st,NA,NA
30th / girard ave,NA,NA
30th & girard ave,NA,NA
6100 block shelbourne st,NA,NA
6900 block reedbird pl,NA,NA
1400 block e johnson st,NA,NA
4500 block n uber st,NA,NA
w roosevelt blvd  /  ridge av,NA,NA
400 block passmore st,NA,NA
2200 block cottman ave,NA,NA
4200 block robbins st,NA,NA
100 block n alden st,NA,NA
5100 block springfield ave,NA,NA
6200 block mascher st,NA,NA
6200 block mascher ave,NA,NA
3000 block susquehanna ave,NA,NA
3100 block emerald st,NA,NA
3300 block n 5th st,NA,NA
3900 block n reese st,NA,NA
4300 block wayne ave,NA,"STEEL, EDWARD SCHOOL"
5400 block girard ave,NA,NA
1900 block e wensley st,NA,NA
4800 block keyser st,NA,NA
1900 block w ontario st,NA,NA
500 block mcclellan st,NA,NA
2200 block thompson st,NA,NA
1900 block nedro ave,NA,NA
6700 block hollis st,NA,NA
1600 block w wingohcking st,NA,NA
1500 block n 12th st,NA,NA
4400 block whitaker ave,NA,NA
1800 block w susquehanna av,NA,NA
5700 block mcmahon ave,NA,NA
2100 block elkins ave,NA,NA
8000 block halstead st,NA,NA
1400 block w loudon st,NA,NA
3400 block f street,NA,NA
1600 block n 32nd st,NA,NA
22nd & fox st,NA,NA
1900 block snyder ave,NA,NA
6900 block wister st,NA,NA
1800 block belmont mansion dr,NA,NA
1800 block wilmont st,NA,NA
100 block s columbus blvd,NA,NA
2400 block s 11th st,NA,NA
1900 block e walnut lane,NA,NA
4900 block longshore ave,NA,NA
100 block n felton st,NA,NA
1800 block w diamond st,NA,NA
3400 block helen street,NA,NA
2700 block wheatsheaf ln,NA,NA
200 block e champlost st,NA,NA
1200 block wagner ave,NA,NA
3100 block stillman st,NA,NA
4000 block n 7th street,NA,NA
1200 block brandywine st apt 32,NA,PARKWAY CENTER CITY MIDDLE COLLEGE HIGH SCHOOL
5600 block thomas st,NA,NA
5600 block thomas ave,NA,NA
5600 block thomas av,NA,NA
100 block e olney ave,NA,NA
1800 block w susquehanna st,NA,NA
2300 block cecil b moore ave,NA,NA
2700 block c street,NA,NA
2700 block c st,NA,NA
2400 block n lawrence,NA,NA
2900 block n nicholas st,NA,NA
4300 block n orianna st,NA,NA
1200 block e stafford st,NA,NA
33rd & berks st,NA,NA
800 block lex st,NA,"WASHINGTON, MARTHA SCHOOL"
800 block n lex st,NA,"WASHINGTON, MARTHA SCHOOL"
800 block winton st,NA,NA
1900 block s 22nd st,NA,NA
2700 block latona st,NA,NA
2100 block e susquehanna ave,NA,NA
2200 block s felton st;,NA,NA
4500 block spruce st,NA,NA
6400 block woodcrest st,NA,NA
2000 block mountain st,NA,NA
6000 block charles st,NA,NA
900 block n66th st,NA,NA
3000 block helen st,NA,"WILLARD, FRANCES E. SCHOOL"
4900 block stiles st,NA,NA
2100 block s 5th st,NA,NA
700 block arch st,NA,NA
1200 block wallace st,NA,NA
4800 block jackson pl,NA,NA
2300 block s marshall st,NA,NA
3200 block w turner st,NA,NA
chadwick & york st,NA,NA
500 block e walnut lane,NA,NA
500 block n 54th st,NA,NA
1000 block s4th st,NA,NA
2700 block york st,NA,NA
6700 block roosevelt blvd,NA,NA
6500 block lansdowne av,NA,"CASSIDY,LEWIS C ACADEMICS PLUS"
5500 block springfiled av,NA,NA
2300 block s 66th st,NA,NA
6900 block forrest ln,NA,NA
4800 block jackson st,NA,NA
4300 block waln st,NA,NA
6600 block torresdale ave apt 1,NA,NA
1400 block s hicks st,NA,NA
200 block n 64th st,NA,NA
4500 block palethorp st,NA,NA
3200 block  w hunting park ave,NA,NA
bambrey / allegheny ave,NA,NA
1400 block erie ave,NA,NA
3000 block rhawn st,NA,NA
5800 block sylvester st,NA,NA
3100 block kensington av,NA,NA
400 block e cambria,NA,NA
5100 block girard ave,NA,NA
5800 block ridge ave,NA,NA
100 block e tusculum st,NA,NA
1200 block w girard st,NA,NA
1200 block w girard ave,NA,NA
1200 block spring garden st,NA,NA
1600 block point breeze ave,NA,NA
1400 block cecil b moore ave,NA,NA
116n vodges st,NA,NA
2200 block n hope st,NA,NA
4800 block magee ave,NA,NA
400 block w queen lane,NA,NA
1500 block s55th st,NA,NA
1800 block e johnson st,NA,NA
1200 block w ogden st,NA,NA
3900 block bennington st,NA,NA
6100 block girard ave,NA,NA
900 block bainbridge st,NA,NA
2700 block cantrell terrace,NA,NA
2000 block w dennie st,NA,NA
7700 block williams ave,NA,NA
1200 block w ruscomb st,NA,NA
8500 block summerdale ave,NA,NA
7300 block rising sun ave,NA,NA
5000 block woodland ave,NA,NA
5800 block carswell terr,NA,NA
200 block w wellens ave,NA,NA
100 block n dearborn st,NA,NA
700 block winton st,NA,NA
5600 block stokes st,NA,NA
5800 block catharine st,NA,NA
5900 block n leithgow st,NA,NA
6000 block media st,NA,NA
600 block winton st,NA,NA
600 block e stafford st,NA,NA
6200 block n 18th st,NA,NA
6200 block n bouvier st,NA,NA
6300 block algard st,NA,NA
600 block w rockland st,NA,NA
6400 block n woodstock st,NA,NA
6600 block bustleton ave,NA,NA
700 block marwood rd,NA,NA
700 block s 49th st,NA,NA
2100 block e lehigh st,NA,NA
2200 block georges ln,NA,NA
1300 block w lindley ave,Broad Street Line - Logan,NA
christopher columbus & race st,NA,NA
3100 block s 81st st,NA,NA
4200 block parrish st,NA,NA
3000 block  lehigh ave,NA,NA
7200 block sackett st,NA,NA
ridge and kelly dr,NA,NA
w roosevelt blvd & schuylkill expy ramp a,NA,NA
5th & diamond st,NA,NA
1000 block germantown ave,NA,NA
rosalie st & rising sun ave,NA,NA
1300 block mlk dr,NA,NA
rising sun ave & rockaland st,NA,NA
200 block locust st apt 24f,NA,NA
4800 block of knox st,NA,NA
2000 block of snyder ave,NA,NA
7100 block of hegerman st,NA,NA
700 block w butler st,NA,NA
7100 block theodore st,NA,NA
7200 block cornelius st,NA,NA
800 block n 39th st,NA,NA
900 block w russell st,NA,NA
4900 block n smedley st,NA,NA
5000 block merion ave,NA,NA
5100 block f st,NA,NA
5300 block oakland st,NA,NA
2700 block of dickinson st,NA,NA
3200 block of g st,NA,NA
8700 block of crispin st,NA,NA
7500 block of brookhaven rd,NA,NA
2300 block of belgrade st,NA,NA
4900 block of hazel ave,NA,NA
3400 block of g st,NA,GLORIA CASAREZ ELEMENTARY SCHOOL
bridge st & roosevelt blvd,NA,NA
2100 block of taney terrace,NA,NA
1800 block of n broad st,NA,NA
5500 block n lawrence st,NA,NA
5600 block n warnock st,NA,NA
5700 block n 17th st,NA,NA
5800 block saul st,NA,NA
5900 block belden st,NA,NA
6500 block cottage st,NA,NA
9000 block ashton rd,NA,NA
900 block s cecil st,NA,NA
900 block n 45th st,NA,NA
900 block brighton st,NA,NA
9th st & hunting park ave,NA,NA
whitaker ave & roosevelt blvd,NA,NA
3800 block of lansdowne ave,NA,NA
5700 block of overbrook ave,NA,NA
1900 block of s bancroft st,NA,NA
2700 block of brown st,NA,NA
1700 block of dickinson st,NA,NA
4800 block of keyser st,NA,NA
100 block of w lehigh ave,NA,NA
2000 block of s beechwood st,NA,NA
1700 block of barbara st,NA,"BREGY, F. AMEDEE SCHOOL"
4000 block of lancaster ave,NA,NA
4700 block of leiper st,NA,NA
2200 block of w hunting park ave,NA,NA
400 block of south st,NA,NA
500 block of e brinton st,NA,NA
1300 block of chancellor st,NA,NA
3300 block of n 10th st,NA,NA
3500 block of wharton st,NA,NA
200 block of n 60th st,NA,NA
1500 block of e johnson st,NA,NA
400 block of w bringhurst st,NA,NA
2300 block of fawn st,NA,NA
100 block of e willard st,NA,NA
3100 block of emerald st,NA,NA
6300 block of overbrook ave,NA,NA
600 block of e clearfield st,NA,NA
500 block n 56th st,NA,NA
5600 block lansdowne ave,NA,NA
5000 block cottage st,NA,NA
5100 block n broad st,NA,NA
800 block passmore st,NA,NA
5300 block w berks st,NA,NA
800 block s 56th st,NA,NA
6600 block boyer st,NA,NA
3400 block of n broad st,NA,NA
200 block of millick st,NA,NA
4800 block of sansom st,NA,NA
6300 block of hazel ave,NA,NA
a st & e somerset st,NA,NA
2400 block of n 17th st,NA,NA
n 16th st & w allegheny ave,NA,NA
front st & allegheny ave,NA,NA
1000 block of chelten ave,NA,NA
5900 block of torresdale ave,NA,NA
jasper st & hart ln,NA,NA
7600 block of e roosevelt blvd,NA,NA
1600 block of bridge st,Market-Frankford Line - Frankford Transportation Center,NA
1500 block of bailey st,NA,NA
2500 block of s 7th st,NA,NA
1300 block of kater st,NA,NA
400 block of e somerset st,NA,NA
6400 block of lambert st,NA,NA
8300 block of horrocks st,NA,NA
3100 block of n darien st,NA,NA
500 block of n 56th st,NA,NA
5000 block of w master st,NA,NA
6300 block of ogontz ave,NA,NA
5600 block of n 5th st,NA,NA
1200 block of s carlisle st,NA,NA
1700 block of georges ln,NA,NA
6900 block of rising sun ave,NA,NA
1400 block of n myrtlewood st,NA,NA
700 block of n 8th st,NA,NA
800 block of riverside dr,NA,NA
100 block of s 61st st,NA,NA
100 block of e pastorius st,NA,NA
800 block n farson st,NA,NA
5400 block bingham st,NA,NA
6900 block rodney st,NA,NA
600 block mayfair st,NA,NA
0 block n 63rd st,NA,NA
700 block wynnewood rd,NA,NA
2800 block front st,NA,NA
2700 block frankford ave,NA,NA
1200 block s 60th st,NA,NA
0 block n 39th st,NA,NA
0 block n 39th street,NA,NA
1500 block of w lehigh ave,NA,NA
n 32nd st & w susquehanna ave,NA,ONE BRIGHT RAY MANSION
2100 block of w lehigh ave,NA,"DOBBINS, MURRELL HIGH SCHOOL"
200 block of chestnut st,NA,NA
3000 block of n 22nd st,NA,NA
1700 block of blavis st,NA,NA
1600 block of pratt st,Market-Frankford Line - Frankford Transportation Center,NA
5800 block of malvern st,NA,NA
2500 block of ritner st,NA,NA
3200 block of f st,NA,NA
300 block of s 60th st,NA,NA
100 block of n 55th st,NA,NA
e loudon st & d st,NA,NA
3100 block of n carlisle st,NA,NA
5700 block of n park st,NA,NA
5300 block of grays ave,NA,NA
0 block of s salford st,NA,NA
5600 block of greene st,NA,HIGH ROAD SCHOOL OF PHILADELPHIA- GERMANTOWN
1900 block of e hart lane,NA,NA
6100 block of locust st,NA,NA
3300 block of emerald st,NA,NA
4700 block of rorer st,NA,NA
3300 block huntingdon st,NA,NA
800 block n delaware ave,NA,NA
6200 block chelwynde ave,NA,NA
3300 block princeton ave,NA,NA
1400 block windrim st,NA,NA
700 block n 45th st,NA,NA
300 block e cheltenham ave,NA,NA
900 block e price st,NA,NA
800 block n 9th st,NA,NA
1400 block n 29th st,NA,NA
1400 block hanson st,NA,NA
600 block s 27th st,NA,NA
5000 block arch st,NA,NA
5300 block grays avenue,NA,NA
4600 block weymouth st,NA,NA
3600 block st christopher dwy,NA,NA
100 block e walnut ln,NA,NA
3100 block n reach st,NA,NA
6100 block catherine st,NA,NA
9100 block  academy rd,NA,NA
1600 block s 56th street,NA,NA
5800 block stockton rd,NA,NA
1900 block e westmorland st,NA,NA
6500 block walker st,NA,NA
1200 block robbins ave,NA,NA
200 block e clarkson st,NA,NA
200 block w clarkson ave,NA,NA
2300 block w sergeant st,NA,NA
2600 block n 3rd st,NA,NA
2600 block s 2nd st,NA,NA
2600 block n reese st,NA,NA
200 block n 60th st,NA,NA
200 block walbanus st,NA,NA
2700 block w huntingdon st,NA,NA
2400 block n 33rd st,NA,NA
200 block n 58th st,NA,NA
200 block n wannamaker st,NA,NA
1300 block kings place,NA,NA
2800 block n  van pelt st,NA,NA
4900 block boundinot st,NA,NA
2300 block 77th ave,NA,NA
5500 block pulaski ave,NA,NA
5700 block osage ave,NA,NA
2100 block e dauphin st,NA,NA
3900 block dell st,NA,NA
2300 block s bouvier st,NA,ST MONICA SCHOOL (JUNIOR SCHOOL)
900 block shelmire st,NA,NA
400 block  e high st,NA,NA
6200 block buist ave,NA,NA
2500 block w montgomery ave,NA,NA
3000 block n 4th st,NA,NA
3000 block n taney st,NA,KIPP PHILADELPHIA CHARTER
2600 block bialy st,NA,NA
300 block e queen ln,NA,NA
3100 block judson st,NA,NA
2700 block n 16th st,NA,NA
2700 block girard ave,NA,NA
3200 block brandywine st,NA,NA
7700 block fairfield st,NA,NA
900 block w susquehanna ave,NA,NA
1800 block n 72nd ave,NA,NA
1500 block vankirk st,NA,NA
2900 block devereaux ave,NA,NA
2500 block shelmire ave,NA,NA
1500 block 68th st,NA,NA
1500 block w tioga st,NA,NA
300 block south street,NA,NA
500 block marwood rd,NA,NA
6600 block n13th st,NA,NA
100 block w wyoming st,NA,NA
3900 block rowena dr,NA,NA
3200 block npark ave,NA,NA
2900 block n reese st,NA,NA
2900 block n stillman st,NA,NA
3400 block n 16th st,NA,NA
3000 block robbins st,NA,"ALLEN, ETHAN SCHOOL"
"3500 block ""g""st",NA,NA
300 block elwood st,NA,NA
300 block w ashdale st,NA,NA
4900 block ogden st,NA,"RHOADS, JAMES SCHOOL"
7200 block guyer ave,NA,NA
4600 block shelmire ave,NA,NA
1100 block e sharpnack st,NA,NA
1200 block fuller st,NA,NA
4520-22 walnut st,NA,NA
7600 block elmwood st,NA,NA
200 block s 56th street,NA,NA
9500 block clark st,NA,NA
2000 block conlyn st,NA,NA
2700 block w glenwood st,NA,NA
300 block n 59th st,NA,NA
3700 block baring st,NA,NA
3100 block n 24th st,NA,NA
3200 block n bailey st,NA,NA
3200 block keim st,NA,NA
3400 block n 3rd st,NA,NA
3400 block n16 st,NA,NA
3400 block amber st,NA,NA
3400 block crystal st,NA,NA
400 block n 35th st,NA,NA
6100 block w columbia ave,NA,NA
2100 block n hope st,NA,NA
500 block e queen lane,NA,NA
5700 block broomall st,NA,NA
2700 block n phillip st,NA,NA
4000 block neilson st,NA,NA
2600 block salmon st,NA,NA
3900 block stevenson st,NA,NA
0 block w godfrey ave,NA,NA
500 block w somerville ave,NA,NA
2200 block strahle st,NA,NA
6000 block a street,NA,NA
2000 block rush st,NA,NA
1300 block s corlies st,NA,NA
6400 block garman st,NA,ST BARNABAS CATHOLIC SCHOOL
2200 block n lambert st,NA,NA
4400 block nfranklin st,NA,NA
3500 block old york rd,NA,NA
3800 block n 10th st,NA,NA
3900 block n smedley st,NA,NA
400 block n daggett st,NA,NA
400 block n front st,NA,NA
4100 block n darien st,NA,NA
3100 block mercer st,NA,NA
9100 block frankford ave,NA,NA
900 block n watts st,NA,NA
1800 block e hilton st,NA,NA
5100 block n 11th st,NA,NA
800 block n 68th st,NA,NA
1000 block brown st,NA,NA
100 block wlippincott st,NA,NA
1200 block w somerset st,NA,NA
4300 block darien st,NA,NA
4500 block n lee st,NA,NA
4500 block locust st,NA,NA
4600 block n camac st,NA,NA
4800 block rorer st,NA,NA
5000 block wade st,NA,NA
500 block w york st,NA,NA
5100 block tulip st,NA,NA
5100 block reno st,NA,NA
6700 block harley ave,NA,NA
1900 block n 9th st,NA,NA
1100 block s peach st,NA,NA
5000 block n hutchinson st,NA,LINDLEY ACADEMY CHARTER @ BIRNEY
100 block e duval st,NA,NA
2000 block wishart st,NA,NA
900 block foulkrod st,NA,NA
2600 block tilton st,NA,NA
2100 block walnut st apt 603,NA,NA
2300 block n natrona st,NA,NA
500 block widener st,NA,SOPHIA ACADEMY
5300 block n carlisle st,NA,NA
5400 block malcolm st,NA,NA
5500 block matthews st,NA,NA
5700 block n 21st st,NA,NA
5800 block morris st,NA,NA
5900 block springfield av,NA,NA
6000 block latona st,NA,NA
6000 block e wister st,NA,NA
6100 block walker st,NA,NA
6300 block torresdale ave,NA,NA
6400 block chelwynde ave,NA,NA
600 block n 54th st,NA,NA
6700 block ditman st,NA,NA
3200 block w allegheny ave,NA,NA
1700 block nwoodstock st,NA,NA
2600 block  elkhart st,NA,NA
fox st  & w roosevelt blvd ramp g,NA,NA
bridge st & oakland st,NA,NA
2900 block n taney st,NA,KIPP PHILADELPHIA CHARTER
4200 block park ave,NA,NA
1700 block n 68th ave,NA,NA
6000 block lancaster ave,NA,NA
4900 block n 12th st apt 3,NA,NA
300 block e tusculum st,NA,NA
2100 block n broad st,NA,NA
10900 block e keswick rd apt a,NA,NA
1300 block w godfrey ave,NA,NA
1300 block market st,Market-Frankford Line - 13th,NA
6700 block crowson st,NA,NA
6700 block souder st,NA,NA
7100 block jackson st,NA,NA
700 block e woodlawn st,NA,NA
900 block s51st st,NA,NA
800 block union st,NA,NA
900 block w lehigh ave,NA,NA
4800 block benner st,NA,NA
5000 block wakefield st,NA,NA
500 block s 57th st,NA,NA
500 block dickinson st,NA,NA
5300 block irving st,NA,NA
5300 block parrish st,NA,NA
500 block n 35th st,NA,NA
2200 block e allegheny ave,NA,NA
6900 block n broad st apt b1,NA,NA
3100 block s 61st st,NA,NA
2100 block e norris st,NA,NA
1100 block kater st,NA,NA
100 block green st,Market-Frankford Line - Spring Garden,NA
2100 block e lehigh ave,NA,NA
7900 block oxford ave,NA,NA
2000 block e bellmore st,NA,NA
3100 block n broad st apt 3,Broad Street Line - Allegheny,NA
3400 block w westmoreland st,NA,NA
700 block w duncannon ave,NA,NA
2400 block n lawrence st,NA,NA
cobbs creek and delancey st,NA,NA
westford rd & clarkson ave,NA,NA
1000 block whunting park,NA,NA
2000 block w diamond st,NA,NA
4000 block gilham st,NA,NA
400 block s 48th st apt b1,NA,NA
1100 block e venango st,NA,NA
100 block w luzerne st,NA,NA
poplar st & poplar dr,NA,NA
3500 block indian queen lane,NA,NA
6000 block n 11th st,NA,NA
4000 block n american st,NA,NA
8400 block lindbergh blvd,NA,NA
1300 block n delaware ave,NA,NA
900 block w susquehanna st,NA,NA
5100 block ditman st,NA,NA
5400 block paschall ave,NA,NA
2600 block holme ave,NA,NA
3400 block n19th st,NA,NA
1500 block s stanley st,NA,NA
1300 block dyre st,NA,NA
7000 block keystone st,NA,NA
5500 block germantown ave,NA,NA
3100 block barnett st,NA,NA
1700 block erie ave,NA,NA
5300 block webster st,NA,NA
0 block n felton st,NA,NA
7800 block thouron st,NA,NA
5200 block rising sun ave,NA,NA
6700 block dorel st,NA,NA
4600 block unruh st,NA,NA
600 block foulkrod st,NA,NA
800 block e hunting park ave,NA,JUNIATA PARK ACADEMY
800 block nbelmont ave,NA,PHILADELPHIA LEARNING ACADEMY-WEST
900 block n marshall st,NA,THE CITY SCHOOL
1800 block n 28th st,NA,NA
2100 block n hancock st,NA,NA
200 block howell st,NA,NA
1100 block n front st,NA,NA
2900 block n 11th st,NA,NA
2600 block s lloyd st,NA,NA
900 block w roosevelt blvd,NA,NA
2100 block s frazier st,NA,NA
2500 block n 10th st,NA,NA
2300 block margaret st,NA,NA
1400 block s etting st,NA,NA
4000 block market st,Market-Frankford Line - 40th,NA
4200 block wissahickon ave,NA,NA
200 block w ashdale st,NA,NA
4600 block wissahickon ave,NA,NA
4600 block westminster av,NA,NA
1600 block hellerman st,NA,NA
3300 block henry ave,NA,LAB SCH OF COMMUNICAT'N & LANG (East Falls Campus)
200 block zeralda st,NA,NA
7100 block tulip st,NA,NA
1200 block s 53rd st,NA,NA
400 block w raymond st,NA,NA
4600 block walnut st,NA,NA
1300 block n 54th st,NA,NA
3100 block d st,NA,"ELKIN, LEWIS SCHOOL"
3900 block percy st,NA,NA
1400 block imogene st,NA,NA
2800 block w dauphin st,NA,NA
2100 block alden st,NA,NA
1300 block kerper st,NA,NA
1000 block foulkrod st,NA,NA
8500 block hegerman st,NA,NA
4400 block i street,NA,NA
6200 block dicks ave,NA,NA
1500 block alcott st,NA,NA
1800 block s 22nd st,NA,"MCDANIEL, DELAPLAINE SCHOOL"
6900 block rowland av,NA,NA
2200 block kennedy st,NA,NA
1100 block cayuga st,NA,NA
500 block e godfrey ave,NA,NA
7900 block ogpntz ave,NA,NA
600 block s 2nd st,NA,NA
2400 block w allegheny ave,NA,NA
"3100 block ""d"" st",NA,"ELKIN, LEWIS SCHOOL"
4700 block charles terrace,NA,NA
3300 block bleigh ave,NA,NA
100 block s 51st st,NA,NA
8200 block bustleton ave,NA,NA
5900 block locust st,NA,NA
6900 block chew ave,NA,NA
1000 block w glenwood ave,NA,NA
1000 block rosalie st,NA,NA
1600 block e walnut ln,NA,NA
5200 block greenway ave,NA,NA
800 block cottman ave,NA,NA
5000 block n 10th st,NA,NA
2100 block s65th st,NA,NA
4700 block howell st,NA,NA
5600 block litchfield st,NA,NA
3400 block h st,NA,NA
500 block w norris st,NA,NA
2800 block d street,NA,NA
2900 block n 12th st,NA,MASTERY CHARTER @ CLYMER
6100 block n warnock st,NA,NA
1100 block orthodox st,NA,NA
2100 block e lippincott st,NA,NA
6800 block n broad st,NA,NA
5400 block lansdowne ave,NA,NA
4200 block germantown av,NA,NA
1600 block washington ln,NA,NA
5700 block elmwood ave,NA,NA
1700 block n front st,NA,NA
100 block w luray st,NA,NA
1200 block easton rd,NA,NA
100 block e hunting park ave,NA,NA
1000 block haworth st,NA,NA
1000 block n delaware ave,NA,NA
1100 block w nevada st,NA,NA
1100 block n 41st st,NA,NA
1100 block bartlett st,NA,NA
2000 block e venago st,NA,NA
0 block s 11th st,NA,FREIRE CHARTER SCHOOL
600 block university ave,NA,NA
5700 block florence st,NA,NA
600 block church st,NA,NA
1100 block diamond st,NA,NA
5900 block haverford ave,NA,NA
6500 block e roosevelt blvd,NA,NA
2300 block w lehigh ave,NA,ST MARTIN DE PORRES SCHOOL
5100 block kershaw st,NA,NA
8300 block bustleton ave,NA,NA
1200 block e price st,NA,NA
3300 block mutter st,NA,NA
4300 block monument rd,NA,NA
4300 block n 15th st,NA,NA
2100 block stenton ave,NA,NA
5900 block chester ave,NA,NA
1500 block benner st,NA,NA
1800 block georges ln,NA,NA
700 block n 23rd st,NA,NA
2000 block n 11th st,NA,NA
1500 block chelten ave,NA,NA
1500 block widener pl,NA,NA
1500 block w nedro ave,NA,NA
1500 block s opal st,NA,NA
2800 block levick st,NA,NA
1600 block s 59th st,NA,NA
1600 block lindley ave,NA,NA
1600 block vine st,NA,PHILADELPHIA PERFORMING ARTS CHARTER SCHOOL
1500 block s ringgold st,NA,NA
1600 block n 6th st,NA,NA
0 block s ruby st,NA,NA
3200 block wharton st,NA,NA
1900 block chelten ave,NA,NA
600 block n peach st,NA,NA
4500 block whitaker ave,NA,NA
8200 block lyons ave,NA,NA
1200 block n 58th st,NA,NA
3100 block n 27th st,NA,NA
1700 block stenton ave,NA,NA
1800 block w montgomery av,NA,NA
1800 block w montgomery ave,NA,NA
2000 block kennedy st,NA,NA
900 block carver st,NA,NA
10th / ogden sts,NA,NA
1400 block kerper st,NA,NA
4900 block princeton ave,NA,NA
1700 block rodman st,NA,NA
4000 block cottman ave,NA,NA
4600 block springfield ave,NA,NA
1900 block dallas st,NA,NA
4300 block n penn st,NA,NA
1600 block middleton st,NA,NA
3300 block christopher columbus blvd,NA,NA
4400 block haverford ave,NA,NA
1900 block laveer st,NA,NA
100 block w gale st,NA,NA
2200 block colorado st,NA,NA
100 block n wilton st,NA,NA
100 block wwyoming st,NA,NA
1200 block fitzwater st,NA,NA
1200 block walnut st,NA,NA
100 block s56th st,NA,NA
1200 block s 22nd st,NA,NA
1200 block byberry road,NA,NA
1200 block s 21st st,NA,NA
1200 block n 52nd st,NA,NA
1300 block w albanus st,NA,LOGAN HOPE SCHOOL
1300 block s 33rd st,NA,NA
2500 block n marshall st,NA,NA
5300 block ditman st,NA,NA
3700 block jasper st,NA,NA
1300 block n 53rd st,NA,NA
5200 block saul st,NA,NA
1300 block cottman ave,NA,NA
2800 block n swanson st,NA,NA
6700 block w oxford st,NA,NA
2800 block n hutchinson st,NA,NA
100 block e luray st,NA,NA
2500 block morris st,NA,NA
4700 block melrose st,NA,NA
800 block w wingohocking st,NA,NA
800 block w wingohocken st,NA,NA
2500 block ashford st,NA,NA
200 block w rubican st,NA,NA
200 block w rubicam st,NA,NA
1700 block meadow st,NA,NA
5400 block berks st,NA,MASTERY CHARTER @ MANN
4300 block pilling st,NA,NA
5700 block hegerman st,NA,NA
7300 block rugby st,NA,NA
4500 block paul st,NA,NA
2300 block n carlisle st,NA,NA
1900 block glendale ave,NA,NA
5100 block newhall st,NA,NA
1600 block ashurst rd,NA,NA
2300 block jasper st,Market-Frankford Line - York-Dauphin,NA
1100 block e chelten ave,NA,NA
1700 block n 18th st,NA,ALLIANCE FOR PROGRESS CHARTER
6000 block locust st,NA,NA
1800 block 68th ave,NA,NA
1300 block s 21st st,NA,NA
1300 block w 68th ave,NA,NA
1300 block e sedgwick st,NA,NA
1400 block n06th st,NA,"LUDLOW, JAMES R. SCHOOL"
1400 block faunce st,NA,NA
100 block n conestoga st,NA,NA
1400 block n 59th st,NA,NA
1300 block unity st,NA,NA
1400 block s paxon st,NA,NA
1300 block walnut st,NA,NA
1100 block e erie ave,NA,ONE BRIGHT RAY-SIMPSON CAMPUS
6200 block lindbergh blvd,NA,NA
3300 block bouvier st,NA,NA
200 block e lima st,NA,NA
6200 block brous st,NA,NA
5500 block kingsessing ave,NA,MITCHELL ELEMENTARY SCHOOL
7400 block malvern ave,NA,NA
6900 block forrest ave,NA,NA
500 block gilham st,NA,NA
1800 block ontario st,NA,NA
500 block e locust ave,NA,NA
1600 block n wilton st,NA,NA
2800 block cantrell st,NA,NA
1500 block s 30th st,NA,NA
5700 block media st,NA,NA
6300 block summerdale ave,NA,NA
6000 block vandike st,NA,NA
1400 block s allision st,NA,NA
4000 block germantown ave,NA,NA
6400 block belfield ave,NA,NA
2400 block n 9th st,NA,NA
3300 block n 3rd st,NA,"MUNOZ-MARIN, HON LUIS SCHOOL"
1100 block n 40th st,NA,NA
1100 block knorr st,NA,NA
1100 block fillmore st,NA,NA
100 block chestnut st,NA,NA
1100 block w jefferson st,NA,NA
100 block e pastorious st,NA,NA
1200 block w butler st,NA,NA
100 block eindiana ave,NA,NA
4700 block oxford av,Market-Frankford Line - Arrott Transportation Center,NA
3900 block manayunk ave,NA,NA
3600 block lancaster ave,NA,NA
7000 block rising sun ave,NA,NA
2000 block e silver st,NA,NA
5300 block saul st,NA,NA
600 block e wyoming ave,NA,NA
1900 block federal st,NA,NA
6600 block n broad st,NA,NA
1200 block van kirk st,NA,NA
2200 block market st,NA,NA
6300 block arch st,NA,NA
200 block s 51st st,NA,NA
1800 block blair st,NA,NA
2400 block s24th st,NA,NA
2900 block n 05th st,NA,NA
2400 block n 16th st,NA,NA
5200 block c street,NA,NA
6600 block essington ave,NA,NA
1200 block christian st,NA,NA
1300 block s 24th st,NA,NA
1200 block e passyunk ave,NA,NA
1300 block fitzwater st,NA,NA
1300 block s 50th st,NA,NA
1300 block wseltzer st,NA,NA
1300 block e gorgas ln,NA,NA
1300 block n newkirk st,NA,NA
2600 block n 33rd st,NA,NA
3300 block n waterloo st,NA,"CRAMP, WILLIAM SCHOOL"
5500 block hill creek dr,NA,NA
4500 block bleigh ave,NA,NA
6200 block webster st,NA,NA
4500 block poplar st,NA,NA
boyer and stafford st,NA,NA
2400 block n stanley st,NA,NA
3500 block scotts ln,NA,NA
1800 block lindley ave,NA,NA
1600 block w ontario st,NA,NA
1700 block s hollywood st (rear),NA,NA
2500 block w master st,NA,NA
5900 block belmar st,NA,NA
400 block e penn st,NA,NA
2800 block susquehanna ave,NA,NA
1500 block pine st,NA,NA
2000 block w spencer st,NA,NA
6700 block lebanon ave,NA,NA
5400 block overbrook ave,NA,NA
2500 block w jefferson st,NA,NA
broad and rockland sts,NA,NA
2100 block venango st,NA,NA
200 block n broad st,Broad Street Line - Race-Vine,NA
5000 block willows ave,NA,NA
8000 block lindbergh blvd,NA,NA
2200 block s69th st,NA,NA
100 block e chelten ave,NA,NA
2600 block wilder st,NA,NA
1400 block s 58th st,NA,NA
1400 block sparks st,NA,NA
1400 block wcayuga st,NA,NA
1400 block n conestoga st,NA,NA
1400 block n 53rd st,NA,NA
1500 block orland st,NA,NA
1400 block hellerman st,NA,NA
1500 block n 59th st,NA,ST ROSE OF LIMA SCHOOL
1500 block poplar sr,NA,NA
8200 block frankford ave,NA,NA
1900 block stanwood st,NA,NA
2000 block s bonnafon st,NA,NA
3200 block diamond st,NA,NA
4800 block n warnick st,NA,NA
4000 block maywood st,NA,NA
800 block wynnewood rd,NA,NA
2000 block s 21st st,NA,NA
2000 block w godfrey ave,NA,NA
1800 block w glenwood st,NA,NA
3000 block n 6th st,NA,POTTER-THOMAS SCHOOL
700 block e courtland st,NA,NA
5500 block lansdowne av,NA,NA
3200 block n howard st,NA,NA
2000 block ridge ave,NA,NA
6100 block lindbergh blvd,NA,NA
5400 block sylvester  st,NA,NA
2000 block sterner st,NA,NA
4400 block n 5th st,NA,CAYUGA SCHOOL
0 block n edgewood st,NA,NA
7100 block dicks ave,NA,NA
2300 block n sydenham st,NA,NA
2000 block n 31st st,NA,NA
700 block n 39th st,NA,NA
4000 block girard ave,NA,NA
6100 block shisler st,NA,NA
2900 block s 62nd st,NA,NA
4200 block cheltenham ave,NA,NA
4200 block e cheltenham ave,NA,NA
5600 block n 5th st,NA,NA
2200 block s bucknell st,NA,NA
4600 block fairhill st,NA,NA
2400 block sheridan st,NA,NA
8000 block ogontz ave,NA,NA
1800 block w somerset st,NA,NA
2900 block kensington av,NA,NA
5800 block hazel ave,NA,NA
5600 block florence st,NA,NA
1600 block 68th ave,NA,NA
7400 block woodbine ave,NA,NA
4000 block reno st,NA,NA
4000 block frankford ave,NA,NA
6700 block limekiln pk,NA,NA
1600 block s newkirk st,NA,NA
7400 block rugby st,NA,NA
6100 block wister st,NA,NA
6100 block e wister st,NA,NA
2000 block buckius st,NA,NA
900 block w rockland st,NA,NA
2400 block w sergeant st,NA,NA
2400 block sergeant st,NA,NA
2000 block n 25th st,NA,NA
5600 block mcmahon st,NA,NA
2300 block woodward st,NA,NA
6200 block n 5th st,NA,NA
1700 block w montgomery ave,NA,NA
5200 block belfield ave,NA,NA
2100 block scattergood st,NA,NA
"3200 block ""d"" st",NA,NA
3600 block i st,NA,NA
100 block n millick st,NA,NA
4300 block princeton ave,NA,NA
1000 block e atlantic st,NA,NA
6800 block old york rd,NA,NA
2000 block diamond st,NA,NA
5200 block wakefield st,NA,NA
4000 block ashburner st,NA,NA
1600 block w nedro st,NA,NA
7100 block woodland ave,NA,NA
500 block n 57th st,NA,NA
8400 block torresdale ave,NA,NA
900 block brown st,NA,NA
5700 block morris st,NA,NA
1700 block w bristol st,NA,NA
4900 block n franklin st,NA,NA
5200 block chancellor st,NA,NA
1900 block carpenter st,NA,NA
6200 block frontenac st,NA,NA
4400 block leiper st,NA,NA
6100 block w oxford st,NA,NA
3100 block n hancock st,NA,NA
900 block cherry st,NA,NA
4600 block loring st,NA,NA
1600 block stenton ave,NA,NA
1900 block wbrunner st,NA,NA
7600 block frankford ave,NA,NA
600 block wynnewood rd,NA,NA
6800 block algon ave,NA,NA
800 block belmont ave,NA,PHILADELPHIA LEARNING ACADEMY-WEST
1700 block w passyunk ave,NA,"GIRARD, STEPHEN SCHOOL"
6100 block ardleigh st,NA,NA
800 block n 20th st,NA,NA
900 block s 52nd st,NA,NA
300 block w roosevelt blvd,NA,NA
700 block church ln,NA,NA
2400 block diamond st,NA,"DICK, WILLIAM SCHOOL"
800 block wharton st,NA,NA
900 block magee st,NA,NA
5100 block n 12th st,NA,NA
600 block s 12th st,NA,NA
3900 block parrish st,NA,NA
200 block s 13th st,NA,NA
6300 block old york rd,NA,NA
900 block w college ave,NA,NA
7600 block ridge ave,NA,NA
1200 block w rockland st,NA,NA
1200 block vine st,NA,NA
6000 block oxford ave,NA,NA
1600 block w hunting park av,NA,NA
1200 block south st,NA,NA
3800 block mt pleasant dr,NA,NA
1700 block w champlost ave,NA,NA
1700 block w champlost st,NA,NA
7600 block lindbergh blvd,NA,NA
1400 block n etting st,NA,NA
2300 block cottman ave,NA,NA
4100 block girard ave,NA,NA
4500 block old york rd,NA,NA
3100 block nhutchinson st,NA,NA
2100 block w jefferson st,NA,NA
2300 block w allegheny ave,NA,NA
100 block n allison st,NA,NA
4200 block chester ave,NA,JUBILEE SCHOOL
2000 block turner st,NA,NA
200 block n simpson st,NA,NA
1100 block chelten ave,NA,NA
6900 block ogontz ave,NA,NA
2800 block nreese st,NA,NA
2000 block ehaines st,NA,NA
1700 block s60th st,NA,NA
4900 block n 4th st,NA,NA
6300 block n broad st,NA,NA
1200 block s ruby st,NA,NA
7500 block e tulpehocken st,NA,NA
7600 block ogontz ave,NA,NA
3100 block n 15th st,NA,NA
200 block w rittenhouse st,NA,NA
600 block s felton st,NA,NA
5300 block jefferson st,NA,NA
2300 block n broad st,NA,NA
1300 block rush st,NA,NA
2600 block wharold st,NA,NA
700 block ritner st,NA,NA
3700 block lancaster ave,NA,NA
2500 block gratz st,NA,NA
7100 block stenton ave,NA,NA
6200 block glenmore ave,NA,NA
7800 block ogontz ave,NA,NA
2500 block federal st,NA,NA
1600 block w erie ave,NA,NA
800 block n holly st,NA,NA
2600 block s felton st,NA,NA
2600 block w glenwood ave,NA,NA
2600 block glenwood ave,NA,NA
1100 block e woodlawn st,NA,NA
1100 block woodlawn st,NA,NA
7600 block rugby st,NA,NA
1600 block w clearfield st,NA,NA
406nsalford st,NA,NA
1000 block marlyn rd,NA,NA
2600 block snyder ave,NA,NA
4100 block parrish st,NA,NA
3300 block nfront st,NA,NA
3200 block monument ave,NA,NA
700 block wbristol ave,NA,NA
100 block w tabor st,NA,NA
14000 block bustleton ave,NA,NA
2800 block w thompson st,NA,NA
1400 block s 51st st,NA,"COMEGYS, BENJAMIN B. SCHOOL"
1400 block n 23rd st,NA,VAUX HIGH SCHOOL
1300 block e erie ave,NA,NA
5600 block berks st,NA,NA
1300 block w clearfield st,NA,NA
5300 block glenloch st,NA,NA
100 block widener st,NA,NA
600 block wclearfield st,NA,NA
2300 block jfk blvd,NA,NA
200 block w chelten ave,NA,NA
100 block s independence mall,NA,NA
500 block w boston st,NA,NA
2400 block n 15th st,NA,NA
1200 block jackson st,NA,NA
1900 block w jefferson st,NA,NA
4200 block ridge ave,NA,NA
4300 block n broad st,Broad Street Line - Hunting Park,NA
3700 block brown st,NA,NA
5000 block penn st,NA,NA
1800 block s 25th st,NA,NA
500 block w butler st,NA,NA
5300 block chester ave,NA,NA
1200 block e erie ave,NA,ONE BRIGHT RAY-SIMPSON CAMPUS
1600 block wallace st,NA,NA
4100 block kensington ave,NA,NA
4300 block sheffield ave,NA,NA
3500 block n germantown av,NA,NA
1100 block foulkrod st,NA,NA
7000 block n broad st,NA,NA
900 block e woodlawn st,NA,NA
500 block e brinton st,NA,NA
2000 block margaret st,NA,NA
5600 block langdon st,NA,NA
5700 block thomas ave,NA,NA
5400 block wissahickon ave,NA,NA
5200 block tulip st,NA,NA
3400 block lancaster ave,NA,NA
6100 block reinhard st,NA,NA
2800 block lee st,NA,NA
5800 block lansdowne ave,NA,NA
3000 block w fontain st,NA,NA
200 block e wildey st,NA,NA
2900 block harper st,NA,NA
2900 block w harper st,NA,NA
0 block e seltzer st,NA,NA
1300 block w wyoming ave,NA,NA
