id_2cell,n_crashes,n_parks_rec_properties
Area-1,0,0
Area-2,0,0
Area-3,0,0
Area-4,0,1
Area-5,0,0
Area-6,0,0
Area-7,0,0
Area-8,0,0
Area-9,0,0
Area-10,0,0
Area-11,0,0
Area-12,0,1
Area-13,0,1
Area-14,0,0
Area-15,0,0
Area-16,0,0
Area-17,0,0
Area-18,0,0
Area-19,0,0
Area-20,0,0
Area-21,0,0
Area-22,0,0
Area-23,0,1
Area-24,0,1
Area-25,0,1
Area-26,0,0
Area-27,0,0
Area-28,0,0
Area-29,0,0
Area-30,0,0
Area-31,0,0
Area-32,0,0
Area-33,0,0
Area-34,0,0
Area-35,0,0
Area-36,0,0
Area-37,0,0
Area-38,1,0
Area-39,0,0
Area-40,1,0
Area-41,0,0
Area-42,0,0
Area-43,0,0
Area-44,0,0
Area-45,0,0
Area-46,0,0
Area-47,0,0
Area-48,0,0
Area-49,0,0
Area-50,0,1
Area-51,0,1
Area-52,0,1
Area-53,0,0
Area-54,0,0
Area-55,0,0
Area-56,0,0
Area-57,0,0
Area-58,0,0
Area-59,0,0
Area-60,0,0
Area-61,1,0
Area-62,0,0
Area-63,0,0
Area-64,0,0
Area-65,0,0
Area-66,0,0
Area-67,0,0
Area-68,1,0
Area-69,0,0
Area-70,0,0
Area-71,0,0
Area-72,0,0
Area-73,0,0
Area-74,0,0
Area-75,0,0
Area-76,0,0
Area-77,0,0
Area-78,0,0
Area-79,0,1
Area-80,0,0
Area-81,0,0
Area-82,0,0
Area-83,0,0
Area-84,0,0
Area-85,0,0
Area-86,0,0
Area-87,0,0
Area-88,0,0
Area-89,0,0
Area-90,0,0
Area-91,0,0
Area-92,0,0
Area-93,0,0
Area-94,0,0
Area-95,0,0
Area-96,0,0
Area-97,0,0
Area-98,0,0
Area-99,0,0
Area-100,0,0
Area-101,0,0
Area-102,0,0
Area-103,0,0
Area-104,0,0
Area-105,0,0
Area-106,0,0
Area-107,0,0
Area-108,0,0
Area-109,0,0
Area-110,0,0
Area-111,0,0
Area-112,0,0
Area-113,0,0
Area-114,0,0
Area-115,0,0
Area-116,0,0
Area-117,0,0
Area-118,0,0
Area-119,0,0
Area-120,0,0
Area-121,0,0
Area-122,0,0
Area-123,0,0
Area-124,0,0
Area-125,0,0
Area-126,0,0
Area-127,0,0
Area-128,0,0
Area-129,1,0
Area-130,0,0
Area-131,0,0
Area-132,0,0
Area-133,0,0
Area-134,0,0
Area-135,0,0
Area-136,0,0
Area-137,0,0
Area-138,0,0
Area-139,0,0
Area-140,1,0
Area-141,0,0
Area-142,0,0
Area-143,0,0
Area-144,0,0
Area-145,0,0
Area-146,1,0
Area-147,0,0
Area-148,0,0
Area-149,0,0
Area-150,0,0
Area-151,0,0
Area-152,0,0
Area-153,0,0
Area-154,0,0
Area-155,0,0
Area-156,0,0
Area-157,0,0
Area-158,0,0
Area-159,0,0
Area-160,0,0
Area-161,0,0
Area-162,0,0
Area-163,0,0
Area-164,0,0
Area-165,0,0
Area-166,0,0
Area-167,0,0
Area-168,0,0
Area-169,0,0
Area-170,0,0
Area-171,1,0
Area-172,0,0
Area-173,0,0
Area-174,0,0
Area-175,0,0
Area-176,0,0
Area-177,0,0
Area-178,0,0
Area-179,0,0
Area-180,0,0
Area-181,0,0
Area-182,1,0
Area-183,0,0
Area-184,0,0
Area-185,0,0
Area-186,1,0
Area-187,0,0
Area-188,0,0
Area-189,0,0
Area-190,0,0
Area-191,0,0
Area-192,0,0
Area-193,0,0
Area-194,0,0
Area-195,0,0
Area-196,0,0
Area-197,0,0
Area-198,0,0
Area-199,0,0
Area-200,0,0
Area-201,0,0
Area-202,0,0
Area-203,0,0
Area-204,0,0
Area-205,0,0
Area-206,0,0
Area-207,0,0
Area-208,0,0
Area-209,0,0
Area-210,0,0
Area-211,0,0
Area-212,0,0
Area-213,0,0
Area-214,0,0
Area-215,0,0
Area-216,0,0
Area-217,0,0
Area-218,0,0
Area-219,0,0
Area-220,0,0
Area-221,0,0
Area-222,0,0
Area-223,0,0
Area-224,0,0
Area-225,0,0
Area-226,0,0
Area-227,0,0
Area-228,0,0
Area-229,0,0
Area-230,0,0
Area-231,0,0
Area-232,0,0
Area-233,0,0
Area-234,0,0
Area-235,0,0
Area-236,0,0
Area-237,0,0
Area-238,0,0
Area-239,0,0
Area-240,0,0
Area-241,0,0
Area-242,0,0
Area-243,0,0
Area-244,0,0
Area-245,0,0
Area-246,0,0
Area-247,0,0
Area-248,0,0
Area-249,0,0
Area-250,0,0
Area-251,0,0
Area-252,0,0
Area-253,0,0
Area-254,0,0
Area-255,0,0
Area-256,0,0
Area-257,0,0
Area-258,0,0
Area-259,0,0
Area-260,0,0
Area-261,0,0
Area-262,0,0
Area-263,0,0
Area-264,0,0
Area-265,0,0
Area-266,0,0
Area-267,0,0
Area-268,0,0
Area-269,0,0
Area-270,0,0
Area-271,0,0
Area-272,0,0
Area-273,0,0
Area-274,0,0
Area-275,0,0
Area-276,0,0
Area-277,0,0
Area-278,1,0
Area-279,0,0
Area-280,0,0
Area-281,0,0
Area-282,0,0
Area-283,0,0
Area-284,0,0
Area-285,0,0
Area-286,0,0
Area-287,0,0
Area-288,0,0
Area-289,0,0
Area-290,0,0
Area-291,0,0
Area-292,0,0
Area-293,0,0
Area-294,0,0
Area-295,0,0
Area-296,0,0
Area-297,0,0
Area-298,0,0
Area-299,0,0
Area-300,0,0
Area-301,0,0
Area-302,0,0
Area-303,0,0
Area-304,0,0
Area-305,0,0
Area-306,0,0
Area-307,0,0
Area-308,0,0
Area-309,0,0
Area-310,0,0
Area-311,0,0
Area-312,0,0
Area-313,0,0
Area-314,0,0
Area-315,0,0
Area-316,0,0
Area-317,0,0
Area-318,0,0
Area-319,0,0
Area-320,0,0
Area-321,0,0
Area-322,2,0
Area-323,0,0
Area-324,0,0
Area-325,0,0
Area-326,0,0
Area-327,1,0
Area-328,1,0
Area-329,0,0
Area-330,0,0
Area-331,0,0
Area-332,0,0
Area-333,0,0
Area-334,0,0
Area-335,0,0
Area-336,0,0
Area-337,0,0
Area-338,0,0
Area-339,0,0
Area-340,0,0
Area-341,0,0
Area-342,0,0
Area-343,0,0
Area-344,0,0
Area-345,0,0
Area-346,0,0
Area-347,0,0
Area-348,0,0
Area-349,0,0
Area-350,0,0
Area-351,0,0
Area-352,0,0
Area-353,0,0
Area-354,0,0
Area-355,0,0
Area-356,0,0
Area-357,0,0
Area-358,0,0
Area-359,0,0
Area-360,0,0
Area-361,0,0
Area-362,0,0
Area-363,0,0
Area-364,0,0
Area-365,0,0
Area-366,0,0
Area-367,0,0
Area-368,0,0
Area-369,0,0
Area-370,0,0
Area-371,0,0
Area-372,0,0
Area-373,0,0
Area-374,0,0
Area-375,1,0
Area-376,0,0
Area-377,0,0
Area-378,2,0
Area-379,0,0
Area-380,0,0
Area-381,1,0
Area-382,1,0
Area-383,0,0
Area-384,0,0
Area-385,0,0
Area-386,0,0
Area-387,0,0
Area-388,0,0
Area-389,0,0
Area-390,0,0
Area-391,0,0
Area-392,0,0
Area-393,0,0
Area-394,0,0
Area-395,0,0
Area-396,0,0
Area-397,0,0
Area-398,0,0
Area-399,0,0
Area-400,0,0
Area-401,0,0
Area-402,0,0
Area-403,0,0
Area-404,0,0
Area-405,0,0
Area-406,0,0
Area-407,0,0
Area-408,0,0
Area-409,0,0
Area-410,0,0
Area-411,0,0
Area-412,0,0
Area-413,0,0
Area-414,0,0
Area-415,0,0
Area-416,0,0
Area-417,0,0
Area-418,0,0
Area-419,1,0
Area-420,0,0
Area-421,1,0
Area-422,0,0
Area-423,0,0
Area-424,0,0
Area-425,0,0
Area-426,0,0
Area-427,1,0
Area-428,0,0
Area-429,0,0
Area-430,0,0
Area-431,1,0
Area-432,3,0
Area-433,1,0
Area-434,0,0
Area-435,0,0
Area-436,0,0
Area-437,0,0
Area-438,0,0
Area-439,0,0
Area-440,0,0
Area-441,0,0
Area-442,0,0
Area-443,0,0
Area-444,0,0
Area-445,0,0
Area-446,0,0
Area-447,0,0
Area-448,0,0
Area-449,0,0
Area-450,0,0
Area-451,0,0
Area-452,0,0
Area-453,0,0
Area-454,0,0
Area-455,0,0
Area-456,0,0
Area-457,0,0
Area-458,0,0
Area-459,0,0
Area-460,0,0
Area-461,0,0
Area-462,0,0
Area-463,0,0
Area-464,0,0
Area-465,0,0
Area-466,0,0
Area-467,0,0
Area-468,0,0
Area-469,0,0
Area-470,1,0
Area-471,0,0
Area-472,0,1
Area-473,1,0
Area-474,1,0
Area-475,0,0
Area-476,0,0
Area-477,3,0
Area-478,0,0
Area-479,2,0
Area-480,3,0
Area-481,0,0
Area-482,0,0
Area-483,0,0
Area-484,0,0
Area-485,3,0
Area-486,0,0
Area-487,0,0
Area-488,0,0
Area-489,0,0
Area-490,0,0
Area-491,0,0
Area-492,0,0
Area-493,0,0
Area-494,0,0
Area-495,0,0
Area-496,0,0
Area-497,0,0
Area-498,0,0
Area-499,0,0
Area-500,0,0
Area-501,0,0
Area-502,0,0
Area-503,0,0
Area-504,1,0
Area-505,0,0
Area-506,0,0
Area-507,0,0
Area-508,0,0
Area-509,0,0
Area-510,0,0
Area-511,0,0
Area-512,0,0
Area-513,0,0
Area-514,0,0
Area-515,0,0
Area-516,0,0
Area-517,0,0
Area-518,0,0
Area-519,0,0
Area-520,0,0
Area-521,6,1
Area-522,0,1
Area-523,0,1
Area-524,0,0
Area-525,1,0
Area-526,0,0
Area-527,0,0
Area-528,1,0
Area-529,0,0
Area-530,0,0
Area-531,0,0
Area-532,0,0
Area-533,0,0
Area-534,0,0
Area-535,0,0
Area-536,2,0
Area-537,3,0
Area-538,0,0
Area-539,0,0
Area-540,0,0
Area-541,0,0
Area-542,0,0
Area-543,0,0
Area-544,0,1
Area-545,0,1
Area-546,0,1
Area-547,0,1
Area-548,0,1
Area-549,0,1
Area-550,0,1
Area-551,1,0
Area-552,0,0
Area-553,0,0
Area-554,0,0
Area-555,0,0
Area-556,0,0
Area-557,0,0
Area-558,0,0
Area-559,0,0
Area-560,0,0
Area-561,0,0
Area-562,0,0
Area-563,0,0
Area-564,0,0
Area-565,0,0
Area-566,0,0
Area-567,0,0
Area-568,0,0
Area-569,0,0
Area-570,0,0
Area-571,1,0
Area-572,0,0
Area-573,0,0
Area-574,0,0
Area-575,0,0
Area-576,0,0
Area-577,0,0
Area-578,0,0
Area-579,0,0
Area-580,0,0
Area-581,0,0
Area-582,0,0
Area-583,0,0
Area-584,0,0
Area-585,0,0
Area-586,0,0
Area-587,0,0
Area-588,0,0
Area-589,0,0
Area-590,0,0
Area-591,0,0
Area-592,0,0
Area-593,0,0
Area-594,0,1
Area-595,0,1
Area-596,0,1
Area-597,0,1
Area-598,0,1
Area-599,0,1
Area-600,1,1
Area-601,8,1
Area-602,0,0
Area-603,0,0
Area-604,0,0
Area-605,0,0
Area-606,0,0
Area-607,0,0
Area-608,0,0
Area-609,0,0
Area-610,0,0
Area-611,0,0
Area-612,0,0
Area-613,0,0
Area-614,0,0
Area-615,0,0
Area-616,0,0
Area-617,0,0
Area-618,0,0
Area-619,0,0
Area-620,0,1
Area-621,0,1
Area-622,0,0
Area-623,1,0
Area-624,0,0
Area-625,0,0
Area-626,2,0
Area-627,0,0
Area-628,0,0
Area-629,0,0
Area-630,1,0
Area-631,0,0
Area-632,1,0
Area-633,0,0
Area-634,0,0
Area-635,0,0
Area-636,0,0
Area-637,0,0
Area-638,0,0
Area-639,1,0
Area-640,2,0
Area-641,1,0
Area-642,0,0
Area-643,0,0
Area-644,0,1
Area-645,0,1
Area-646,0,1
Area-647,0,1
Area-648,0,1
Area-649,0,1
Area-650,0,1
Area-651,1,1
Area-652,1,0
Area-653,0,0
Area-654,0,0
Area-655,0,0
Area-656,0,0
Area-657,0,0
Area-658,0,0
Area-659,0,0
Area-660,0,0
Area-661,0,0
Area-662,0,0
Area-663,0,0
Area-664,0,0
Area-665,0,0
Area-666,0,0
Area-667,0,0
Area-668,0,0
Area-669,0,0
Area-670,0,1
Area-671,0,1
Area-672,0,0
Area-673,2,0
Area-674,8,0
Area-675,6,0
Area-676,0,0
Area-677,0,0
Area-678,0,0
Area-679,0,0
Area-680,0,0
Area-681,0,0
Area-682,1,0
Area-683,0,0
Area-684,0,0
Area-685,0,0
Area-686,0,0
Area-687,0,0
Area-688,0,0
Area-689,0,0
Area-690,0,0
Area-691,1,0
Area-692,2,0
Area-693,2,0
Area-694,1,0
Area-695,0,1
Area-696,0,1
Area-697,0,1
Area-698,0,1
Area-699,0,1
Area-700,0,1
Area-701,1,1
Area-702,2,1
Area-703,0,0
Area-704,0,0
Area-705,0,0
Area-706,0,0
Area-707,0,0
Area-708,0,0
Area-709,0,0
Area-710,0,0
Area-711,0,0
Area-712,0,0
Area-713,0,0
Area-714,0,0
Area-715,0,0
Area-716,0,0
Area-717,0,0
Area-718,0,0
Area-719,0,0
Area-720,0,1
Area-721,0,1
Area-722,0,1
Area-723,2,0
Area-724,1,0
Area-725,1,0
Area-726,1,1
Area-727,3,1
Area-728,0,0
Area-729,0,0
Area-730,0,0
Area-731,0,0
Area-732,3,0
Area-733,0,0
Area-734,0,0
Area-735,0,0
Area-736,0,0
Area-737,0,0
Area-738,0,0
Area-739,0,0
Area-740,0,0
Area-741,0,0
Area-742,0,0
Area-743,1,0
Area-744,8,0
Area-745,0,1
Area-746,0,1
Area-747,0,1
Area-748,0,1
Area-749,0,2
Area-750,0,1
Area-751,1,1
Area-752,7,1
Area-753,0,0
Area-754,1,0
Area-755,1,0
Area-756,2,0
Area-757,0,0
Area-758,0,0
Area-759,0,0
Area-760,0,0
Area-761,0,0
Area-762,0,0
Area-763,0,0
Area-764,0,0
Area-765,0,0
Area-766,0,0
Area-767,0,0
Area-768,0,0
Area-769,0,0
Area-770,0,1
Area-771,0,1
Area-772,0,2
Area-773,1,1
Area-774,0,1
Area-775,2,0
Area-776,0,1
Area-777,2,1
Area-778,0,0
Area-779,0,0
Area-780,1,0
Area-781,0,0
Area-782,2,0
Area-783,0,0
Area-784,0,0
Area-785,0,0
Area-786,0,0
Area-787,0,0
Area-788,0,0
Area-789,0,0
Area-790,0,0
Area-791,0,0
Area-792,0,0
Area-793,0,0
Area-794,1,0
Area-795,2,1
Area-796,4,1
Area-797,0,1
Area-798,0,1
Area-799,1,2
Area-800,0,1
Area-801,0,0
Area-802,0,0
Area-803,0,0
Area-804,0,0
Area-805,0,0
Area-806,0,0
Area-807,0,0
Area-808,0,0
Area-809,0,0
Area-810,0,0
Area-811,1,0
Area-812,0,0
Area-813,0,0
Area-814,0,0
Area-815,0,0
Area-816,0,0
Area-817,0,0
Area-818,0,0
Area-819,0,0
Area-820,0,0
Area-821,0,0
Area-822,0,2
Area-823,0,1
Area-824,0,1
Area-825,0,0
Area-826,0,0
Area-827,0,0
Area-828,2,0
Area-829,0,0
Area-830,0,0
Area-831,0,0
Area-832,0,0
Area-833,0,0
Area-834,0,0
Area-835,0,0
Area-836,0,0
Area-837,0,0
Area-838,0,0
Area-839,0,0
Area-840,0,0
Area-841,0,0
Area-842,0,0
Area-843,0,0
Area-844,4,0
Area-845,0,0
Area-846,1,0
Area-847,0,0
Area-848,0,0
Area-849,0,0
Area-850,0,0
Area-851,0,0
Area-852,1,0
Area-853,0,0
Area-854,0,0
Area-855,0,0
Area-856,1,0
Area-857,3,0
Area-858,0,0
Area-859,0,0
Area-860,0,0
Area-861,1,0
Area-862,0,0
Area-863,0,0
Area-864,0,0
Area-865,0,0
Area-866,0,0
Area-867,0,0
Area-868,0,0
Area-869,0,0
Area-870,0,0
Area-871,0,0
Area-872,0,0
Area-873,1,0
Area-874,3,0
Area-875,1,0
Area-876,0,0
Area-877,0,0
Area-878,0,0
Area-879,0,0
Area-880,0,0
Area-881,0,0
Area-882,0,0
Area-883,0,0
Area-884,0,0
Area-885,0,0
Area-886,0,0
Area-887,0,0
Area-888,0,0
Area-889,0,0
Area-890,0,0
Area-891,0,0
Area-892,0,0
Area-893,0,0
Area-894,1,0
Area-895,0,0
Area-896,0,0
Area-897,1,0
Area-898,0,0
Area-899,0,0
Area-900,0,0
Area-901,0,0
Area-902,3,0
Area-903,0,0
Area-904,0,0
Area-905,4,0
Area-906,2,0
Area-907,0,0
Area-908,0,0
Area-909,0,0
Area-910,0,0
Area-911,0,0
Area-912,0,0
Area-913,0,0
Area-914,0,0
Area-915,0,0
Area-916,0,0
Area-917,0,0
Area-918,0,0
Area-919,0,0
Area-920,0,0
Area-921,0,0
Area-922,0,0
Area-923,7,0
Area-924,3,0
Area-925,0,1
Area-926,0,1
Area-927,0,1
Area-928,0,1
Area-929,0,0
Area-930,1,0
Area-931,1,0
Area-932,2,0
Area-933,0,0
Area-934,0,0
Area-935,0,0
Area-936,0,0
Area-937,0,0
Area-938,0,0
Area-939,0,0
Area-940,0,0
Area-941,0,0
Area-942,0,0
Area-943,0,0
Area-944,0,0
Area-945,0,0
Area-946,0,0
Area-947,0,0
Area-948,2,0
Area-949,0,0
Area-950,0,0
Area-951,3,0
Area-952,0,0
Area-953,0,0
Area-954,0,0
Area-955,0,0
Area-956,0,0
Area-957,0,0
Area-958,0,0
Area-959,0,0
Area-960,2,0
Area-961,1,0
Area-962,1,0
Area-963,1,0
Area-964,1,0
Area-965,2,0
Area-966,0,0
Area-967,0,0
Area-968,0,0
Area-969,0,0
Area-970,0,0
Area-971,1,0
Area-972,0,0
Area-973,0,0
Area-974,3,1
Area-975,0,1
Area-976,5,1
Area-977,0,1
Area-978,0,1
Area-979,0,0
Area-980,0,0
Area-981,0,0
Area-982,0,0
Area-983,0,0
Area-984,0,0
Area-985,0,0
Area-986,0,0
Area-987,0,0
Area-988,0,0
Area-989,0,0
Area-990,0,0
Area-991,0,0
Area-992,0,0
Area-993,2,0
Area-994,0,0
Area-995,0,0
Area-996,0,0
Area-997,0,1
Area-998,0,1
Area-999,0,0
Area-1000,0,1
Area-1001,1,1
Area-1002,1,2
Area-1003,1,1
Area-1004,1,0
Area-1005,4,1
Area-1006,2,0
Area-1007,3,1
Area-1008,4,1
Area-1009,4,0
Area-1010,1,0
Area-1011,0,0
Area-1012,0,0
Area-1013,0,0
Area-1014,0,0
Area-1015,0,0
Area-1016,0,0
Area-1017,0,0
Area-1018,16,1
Area-1019,1,0
Area-1020,1,0
Area-1021,1,0
Area-1022,5,0
Area-1023,0,0
Area-1024,0,1
Area-1025,0,0
Area-1026,0,0
Area-1027,0,0
Area-1028,0,0
Area-1029,0,0
Area-1030,2,0
Area-1031,1,0
Area-1032,0,0
Area-1033,0,0
Area-1034,0,0
Area-1035,0,0
Area-1036,0,0
Area-1037,0,0
Area-1038,0,0
Area-1039,0,0
Area-1040,1,0
Area-1041,0,0
Area-1042,0,0
Area-1043,0,0
Area-1044,0,1
Area-1045,1,1
Area-1046,0,0
Area-1047,3,1
Area-1048,4,1
Area-1049,1,2
Area-1050,0,0
Area-1051,4,0
Area-1052,2,0
Area-1053,0,0
Area-1054,0,1
Area-1055,0,1
Area-1056,0,0
Area-1057,1,0
Area-1058,0,0
Area-1059,0,0
Area-1060,0,0
Area-1061,0,0
Area-1062,0,0
Area-1063,0,0
Area-1064,0,0
Area-1065,0,1
Area-1066,1,1
Area-1067,4,0
Area-1068,0,0
Area-1069,0,0
Area-1070,0,0
Area-1071,1,1
Area-1072,4,0
Area-1073,2,0
Area-1074,3,0
Area-1075,1,1
Area-1076,0,0
Area-1077,1,0
Area-1078,0,0
Area-1079,0,0
Area-1080,4,0
Area-1081,7,0
Area-1082,0,0
Area-1083,0,0
Area-1084,0,0
Area-1085,0,0
Area-1086,0,0
Area-1087,0,0
Area-1088,1,0
Area-1089,0,0
Area-1090,2,0
Area-1091,1,0
Area-1092,2,0
Area-1093,0,0
Area-1094,0,0
Area-1095,1,0
Area-1096,0,0
Area-1097,0,0
Area-1098,1,0
Area-1099,2,0
Area-1100,3,0
Area-1101,1,1
Area-1102,1,1
Area-1103,1,0
Area-1104,1,0
Area-1105,0,0
Area-1106,0,0
Area-1107,0,0
Area-1108,0,0
Area-1109,0,0
Area-1110,0,0
Area-1111,0,0
Area-1112,0,0
Area-1113,0,1
Area-1114,1,1
Area-1115,0,0
Area-1116,2,0
Area-1117,0,0
Area-1118,0,0
Area-1119,0,0
Area-1120,0,0
Area-1121,7,0
Area-1122,3,0
Area-1123,4,1
Area-1124,0,0
Area-1125,0,0
Area-1126,0,0
Area-1127,0,0
Area-1128,2,0
Area-1129,0,0
Area-1130,0,0
Area-1131,2,0
Area-1132,1,0
Area-1133,2,0
Area-1134,1,1
Area-1135,5,1
Area-1136,2,0
Area-1137,2,0
Area-1138,2,0
Area-1139,0,1
Area-1140,1,0
Area-1141,0,0
Area-1142,1,0
Area-1143,1,0
Area-1144,2,0
Area-1145,0,0
Area-1146,0,0
Area-1147,2,0
Area-1148,2,0
Area-1149,1,1
Area-1150,2,2
Area-1151,1,0
Area-1152,0,1
Area-1153,0,0
Area-1154,0,0
Area-1155,0,0
Area-1156,1,0
Area-1157,0,0
Area-1158,0,0
Area-1159,0,0
Area-1160,0,0
Area-1161,1,1
Area-1162,3,0
Area-1163,0,0
Area-1164,1,0
Area-1165,1,0
Area-1166,0,0
Area-1167,8,1
Area-1168,3,1
Area-1169,1,0
Area-1170,3,0
Area-1171,4,0
Area-1172,2,0
Area-1173,1,0
Area-1174,0,0
Area-1175,0,0
Area-1176,0,0
Area-1177,0,0
Area-1178,0,0
Area-1179,0,0
Area-1180,0,0
Area-1181,0,1
Area-1182,0,1
Area-1183,7,0
Area-1184,4,0
Area-1185,2,0
Area-1186,2,0
Area-1187,1,0
Area-1188,0,0
Area-1189,0,0
Area-1190,1,1
Area-1191,4,1
Area-1192,1,1
Area-1193,0,0
Area-1194,0,0
Area-1195,1,0
Area-1196,2,1
Area-1197,5,1
Area-1198,0,0
Area-1199,2,0
Area-1200,2,0
Area-1201,0,0
Area-1202,0,0
Area-1203,0,0
Area-1204,0,0
Area-1205,0,0
Area-1206,0,0
Area-1207,3,1
Area-1208,1,1
Area-1209,0,1
Area-1210,0,0
Area-1211,1,0
Area-1212,4,0
Area-1213,1,1
Area-1214,0,1
Area-1215,4,0
Area-1216,3,0
Area-1217,6,0
Area-1218,0,0
Area-1219,0,0
Area-1220,0,0
Area-1221,0,0
Area-1222,0,0
Area-1223,0,0
Area-1224,0,0
Area-1225,0,0
Area-1226,0,0
Area-1227,0,0
Area-1228,1,0
Area-1229,0,0
Area-1230,0,1
Area-1231,0,1
Area-1232,1,0
Area-1233,1,0
Area-1234,2,0
Area-1235,1,1
Area-1236,5,1
Area-1237,5,1
Area-1238,3,1
Area-1239,1,0
Area-1240,2,0
Area-1241,1,0
Area-1242,0,1
Area-1243,0,0
Area-1244,1,0
Area-1245,1,0
Area-1246,0,0
Area-1247,0,0
Area-1248,1,0
Area-1249,0,0
Area-1250,0,0
Area-1251,0,0
Area-1252,0,0
Area-1253,0,1
Area-1254,0,1
Area-1255,2,1
Area-1256,0,1
Area-1257,4,0
Area-1258,9,0
Area-1259,3,0
Area-1260,2,0
Area-1261,0,0
Area-1262,2,0
Area-1263,1,0
Area-1264,0,0
Area-1265,0,0
Area-1266,0,1
Area-1267,0,0
Area-1268,0,0
Area-1269,0,0
Area-1270,0,0
Area-1271,0,0
Area-1272,0,0
Area-1273,0,0
Area-1274,0,0
Area-1275,1,0
Area-1276,1,1
Area-1277,0,1
Area-1278,1,0
Area-1279,2,0
Area-1280,7,0
Area-1281,0,0
Area-1282,0,0
Area-1283,4,0
Area-1284,4,0
Area-1285,0,0
Area-1286,1,1
Area-1287,1,0
Area-1288,3,0
Area-1289,1,0
Area-1290,2,1
Area-1291,0,1
Area-1292,2,0
Area-1293,1,0
Area-1294,0,0
Area-1295,0,0
Area-1296,0,0
Area-1297,0,0
Area-1298,0,0
Area-1299,0,1
Area-1300,0,0
Area-1301,2,1
Area-1302,3,0
Area-1303,3,0
Area-1304,5,0
Area-1305,3,0
Area-1306,2,0
Area-1307,0,0
Area-1308,1,0
Area-1309,3,0
Area-1310,0,0
Area-1311,0,2
Area-1312,0,2
Area-1313,0,0
Area-1314,0,0
Area-1315,0,0
Area-1316,0,0
Area-1317,0,0
Area-1318,3,0
Area-1319,1,0
Area-1320,0,0
Area-1321,0,0
Area-1322,0,0
Area-1323,3,0
Area-1324,2,0
Area-1325,1,0
Area-1326,3,0
Area-1327,3,0
Area-1328,3,1
Area-1329,1,1
Area-1330,0,0
Area-1331,3,0
Area-1332,1,0
Area-1333,1,0
Area-1334,1,0
Area-1335,4,1
Area-1336,1,2
Area-1337,0,1
Area-1338,5,0
Area-1339,0,0
Area-1340,0,0
Area-1341,0,0
Area-1342,0,0
Area-1343,2,1
Area-1344,0,0
Area-1345,0,0
Area-1346,0,0
Area-1347,0,0
Area-1348,1,0
Area-1349,1,0
Area-1350,0,0
Area-1351,0,0
Area-1352,1,0
Area-1353,4,0
Area-1354,0,0
Area-1355,0,1
Area-1356,0,1
Area-1357,0,0
Area-1358,0,0
Area-1359,0,0
Area-1360,0,0
Area-1361,1,0
Area-1362,0,0
Area-1363,1,0
Area-1364,1,1
Area-1365,0,1
Area-1366,0,0
Area-1367,2,0
Area-1368,2,0
Area-1369,0,0
Area-1370,1,0
Area-1371,1,0
Area-1372,1,1
Area-1373,2,1
Area-1374,0,0
Area-1375,3,1
Area-1376,5,1
Area-1377,1,0
Area-1378,0,0
Area-1379,0,0
Area-1380,0,1
Area-1381,0,1
Area-1382,1,1
Area-1383,7,0
Area-1384,0,0
Area-1385,0,0
Area-1386,0,0
Area-1387,0,1
Area-1388,0,1
Area-1389,0,1
Area-1390,0,1
Area-1391,0,0
Area-1392,3,0
Area-1393,1,0
Area-1394,0,0
Area-1395,5,0
Area-1396,0,1
Area-1397,1,1
Area-1398,1,0
Area-1399,0,1
Area-1400,0,1
Area-1401,0,1
Area-1402,0,0
Area-1403,0,0
Area-1404,0,0
Area-1405,0,0
Area-1406,0,0
Area-1407,0,1
Area-1408,1,1
Area-1409,0,1
Area-1410,0,0
Area-1411,0,0
Area-1412,0,0
Area-1413,2,1
Area-1414,1,0
Area-1415,2,0
Area-1416,1,0
Area-1417,4,0
Area-1418,0,1
Area-1419,0,2
Area-1420,4,1
Area-1421,1,1
Area-1422,0,2
Area-1423,0,0
Area-1424,0,2
Area-1425,0,1
Area-1426,1,2
Area-1427,3,0
Area-1428,0,0
Area-1429,0,0
Area-1430,0,0
Area-1431,0,1
Area-1432,0,1
Area-1433,0,1
Area-1434,0,0
Area-1435,2,1
Area-1436,2,1
Area-1437,0,1
Area-1438,0,0
Area-1439,1,0
Area-1440,0,0
Area-1441,4,0
Area-1442,0,1
Area-1443,0,1
Area-1444,0,1
Area-1445,0,1
Area-1446,0,0
Area-1447,0,0
Area-1448,1,0
Area-1449,1,0
Area-1450,3,1
Area-1451,4,0
Area-1452,0,0
Area-1453,0,0
Area-1454,0,1
Area-1455,1,0
Area-1456,0,0
Area-1457,0,0
Area-1458,0,0
Area-1459,1,0
Area-1460,2,0
Area-1461,1,1
Area-1462,1,1
Area-1463,1,1
Area-1464,0,1
Area-1465,0,1
Area-1466,1,1
Area-1467,1,2
Area-1468,0,2
Area-1469,1,3
Area-1470,4,0
Area-1471,0,0
Area-1472,0,0
Area-1473,0,0
Area-1474,2,1
Area-1475,0,1
Area-1476,1,0
Area-1477,3,1
Area-1478,3,0
Area-1479,1,0
Area-1480,2,0
Area-1481,2,0
Area-1482,1,0
Area-1483,2,0
Area-1484,0,0
Area-1485,0,0
Area-1486,0,1
Area-1487,0,0
Area-1488,0,0
Area-1489,4,1
Area-1490,0,1
Area-1491,1,0
Area-1492,1,0
Area-1493,3,0
Area-1494,0,0
Area-1495,1,1
Area-1496,0,0
Area-1497,1,0
Area-1498,0,0
Area-1499,0,0
Area-1500,1,0
Area-1501,2,0
Area-1502,2,0
Area-1503,1,0
Area-1504,3,0
Area-1505,1,0
Area-1506,2,0
Area-1507,0,0
Area-1508,2,0
Area-1509,0,0
Area-1510,0,3
Area-1511,1,0
Area-1512,0,0
Area-1513,0,0
Area-1514,0,0
Area-1515,0,1
Area-1516,0,1
Area-1517,0,1
Area-1518,1,1
Area-1519,2,0
Area-1520,0,0
Area-1521,4,0
Area-1522,0,0
Area-1523,4,0
Area-1524,2,0
Area-1525,0,0
Area-1526,0,0
Area-1527,0,0
Area-1528,0,0
Area-1529,0,1
Area-1530,0,0
Area-1531,0,0
Area-1532,3,0
Area-1533,0,0
Area-1534,1,1
Area-1535,0,1
Area-1536,1,0
Area-1537,1,0
Area-1538,0,0
Area-1539,2,0
Area-1540,0,0
Area-1541,0,1
Area-1542,1,1
Area-1543,5,0
Area-1544,1,0
Area-1545,3,0
Area-1546,2,1
Area-1547,1,1
Area-1548,1,0
Area-1549,1,0
Area-1550,0,0
Area-1551,0,1
Area-1552,0,1
Area-1553,0,1
Area-1554,1,1
Area-1555,0,0
Area-1556,0,0
Area-1557,0,0
Area-1558,0,1
Area-1559,1,2
Area-1560,2,2
Area-1561,2,1
Area-1562,1,0
Area-1563,1,0
Area-1564,0,0
Area-1565,2,0
Area-1566,1,0
Area-1567,3,0
Area-1568,2,0
Area-1569,1,0
Area-1570,4,0
Area-1571,0,0
Area-1572,0,1
Area-1573,0,1
Area-1574,5,1
Area-1575,10,0
Area-1576,1,0
Area-1577,2,0
Area-1578,2,0
Area-1579,2,0
Area-1580,3,0
Area-1581,0,0
Area-1582,2,0
Area-1583,0,1
Area-1584,4,0
Area-1585,0,0
Area-1586,2,1
Area-1587,3,0
Area-1588,3,1
Area-1589,2,2
Area-1590,4,0
Area-1591,2,0
Area-1592,0,2
Area-1593,0,0
Area-1594,0,1
Area-1595,1,1
Area-1596,0,1
Area-1597,1,1
Area-1598,0,0
Area-1599,0,0
Area-1600,0,0
Area-1601,0,1
Area-1602,0,1
Area-1603,0,1
Area-1604,3,2
Area-1605,1,1
Area-1606,9,0
Area-1607,1,0
Area-1608,1,0
Area-1609,2,0
Area-1610,3,0
Area-1611,4,0
Area-1612,1,1
Area-1613,3,1
Area-1614,3,0
Area-1615,2,1
Area-1616,7,2
Area-1617,0,0
Area-1618,0,1
Area-1619,0,0
Area-1620,0,1
Area-1621,0,1
Area-1622,0,0
Area-1623,0,0
Area-1624,0,0
Area-1625,0,0
Area-1626,2,0
Area-1627,1,0
Area-1628,1,2
Area-1629,0,0
Area-1630,2,1
Area-1631,1,1
Area-1632,1,0
Area-1633,3,0
Area-1634,1,1
Area-1635,2,0
Area-1636,0,1
Area-1637,0,2
Area-1638,4,1
Area-1639,2,1
Area-1640,3,0
Area-1641,0,0
Area-1642,0,1
Area-1643,0,0
Area-1644,0,0
Area-1645,0,0
Area-1646,0,1
Area-1647,0,3
Area-1648,0,1
Area-1649,0,1
Area-1650,2,1
Area-1651,0,0
Area-1652,1,0
Area-1653,7,0
Area-1654,1,0
Area-1655,1,0
Area-1656,0,0
Area-1657,2,0
Area-1658,0,1
Area-1659,3,1
Area-1660,2,0
Area-1661,0,0
Area-1662,0,0
Area-1663,0,0
Area-1664,0,1
Area-1665,0,1
Area-1666,1,1
Area-1667,2,0
Area-1668,0,0
Area-1669,0,1
Area-1670,0,1
Area-1671,0,0
Area-1672,0,0
Area-1673,0,0
Area-1674,1,0
Area-1675,1,0
Area-1676,1,0
Area-1677,2,0
Area-1678,0,0
Area-1679,2,0
Area-1680,3,0
Area-1681,2,2
Area-1682,2,1
Area-1683,0,1
Area-1684,2,1
Area-1685,2,1
Area-1686,1,2
Area-1687,0,0
Area-1688,1,4
Area-1689,0,0
Area-1690,0,0
Area-1691,0,0
Area-1692,0,2
Area-1693,0,2
Area-1694,2,0
Area-1695,2,0
Area-1696,4,1
Area-1697,0,1
Area-1698,0,0
Area-1699,3,0
Area-1700,4,0
Area-1701,0,0
Area-1702,0,0
Area-1703,1,0
Area-1704,1,0
Area-1705,2,0
Area-1706,1,0
Area-1707,0,0
Area-1708,2,1
Area-1709,0,0
Area-1710,0,0
Area-1711,0,0
Area-1712,2,0
Area-1713,1,0
Area-1714,0,0
Area-1715,0,0
Area-1716,0,1
Area-1717,0,1
Area-1718,2,1
Area-1719,1,0
Area-1720,0,0
Area-1721,3,0
Area-1722,0,0
Area-1723,1,0
Area-1724,1,0
Area-1725,8,0
Area-1726,0,0
Area-1727,3,2
Area-1728,1,0
Area-1729,2,0
Area-1730,0,1
Area-1731,3,1
Area-1732,1,1
Area-1733,0,0
Area-1734,0,3
Area-1735,0,0
Area-1736,0,0
Area-1737,0,0
Area-1738,0,1
Area-1739,0,1
Area-1740,1,1
Area-1741,1,0
Area-1742,0,0
Area-1743,4,1
Area-1744,3,2
Area-1745,2,1
Area-1746,3,0
Area-1747,1,0
Area-1748,6,0
Area-1749,1,1
Area-1750,1,1
Area-1751,0,0
Area-1752,1,0
Area-1753,3,0
Area-1754,1,1
Area-1755,0,1
Area-1756,1,0
Area-1757,0,0
Area-1758,0,0
Area-1759,2,0
Area-1760,1,0
Area-1761,1,0
Area-1762,0,0
Area-1763,1,0
Area-1764,1,2
Area-1765,0,3
Area-1766,0,2
Area-1767,0,1
Area-1768,0,0
Area-1769,1,0
Area-1770,1,0
Area-1771,0,0
Area-1772,1,0
Area-1773,6,0
Area-1774,1,1
Area-1775,3,0
Area-1776,1,0
Area-1777,1,1
Area-1778,0,1
Area-1779,2,0
Area-1780,1,0
Area-1781,2,2
Area-1782,1,1
Area-1783,0,0
Area-1784,0,0
Area-1785,0,2
Area-1786,2,2
Area-1787,1,0
Area-1788,2,0
Area-1789,3,0
Area-1790,2,0
Area-1791,8,1
Area-1792,2,1
Area-1793,0,0
Area-1794,0,0
Area-1795,4,0
Area-1796,3,0
Area-1797,0,0
Area-1798,2,0
Area-1799,1,0
Area-1800,1,0
Area-1801,0,1
Area-1802,1,1
Area-1803,8,0
Area-1804,2,0
Area-1805,2,0
Area-1806,3,0
Area-1807,0,0
Area-1808,1,0
Area-1809,4,0
Area-1810,1,0
Area-1811,0,0
Area-1812,0,3
Area-1813,0,2
Area-1814,1,0
Area-1815,2,0
Area-1816,1,1
Area-1817,0,1
Area-1818,0,0
Area-1819,4,0
Area-1820,1,0
Area-1821,1,0
Area-1822,5,0
Area-1823,0,0
Area-1824,5,0
Area-1825,0,0
Area-1826,0,0
Area-1827,1,1
Area-1828,0,0
Area-1829,2,0
Area-1830,0,0
Area-1831,0,0
Area-1832,0,3
Area-1833,2,3
Area-1834,0,0
Area-1835,1,0
Area-1836,4,0
Area-1837,7,0
Area-1838,2,0
Area-1839,2,0
Area-1840,2,0
Area-1841,2,0
Area-1842,3,1
Area-1843,2,1
Area-1844,2,0
Area-1845,2,0
Area-1846,2,0
Area-1847,1,0
Area-1848,0,0
Area-1849,0,0
Area-1850,0,0
Area-1851,1,0
Area-1852,1,0
Area-1853,4,0
Area-1854,2,0
Area-1855,2,0
Area-1856,0,0
Area-1857,0,0
Area-1858,2,0
Area-1859,1,0
Area-1860,0,1
Area-1861,0,0
Area-1862,3,0
Area-1863,2,0
Area-1864,0,0
Area-1865,2,0
Area-1866,4,0
Area-1867,7,0
Area-1868,10,0
Area-1869,3,0
Area-1870,5,0
Area-1871,1,0
Area-1872,0,0
Area-1873,2,2
Area-1874,3,2
Area-1875,1,1
Area-1876,0,0
Area-1877,0,0
Area-1878,0,0
Area-1879,0,2
Area-1880,1,1
Area-1881,0,0
Area-1882,1,0
Area-1883,3,0
Area-1884,2,0
Area-1885,2,0
Area-1886,1,0
Area-1887,4,0
Area-1888,4,0
Area-1889,3,1
Area-1890,2,1
Area-1891,2,1
Area-1892,2,0
Area-1893,0,1
Area-1894,1,0
Area-1895,1,0
Area-1896,4,0
Area-1897,2,0
Area-1898,3,0
Area-1899,1,0
Area-1900,7,0
Area-1901,1,0
Area-1902,1,0
Area-1903,2,0
Area-1904,5,0
Area-1905,2,0
Area-1906,8,0
Area-1907,5,1
Area-1908,0,1
Area-1909,0,1
Area-1910,0,0
Area-1911,2,0
Area-1912,2,0
Area-1913,3,1
Area-1914,3,0
Area-1915,4,0
Area-1916,3,0
Area-1917,3,0
Area-1918,1,0
Area-1919,2,0
Area-1920,1,0
Area-1921,4,1
Area-1922,1,0
Area-1923,3,0
Area-1924,0,0
Area-1925,0,0
Area-1926,0,0
Area-1927,1,1
Area-1928,1,0
Area-1929,1,0
Area-1930,1,0
Area-1931,5,1
Area-1932,2,0
Area-1933,2,0
Area-1934,2,0
Area-1935,5,0
Area-1936,5,0
Area-1937,1,0
Area-1938,0,0
Area-1939,5,0
Area-1940,1,0
Area-1941,8,0
Area-1942,2,0
Area-1943,2,0
Area-1944,10,0
Area-1945,3,0
Area-1946,2,0
Area-1947,3,0
Area-1948,3,0
Area-1949,8,0
Area-1950,11,0
Area-1951,7,0
Area-1952,6,0
Area-1953,0,0
Area-1954,5,1
Area-1955,1,1
Area-1956,1,0
Area-1957,2,0
Area-1958,2,0
Area-1959,1,4
Area-1960,2,3
Area-1961,3,0
Area-1962,0,0
Area-1963,5,0
Area-1964,6,0
Area-1965,3,0
Area-1966,0,1
Area-1967,11,2
Area-1968,2,0
Area-1969,0,1
Area-1970,0,1
Area-1971,2,0
Area-1972,0,0
Area-1973,0,0
Area-1974,0,2
Area-1975,4,2
Area-1976,2,0
Area-1977,3,0
Area-1978,1,0
Area-1979,0,1
Area-1980,0,0
Area-1981,6,0
Area-1982,9,0
Area-1983,4,0
Area-1984,5,0
Area-1985,5,0
Area-1986,3,0
Area-1987,4,0
Area-1988,4,0
Area-1989,4,0
Area-1990,3,0
Area-1991,4,0
Area-1992,3,0
Area-1993,1,0
Area-1994,4,0
Area-1995,4,0
Area-1996,3,0
Area-1997,2,0
Area-1998,3,0
Area-1999,1,0
Area-2000,0,0
Area-2001,0,0
Area-2002,1,0
Area-2003,0,1
Area-2004,0,1
Area-2005,2,1
Area-2006,2,3
Area-2007,1,5
Area-2008,5,1
Area-2009,9,2
Area-2010,3,1
Area-2011,6,1
Area-2012,3,1
Area-2013,3,1
Area-2014,6,1
Area-2015,8,2
Area-2016,5,1
Area-2017,1,1
Area-2018,0,0
Area-2019,1,0
Area-2020,0,0
Area-2021,0,0
Area-2022,0,0
Area-2023,0,2
Area-2024,0,3
Area-2025,8,1
Area-2026,3,0
Area-2027,3,0
Area-2028,2,0
Area-2029,9,0
Area-2030,3,0
Area-2031,6,0
Area-2032,6,0
Area-2033,2,0
Area-2034,9,0
Area-2035,1,0
Area-2036,2,0
Area-2037,2,0
Area-2038,0,0
Area-2039,1,0
Area-2040,0,0
Area-2041,4,0
Area-2042,0,0
Area-2043,1,0
Area-2044,0,0
Area-2045,3,0
Area-2046,5,0
Area-2047,1,0
Area-2048,1,0
Area-2049,0,0
Area-2050,0,0
Area-2051,0,0
Area-2052,0,1
Area-2053,0,2
Area-2054,0,3
Area-2055,0,7
Area-2056,2,3
Area-2057,3,1
Area-2058,4,1
Area-2059,4,1
Area-2060,2,1
Area-2061,1,0
Area-2062,3,0
Area-2063,2,0
Area-2064,0,0
Area-2065,1,0
Area-2066,1,0
Area-2067,0,0
Area-2068,1,0
Area-2069,0,0
Area-2070,0,0
Area-2071,0,0
Area-2072,0,2
Area-2073,10,2
Area-2074,6,0
Area-2075,6,0
Area-2076,5,0
Area-2077,3,0
Area-2078,6,0
Area-2079,2,0
Area-2080,0,0
Area-2081,4,0
Area-2082,5,0
Area-2083,0,0
Area-2084,0,0
Area-2085,0,0
Area-2086,0,0
Area-2087,0,1
Area-2088,0,1
Area-2089,0,0
Area-2090,0,0
Area-2091,2,0
Area-2092,0,0
Area-2093,0,0
Area-2094,0,0
Area-2095,3,0
Area-2096,8,0
Area-2097,3,0
Area-2098,0,0
Area-2099,0,1
Area-2100,0,3
Area-2101,3,4
Area-2102,4,3
Area-2103,0,2
Area-2104,0,1
Area-2105,1,0
Area-2106,0,0
Area-2107,2,1
Area-2108,5,1
Area-2109,4,0
Area-2110,0,0
Area-2111,6,0
Area-2112,2,0
Area-2113,5,0
Area-2114,4,0
Area-2115,2,1
Area-2116,4,0
Area-2117,0,0
Area-2118,0,0
Area-2119,0,0
Area-2120,0,0
Area-2121,0,0
Area-2122,0,1
Area-2123,0,1
Area-2124,0,1
Area-2125,4,1
Area-2126,2,0
Area-2127,0,0
Area-2128,1,0
Area-2129,3,0
Area-2130,0,0
Area-2131,1,1
Area-2132,1,1
Area-2133,0,0
Area-2134,5,0
Area-2135,4,0
Area-2136,0,0
Area-2137,3,0
Area-2138,1,0
Area-2139,1,1
Area-2140,2,1
Area-2141,2,0
Area-2142,6,0
Area-2143,2,0
Area-2144,2,0
Area-2145,1,1
Area-2146,5,0
Area-2147,3,2
Area-2148,6,0
Area-2149,0,0
Area-2150,2,1
Area-2151,1,5
Area-2152,0,6
Area-2153,3,5
Area-2154,0,1
Area-2155,0,0
Area-2156,1,0
Area-2157,1,0
Area-2158,3,0
Area-2159,2,0
Area-2160,2,0
Area-2161,0,1
Area-2162,0,0
Area-2163,1,0
Area-2164,1,0
Area-2165,0,0
Area-2166,0,1
Area-2167,0,0
Area-2168,0,0
Area-2169,1,0
Area-2170,0,0
Area-2171,0,0
Area-2172,0,0
Area-2173,0,0
Area-2174,0,0
Area-2175,0,1
Area-2176,0,1
Area-2177,0,1
Area-2178,0,1
Area-2179,0,1
Area-2180,0,1
Area-2181,0,1
Area-2182,0,1
Area-2183,4,1
Area-2184,1,0
Area-2185,0,0
Area-2186,1,0
Area-2187,2,0
Area-2188,1,0
Area-2189,2,0
Area-2190,1,0
Area-2191,4,0
Area-2192,6,0
Area-2193,4,0
Area-2194,0,0
Area-2195,2,2
Area-2196,2,1
Area-2197,0,0
Area-2198,1,0
Area-2199,1,0
Area-2200,2,0
Area-2201,0,1
Area-2202,0,0
Area-2203,1,1
Area-2204,0,0
Area-2205,1,2
Area-2206,0,0
Area-2207,0,1
Area-2208,0,5
Area-2209,0,4
Area-2210,2,3
Area-2211,0,2
Area-2212,2,0
Area-2213,0,0
Area-2214,1,1
Area-2215,0,0
Area-2216,3,0
Area-2217,4,0
Area-2218,1,0
Area-2219,1,0
Area-2220,1,0
Area-2221,1,1
Area-2222,1,0
Area-2223,1,1
Area-2224,0,0
Area-2225,0,0
Area-2226,1,0
Area-2227,0,0
Area-2228,1,0
Area-2229,0,1
Area-2230,0,1
Area-2231,0,0
Area-2232,0,0
Area-2233,0,0
Area-2234,0,0
Area-2235,0,1
Area-2236,0,1
Area-2237,0,1
Area-2238,1,1
Area-2239,0,2
Area-2240,0,2
Area-2241,0,2
Area-2242,0,1
Area-2243,1,1
Area-2244,5,1
Area-2245,2,1
Area-2246,1,0
Area-2247,0,0
Area-2248,2,1
Area-2249,1,1
Area-2250,2,0
Area-2251,0,0
Area-2252,1,0
Area-2253,3,1
Area-2254,3,1
Area-2255,1,0
Area-2256,0,1
Area-2257,0,0
Area-2258,0,0
Area-2259,2,0
Area-2260,2,0
Area-2261,0,0
Area-2262,1,1
Area-2263,0,0
Area-2264,1,1
Area-2265,1,0
Area-2266,1,1
Area-2267,0,1
Area-2268,0,2
Area-2269,0,3
Area-2270,0,3
Area-2271,1,3
Area-2272,0,0
Area-2273,0,0
Area-2274,2,0
Area-2275,1,3
Area-2276,1,0
Area-2277,2,0
Area-2278,4,0
Area-2279,0,0
Area-2280,0,0
Area-2281,0,0
Area-2282,1,1
Area-2283,1,0
Area-2284,0,0
Area-2285,0,0
Area-2286,0,0
Area-2287,1,1
Area-2288,0,1
Area-2289,0,0
Area-2290,1,1
Area-2291,1,1
Area-2292,0,0
Area-2293,0,0
Area-2294,0,0
Area-2295,0,0
Area-2296,0,0
Area-2297,0,1
Area-2298,0,1
Area-2299,0,1
Area-2300,0,1
Area-2301,0,1
Area-2302,1,1
Area-2303,0,1
Area-2304,0,1
Area-2305,0,2
Area-2306,0,2
Area-2307,0,2
Area-2308,0,1
Area-2309,2,0
Area-2310,0,0
Area-2311,0,0
Area-2312,1,0
Area-2313,2,1
Area-2314,2,1
Area-2315,2,0
Area-2316,1,0
Area-2317,3,1
Area-2318,0,1
Area-2319,1,0
Area-2320,1,0
Area-2321,0,0
Area-2322,2,0
Area-2323,1,0
Area-2324,0,0
Area-2325,0,0
Area-2326,1,0
Area-2327,2,0
Area-2328,0,0
Area-2329,0,2
Area-2330,1,2
Area-2331,0,1
Area-2332,0,3
Area-2333,0,3
Area-2334,1,2
Area-2335,1,2
Area-2336,0,0
Area-2337,0,0
Area-2338,0,0
Area-2339,0,0
Area-2340,0,1
Area-2341,0,1
Area-2342,1,0
Area-2343,6,0
Area-2344,1,0
Area-2345,2,0
Area-2346,0,0
Area-2347,1,1
Area-2348,0,1
Area-2349,1,0
Area-2350,0,0
Area-2351,7,0
Area-2352,0,0
Area-2353,7,0
Area-2354,5,0
Area-2355,1,0
Area-2356,0,0
Area-2357,0,0
Area-2358,0,0
Area-2359,0,0
Area-2360,0,0
Area-2361,0,0
Area-2362,0,0
Area-2363,0,0
Area-2364,0,1
Area-2365,0,1
Area-2366,0,1
Area-2367,0,1
Area-2368,0,1
Area-2369,1,1
Area-2370,0,1
Area-2371,0,1
Area-2372,0,2
Area-2373,0,2
Area-2374,1,0
Area-2375,0,0
Area-2376,2,0
Area-2377,1,0
Area-2378,1,0
Area-2379,3,1
Area-2380,2,1
Area-2381,2,0
Area-2382,1,0
Area-2383,3,0
Area-2384,8,0
Area-2385,0,0
Area-2386,0,0
Area-2387,1,0
Area-2388,1,1
Area-2389,2,0
Area-2390,1,0
Area-2391,1,0
Area-2392,0,0
Area-2393,0,0
Area-2394,0,0
Area-2395,0,1
Area-2396,0,1
Area-2397,0,2
Area-2398,0,3
Area-2399,0,2
Area-2400,0,1
Area-2401,1,1
Area-2402,1,0
Area-2403,0,0
Area-2404,0,0
Area-2405,0,0
Area-2406,0,0
Area-2407,1,0
Area-2408,0,0
Area-2409,0,0
Area-2410,3,0
Area-2411,6,0
Area-2412,4,0
Area-2413,3,0
Area-2414,6,0
Area-2415,4,0
Area-2416,3,0
Area-2417,1,1
Area-2418,1,0
Area-2419,1,0
Area-2420,0,0
Area-2421,0,0
Area-2422,1,0
Area-2423,2,1
Area-2424,1,0
Area-2425,1,0
Area-2426,4,0
Area-2427,0,0
Area-2428,0,0
Area-2429,0,0
Area-2430,0,0
Area-2431,0,0
Area-2432,0,0
Area-2433,0,2
Area-2434,0,1
Area-2435,0,1
Area-2436,0,1
Area-2437,0,1
Area-2438,0,1
Area-2439,0,1
Area-2440,1,2
Area-2441,2,2
Area-2442,0,2
Area-2443,4,2
Area-2444,1,0
Area-2445,2,0
Area-2446,0,0
Area-2447,4,0
Area-2448,1,0
Area-2449,1,1
Area-2450,1,1
Area-2451,4,0
Area-2452,1,0
Area-2453,2,0
Area-2454,2,0
Area-2455,0,0
Area-2456,1,0
Area-2457,2,0
Area-2458,6,1
Area-2459,1,0
Area-2460,3,0
Area-2461,1,0
Area-2462,0,0
Area-2463,3,0
Area-2464,1,0
Area-2465,0,2
Area-2466,0,1
Area-2467,3,2
Area-2468,1,1
Area-2469,0,1
Area-2470,1,1
Area-2471,2,0
Area-2472,1,0
Area-2473,0,0
Area-2474,0,0
Area-2475,1,0
Area-2476,1,0
Area-2477,3,0
Area-2478,2,0
Area-2479,2,1
Area-2480,3,0
Area-2481,4,0
Area-2482,0,1
Area-2483,1,1
Area-2484,1,0
Area-2485,3,0
Area-2486,2,1
Area-2487,0,3
Area-2488,0,0
Area-2489,0,1
Area-2490,0,1
Area-2491,0,0
Area-2492,0,1
Area-2493,0,1
Area-2494,10,1
Area-2495,3,0
Area-2496,2,0
Area-2497,0,0
Area-2498,0,0
Area-2499,0,0
Area-2500,0,0
Area-2501,0,0
Area-2502,0,0
Area-2503,0,0
Area-2504,0,0
Area-2505,0,0
Area-2506,0,2
Area-2507,0,1
Area-2508,0,1
Area-2509,0,1
Area-2510,0,0
Area-2511,2,0
Area-2512,0,0
Area-2513,0,2
Area-2514,2,5
Area-2515,2,3
Area-2516,0,1
Area-2517,3,0
Area-2518,0,0
Area-2519,11,0
Area-2520,0,0
Area-2521,0,0
Area-2522,4,0
Area-2523,1,0
Area-2524,3,0
Area-2525,2,0
Area-2526,0,1
Area-2527,2,1
Area-2528,1,0
Area-2529,3,0
Area-2530,2,0
Area-2531,0,0
Area-2532,0,0
Area-2533,0,0
Area-2534,4,0
Area-2535,8,1
Area-2536,6,2
Area-2537,1,2
Area-2538,8,3
Area-2539,3,2
Area-2540,1,3
Area-2541,4,1
Area-2542,2,1
Area-2543,2,1
Area-2544,2,0
Area-2545,1,0
Area-2546,1,0
Area-2547,0,0
Area-2548,0,0
Area-2549,2,0
Area-2550,3,0
Area-2551,1,0
Area-2552,3,1
Area-2553,0,0
Area-2554,5,0
Area-2555,2,1
Area-2556,0,1
Area-2557,3,1
Area-2558,2,0
Area-2559,2,1
Area-2560,0,2
Area-2561,1,0
Area-2562,0,0
Area-2563,1,0
Area-2564,2,1
Area-2565,0,0
Area-2566,0,0
Area-2567,2,0
Area-2568,0,0
Area-2569,2,0
Area-2570,3,0
Area-2571,0,0
Area-2572,0,0
Area-2573,0,0
Area-2574,0,0
Area-2575,0,0
Area-2576,0,0
Area-2577,0,0
Area-2578,0,0
Area-2579,0,0
Area-2580,0,0
Area-2581,0,0
Area-2582,0,0
Area-2583,0,1
Area-2584,0,1
Area-2585,0,1
Area-2586,0,0
Area-2587,0,0
Area-2588,0,0
Area-2589,0,0
Area-2590,0,1
Area-2591,0,1
Area-2592,1,2
Area-2593,0,0
Area-2594,2,0
Area-2595,0,0
Area-2596,0,0
Area-2597,1,0
Area-2598,2,0
Area-2599,2,0
Area-2600,2,0
Area-2601,2,0
Area-2602,0,1
Area-2603,2,1
Area-2604,5,1
Area-2605,0,0
Area-2606,0,0
Area-2607,0,0
Area-2608,0,0
Area-2609,1,0
Area-2610,2,1
Area-2611,0,1
Area-2612,0,2
Area-2613,0,2
Area-2614,1,1
Area-2615,0,1
Area-2616,0,1
Area-2617,1,3
Area-2618,5,2
Area-2619,2,1
Area-2620,0,0
Area-2621,2,0
Area-2622,1,2
Area-2623,1,2
Area-2624,0,0
Area-2625,0,0
Area-2626,1,0
Area-2627,2,0
Area-2628,3,0
Area-2629,1,0
Area-2630,7,0
Area-2631,11,0
Area-2632,4,1
Area-2633,2,1
Area-2634,1,1
Area-2635,0,0
Area-2636,0,0
Area-2637,1,0
Area-2638,0,0
Area-2639,3,0
Area-2640,0,0
Area-2641,0,1
Area-2642,0,0
Area-2643,0,0
Area-2644,1,0
Area-2645,0,0
Area-2646,4,0
Area-2647,1,1
Area-2648,0,0
Area-2649,0,0
Area-2650,0,0
Area-2651,0,0
Area-2652,0,0
Area-2653,0,0
Area-2654,0,0
Area-2655,0,0
Area-2656,0,1
Area-2657,0,0
Area-2658,0,0
Area-2659,0,0
Area-2660,0,0
Area-2661,0,0
Area-2662,0,0
Area-2663,0,0
Area-2664,0,0
Area-2665,1,0
Area-2666,1,0
Area-2667,1,0
Area-2668,0,1
Area-2669,0,1
Area-2670,0,1
Area-2671,0,1
Area-2672,0,1
Area-2673,0,1
Area-2674,2,0
Area-2675,1,0
Area-2676,3,0
Area-2677,1,0
Area-2678,1,0
Area-2679,0,0
Area-2680,2,0
Area-2681,0,0
Area-2682,0,1
Area-2683,1,0
Area-2684,6,0
Area-2685,0,0
Area-2686,0,0
Area-2687,2,0
Area-2688,0,1
Area-2689,4,3
Area-2690,0,2
Area-2691,1,2
Area-2692,0,3
Area-2693,0,2
Area-2694,0,1
Area-2695,0,2
Area-2696,0,2
Area-2697,0,2
Area-2698,1,2
Area-2699,0,1
Area-2700,0,1
Area-2701,0,1
Area-2702,2,0
Area-2703,0,1
Area-2704,0,0
Area-2705,0,0
Area-2706,1,0
Area-2707,0,0
Area-2708,3,0
Area-2709,4,0
Area-2710,7,0
Area-2711,14,0
Area-2712,3,0
Area-2713,5,1
Area-2714,1,1
Area-2715,1,0
Area-2716,0,0
Area-2717,0,0
Area-2718,0,0
Area-2719,1,0
Area-2720,3,1
Area-2721,1,1
Area-2722,1,1
Area-2723,1,1
Area-2724,0,0
Area-2725,1,0
Area-2726,1,0
Area-2727,0,1
Area-2728,2,0
Area-2729,0,0
Area-2730,0,0
Area-2731,1,0
Area-2732,0,0
Area-2733,0,0
Area-2734,0,0
Area-2735,0,1
Area-2736,0,1
Area-2737,0,0
Area-2738,0,0
Area-2739,0,0
Area-2740,0,0
Area-2741,0,0
Area-2742,0,0
Area-2743,0,0
Area-2744,0,0
Area-2745,0,0
Area-2746,0,0
Area-2747,0,1
Area-2748,0,1
Area-2749,0,1
Area-2750,0,0
Area-2751,0,1
Area-2752,0,1
Area-2753,0,0
Area-2754,1,0
Area-2755,0,0
Area-2756,6,0
Area-2757,1,0
Area-2758,4,0
Area-2759,1,0
Area-2760,2,0
Area-2761,1,0
Area-2762,2,0
Area-2763,1,0
Area-2764,4,0
Area-2765,2,1
Area-2766,2,1
Area-2767,2,1
Area-2768,0,1
Area-2769,1,4
Area-2770,0,4
Area-2771,0,2
Area-2772,0,1
Area-2773,0,1
Area-2774,0,2
Area-2775,0,1
Area-2776,0,3
Area-2777,0,3
Area-2778,0,3
Area-2779,0,2
Area-2780,1,1
Area-2781,0,1
Area-2782,4,0
Area-2783,0,0
Area-2784,0,0
Area-2785,1,0
Area-2786,2,2
Area-2787,0,2
Area-2788,7,0
Area-2789,4,0
Area-2790,3,1
Area-2791,12,0
Area-2792,0,0
Area-2793,3,1
Area-2794,1,1
Area-2795,0,0
Area-2796,1,0
Area-2797,0,0
Area-2798,0,1
Area-2799,1,1
Area-2800,0,0
Area-2801,2,0
Area-2802,0,0
Area-2803,0,1
Area-2804,2,0
Area-2805,0,0
Area-2806,1,1
Area-2807,1,1
Area-2808,2,0
Area-2809,0,0
Area-2810,0,0
Area-2811,1,0
Area-2812,0,0
Area-2813,0,0
Area-2814,0,1
Area-2815,0,1
Area-2816,0,0
Area-2817,0,0
Area-2818,0,0
Area-2819,0,0
Area-2820,1,0
Area-2821,0,0
Area-2822,0,0
Area-2823,0,0
Area-2824,0,0
Area-2825,0,0
Area-2826,0,0
Area-2827,0,1
Area-2828,0,1
Area-2829,0,1
Area-2830,0,1
Area-2831,0,1
Area-2832,0,1
Area-2833,2,0
Area-2834,0,0
Area-2835,1,0
Area-2836,0,0
Area-2837,2,1
Area-2838,4,1
Area-2839,0,0
Area-2840,0,0
Area-2841,1,1
Area-2842,0,0
Area-2843,4,2
Area-2844,1,2
Area-2845,0,2
Area-2846,0,1
Area-2847,0,1
Area-2848,0,3
Area-2849,0,3
Area-2850,0,2
Area-2851,0,1
Area-2852,0,2
Area-2853,1,1
Area-2854,0,1
Area-2855,0,2
Area-2856,0,4
Area-2857,0,3
Area-2858,1,1
Area-2859,1,0
Area-2860,0,0
Area-2861,2,0
Area-2862,1,0
Area-2863,2,0
Area-2864,1,0
Area-2865,1,2
Area-2866,0,1
Area-2867,1,0
Area-2868,2,0
Area-2869,1,1
Area-2870,4,0
Area-2871,2,0
Area-2872,1,0
Area-2873,0,0
Area-2874,0,1
Area-2875,1,0
Area-2876,3,0
Area-2877,0,0
Area-2878,0,0
Area-2879,0,1
Area-2880,2,1
Area-2881,1,0
Area-2882,0,0
Area-2883,3,0
Area-2884,1,0
Area-2885,0,0
Area-2886,6,1
Area-2887,1,0
Area-2888,1,0
Area-2889,2,1
Area-2890,0,2
Area-2891,0,1
Area-2892,0,0
Area-2893,3,1
Area-2894,0,1
Area-2895,0,0
Area-2896,0,0
Area-2897,0,0
Area-2898,0,0
Area-2899,0,0
Area-2900,0,0
Area-2901,0,0
Area-2902,0,0
Area-2903,0,0
Area-2904,0,0
Area-2905,0,0
Area-2906,0,0
Area-2907,0,0
Area-2908,0,1
Area-2909,0,1
Area-2910,0,0
Area-2911,0,0
Area-2912,0,0
Area-2913,1,0
Area-2914,1,0
Area-2915,0,0
Area-2916,0,0
Area-2917,3,0
Area-2918,0,1
Area-2919,0,1
Area-2920,2,0
Area-2921,2,2
Area-2922,0,2
Area-2923,0,2
Area-2924,0,2
Area-2925,2,2
Area-2926,0,2
Area-2927,0,2
Area-2928,0,2
Area-2929,1,1
Area-2930,1,1
Area-2931,0,2
Area-2932,1,2
Area-2933,0,3
Area-2934,0,2
Area-2935,0,2
Area-2936,0,1
Area-2937,1,0
Area-2938,0,0
Area-2939,2,0
Area-2940,3,0
Area-2941,1,0
Area-2942,0,0
Area-2943,1,0
Area-2944,0,0
Area-2945,3,0
Area-2946,0,0
Area-2947,3,0
Area-2948,2,0
Area-2949,14,0
Area-2950,3,0
Area-2951,1,0
Area-2952,1,1
Area-2953,1,0
Area-2954,2,0
Area-2955,2,0
Area-2956,1,0
Area-2957,3,1
Area-2958,5,1
Area-2959,0,0
Area-2960,2,1
Area-2961,1,0
Area-2962,1,1
Area-2963,2,0
Area-2964,4,0
Area-2965,0,0
Area-2966,1,1
Area-2967,0,1
Area-2968,0,0
Area-2969,1,0
Area-2970,2,0
Area-2971,1,1
Area-2972,0,1
Area-2973,0,0
Area-2974,0,0
Area-2975,0,0
Area-2976,0,0
Area-2977,0,0
Area-2978,0,0
Area-2979,0,0
Area-2980,0,0
Area-2981,0,0
Area-2982,0,0
Area-2983,0,0
Area-2984,0,0
Area-2985,0,0
Area-2986,1,1
Area-2987,3,0
Area-2988,0,0
Area-2989,0,0
Area-2990,0,0
Area-2991,3,0
Area-2992,0,0
Area-2993,1,0
Area-2994,0,0
Area-2995,0,0
Area-2996,0,0
Area-2997,1,0
Area-2998,0,0
Area-2999,0,2
Area-3000,0,2
Area-3001,0,2
Area-3002,0,1
Area-3003,5,1
Area-3004,0,2
Area-3005,0,3
Area-3006,2,2
Area-3007,2,1
Area-3008,0,2
Area-3009,0,2
Area-3010,0,2
Area-3011,0,3
Area-3012,0,2
Area-3013,0,2
Area-3014,0,1
Area-3015,0,0
Area-3016,1,0
Area-3017,4,0
Area-3018,0,0
Area-3019,0,0
Area-3020,4,0
Area-3021,0,0
Area-3022,6,0
Area-3023,1,0
Area-3024,6,1
Area-3025,14,0
Area-3026,1,0
Area-3027,6,0
Area-3028,2,1
Area-3029,0,1
Area-3030,0,0
Area-3031,1,0
Area-3032,0,1
Area-3033,0,2
Area-3034,1,1
Area-3035,1,0
Area-3036,0,0
Area-3037,2,0
Area-3038,0,0
Area-3039,1,0
Area-3040,2,0
Area-3041,1,0
Area-3042,0,1
Area-3043,0,1
Area-3044,1,0
Area-3045,2,1
Area-3046,0,0
Area-3047,1,1
Area-3048,1,2
Area-3049,1,1
Area-3050,2,0
Area-3051,0,0
Area-3052,0,0
Area-3053,0,0
Area-3054,0,0
Area-3055,0,0
Area-3056,0,0
Area-3057,0,0
Area-3058,0,0
Area-3059,0,0
Area-3060,0,0
Area-3061,0,0
Area-3062,0,0
Area-3063,0,0
Area-3064,0,0
Area-3065,1,0
Area-3066,7,0
Area-3067,0,0
Area-3068,1,0
Area-3069,0,0
Area-3070,0,0
Area-3071,2,0
Area-3072,0,0
Area-3073,0,0
Area-3074,0,0
Area-3075,2,0
Area-3076,0,0
Area-3077,1,1
Area-3078,0,1
Area-3079,0,1
Area-3080,0,1
Area-3081,8,1
Area-3082,1,2
Area-3083,0,2
Area-3084,0,2
Area-3085,0,1
Area-3086,0,2
Area-3087,0,2
Area-3088,0,1
Area-3089,1,2
Area-3090,0,2
Area-3091,0,1
Area-3092,1,2
Area-3093,1,2
Area-3094,3,0
Area-3095,2,0
Area-3096,1,0
Area-3097,0,2
Area-3098,0,2
Area-3099,1,0
Area-3100,2,0
Area-3101,0,0
Area-3102,2,0
Area-3103,0,0
Area-3104,4,1
Area-3105,6,0
Area-3106,0,0
Area-3107,1,1
Area-3108,0,0
Area-3109,1,0
Area-3110,3,0
Area-3111,2,0
Area-3112,0,1
Area-3113,0,0
Area-3114,0,1
Area-3115,0,0
Area-3116,2,0
Area-3117,2,0
Area-3118,3,0
Area-3119,2,0
Area-3120,1,0
Area-3121,0,0
Area-3122,0,0
Area-3123,0,0
Area-3124,2,0
Area-3125,4,0
Area-3126,3,0
Area-3127,1,0
Area-3128,0,0
Area-3129,0,0
Area-3130,0,0
Area-3131,2,0
Area-3132,0,0
Area-3133,0,0
Area-3134,0,0
Area-3135,0,0
Area-3136,0,0
Area-3137,0,0
Area-3138,0,0
Area-3139,0,0
Area-3140,0,0
Area-3141,0,0
Area-3142,0,0
Area-3143,3,0
Area-3144,2,0
Area-3145,0,0
Area-3146,0,0
Area-3147,0,0
Area-3148,0,0
Area-3149,0,0
Area-3150,1,0
Area-3151,0,0
Area-3152,0,0
Area-3153,0,0
Area-3154,0,0
Area-3155,2,1
Area-3156,1,1
Area-3157,0,2
Area-3158,0,3
Area-3159,0,2
Area-3160,0,2
Area-3161,0,1
Area-3162,0,1
Area-3163,0,2
Area-3164,0,1
Area-3165,0,2
Area-3166,0,2
Area-3167,0,3
Area-3168,0,3
Area-3169,0,1
Area-3170,0,0
Area-3171,2,0
Area-3172,0,0
Area-3173,2,1
Area-3174,3,2
Area-3175,1,0
Area-3176,4,0
Area-3177,4,0
Area-3178,2,0
Area-3179,4,0
Area-3180,5,1
Area-3181,11,0
Area-3182,2,0
Area-3183,1,1
Area-3184,1,0
Area-3185,1,0
Area-3186,0,0
Area-3187,1,1
Area-3188,1,2
Area-3189,1,0
Area-3190,2,1
Area-3191,4,0
Area-3192,6,0
Area-3193,8,0
Area-3194,1,0
Area-3195,1,0
Area-3196,1,0
Area-3197,4,0
Area-3198,0,0
Area-3199,1,0
Area-3200,1,0
Area-3201,0,0
Area-3202,4,0
Area-3203,2,0
Area-3204,0,1
Area-3205,0,1
Area-3206,0,0
Area-3207,1,0
Area-3208,0,0
Area-3209,0,0
Area-3210,0,0
Area-3211,0,0
Area-3212,0,0
Area-3213,0,0
Area-3214,0,0
Area-3215,0,0
Area-3216,0,1
Area-3217,0,1
Area-3218,0,0
Area-3219,0,0
Area-3220,2,0
Area-3221,0,0
Area-3222,0,0
Area-3223,0,0
Area-3224,0,0
Area-3225,2,0
Area-3226,0,0
Area-3227,0,0
Area-3228,3,0
Area-3229,6,0
Area-3230,1,0
Area-3231,0,0
Area-3232,0,1
Area-3233,0,2
Area-3234,0,3
Area-3235,0,2
Area-3236,0,1
Area-3237,0,1
Area-3238,0,1
Area-3239,0,2
Area-3240,0,1
Area-3241,1,2
Area-3242,0,2
Area-3243,0,2
Area-3244,1,3
Area-3245,7,2
Area-3246,2,0
Area-3247,5,0
Area-3248,0,0
Area-3249,0,0
Area-3250,0,0
Area-3251,0,0
Area-3252,1,1
Area-3253,1,0
Area-3254,1,0
Area-3255,2,0
Area-3256,1,0
Area-3257,7,0
Area-3258,1,0
Area-3259,0,0
Area-3260,0,0
Area-3261,2,0
Area-3262,3,0
Area-3263,7,1
Area-3264,0,1
Area-3265,5,0
Area-3266,1,1
Area-3267,1,0
Area-3268,1,0
Area-3269,0,0
Area-3270,2,0
Area-3271,3,0
Area-3272,1,0
Area-3273,0,0
Area-3274,4,0
Area-3275,3,0
Area-3276,2,0
Area-3277,0,0
Area-3278,0,0
Area-3279,3,0
Area-3280,0,1
Area-3281,1,0
Area-3282,0,0
Area-3283,0,0
Area-3284,0,0
Area-3285,3,0
Area-3286,0,0
Area-3287,0,0
Area-3288,0,0
Area-3289,0,0
Area-3290,0,0
Area-3291,0,0
Area-3292,0,1
Area-3293,0,1
Area-3294,0,0
Area-3295,0,0
Area-3296,0,0
Area-3297,1,0
Area-3298,0,0
Area-3299,1,0
Area-3300,1,0
Area-3301,0,0
Area-3302,0,0
Area-3303,1,0
Area-3304,0,0
Area-3305,0,0
Area-3306,4,1
Area-3307,1,2
Area-3308,2,2
Area-3309,0,1
Area-3310,0,1
Area-3311,0,1
Area-3312,0,2
Area-3313,0,2
Area-3314,0,2
Area-3315,0,2
Area-3316,0,1
Area-3317,4,1
Area-3318,0,1
Area-3319,0,2
Area-3320,1,2
Area-3321,0,0
Area-3322,3,0
Area-3323,0,0
Area-3324,0,0
Area-3325,1,0
Area-3326,0,2
Area-3327,0,1
Area-3328,0,1
Area-3329,4,0
Area-3330,9,0
Area-3331,5,0
Area-3332,7,0
Area-3333,3,0
Area-3334,9,0
Area-3335,0,0
Area-3336,1,0
Area-3337,1,0
Area-3338,1,0
Area-3339,0,0
Area-3340,3,0
Area-3341,2,0
Area-3342,1,0
Area-3343,0,0
Area-3344,3,1
Area-3345,1,1
Area-3346,0,1
Area-3347,0,0
Area-3348,0,0
Area-3349,5,0
Area-3350,6,0
Area-3351,0,0
Area-3352,0,0
Area-3353,0,0
Area-3354,2,0
Area-3355,9,0
Area-3356,4,0
Area-3357,1,0
Area-3358,0,0
Area-3359,0,0
Area-3360,1,0
Area-3361,0,0
Area-3362,0,0
Area-3363,0,0
Area-3364,0,0
Area-3365,0,0
Area-3366,0,1
Area-3367,0,0
Area-3368,0,0
Area-3369,0,0
Area-3370,0,0
Area-3371,1,0
Area-3372,3,0
Area-3373,1,1
Area-3374,0,0
Area-3375,1,0
Area-3376,0,0
Area-3377,0,0
Area-3378,0,0
Area-3379,4,0
Area-3380,0,2
Area-3381,0,2
Area-3382,0,2
Area-3383,0,2
Area-3384,1,2
Area-3385,0,2
Area-3386,0,2
Area-3387,0,2
Area-3388,1,1
Area-3389,0,2
Area-3390,4,2
Area-3391,1,2
Area-3392,1,1
Area-3393,0,1
Area-3394,2,0
Area-3395,1,0
Area-3396,2,0
Area-3397,5,0
Area-3398,7,0
Area-3399,4,0
Area-3400,3,1
Area-3401,1,1
Area-3402,1,0
Area-3403,2,0
Area-3404,1,0
Area-3405,5,0
Area-3406,2,1
Area-3407,1,1
Area-3408,1,0
Area-3409,1,0
Area-3410,2,0
Area-3411,1,0
Area-3412,1,0
Area-3413,3,0
Area-3414,1,0
Area-3415,1,1
Area-3416,1,0
Area-3417,1,0
Area-3418,1,1
Area-3419,1,1
Area-3420,4,0
Area-3421,12,0
Area-3422,2,0
Area-3423,0,0
Area-3424,3,0
Area-3425,1,0
Area-3426,0,0
Area-3427,0,0
Area-3428,2,0
Area-3429,1,0
Area-3430,0,0
Area-3431,0,0
Area-3432,0,0
Area-3433,0,0
Area-3434,0,0
Area-3435,2,0
Area-3436,1,0
Area-3437,0,0
Area-3438,0,0
Area-3439,0,0
Area-3440,0,0
Area-3441,0,0
Area-3442,0,0
Area-3443,0,0
Area-3444,0,0
Area-3445,1,0
Area-3446,1,0
Area-3447,0,0
Area-3448,0,0
Area-3449,0,0
Area-3450,0,0
Area-3451,1,0
Area-3452,0,0
Area-3453,0,2
Area-3454,0,2
Area-3455,0,1
Area-3456,0,1
Area-3457,2,2
Area-3458,0,2
Area-3459,0,1
Area-3460,0,1
Area-3461,0,1
Area-3462,0,2
Area-3463,2,1
Area-3464,1,0
Area-3465,0,0
Area-3466,1,1
Area-3467,6,1
Area-3468,3,0
Area-3469,1,0
Area-3470,3,0
Area-3471,3,0
Area-3472,3,0
Area-3473,1,0
Area-3474,0,0
Area-3475,0,0
Area-3476,0,0
Area-3477,6,0
Area-3478,1,1
Area-3479,0,1
Area-3480,1,0
Area-3481,3,0
Area-3482,2,0
Area-3483,3,0
Area-3484,0,0
Area-3485,0,0
Area-3486,2,0
Area-3487,6,0
Area-3488,4,0
Area-3489,4,0
Area-3490,6,0
Area-3491,4,0
Area-3492,2,0
Area-3493,1,0
Area-3494,3,0
Area-3495,0,0
Area-3496,3,1
Area-3497,3,0
Area-3498,2,1
Area-3499,0,1
Area-3500,0,0
Area-3501,0,0
Area-3502,3,0
Area-3503,0,0
Area-3504,0,0
Area-3505,0,0
Area-3506,0,0
Area-3507,0,0
Area-3508,0,0
Area-3509,1,0
Area-3510,0,0
Area-3511,0,1
Area-3512,0,0
Area-3513,0,0
Area-3514,0,0
Area-3515,0,0
Area-3516,4,0
Area-3517,5,0
Area-3518,0,0
Area-3519,0,0
Area-3520,0,0
Area-3521,2,0
Area-3522,1,0
Area-3523,0,0
Area-3524,0,0
Area-3525,2,1
Area-3526,0,2
Area-3527,0,2
Area-3528,0,2
Area-3529,0,2
Area-3530,0,1
Area-3531,0,1
Area-3532,1,1
Area-3533,0,0
Area-3534,0,0
Area-3535,0,0
Area-3536,0,1
Area-3537,1,1
Area-3538,1,0
Area-3539,1,0
Area-3540,4,0
Area-3541,3,0
Area-3542,2,0
Area-3543,1,0
Area-3544,0,0
Area-3545,2,0
Area-3546,1,1
Area-3547,8,0
Area-3548,0,1
Area-3549,4,1
Area-3550,0,1
Area-3551,9,0
Area-3552,2,0
Area-3553,4,2
Area-3554,4,1
Area-3555,4,0
Area-3556,1,1
Area-3557,3,0
Area-3558,0,0
Area-3559,0,1
Area-3560,0,1
Area-3561,1,0
Area-3562,0,0
Area-3563,0,0
Area-3564,0,0
Area-3565,1,1
Area-3566,7,1
Area-3567,0,0
Area-3568,2,0
Area-3569,2,0
Area-3570,0,0
Area-3571,0,0
Area-3572,0,0
Area-3573,0,0
Area-3574,1,0
Area-3575,0,0
Area-3576,0,0
Area-3577,0,0
Area-3578,1,0
Area-3579,1,0
Area-3580,0,0
Area-3581,1,1
Area-3582,0,1
Area-3583,0,0
Area-3584,0,0
Area-3585,0,0
Area-3586,0,0
Area-3587,0,0
Area-3588,8,0
Area-3589,1,0
Area-3590,2,0
Area-3591,0,0
Area-3592,0,0
Area-3593,0,0
Area-3594,0,0
Area-3595,0,1
Area-3596,0,2
Area-3597,0,1
Area-3598,0,2
Area-3599,0,2
Area-3600,0,1
Area-3601,0,1
Area-3602,0,2
Area-3603,0,0
Area-3604,1,0
Area-3605,0,0
Area-3606,0,1
Area-3607,0,0
Area-3608,0,1
Area-3609,2,1
Area-3610,2,0
Area-3611,3,0
Area-3612,3,1
Area-3613,2,0
Area-3614,0,0
Area-3615,2,0
Area-3616,2,1
Area-3617,12,0
Area-3618,3,0
Area-3619,3,0
Area-3620,1,0
Area-3621,6,0
Area-3622,1,0
Area-3623,0,1
Area-3624,1,1
Area-3625,1,1
Area-3626,2,1
Area-3627,2,1
Area-3628,1,0
Area-3629,2,1
Area-3630,0,1
Area-3631,2,0
Area-3632,3,0
Area-3633,0,1
Area-3634,0,0
Area-3635,0,1
Area-3636,3,1
Area-3637,1,0
Area-3638,0,0
Area-3639,5,0
Area-3640,0,0
Area-3641,0,0
Area-3642,0,0
Area-3643,0,0
Area-3644,0,0
Area-3645,3,0
Area-3646,2,0
Area-3647,0,0
Area-3648,0,0
Area-3649,1,0
Area-3650,1,0
Area-3651,0,0
Area-3652,0,0
Area-3653,0,0
Area-3654,0,0
Area-3655,0,0
Area-3656,0,0
Area-3657,2,0
Area-3658,7,0
Area-3659,0,0
Area-3660,0,0
Area-3661,2,0
Area-3662,0,0
Area-3663,0,1
Area-3664,1,0
Area-3665,1,1
Area-3666,0,1
Area-3667,0,1
Area-3668,0,1
Area-3669,0,1
Area-3670,0,2
Area-3671,0,0
Area-3672,0,0
Area-3673,2,0
Area-3674,7,0
Area-3675,2,0
Area-3676,0,1
Area-3677,4,1
Area-3678,4,0
Area-3679,2,0
Area-3680,1,0
Area-3681,1,0
Area-3682,2,0
Area-3683,1,0
Area-3684,1,0
Area-3685,7,0
Area-3686,5,0
Area-3687,3,0
Area-3688,0,0
Area-3689,0,0
Area-3690,1,0
Area-3691,2,0
Area-3692,0,0
Area-3693,1,1
Area-3694,0,0
Area-3695,4,0
Area-3696,0,0
Area-3697,3,0
Area-3698,0,0
Area-3699,0,0
Area-3700,0,0
Area-3701,0,1
Area-3702,0,0
Area-3703,0,0
Area-3704,0,1
Area-3705,0,2
Area-3706,2,0
Area-3707,0,0
Area-3708,1,0
Area-3709,0,0
Area-3710,0,0
Area-3711,0,0
Area-3712,2,0
Area-3713,1,0
Area-3714,1,0
Area-3715,2,0
Area-3716,0,0
Area-3717,0,0
Area-3718,0,0
Area-3719,0,0
Area-3720,1,0
Area-3721,0,0
Area-3722,0,0
Area-3723,0,0
Area-3724,0,0
Area-3725,0,0
Area-3726,0,0
Area-3727,0,0
Area-3728,0,0
Area-3729,1,0
Area-3730,1,1
Area-3731,0,1
Area-3732,0,1
Area-3733,1,1
Area-3734,0,1
Area-3735,0,1
Area-3736,0,1
Area-3737,1,2
Area-3738,3,0
Area-3739,0,0
Area-3740,2,0
Area-3741,0,0
Area-3742,6,0
Area-3743,5,0
Area-3744,1,1
Area-3745,0,0
Area-3746,0,0
Area-3747,0,0
Area-3748,0,0
Area-3749,0,1
Area-3750,0,0
Area-3751,1,0
Area-3752,13,0
Area-3753,9,0
Area-3754,0,0
Area-3755,2,0
Area-3756,0,0
Area-3757,1,0
Area-3758,5,0
Area-3759,0,0
Area-3760,2,0
Area-3761,1,0
Area-3762,2,0
Area-3763,0,0
Area-3764,1,0
Area-3765,0,0
Area-3766,0,0
Area-3767,1,0
Area-3768,2,0
Area-3769,5,0
Area-3770,3,0
Area-3771,1,1
Area-3772,2,0
Area-3773,2,0
Area-3774,7,0
Area-3775,11,0
Area-3776,5,0
Area-3777,0,0
Area-3778,0,0
Area-3779,0,0
Area-3780,0,0
Area-3781,0,0
Area-3782,0,0
Area-3783,5,0
Area-3784,0,0
Area-3785,0,0
Area-3786,0,0
Area-3787,0,0
Area-3788,0,0
Area-3789,0,0
Area-3790,0,1
Area-3791,0,0
Area-3792,0,0
Area-3793,0,0
Area-3794,3,0
Area-3795,2,0
Area-3796,0,1
Area-3797,0,1
Area-3798,1,1
Area-3799,0,1
Area-3800,0,1
Area-3801,0,2
Area-3802,1,2
Area-3803,4,1
Area-3804,1,0
Area-3805,0,1
Area-3806,0,0
Area-3807,0,0
Area-3808,0,0
Area-3809,0,0
Area-3810,9,0
Area-3811,2,0
Area-3812,0,0
Area-3813,0,1
Area-3814,0,1
Area-3815,0,1
Area-3816,2,0
Area-3817,3,0
Area-3818,3,0
Area-3819,9,0
Area-3820,1,0
Area-3821,1,1
Area-3822,2,0
Area-3823,2,0
Area-3824,3,0
Area-3825,0,0
Area-3826,1,0
Area-3827,3,0
Area-3828,4,0
Area-3829,3,0
Area-3830,7,0
Area-3831,0,0
Area-3832,0,0
Area-3833,0,0
Area-3834,1,0
Area-3835,0,0
Area-3836,1,0
Area-3837,1,0
Area-3838,3,0
Area-3839,3,0
Area-3840,5,0
Area-3841,2,0
Area-3842,3,0
Area-3843,0,1
Area-3844,3,0
Area-3845,1,0
Area-3846,4,0
Area-3847,1,0
Area-3848,0,0
Area-3849,0,0
Area-3850,2,0
Area-3851,0,0
Area-3852,0,0
Area-3853,0,0
Area-3854,0,0
Area-3855,0,1
Area-3856,0,1
Area-3857,0,1
Area-3858,0,0
Area-3859,0,0
Area-3860,7,0
Area-3861,0,0
Area-3862,0,0
Area-3863,0,0
Area-3864,0,2
Area-3865,0,2
Area-3866,4,2
Area-3867,2,2
Area-3868,0,0
Area-3869,0,1
Area-3870,0,1
Area-3871,0,0
Area-3872,1,0
Area-3873,0,0
Area-3874,0,0
Area-3875,1,0
Area-3876,1,0
Area-3877,2,0
Area-3878,2,0
Area-3879,1,0
Area-3880,0,0
Area-3881,5,0
Area-3882,2,0
Area-3883,4,0
Area-3884,19,0
Area-3885,0,0
Area-3886,1,0
Area-3887,2,1
Area-3888,1,0
Area-3889,1,1
Area-3890,3,0
Area-3891,0,0
Area-3892,2,0
Area-3893,0,0
Area-3894,0,0
Area-3895,1,0
Area-3896,4,0
Area-3897,0,0
Area-3898,0,0
Area-3899,0,0
Area-3900,0,0
Area-3901,3,0
Area-3902,1,0
Area-3903,0,0
Area-3904,0,0
Area-3905,2,0
Area-3906,2,0
Area-3907,0,0
Area-3908,4,1
Area-3909,0,0
Area-3910,2,0
Area-3911,1,0
Area-3912,2,0
Area-3913,1,0
Area-3914,0,0
Area-3915,3,0
Area-3916,1,0
Area-3917,3,0
Area-3918,3,0
Area-3919,0,0
Area-3920,0,0
Area-3921,0,0
Area-3922,0,1
Area-3923,0,0
Area-3924,0,0
Area-3925,0,0
Area-3926,0,0
Area-3927,0,1
Area-3928,0,2
Area-3929,1,2
Area-3930,0,1
Area-3931,0,0
Area-3932,1,0
Area-3933,0,0
Area-3934,0,0
Area-3935,0,0
Area-3936,0,0
Area-3937,1,0
Area-3938,0,0
Area-3939,3,0
Area-3940,0,0
Area-3941,0,0
Area-3942,2,0
Area-3943,3,0
Area-3944,7,0
Area-3945,5,0
Area-3946,1,0
Area-3947,3,0
Area-3948,0,0
Area-3949,15,0
Area-3950,1,0
Area-3951,0,0
Area-3952,1,0
Area-3953,0,0
Area-3954,0,0
Area-3955,6,0
Area-3956,1,0
Area-3957,1,0
Area-3958,0,0
Area-3959,2,0
Area-3960,0,0
Area-3961,0,0
Area-3962,0,0
Area-3963,0,0
Area-3964,1,0
Area-3965,3,0
Area-3966,1,0
Area-3967,2,0
Area-3968,1,0
Area-3969,0,0
Area-3970,3,1
Area-3971,0,2
Area-3972,0,1
Area-3973,0,1
Area-3974,3,0
Area-3975,0,0
Area-3976,1,0
Area-3977,0,0
Area-3978,2,0
Area-3979,0,1
Area-3980,0,1
Area-3981,1,0
Area-3982,0,0
Area-3983,0,0
Area-3984,0,0
Area-3985,0,0
Area-3986,0,0
Area-3987,0,0
Area-3988,0,0
Area-3989,0,0
Area-3990,0,0
Area-3991,0,0
Area-3992,0,0
Area-3993,0,1
Area-3994,1,1
Area-3995,0,1
Area-3996,2,1
Area-3997,0,0
Area-3998,0,0
Area-3999,0,0
Area-4000,0,0
Area-4001,0,0
Area-4002,0,0
Area-4003,2,0
Area-4004,0,0
Area-4005,0,0
Area-4006,0,0
Area-4007,0,0
Area-4008,0,0
Area-4009,2,0
Area-4010,0,0
Area-4011,0,0
Area-4012,4,0
Area-4013,4,0
Area-4014,1,0
Area-4015,2,0
Area-4016,19,0
Area-4017,0,0
Area-4018,0,0
Area-4019,2,1
Area-4020,7,1
Area-4021,3,0
Area-4022,3,0
Area-4023,0,0
Area-4024,1,0
Area-4025,0,0
Area-4026,4,0
Area-4027,4,0
Area-4028,5,0
Area-4029,2,0
Area-4030,0,0
Area-4031,0,0
Area-4032,0,0
Area-4033,1,0
Area-4034,0,0
Area-4035,0,2
Area-4036,1,1
Area-4037,3,2
Area-4038,0,1
Area-4039,0,1
Area-4040,0,1
Area-4041,2,0
Area-4042,2,0
Area-4043,1,1
Area-4044,0,1
Area-4045,0,1
Area-4046,1,2
Area-4047,4,2
Area-4048,5,0
Area-4049,4,0
Area-4050,1,0
Area-4051,0,0
Area-4052,0,0
Area-4053,1,0
Area-4054,3,0
Area-4055,0,0
Area-4056,0,1
Area-4057,0,1
Area-4058,0,0
Area-4059,0,0
Area-4060,0,0
Area-4061,0,0
Area-4062,0,0
Area-4063,1,1
Area-4064,1,2
Area-4065,0,2
Area-4066,0,1
Area-4067,1,0
Area-4068,0,0
Area-4069,0,0
Area-4070,1,0
Area-4071,0,0
Area-4072,3,0
Area-4073,0,0
Area-4074,0,0
Area-4075,2,0
Area-4076,1,0
Area-4077,0,0
Area-4078,6,1
Area-4079,0,1
Area-4080,0,0
Area-4081,0,0
Area-4082,0,0
Area-4083,1,0
Area-4084,8,0
Area-4085,9,0
Area-4086,7,0
Area-4087,4,1
Area-4088,1,1
Area-4089,0,1
Area-4090,11,1
Area-4091,5,0
Area-4092,2,0
Area-4093,1,0
Area-4094,5,0
Area-4095,0,0
Area-4096,1,0
Area-4097,0,0
Area-4098,0,0
Area-4099,1,0
Area-4100,0,0
Area-4101,0,0
Area-4102,2,0
Area-4103,2,2
Area-4104,0,2
Area-4105,0,3
Area-4106,0,1
Area-4107,0,1
Area-4108,1,0
Area-4109,1,0
Area-4110,2,0
Area-4111,0,0
Area-4112,1,0
Area-4113,0,1
Area-4114,0,1
Area-4115,1,1
Area-4116,0,1
Area-4117,1,1
Area-4118,2,0
Area-4119,0,0
Area-4120,0,0
Area-4121,1,1
Area-4122,0,0
Area-4123,0,0
Area-4124,1,0
Area-4125,0,0
Area-4126,0,0
Area-4127,0,1
Area-4128,0,1
Area-4129,0,0
Area-4130,0,0
Area-4131,0,0
Area-4132,0,0
Area-4133,0,0
Area-4134,0,0
Area-4135,3,1
Area-4136,1,0
Area-4137,0,1
Area-4138,1,1
Area-4139,3,1
Area-4140,0,0
Area-4141,0,0
Area-4142,0,0
Area-4143,0,0
Area-4144,2,1
Area-4145,0,1
Area-4146,0,0
Area-4147,0,0
Area-4148,0,0
Area-4149,0,0
Area-4150,1,0
Area-4151,5,1
Area-4152,0,1
Area-4153,0,0
Area-4154,0,0
Area-4155,0,0
Area-4156,1,0
Area-4157,2,0
Area-4158,3,0
Area-4159,5,0
Area-4160,11,1
Area-4161,0,1
Area-4162,1,2
Area-4163,0,1
Area-4164,0,0
Area-4165,0,0
Area-4166,1,0
Area-4167,0,0
Area-4168,0,0
Area-4169,1,0
Area-4170,0,0
Area-4171,0,0
Area-4172,0,0
Area-4173,2,0
Area-4174,0,0
Area-4175,1,0
Area-4176,0,2
Area-4177,0,2
Area-4178,0,2
Area-4179,0,1
Area-4180,0,1
Area-4181,0,0
Area-4182,0,0
Area-4183,0,1
Area-4184,1,1
Area-4185,0,0
Area-4186,0,0
Area-4187,0,0
Area-4188,1,0
Area-4189,0,0
Area-4190,0,0
Area-4191,0,0
Area-4192,1,0
Area-4193,3,1
Area-4194,2,1
Area-4195,0,0
Area-4196,2,0
Area-4197,1,1
Area-4198,0,1
Area-4199,2,0
Area-4200,2,0
Area-4201,0,0
Area-4202,0,0
Area-4203,0,0
Area-4204,0,0
Area-4205,0,0
Area-4206,0,0
Area-4207,0,0
Area-4208,0,0
Area-4209,0,0
Area-4210,0,0
Area-4211,0,0
Area-4212,0,0
Area-4213,1,0
Area-4214,1,1
Area-4215,0,0
Area-4216,0,0
Area-4217,0,1
Area-4218,0,1
Area-4219,0,1
Area-4220,0,0
Area-4221,0,0
Area-4222,6,0
Area-4223,0,1
Area-4224,1,1
Area-4225,6,0
Area-4226,0,0
Area-4227,0,0
Area-4228,0,0
Area-4229,0,0
Area-4230,1,1
Area-4231,0,1
Area-4232,0,1
Area-4233,0,1
Area-4234,0,0
Area-4235,1,0
Area-4236,2,1
Area-4237,0,1
Area-4238,0,0
Area-4239,14,2
Area-4240,1,3
Area-4241,0,2
Area-4242,0,1
Area-4243,0,0
Area-4244,2,0
Area-4245,1,0
Area-4246,0,0
Area-4247,0,0
Area-4248,3,0
Area-4249,0,0
Area-4250,0,0
Area-4251,1,0
Area-4252,1,0
Area-4253,0,0
Area-4254,2,0
Area-4255,2,2
Area-4256,0,2
Area-4257,0,1
Area-4258,0,1
Area-4259,1,1
Area-4260,2,0
Area-4261,0,0
Area-4262,0,0
Area-4263,2,0
Area-4264,1,0
Area-4265,7,0
Area-4266,2,0
Area-4267,0,0
Area-4268,1,0
Area-4269,0,0
Area-4270,0,0
Area-4271,0,0
Area-4272,6,0
Area-4273,0,0
Area-4274,1,0
Area-4275,2,0
Area-4276,2,1
Area-4277,1,1
Area-4278,7,1
Area-4279,1,1
Area-4280,1,1
Area-4281,0,0
Area-4282,0,0
Area-4283,0,0
Area-4284,0,1
Area-4285,0,1
Area-4286,0,0
Area-4287,0,0
Area-4288,0,0
Area-4289,0,0
Area-4290,0,0
Area-4291,0,0
Area-4292,0,0
Area-4293,0,0
Area-4294,2,0
Area-4295,0,1
Area-4296,0,0
Area-4297,0,0
Area-4298,0,0
Area-4299,0,2
Area-4300,3,1
Area-4301,0,1
Area-4302,0,1
Area-4303,3,0
Area-4304,0,0
Area-4305,0,0
Area-4306,0,0
Area-4307,1,0
Area-4308,1,0
Area-4309,0,0
Area-4310,3,0
Area-4311,0,0
Area-4312,0,1
Area-4313,0,1
Area-4314,0,2
Area-4315,11,1
Area-4316,2,0
Area-4317,2,1
Area-4318,2,1
Area-4319,1,1
Area-4320,1,0
Area-4321,14,1
Area-4322,1,1
Area-4323,1,2
Area-4324,10,1
Area-4325,0,0
Area-4326,0,0
Area-4327,0,0
Area-4328,0,0
Area-4329,0,0
Area-4330,4,0
Area-4331,3,0
Area-4332,0,1
Area-4333,3,0
Area-4334,3,0
Area-4335,0,1
Area-4336,0,1
Area-4337,0,1
Area-4338,0,1
Area-4339,0,2
Area-4340,0,1
Area-4341,0,0
Area-4342,1,0
Area-4343,0,1
Area-4344,0,0
Area-4345,1,0
Area-4346,1,0
Area-4347,1,0
Area-4348,6,0
Area-4349,1,0
Area-4350,1,0
Area-4351,1,0
Area-4352,0,0
Area-4353,0,0
Area-4354,0,0
Area-4355,2,0
Area-4356,0,0
Area-4357,0,0
Area-4358,1,1
Area-4359,5,1
Area-4360,0,1
Area-4361,0,2
Area-4362,1,1
Area-4363,3,1
Area-4364,0,0
Area-4365,0,0
Area-4366,0,1
Area-4367,1,1
Area-4368,0,1
Area-4369,0,1
Area-4370,0,0
Area-4371,0,0
Area-4372,0,0
Area-4373,0,0
Area-4374,0,0
Area-4375,0,0
Area-4376,0,1
Area-4377,0,2
Area-4378,1,1
Area-4379,0,0
Area-4380,1,1
Area-4381,0,0
Area-4382,3,0
Area-4383,0,0
Area-4384,0,2
Area-4385,0,1
Area-4386,1,1
Area-4387,0,1
Area-4388,0,1
Area-4389,0,0
Area-4390,0,0
Area-4391,0,0
Area-4392,0,0
Area-4393,0,0
Area-4394,0,0
Area-4395,0,0
Area-4396,1,0
Area-4397,1,0
Area-4398,1,2
Area-4399,0,2
Area-4400,2,0
Area-4401,3,0
Area-4402,4,0
Area-4403,5,0
Area-4404,0,1
Area-4405,2,1
Area-4406,5,0
Area-4407,0,0
Area-4408,0,0
Area-4409,0,0
Area-4410,4,0
Area-4411,2,0
Area-4412,3,0
Area-4413,2,0
Area-4414,0,0
Area-4415,4,0
Area-4416,1,0
Area-4417,2,1
Area-4418,1,0
Area-4419,1,1
Area-4420,1,2
Area-4421,1,1
Area-4422,0,1
Area-4423,0,1
Area-4424,0,1
Area-4425,0,0
Area-4426,0,0
Area-4427,1,0
Area-4428,0,2
Area-4429,1,1
Area-4430,0,0
Area-4431,3,0
Area-4432,1,0
Area-4433,1,1
Area-4434,6,0
Area-4435,0,0
Area-4436,0,0
Area-4437,1,1
Area-4438,0,1
Area-4439,1,1
Area-4440,6,0
Area-4441,0,0
Area-4442,0,0
Area-4443,2,0
Area-4444,1,0
Area-4445,0,0
Area-4446,2,1
Area-4447,0,1
Area-4448,1,1
Area-4449,1,1
Area-4450,1,1
Area-4451,2,0
Area-4452,0,0
Area-4453,0,1
Area-4454,0,1
Area-4455,0,0
Area-4456,0,0
Area-4457,0,0
Area-4458,0,0
Area-4459,0,1
Area-4460,0,0
Area-4461,0,0
Area-4462,0,1
Area-4463,0,2
Area-4464,1,3
Area-4465,1,1
Area-4466,0,1
Area-4467,0,0
Area-4468,0,0
Area-4469,2,0
Area-4470,0,0
Area-4471,0,1
Area-4472,0,1
Area-4473,0,1
Area-4474,3,1
Area-4475,0,1
Area-4476,0,1
Area-4477,0,0
Area-4478,0,0
Area-4479,0,0
Area-4480,0,1
Area-4481,0,0
Area-4482,2,0
Area-4483,0,0
Area-4484,0,0
Area-4485,2,1
Area-4486,2,1
Area-4487,0,1
Area-4488,2,1
Area-4489,3,0
Area-4490,0,0
Area-4491,0,1
Area-4492,0,1
Area-4493,6,0
Area-4494,1,0
Area-4495,1,0
Area-4496,0,0
Area-4497,1,0
Area-4498,0,0
Area-4499,3,0
Area-4500,4,0
Area-4501,0,0
Area-4502,2,0
Area-4503,2,0
Area-4504,0,0
Area-4505,2,0
Area-4506,0,0
Area-4507,0,1
Area-4508,2,1
Area-4509,0,1
Area-4510,0,0
Area-4511,0,0
Area-4512,0,0
Area-4513,1,0
Area-4514,0,0
Area-4515,1,1
Area-4516,0,1
Area-4517,0,0
Area-4518,0,0
Area-4519,2,0
Area-4520,0,1
Area-4521,0,0
Area-4522,0,0
Area-4523,4,1
Area-4524,0,1
Area-4525,0,1
Area-4526,0,1
Area-4527,3,0
Area-4528,0,0
Area-4529,1,0
Area-4530,4,1
Area-4531,1,1
Area-4532,2,0
Area-4533,1,0
Area-4534,1,0
Area-4535,1,0
Area-4536,0,1
Area-4537,1,1
Area-4538,6,1
Area-4539,1,0
Area-4540,0,0
Area-4541,0,0
Area-4542,0,0
Area-4543,0,0
Area-4544,0,0
Area-4545,0,1
Area-4546,0,1
Area-4547,0,1
Area-4548,0,0
Area-4549,0,0
Area-4550,0,0
Area-4551,0,1
Area-4552,3,2
Area-4553,0,1
Area-4554,0,1
Area-4555,0,1
Area-4556,0,0
Area-4557,2,0
Area-4558,0,0
Area-4559,4,0
Area-4560,0,0
Area-4561,0,2
Area-4562,0,2
Area-4563,0,2
Area-4564,0,1
Area-4565,0,1
Area-4566,0,1
Area-4567,0,1
Area-4568,0,0
Area-4569,1,0
Area-4570,2,1
Area-4571,0,0
Area-4572,0,1
Area-4573,1,0
Area-4574,1,0
Area-4575,5,0
Area-4576,1,0
Area-4577,2,1
Area-4578,3,1
Area-4579,2,0
Area-4580,0,0
Area-4581,1,1
Area-4582,7,1
Area-4583,4,0
Area-4584,3,0
Area-4585,1,0
Area-4586,2,0
Area-4587,1,0
Area-4588,0,0
Area-4589,3,0
Area-4590,2,0
Area-4591,0,0
Area-4592,0,0
Area-4593,2,0
Area-4594,1,0
Area-4595,6,0
Area-4596,2,1
Area-4597,2,1
Area-4598,1,1
Area-4599,0,0
Area-4600,0,0
Area-4601,0,0
Area-4602,0,0
Area-4603,14,0
Area-4604,6,0
Area-4605,0,0
Area-4606,0,0
Area-4607,0,0
Area-4608,1,0
Area-4609,0,0
Area-4610,0,0
Area-4611,0,0
Area-4612,2,0
Area-4613,0,1
Area-4614,3,1
Area-4615,3,1
Area-4616,1,1
Area-4617,9,0
Area-4618,1,0
Area-4619,3,0
Area-4620,5,1
Area-4621,1,1
Area-4622,2,1
Area-4623,0,0
Area-4624,1,0
Area-4625,4,0
Area-4626,1,0
Area-4627,1,0
Area-4628,0,0
Area-4629,0,0
Area-4630,1,0
Area-4631,1,0
Area-4632,0,0
Area-4633,0,0
Area-4634,0,1
Area-4635,1,1
Area-4636,0,1
Area-4637,0,1
Area-4638,0,1
Area-4639,0,0
Area-4640,0,0
Area-4641,0,0
Area-4642,0,0
Area-4643,0,1
Area-4644,0,3
Area-4645,1,1
Area-4646,1,0
Area-4647,0,0
Area-4648,0,0
Area-4649,1,0
Area-4650,0,1
Area-4651,0,1
Area-4652,0,0
Area-4653,5,3
Area-4654,0,3
Area-4655,0,2
Area-4656,0,1
Area-4657,0,1
Area-4658,0,2
Area-4659,4,2
Area-4660,1,3
Area-4661,0,2
Area-4662,2,0
Area-4663,2,0
Area-4664,1,0
Area-4665,3,0
Area-4666,4,0
Area-4667,1,0
Area-4668,0,0
Area-4669,0,0
Area-4670,1,0
Area-4671,2,0
Area-4672,1,0
Area-4673,0,0
Area-4674,2,0
Area-4675,1,0
Area-4676,5,0
Area-4677,3,0
Area-4678,0,0
Area-4679,0,0
Area-4680,1,0
Area-4681,0,1
Area-4682,0,0
Area-4683,1,0
Area-4684,0,0
Area-4685,4,0
Area-4686,1,0
Area-4687,1,0
Area-4688,1,0
Area-4689,2,0
Area-4690,0,1
Area-4691,7,1
Area-4692,0,0
Area-4693,3,0
Area-4694,0,0
Area-4695,3,0
Area-4696,0,0
Area-4697,3,1
Area-4698,0,1
Area-4699,2,0
Area-4700,0,0
Area-4701,1,0
Area-4702,0,0
Area-4703,0,0
Area-4704,3,0
Area-4705,1,0
Area-4706,0,0
Area-4707,0,0
Area-4708,0,0
Area-4709,0,0
Area-4710,1,1
Area-4711,4,1
Area-4712,11,0
Area-4713,1,0
Area-4714,0,0
Area-4715,0,1
Area-4716,0,1
Area-4717,0,1
Area-4718,1,1
Area-4719,3,0
Area-4720,0,0
Area-4721,0,1
Area-4722,1,1
Area-4723,0,0
Area-4724,0,0
Area-4725,0,0
Area-4726,0,1
Area-4727,0,1
Area-4728,0,0
Area-4729,0,1
Area-4730,0,1
Area-4731,0,1
Area-4732,0,1
Area-4733,0,0
Area-4734,0,0
Area-4735,0,0
Area-4736,0,0
Area-4737,0,1
Area-4738,0,2
Area-4739,1,1
Area-4740,0,0
Area-4741,0,0
Area-4742,1,1
Area-4743,0,1
Area-4744,0,0
Area-4745,0,0
Area-4746,1,1
Area-4747,0,0
Area-4748,1,1
Area-4749,0,3
Area-4750,0,2
Area-4751,0,1
Area-4752,0,2
Area-4753,0,2
Area-4754,0,2
Area-4755,4,3
Area-4756,1,2
Area-4757,0,0
Area-4758,2,0
Area-4759,0,0
Area-4760,1,0
Area-4761,0,0
Area-4762,1,0
Area-4763,0,2
Area-4764,1,1
Area-4765,0,0
Area-4766,0,0
Area-4767,3,0
Area-4768,1,1
Area-4769,4,0
Area-4770,0,1
Area-4771,0,0
Area-4772,17,0
Area-4773,2,0
Area-4774,2,0
Area-4775,1,0
Area-4776,0,1
Area-4777,1,0
Area-4778,0,0
Area-4779,1,0
Area-4780,2,0
Area-4781,0,0
Area-4782,0,0
Area-4783,2,0
Area-4784,1,0
Area-4785,2,1
Area-4786,0,1
Area-4787,0,0
Area-4788,2,0
Area-4789,8,0
Area-4790,0,0
Area-4791,0,0
Area-4792,0,1
Area-4793,1,1
Area-4794,1,0
Area-4795,6,0
Area-4796,3,0
Area-4797,2,0
Area-4798,1,0
Area-4799,0,0
Area-4800,0,0
Area-4801,2,0
Area-4802,0,0
Area-4803,1,0
Area-4804,5,0
Area-4805,1,1
Area-4806,1,1
Area-4807,1,0
Area-4808,2,0
Area-4809,1,1
Area-4810,0,1
Area-4811,1,1
Area-4812,2,0
Area-4813,4,0
Area-4814,3,0
Area-4815,0,0
Area-4816,5,1
Area-4817,0,1
Area-4818,0,1
Area-4819,0,0
Area-4820,0,0
Area-4821,3,1
Area-4822,0,1
Area-4823,0,1
Area-4824,0,1
Area-4825,0,1
Area-4826,0,1
Area-4827,0,1
Area-4828,0,1
Area-4829,0,0
Area-4830,0,0
Area-4831,0,0
Area-4832,0,0
Area-4833,0,1
Area-4834,1,2
Area-4835,1,3
Area-4836,0,1
Area-4837,0,0
Area-4838,1,0
Area-4839,0,0
Area-4840,0,0
Area-4841,0,0
Area-4842,2,0
Area-4843,1,0
Area-4844,1,3
Area-4845,0,3
Area-4846,0,2
Area-4847,0,2
Area-4848,0,1
Area-4849,0,2
Area-4850,0,2
Area-4851,1,2
Area-4852,3,3
Area-4853,3,1
Area-4854,0,1
Area-4855,3,1
Area-4856,14,0
Area-4857,1,0
Area-4858,0,0
Area-4859,2,0
Area-4860,3,0
Area-4861,0,0
Area-4862,0,0
Area-4863,0,1
Area-4864,0,2
Area-4865,6,1
Area-4866,2,2
Area-4867,2,2
Area-4868,2,1
Area-4869,3,0
Area-4870,2,0
Area-4871,0,0
Area-4872,2,0
Area-4873,1,1
Area-4874,0,0
Area-4875,1,0
Area-4876,0,0
Area-4877,2,0
Area-4878,1,0
Area-4879,0,0
Area-4880,1,0
Area-4881,1,0
Area-4882,0,1
Area-4883,0,2
Area-4884,4,2
Area-4885,8,0
Area-4886,0,0
Area-4887,0,0
Area-4888,0,0
Area-4889,0,0
Area-4890,2,0
Area-4891,2,0
Area-4892,1,0
Area-4893,1,0
Area-4894,2,0
Area-4895,3,0
Area-4896,0,0
Area-4897,1,0
Area-4898,1,0
Area-4899,1,0
Area-4900,0,0
Area-4901,0,0
Area-4902,2,0
Area-4903,0,0
Area-4904,0,0
Area-4905,0,0
Area-4906,5,0
Area-4907,4,0
Area-4908,1,0
Area-4909,2,0
Area-4910,0,1
Area-4911,0,1
Area-4912,6,0
Area-4913,0,0
Area-4914,0,1
Area-4915,3,0
Area-4916,0,0
Area-4917,0,0
Area-4918,1,1
Area-4919,2,1
Area-4920,0,2
Area-4921,0,1
Area-4922,0,1
Area-4923,0,1
Area-4924,0,1
Area-4925,0,1
Area-4926,0,1
Area-4927,0,1
Area-4928,0,0
Area-4929,0,0
Area-4930,0,0
Area-4931,0,1
Area-4932,0,1
Area-4933,0,2
Area-4934,0,2
Area-4935,0,2
Area-4936,0,1
Area-4937,0,1
Area-4938,0,1
Area-4939,0,0
Area-4940,0,0
Area-4941,0,0
Area-4942,0,0
Area-4943,1,2
Area-4944,0,2
Area-4945,0,2
Area-4946,0,1
Area-4947,0,1
Area-4948,0,0
Area-4949,1,1
Area-4950,0,1
Area-4951,0,2
Area-4952,3,1
Area-4953,2,0
Area-4954,0,1
Area-4955,0,1
Area-4956,4,2
Area-4957,0,2
Area-4958,0,1
Area-4959,1,0
Area-4960,0,0
Area-4961,0,0
Area-4962,1,2
Area-4963,0,1
Area-4964,1,1
Area-4965,0,1
Area-4966,0,2
Area-4967,0,1
Area-4968,9,2
Area-4969,0,0
Area-4970,2,0
Area-4971,0,0
Area-4972,0,0
Area-4973,0,0
Area-4974,1,0
Area-4975,0,0
Area-4976,0,0
Area-4977,1,0
Area-4978,0,1
Area-4979,2,1
Area-4980,2,1
Area-4981,0,1
Area-4982,0,2
Area-4983,3,0
Area-4984,1,0
Area-4985,0,0
Area-4986,0,0
Area-4987,0,0
Area-4988,0,0
Area-4989,0,0
Area-4990,1,0
Area-4991,0,0
Area-4992,1,0
Area-4993,1,0
Area-4994,0,0
Area-4995,2,0
Area-4996,9,0
Area-4997,3,0
Area-4998,10,0
Area-4999,0,0
Area-5000,1,0
Area-5001,1,0
Area-5002,0,0
Area-5003,2,0
Area-5004,0,0
Area-5005,1,0
Area-5006,0,0
Area-5007,6,0
Area-5008,8,0
Area-5009,1,0
Area-5010,0,0
Area-5011,4,0
Area-5012,0,0
Area-5013,1,0
Area-5014,1,0
Area-5015,1,1
Area-5016,0,0
Area-5017,0,1
Area-5018,0,1
Area-5019,0,2
Area-5020,1,0
Area-5021,0,1
Area-5022,0,1
Area-5023,0,1
Area-5024,0,1
Area-5025,0,1
Area-5026,0,1
Area-5027,0,0
Area-5028,0,0
Area-5029,0,0
Area-5030,0,1
Area-5031,0,1
Area-5032,0,1
Area-5033,0,0
Area-5034,0,1
Area-5035,0,1
Area-5036,0,0
Area-5037,0,1
Area-5038,0,2
Area-5039,0,2
Area-5040,3,1
Area-5041,0,0
Area-5042,0,0
Area-5043,0,1
Area-5044,0,1
Area-5045,0,1
Area-5046,0,1
Area-5047,0,1
Area-5048,1,1
Area-5049,0,0
Area-5050,1,2
Area-5051,0,2
Area-5052,2,2
Area-5053,0,1
Area-5054,0,0
Area-5055,1,0
Area-5056,6,1
Area-5057,1,1
Area-5058,1,0
Area-5059,0,0
Area-5060,0,0
Area-5061,0,0
Area-5062,0,0
Area-5063,0,0
Area-5064,0,1
Area-5065,1,1
Area-5066,0,1
Area-5067,0,1
Area-5068,1,1
Area-5069,5,1
Area-5070,0,0
Area-5071,0,0
Area-5072,0,0
Area-5073,0,0
Area-5074,2,0
Area-5075,5,0
Area-5076,0,0
Area-5077,3,0
Area-5078,3,0
Area-5079,6,0
Area-5080,0,0
Area-5081,0,1
Area-5082,0,1
Area-5083,0,1
Area-5084,2,0
Area-5085,0,0
Area-5086,0,0
Area-5087,0,0
Area-5088,1,0
Area-5089,0,0
Area-5090,0,0
Area-5091,0,0
Area-5092,4,0
Area-5093,0,0
Area-5094,0,0
Area-5095,3,0
Area-5096,2,0
Area-5097,0,0
Area-5098,0,0
Area-5099,2,1
Area-5100,0,0
Area-5101,9,0
Area-5102,0,0
Area-5103,1,0
Area-5104,1,0
Area-5105,3,0
Area-5106,1,0
Area-5107,6,0
Area-5108,0,0
Area-5109,1,0
Area-5110,8,0
Area-5111,7,0
Area-5112,1,0
Area-5113,0,0
Area-5114,1,0
Area-5115,0,0
Area-5116,0,1
Area-5117,4,1
Area-5118,0,1
Area-5119,0,1
Area-5120,0,0
Area-5121,0,0
Area-5122,1,1
Area-5123,0,1
Area-5124,0,1
Area-5125,0,0
Area-5126,0,1
Area-5127,0,0
Area-5128,0,0
Area-5129,0,0
Area-5130,0,0
Area-5131,0,0
Area-5132,0,1
Area-5133,0,1
Area-5134,0,1
Area-5135,0,0
Area-5136,0,0
Area-5137,0,0
Area-5138,0,0
Area-5139,0,0
Area-5140,0,0
Area-5141,0,0
Area-5142,0,1
Area-5143,0,0
Area-5144,0,0
Area-5145,0,1
Area-5146,5,1
Area-5147,0,1
Area-5148,0,1
Area-5149,0,1
Area-5150,0,1
Area-5151,0,1
Area-5152,1,0
Area-5153,0,0
Area-5154,2,1
Area-5155,0,1
Area-5156,0,0
Area-5157,0,0
Area-5158,3,0
Area-5159,2,0
Area-5160,2,1
Area-5161,1,0
Area-5162,1,0
Area-5163,1,0
Area-5164,0,0
Area-5165,0,0
Area-5166,0,0
Area-5167,0,1
Area-5168,0,1
Area-5169,0,0
Area-5170,4,1
Area-5171,0,1
Area-5172,0,1
Area-5173,1,0
Area-5174,5,0
Area-5175,2,1
Area-5176,0,1
Area-5177,0,0
Area-5178,1,0
Area-5179,3,0
Area-5180,5,0
Area-5181,1,0
Area-5182,1,0
Area-5183,0,0
Area-5184,1,2
Area-5185,1,1
Area-5186,0,0
Area-5187,0,0
Area-5188,0,0
Area-5189,1,0
Area-5190,1,0
Area-5191,0,0
Area-5192,0,0
Area-5193,0,0
Area-5194,0,0
Area-5195,2,0
Area-5196,0,0
Area-5197,0,0
Area-5198,1,0
Area-5199,1,0
Area-5200,3,0
Area-5201,1,1
Area-5202,0,1
Area-5203,2,1
Area-5204,1,0
Area-5205,1,0
Area-5206,2,0
Area-5207,0,0
Area-5208,3,0
Area-5209,2,0
Area-5210,0,0
Area-5211,1,0
Area-5212,3,0
Area-5213,5,0
Area-5214,0,0
Area-5215,5,0
Area-5216,5,0
Area-5217,0,0
Area-5218,0,0
Area-5219,0,0
Area-5220,0,0
Area-5221,0,1
Area-5222,0,2
Area-5223,0,0
Area-5224,0,0
Area-5225,0,0
Area-5226,0,0
Area-5227,1,0
Area-5228,0,0
Area-5229,0,0
Area-5230,0,0
Area-5231,0,0
Area-5232,0,0
Area-5233,0,1
Area-5234,0,0
Area-5235,0,0
Area-5236,0,1
Area-5237,0,0
Area-5238,0,0
Area-5239,0,0
Area-5240,0,0
Area-5241,0,0
Area-5242,0,0
Area-5243,0,1
Area-5244,0,0
Area-5245,0,0
Area-5246,0,0
Area-5247,0,0
Area-5248,0,1
Area-5249,1,1
Area-5250,0,1
Area-5251,0,1
Area-5252,0,1
Area-5253,0,1
Area-5254,0,1
Area-5255,1,0
Area-5256,0,0
Area-5257,0,0
Area-5258,0,1
Area-5259,2,0
Area-5260,1,0
Area-5261,0,0
Area-5262,0,0
Area-5263,0,0
Area-5264,0,1
Area-5265,1,1
Area-5266,2,0
Area-5267,0,0
Area-5268,0,0
Area-5269,0,0
Area-5270,0,0
Area-5271,3,0
Area-5272,1,0
Area-5273,2,0
Area-5274,1,1
Area-5275,0,1
Area-5276,5,0
Area-5277,0,0
Area-5278,1,0
Area-5279,0,0
Area-5280,0,0
Area-5281,0,0
Area-5282,2,0
Area-5283,0,0
Area-5284,1,0
Area-5285,0,0
Area-5286,2,0
Area-5287,0,0
Area-5288,1,2
Area-5289,0,1
Area-5290,2,0
Area-5291,1,0
Area-5292,0,0
Area-5293,1,0
Area-5294,0,0
Area-5295,0,0
Area-5296,0,0
Area-5297,0,0
Area-5298,0,0
Area-5299,1,0
Area-5300,1,0
Area-5301,0,1
Area-5302,0,1
Area-5303,5,0
Area-5304,1,0
Area-5305,2,1
Area-5306,0,1
Area-5307,2,0
Area-5308,4,0
Area-5309,0,0
Area-5310,2,0
Area-5311,11,0
Area-5312,0,1
Area-5313,1,1
Area-5314,2,0
Area-5315,2,0
Area-5316,9,0
Area-5317,1,0
Area-5318,3,0
Area-5319,0,0
Area-5320,0,0
Area-5321,3,0
Area-5322,0,0
Area-5323,0,0
Area-5324,0,0
Area-5325,0,1
Area-5326,0,2
Area-5327,0,0
Area-5328,2,0
Area-5329,0,0
Area-5330,0,0
Area-5331,0,0
Area-5332,2,0
Area-5333,0,0
Area-5334,0,0
Area-5335,0,1
Area-5336,0,1
Area-5337,0,1
Area-5338,0,1
Area-5339,0,0
Area-5340,0,0
Area-5341,0,1
Area-5342,0,1
Area-5343,0,0
Area-5344,0,0
Area-5345,0,0
Area-5346,0,0
Area-5347,0,0
Area-5348,0,0
Area-5349,0,1
Area-5350,0,1
Area-5351,0,0
Area-5352,0,0
Area-5353,0,1
Area-5354,0,1
Area-5355,0,1
Area-5356,0,1
Area-5357,0,1
Area-5358,0,1
Area-5359,0,1
Area-5360,0,1
Area-5361,0,0
Area-5362,0,0
Area-5363,0,0
Area-5364,3,0
Area-5365,0,0
Area-5366,0,0
Area-5367,0,0
Area-5368,2,0
Area-5369,2,0
Area-5370,0,0
Area-5371,1,0
Area-5372,0,0
Area-5373,0,0
Area-5374,0,0
Area-5375,0,0
Area-5376,1,0
Area-5377,4,1
Area-5378,0,1
Area-5379,0,1
Area-5380,1,2
Area-5381,1,0
Area-5382,0,0
Area-5383,1,0
Area-5384,1,0
Area-5385,0,0
Area-5386,0,0
Area-5387,1,1
Area-5388,1,1
Area-5389,4,1
Area-5390,0,0
Area-5391,1,0
Area-5392,0,0
Area-5393,0,1
Area-5394,0,3
Area-5395,1,1
Area-5396,0,1
Area-5397,0,0
Area-5398,2,0
Area-5399,1,0
Area-5400,2,0
Area-5401,0,0
Area-5402,0,0
Area-5403,0,0
Area-5404,0,0
Area-5405,2,0
Area-5406,0,0
Area-5407,2,1
Area-5408,0,1
Area-5409,1,1
Area-5410,5,0
Area-5411,1,0
Area-5412,1,0
Area-5413,2,0
Area-5414,4,0
Area-5415,2,0
Area-5416,1,0
Area-5417,0,0
Area-5418,0,0
Area-5419,0,1
Area-5420,7,0
Area-5421,0,0
Area-5422,0,0
Area-5423,0,0
Area-5424,2,1
Area-5425,1,0
Area-5426,0,0
Area-5427,0,0
Area-5428,1,0
Area-5429,6,0
Area-5430,2,0
Area-5431,0,1
Area-5432,0,2
Area-5433,0,0
Area-5434,0,0
Area-5435,1,0
Area-5436,0,0
Area-5437,0,0
Area-5438,0,0
Area-5439,0,0
Area-5440,0,0
Area-5441,0,1
Area-5442,0,1
Area-5443,0,1
Area-5444,0,2
Area-5445,0,1
Area-5446,0,0
Area-5447,0,0
Area-5448,0,2
Area-5449,0,1
Area-5450,1,0
Area-5451,0,0
Area-5452,0,0
Area-5453,0,0
Area-5454,0,0
Area-5455,0,0
Area-5456,1,0
Area-5457,0,0
Area-5458,0,0
Area-5459,0,0
Area-5460,0,0
Area-5461,1,2
Area-5462,0,2
Area-5463,0,1
Area-5464,0,1
Area-5465,0,1
Area-5466,0,1
Area-5467,0,2
Area-5468,0,1
Area-5469,0,1
Area-5470,0,0
Area-5471,0,0
Area-5472,1,0
Area-5473,1,0
Area-5474,0,0
Area-5475,0,0
Area-5476,2,0
Area-5477,1,0
Area-5478,0,0
Area-5479,1,0
Area-5480,0,0
Area-5481,2,1
Area-5482,3,0
Area-5483,0,0
Area-5484,1,0
Area-5485,0,1
Area-5486,1,1
Area-5487,0,1
Area-5488,3,0
Area-5489,0,0
Area-5490,0,0
Area-5491,11,0
Area-5492,0,0
Area-5493,1,0
Area-5494,0,0
Area-5495,0,1
Area-5496,0,1
Area-5497,1,1
Area-5498,0,0
Area-5499,0,0
Area-5500,3,0
Area-5501,1,1
Area-5502,0,1
Area-5503,6,1
Area-5504,0,1
Area-5505,0,0
Area-5506,0,0
Area-5507,1,0
Area-5508,0,0
Area-5509,0,0
Area-5510,0,0
Area-5511,0,0
Area-5512,0,0
Area-5513,1,0
Area-5514,2,0
Area-5515,0,0
Area-5516,0,0
Area-5517,1,0
Area-5518,0,0
Area-5519,8,0
Area-5520,0,0
Area-5521,1,0
Area-5522,0,0
Area-5523,1,0
Area-5524,1,0
Area-5525,0,0
Area-5526,9,0
Area-5527,3,0
Area-5528,0,0
Area-5529,0,0
Area-5530,0,0
Area-5531,0,0
Area-5532,0,1
Area-5533,1,1
Area-5534,2,1
Area-5535,0,1
Area-5536,2,0
Area-5537,2,0
Area-5538,0,0
Area-5539,2,2
Area-5540,1,2
Area-5541,1,1
Area-5542,0,0
Area-5543,0,0
Area-5544,0,0
Area-5545,0,0
Area-5546,0,0
Area-5547,0,0
Area-5548,0,0
Area-5549,0,0
Area-5550,0,1
Area-5551,0,1
Area-5552,0,1
Area-5553,0,1
Area-5554,0,0
Area-5555,0,0
Area-5556,0,0
Area-5557,0,1
Area-5558,0,1
Area-5559,1,0
Area-5560,0,0
Area-5561,0,0
Area-5562,0,0
Area-5563,0,0
Area-5564,0,0
Area-5565,0,0
Area-5566,2,0
Area-5567,1,0
Area-5568,0,0
Area-5569,0,0
Area-5570,0,0
Area-5571,0,2
Area-5572,0,2
Area-5573,0,1
Area-5574,0,1
Area-5575,0,1
Area-5576,1,0
Area-5577,0,1
Area-5578,0,1
Area-5579,0,1
Area-5580,0,0
Area-5581,0,0
Area-5582,0,0
Area-5583,0,0
Area-5584,1,0
Area-5585,0,0
Area-5586,0,0
Area-5587,0,0
Area-5588,0,0
Area-5589,0,0
Area-5590,2,0
Area-5591,0,1
Area-5592,3,0
Area-5593,1,0
Area-5594,0,0
Area-5595,1,0
Area-5596,1,0
Area-5597,0,0
Area-5598,1,0
Area-5599,0,0
Area-5600,0,0
Area-5601,1,0
Area-5602,0,0
Area-5603,1,0
Area-5604,1,0
Area-5605,0,0
Area-5606,1,0
Area-5607,4,0
Area-5608,2,0
Area-5609,3,0
Area-5610,0,0
Area-5611,0,0
Area-5612,0,0
Area-5613,3,1
Area-5614,0,1
Area-5615,0,0
Area-5616,0,0
Area-5617,1,1
Area-5618,3,1
Area-5619,1,0
Area-5620,1,0
Area-5621,0,0
Area-5622,0,0
Area-5623,6,0
Area-5624,0,0
Area-5625,1,0
Area-5626,1,0
Area-5627,0,0
Area-5628,1,0
Area-5629,1,0
Area-5630,5,0
Area-5631,1,0
Area-5632,0,0
Area-5633,0,0
Area-5634,2,0
Area-5635,0,0
Area-5636,1,0
Area-5637,0,0
Area-5638,0,1
Area-5639,0,1
Area-5640,0,1
Area-5641,0,1
Area-5642,0,1
Area-5643,0,1
Area-5644,0,1
Area-5645,4,1
Area-5646,0,0
Area-5647,0,0
Area-5648,1,1
Area-5649,0,1
Area-5650,0,1
Area-5651,0,1
Area-5652,1,1
Area-5653,0,0
Area-5654,0,0
Area-5655,1,0
Area-5656,0,0
Area-5657,0,0
Area-5658,0,0
Area-5659,0,0
Area-5660,2,1
Area-5661,0,0
Area-5662,0,0
Area-5663,0,0
Area-5664,0,0
Area-5665,0,0
Area-5666,0,0
Area-5667,0,0
Area-5668,0,0
Area-5669,0,1
Area-5670,0,0
Area-5671,0,0
Area-5672,0,0
Area-5673,0,0
Area-5674,0,0
Area-5675,0,0
Area-5676,0,0
Area-5677,0,0
Area-5678,0,0
Area-5679,0,0
Area-5680,0,0
Area-5681,0,0
Area-5682,0,0
Area-5683,0,2
Area-5684,0,2
Area-5685,0,1
Area-5686,0,1
Area-5687,0,1
Area-5688,1,1
Area-5689,0,1
Area-5690,0,1
Area-5691,0,1
Area-5692,0,1
Area-5693,0,0
Area-5694,1,0
Area-5695,1,0
Area-5696,0,0
Area-5697,1,0
Area-5698,3,1
Area-5699,0,1
Area-5700,0,0
Area-5701,0,0
Area-5702,0,0
Area-5703,4,0
Area-5704,0,0
Area-5705,1,0
Area-5706,0,0
Area-5707,0,0
Area-5708,1,0
Area-5709,0,0
Area-5710,3,0
Area-5711,0,0
Area-5712,3,0
Area-5713,5,0
Area-5714,4,0
Area-5715,2,0
Area-5716,0,0
Area-5717,0,0
Area-5718,1,0
Area-5719,1,0
Area-5720,0,1
Area-5721,0,1
Area-5722,0,0
Area-5723,1,0
Area-5724,0,0
Area-5725,1,1
Area-5726,0,1
Area-5727,0,0
Area-5728,0,0
Area-5729,0,1
Area-5730,0,1
Area-5731,0,0
Area-5732,1,0
Area-5733,2,0
Area-5734,2,0
Area-5735,0,0
Area-5736,1,0
Area-5737,0,0
Area-5738,2,0
Area-5739,0,0
Area-5740,1,0
Area-5741,1,0
Area-5742,0,0
Area-5743,2,0
Area-5744,1,0
Area-5745,0,0
Area-5746,6,0
Area-5747,0,0
Area-5748,0,0
Area-5749,1,0
Area-5750,1,1
Area-5751,0,1
Area-5752,0,1
Area-5753,0,1
Area-5754,0,1
Area-5755,0,1
Area-5756,0,1
Area-5757,0,1
Area-5758,0,1
Area-5759,0,1
Area-5760,1,2
Area-5761,0,2
Area-5762,0,1
Area-5763,0,1
Area-5764,2,1
Area-5765,2,1
Area-5766,0,0
Area-5767,0,0
Area-5768,2,1
Area-5769,0,1
Area-5770,0,0
Area-5771,1,0
Area-5772,0,0
Area-5773,1,0
Area-5774,2,0
Area-5775,0,0
Area-5776,0,0
Area-5777,0,0
Area-5778,0,0
Area-5779,0,0
Area-5780,0,0
Area-5781,0,0
Area-5782,0,0
Area-5783,0,0
Area-5784,0,0
Area-5785,0,0
Area-5786,0,0
Area-5787,0,0
Area-5788,0,0
Area-5789,0,0
Area-5790,0,0
Area-5791,0,0
Area-5792,2,0
Area-5793,0,0
Area-5794,0,0
Area-5795,0,0
Area-5796,0,1
Area-5797,0,2
Area-5798,1,2
Area-5799,0,2
Area-5800,0,1
Area-5801,0,1
Area-5802,0,1
Area-5803,0,0
Area-5804,0,0
Area-5805,0,1
Area-5806,0,1
Area-5807,0,1
Area-5808,1,0
Area-5809,2,0
Area-5810,0,0
Area-5811,0,0
Area-5812,2,0
Area-5813,1,0
Area-5814,0,1
Area-5815,2,0
Area-5816,1,0
Area-5817,0,0
Area-5818,0,0
Area-5819,0,0
Area-5820,1,0
Area-5821,2,1
Area-5822,0,1
Area-5823,1,0
Area-5824,2,0
Area-5825,2,0
Area-5826,1,1
Area-5827,0,1
Area-5828,8,0
Area-5829,0,0
Area-5830,0,0
Area-5831,0,0
Area-5832,1,0
Area-5833,0,0
Area-5834,0,0
Area-5835,1,1
Area-5836,1,1
Area-5837,0,0
Area-5838,1,0
Area-5839,1,0
Area-5840,0,0
Area-5841,1,0
Area-5842,0,0
Area-5843,0,0
Area-5844,0,0
Area-5845,2,0
Area-5846,1,0
Area-5847,0,0
Area-5848,0,0
Area-5849,1,0
Area-5850,0,0
Area-5851,0,0
Area-5852,1,0
Area-5853,1,0
Area-5854,0,0
Area-5855,0,0
Area-5856,2,0
Area-5857,0,0
Area-5858,3,0
Area-5859,2,0
Area-5860,1,0
Area-5861,0,1
Area-5862,0,1
Area-5863,2,1
Area-5864,0,0
Area-5865,1,1
Area-5866,0,1
Area-5867,0,1
Area-5868,0,1
Area-5869,2,1
Area-5870,0,1
Area-5871,0,1
Area-5872,0,1
Area-5873,0,2
Area-5874,0,1
Area-5875,0,1
Area-5876,0,1
Area-5877,0,0
Area-5878,6,0
Area-5879,2,0
Area-5880,2,0
Area-5881,0,1
Area-5882,3,2
Area-5883,2,1
Area-5884,0,0
Area-5885,0,0
Area-5886,0,0
Area-5887,1,0
Area-5888,0,0
Area-5889,0,0
Area-5890,0,0
Area-5891,0,1
Area-5892,0,0
Area-5893,0,0
Area-5894,0,0
Area-5895,0,0
Area-5896,0,0
Area-5897,0,0
Area-5898,0,0
Area-5899,0,0
Area-5900,0,0
Area-5901,0,0
Area-5902,0,0
Area-5903,0,0
Area-5904,0,0
Area-5905,0,0
Area-5906,0,0
Area-5907,0,0
Area-5908,0,0
Area-5909,0,2
Area-5910,0,2
Area-5911,0,2
Area-5912,0,2
Area-5913,0,1
Area-5914,0,1
Area-5915,0,1
Area-5916,0,1
Area-5917,0,1
Area-5918,0,1
Area-5919,0,1
Area-5920,0,0
Area-5921,0,0
Area-5922,1,0
Area-5923,0,0
Area-5924,0,0
Area-5925,0,0
Area-5926,0,0
Area-5927,0,0
Area-5928,0,1
Area-5929,4,1
Area-5930,4,0
Area-5931,0,0
Area-5932,0,0
Area-5933,0,1
Area-5934,1,1
Area-5935,0,0
Area-5936,1,1
Area-5937,1,0
Area-5938,1,0
Area-5939,5,0
Area-5940,4,1
Area-5941,1,1
Area-5942,1,0
Area-5943,1,0
Area-5944,0,0
Area-5945,0,0
Area-5946,0,0
Area-5947,2,0
Area-5948,1,0
Area-5949,1,0
Area-5950,0,0
Area-5951,0,0
Area-5952,2,0
Area-5953,0,0
Area-5954,0,0
Area-5955,1,0
Area-5956,0,0
Area-5957,1,0
Area-5958,0,0
Area-5959,0,0
Area-5960,0,0
Area-5961,0,0
Area-5962,2,0
Area-5963,1,0
Area-5964,0,0
Area-5965,0,0
Area-5966,0,0
Area-5967,3,0
Area-5968,8,0
Area-5969,0,0
Area-5970,0,0
Area-5971,0,0
Area-5972,2,1
Area-5973,0,1
Area-5974,1,0
Area-5975,0,0
Area-5976,0,0
Area-5977,0,1
Area-5978,0,1
Area-5979,0,1
Area-5980,0,1
Area-5981,0,1
Area-5982,0,1
Area-5983,1,1
Area-5984,0,1
Area-5985,0,1
Area-5986,0,1
Area-5987,0,1
Area-5988,0,0
Area-5989,0,0
Area-5990,4,0
Area-5991,9,0
Area-5992,0,1
Area-5993,0,1
Area-5994,1,1
Area-5995,0,0
Area-5996,0,0
Area-5997,0,1
Area-5998,0,1
Area-5999,0,1
Area-6000,1,0
Area-6001,0,1
Area-6002,0,1
Area-6003,0,1
Area-6004,0,0
Area-6005,0,1
Area-6006,0,1
Area-6007,0,0
Area-6008,0,0
Area-6009,0,0
Area-6010,0,0
Area-6011,0,0
Area-6012,0,0
Area-6013,0,1
Area-6014,0,1
Area-6015,2,0
Area-6016,0,0
Area-6017,2,1
Area-6018,0,1
Area-6019,2,2
Area-6020,0,2
Area-6021,0,1
Area-6022,0,1
Area-6023,0,1
Area-6024,0,1
Area-6025,0,1
Area-6026,0,1
Area-6027,0,1
Area-6028,0,2
Area-6029,1,2
Area-6030,0,0
Area-6031,1,0
Area-6032,0,0
Area-6033,0,0
Area-6034,0,0
Area-6035,0,0
Area-6036,0,0
Area-6037,0,0
Area-6038,4,1
Area-6039,1,1
Area-6040,0,0
Area-6041,0,0
Area-6042,0,0
Area-6043,1,1
Area-6044,0,1
Area-6045,1,1
Area-6046,1,0
Area-6047,1,0
Area-6048,1,0
Area-6049,3,0
Area-6050,1,0
Area-6051,1,0
Area-6052,0,0
Area-6053,3,0
Area-6054,5,0
Area-6055,0,0
Area-6056,0,0
Area-6057,0,0
Area-6058,0,0
Area-6059,0,0
Area-6060,0,0
Area-6061,0,0
Area-6062,0,0
Area-6063,0,0
Area-6064,0,0
Area-6065,4,0
Area-6066,1,0
Area-6067,0,0
Area-6068,1,0
Area-6069,0,0
Area-6070,3,0
Area-6071,0,1
Area-6072,0,0
Area-6073,0,0
Area-6074,0,0
Area-6075,1,0
Area-6076,1,0
Area-6077,0,0
Area-6078,1,0
Area-6079,0,0
Area-6080,2,0
Area-6081,0,0
Area-6082,6,0
Area-6083,1,0
Area-6084,0,0
Area-6085,0,0
Area-6086,1,1
Area-6087,0,1
Area-6088,0,1
Area-6089,0,1
Area-6090,0,0
Area-6091,1,0
Area-6092,0,1
Area-6093,0,1
Area-6094,0,1
Area-6095,1,1
Area-6096,0,0
Area-6097,0,0
Area-6098,0,0
Area-6099,1,0
Area-6100,1,0
Area-6101,1,1
Area-6102,0,0
Area-6103,0,0
Area-6104,0,0
Area-6105,0,1
Area-6106,0,1
Area-6107,0,1
Area-6108,0,0
Area-6109,1,1
Area-6110,0,1
Area-6111,0,0
Area-6112,0,1
Area-6113,0,1
Area-6114,0,1
Area-6115,0,0
Area-6116,0,0
Area-6117,0,0
Area-6118,0,0
Area-6119,0,0
Area-6120,0,1
Area-6121,0,1
Area-6122,0,1
Area-6123,0,1
Area-6124,0,0
Area-6125,1,1
Area-6126,0,1
Area-6127,0,1
Area-6128,0,1
Area-6129,0,1
Area-6130,0,1
Area-6131,0,1
Area-6132,0,1
Area-6133,0,1
Area-6134,0,0
Area-6135,0,1
Area-6136,0,1
Area-6137,0,1
Area-6138,0,1
Area-6139,0,1
Area-6140,0,0
Area-6141,0,0
Area-6142,0,0
Area-6143,0,0
Area-6144,1,0
Area-6145,1,0
Area-6146,0,0
Area-6147,0,0
Area-6148,1,0
Area-6149,0,0
Area-6150,3,0
Area-6151,0,1
Area-6152,0,1
Area-6153,0,1
Area-6154,4,0
Area-6155,5,0
Area-6156,1,0
Area-6157,5,0
Area-6158,1,0
Area-6159,0,0
Area-6160,0,0
Area-6161,0,0
Area-6162,0,0
Area-6163,0,0
Area-6164,0,0
Area-6165,0,0
Area-6166,1,0
Area-6167,1,0
Area-6168,0,0
Area-6169,0,0
Area-6170,1,0
Area-6171,3,0
Area-6172,0,0
Area-6173,3,0
Area-6174,0,0
Area-6175,0,0
Area-6176,0,1
Area-6177,0,1
Area-6178,6,0
Area-6179,0,0
Area-6180,1,0
Area-6181,3,0
Area-6182,3,0
Area-6183,2,0
Area-6184,0,0
Area-6185,0,0
Area-6186,3,0
Area-6187,0,0
Area-6188,2,0
Area-6189,1,0
Area-6190,0,0
Area-6191,0,1
Area-6192,0,1
Area-6193,0,1
Area-6194,0,0
Area-6195,0,0
Area-6196,0,0
Area-6197,0,2
Area-6198,0,2
Area-6199,0,1
Area-6200,0,0
Area-6201,0,0
Area-6202,1,1
Area-6203,1,1
Area-6204,1,0
Area-6205,5,0
Area-6206,2,0
Area-6207,0,0
Area-6208,0,0
Area-6209,0,0
Area-6210,0,1
Area-6211,0,1
Area-6212,0,1
Area-6213,1,1
Area-6214,0,1
Area-6215,0,1
Area-6216,0,1
Area-6217,0,0
Area-6218,0,0
Area-6219,0,0
Area-6220,0,0
Area-6221,0,1
Area-6222,0,1
Area-6223,0,1
Area-6224,1,1
Area-6225,2,0
Area-6226,0,0
Area-6227,0,1
Area-6228,0,1
Area-6229,0,1
Area-6230,0,1
Area-6231,0,1
Area-6232,0,1
Area-6233,0,1
Area-6234,0,2
Area-6235,0,0
Area-6236,0,0
Area-6237,0,1
Area-6238,0,1
Area-6239,0,1
Area-6240,1,1
Area-6241,0,0
Area-6242,0,0
Area-6243,0,1
Area-6244,0,1
Area-6245,2,1
Area-6246,0,1
Area-6247,1,0
Area-6248,1,0
Area-6249,2,0
Area-6250,1,0
Area-6251,0,0
Area-6252,3,0
Area-6253,1,0
Area-6254,2,0
Area-6255,1,0
Area-6256,0,0
Area-6257,4,0
Area-6258,0,0
Area-6259,1,0
Area-6260,0,0
Area-6261,0,0
Area-6262,2,0
Area-6263,0,0
Area-6264,0,0
Area-6265,0,0
Area-6266,0,0
Area-6267,4,0
Area-6268,0,0
Area-6269,1,0
Area-6270,0,0
Area-6271,1,0
Area-6272,0,0
Area-6273,0,0
Area-6274,2,0
Area-6275,4,1
Area-6276,2,1
Area-6277,0,0
Area-6278,0,0
Area-6279,0,0
Area-6280,0,0
Area-6281,1,0
Area-6282,0,0
Area-6283,0,0
Area-6284,1,0
Area-6285,1,0
Area-6286,0,0
Area-6287,3,0
Area-6288,0,0
Area-6289,2,0
Area-6290,1,0
Area-6291,2,1
Area-6292,2,1
Area-6293,1,0
Area-6294,5,0
Area-6295,4,0
Area-6296,1,1
Area-6297,0,1
Area-6298,3,1
Area-6299,0,0
Area-6300,1,0
Area-6301,11,1
Area-6302,1,1
Area-6303,1,1
Area-6304,0,0
Area-6305,2,0
Area-6306,0,1
Area-6307,1,1
Area-6308,0,0
Area-6309,0,1
Area-6310,0,1
Area-6311,0,1
Area-6312,0,1
Area-6313,0,1
Area-6314,0,1
Area-6315,0,1
Area-6316,0,1
Area-6317,0,0
Area-6318,0,0
Area-6319,0,0
Area-6320,0,0
Area-6321,0,1
Area-6322,1,1
Area-6323,1,0
Area-6324,1,0
Area-6325,0,1
Area-6326,0,1
Area-6327,0,1
Area-6328,0,1
Area-6329,0,1
Area-6330,0,1
Area-6331,0,1
Area-6332,0,2
Area-6333,0,2
Area-6334,0,1
Area-6335,0,0
Area-6336,0,1
Area-6337,0,1
Area-6338,0,1
Area-6339,0,1
Area-6340,0,0
Area-6341,2,0
Area-6342,0,1
Area-6343,1,1
Area-6344,0,0
Area-6345,0,0
Area-6346,0,0
Area-6347,0,0
Area-6348,2,0
Area-6349,1,0
Area-6350,1,0
Area-6351,3,0
Area-6352,0,0
Area-6353,0,1
Area-6354,0,1
Area-6355,0,0
Area-6356,1,0
Area-6357,1,0
Area-6358,3,0
Area-6359,0,0
Area-6360,0,0
Area-6361,1,0
Area-6362,1,0
Area-6363,0,0
Area-6364,3,0
Area-6365,2,0
Area-6366,0,0
Area-6367,0,0
Area-6368,0,0
Area-6369,2,0
Area-6370,0,0
Area-6371,1,0
Area-6372,0,0
Area-6373,1,0
Area-6374,0,0
Area-6375,1,0
Area-6376,0,0
Area-6377,0,0
Area-6378,0,0
Area-6379,0,0
Area-6380,1,0
Area-6381,0,0
Area-6382,6,0
Area-6383,3,1
Area-6384,3,0
Area-6385,9,0
Area-6386,0,0
Area-6387,0,0
Area-6388,0,1
Area-6389,0,1
Area-6390,0,0
Area-6391,0,0
Area-6392,1,1
Area-6393,0,2
Area-6394,0,2
Area-6395,0,2
Area-6396,1,0
Area-6397,0,0
Area-6398,0,0
Area-6399,2,1
Area-6400,0,1
Area-6401,0,1
Area-6402,0,1
Area-6403,0,2
Area-6404,0,2
Area-6405,3,1
Area-6406,0,0
Area-6407,0,0
Area-6408,0,0
Area-6409,0,1
Area-6410,0,1
Area-6411,0,1
Area-6412,0,1
Area-6413,0,1
Area-6414,0,1
Area-6415,0,0
Area-6416,0,0
Area-6417,0,0
Area-6418,0,0
Area-6419,0,0
Area-6420,0,0
Area-6421,0,0
Area-6422,0,1
Area-6423,0,1
Area-6424,0,1
Area-6425,0,1
Area-6426,0,1
Area-6427,0,1
Area-6428,0,1
Area-6429,0,1
Area-6430,0,1
Area-6431,0,1
Area-6432,0,0
Area-6433,0,0
Area-6434,0,1
Area-6435,1,1
Area-6436,0,1
Area-6437,0,1
Area-6438,0,0
Area-6439,0,0
Area-6440,0,0
Area-6441,1,0
Area-6442,0,0
Area-6443,1,0
Area-6444,0,0
Area-6445,0,0
Area-6446,0,0
Area-6447,2,0
Area-6448,0,0
Area-6449,1,0
Area-6450,4,0
Area-6451,0,1
Area-6452,0,1
Area-6453,0,1
Area-6454,3,0
Area-6455,1,0
Area-6456,1,0
Area-6457,0,0
Area-6458,0,0
Area-6459,1,0
Area-6460,2,0
Area-6461,1,0
Area-6462,0,0
Area-6463,0,0
Area-6464,0,0
Area-6465,4,0
Area-6466,1,0
Area-6467,0,0
Area-6468,0,0
Area-6469,1,0
Area-6470,0,0
Area-6471,0,0
Area-6472,2,0
Area-6473,0,0
Area-6474,0,0
Area-6475,0,0
Area-6476,1,0
Area-6477,1,0
Area-6478,3,1
Area-6479,0,1
Area-6480,1,1
Area-6481,0,0
Area-6482,1,0
Area-6483,0,0
Area-6484,0,1
Area-6485,0,1
Area-6486,0,1
Area-6487,0,0
Area-6488,1,1
Area-6489,1,1
Area-6490,1,1
Area-6491,2,2
Area-6492,0,1
Area-6493,0,0
Area-6494,0,0
Area-6495,0,0
Area-6496,0,1
Area-6497,0,1
Area-6498,0,1
Area-6499,0,1
Area-6500,0,2
Area-6501,0,1
Area-6502,1,0
Area-6503,6,0
Area-6504,2,0
Area-6505,0,0
Area-6506,0,1
Area-6507,0,1
Area-6508,0,0
Area-6509,0,0
Area-6510,0,0
Area-6511,0,0
Area-6512,0,0
Area-6513,0,0
Area-6514,0,0
Area-6515,1,0
Area-6516,0,0
Area-6517,0,0
Area-6518,0,0
Area-6519,0,1
Area-6520,0,1
Area-6521,0,1
Area-6522,0,1
Area-6523,0,0
Area-6524,0,1
Area-6525,0,1
Area-6526,0,0
Area-6527,0,0
Area-6528,0,0
Area-6529,0,0
Area-6530,0,1
Area-6531,0,1
Area-6532,0,0
Area-6533,0,0
Area-6534,0,0
Area-6535,0,0
Area-6536,0,0
Area-6537,2,0
Area-6538,0,0
Area-6539,0,0
Area-6540,0,0
Area-6541,1,0
Area-6542,5,1
Area-6543,0,1
Area-6544,0,0
Area-6545,1,0
Area-6546,0,0
Area-6547,0,1
Area-6548,0,0
Area-6549,1,0
Area-6550,0,0
Area-6551,1,0
Area-6552,0,0
Area-6553,0,0
Area-6554,0,0
Area-6555,5,0
Area-6556,1,0
Area-6557,3,0
Area-6558,2,0
Area-6559,1,0
Area-6560,0,0
Area-6561,0,0
Area-6562,1,0
Area-6563,0,0
Area-6564,0,0
Area-6565,0,0
Area-6566,0,0
Area-6567,3,0
Area-6568,0,0
Area-6569,2,0
Area-6570,1,2
Area-6571,0,2
Area-6572,0,0
Area-6573,0,0
Area-6574,1,0
Area-6575,0,1
Area-6576,0,1
Area-6577,0,1
Area-6578,0,2
Area-6579,0,1
Area-6580,0,0
Area-6581,0,0
Area-6582,1,0
Area-6583,0,1
Area-6584,0,1
Area-6585,0,1
Area-6586,0,0
Area-6587,1,0
Area-6588,0,0
Area-6589,0,1
Area-6590,0,1
Area-6591,0,1
Area-6592,0,1
Area-6593,0,1
Area-6594,0,0
Area-6595,0,1
Area-6596,0,0
Area-6597,2,0
Area-6598,0,1
Area-6599,0,1
Area-6600,0,0
Area-6601,0,0
Area-6602,0,0
Area-6603,0,0
Area-6604,0,0
Area-6605,0,0
Area-6606,0,0
Area-6607,0,0
Area-6608,0,0
Area-6609,0,0
Area-6610,0,0
Area-6611,0,1
Area-6612,0,1
Area-6613,0,1
Area-6614,0,1
Area-6615,0,0
Area-6616,0,0
Area-6617,0,0
Area-6618,0,0
Area-6619,0,0
Area-6620,0,0
Area-6621,0,1
Area-6622,1,1
Area-6623,0,1
Area-6624,0,0
Area-6625,2,0
Area-6626,0,0
Area-6627,2,0
Area-6628,0,0
Area-6629,2,0
Area-6630,0,0
Area-6631,2,0
Area-6632,1,0
Area-6633,0,1
Area-6634,2,1
Area-6635,0,0
Area-6636,0,0
Area-6637,0,0
Area-6638,1,0
Area-6639,1,0
Area-6640,3,1
Area-6641,0,0
Area-6642,1,0
Area-6643,1,0
Area-6644,0,0
Area-6645,2,0
Area-6646,13,1
Area-6647,0,0
Area-6648,0,0
Area-6649,0,0
Area-6650,0,0
Area-6651,0,0
Area-6652,0,0
Area-6653,0,0
Area-6654,0,0
Area-6655,1,0
Area-6656,0,0
Area-6657,0,0
Area-6658,1,0
Area-6659,0,0
Area-6660,0,0
Area-6661,7,0
Area-6662,1,1
Area-6663,0,1
Area-6664,0,1
Area-6665,0,1
Area-6666,0,1
Area-6667,0,1
Area-6668,0,1
Area-6669,0,1
Area-6670,0,1
Area-6671,0,0
Area-6672,0,0
Area-6673,0,0
Area-6674,1,1
Area-6675,0,1
Area-6676,0,1
Area-6677,0,0
Area-6678,2,0
Area-6679,0,0
Area-6680,0,0
Area-6681,0,0
Area-6682,2,0
Area-6683,0,1
Area-6684,0,0
Area-6685,0,0
Area-6686,0,1
Area-6687,1,1
Area-6688,1,1
Area-6689,3,2
Area-6690,0,1
Area-6691,0,0
Area-6692,0,0
Area-6693,0,0
Area-6694,0,0
Area-6695,1,0
Area-6696,0,1
Area-6697,0,1
Area-6698,0,0
Area-6699,0,1
Area-6700,0,1
Area-6701,0,1
Area-6702,0,1
Area-6703,0,1
Area-6704,0,1
Area-6705,0,1
Area-6706,0,1
Area-6707,0,1
Area-6708,0,0
Area-6709,0,0
Area-6710,1,1
Area-6711,0,0
Area-6712,1,1
Area-6713,1,1
Area-6714,0,1
Area-6715,0,0
Area-6716,0,0
Area-6717,0,0
Area-6718,0,0
Area-6719,2,0
Area-6720,1,0
Area-6721,0,0
Area-6722,1,0
Area-6723,2,0
Area-6724,0,0
Area-6725,2,0
Area-6726,0,0
Area-6727,1,0
Area-6728,3,0
Area-6729,2,0
Area-6730,0,0
Area-6731,0,0
Area-6732,1,0
Area-6733,1,0
Area-6734,0,0
Area-6735,1,2
Area-6736,2,2
Area-6737,0,2
Area-6738,0,1
Area-6739,0,0
Area-6740,0,0
Area-6741,0,0
Area-6742,0,0
Area-6743,0,0
Area-6744,0,0
Area-6745,0,0
Area-6746,0,0
Area-6747,1,0
Area-6748,3,0
Area-6749,2,0
Area-6750,0,0
Area-6751,1,0
Area-6752,1,0
Area-6753,3,1
Area-6754,0,1
Area-6755,0,1
Area-6756,0,1
Area-6757,2,1
Area-6758,0,1
Area-6759,0,1
Area-6760,0,0
Area-6761,0,0
Area-6762,1,0
Area-6763,0,0
Area-6764,0,0
Area-6765,0,0
Area-6766,1,1
Area-6767,1,1
Area-6768,0,1
Area-6769,5,0
Area-6770,0,0
Area-6771,0,0
Area-6772,1,0
Area-6773,0,0
Area-6774,0,0
Area-6775,0,0
Area-6776,0,1
Area-6777,0,1
Area-6778,2,1
Area-6779,0,0
Area-6780,3,1
Area-6781,0,1
Area-6782,0,0
Area-6783,0,0
Area-6784,0,0
Area-6785,0,0
Area-6786,0,0
Area-6787,0,2
Area-6788,0,1
Area-6789,0,1
Area-6790,0,2
Area-6791,0,1
Area-6792,0,1
Area-6793,0,1
Area-6794,0,1
Area-6795,0,1
Area-6796,0,1
Area-6797,0,1
Area-6798,0,1
Area-6799,0,0
Area-6800,0,1
Area-6801,0,2
Area-6802,0,0
Area-6803,0,0
Area-6804,0,1
Area-6805,0,2
Area-6806,0,2
Area-6807,0,0
Area-6808,0,0
Area-6809,0,0
Area-6810,1,0
Area-6811,0,0
Area-6812,1,0
Area-6813,0,0
Area-6814,0,0
Area-6815,1,0
Area-6816,1,0
Area-6817,3,0
Area-6818,2,0
Area-6819,0,0
Area-6820,2,0
Area-6821,1,0
Area-6822,0,0
Area-6823,0,0
Area-6824,0,0
Area-6825,1,1
Area-6826,0,2
Area-6827,0,2
Area-6828,1,1
Area-6829,0,0
Area-6830,0,0
Area-6831,0,0
Area-6832,0,0
Area-6833,0,0
Area-6834,0,0
Area-6835,1,0
Area-6836,2,0
Area-6837,0,0
Area-6838,0,0
Area-6839,0,0
Area-6840,1,0
Area-6841,0,0
Area-6842,0,0
Area-6843,0,1
Area-6844,0,1
Area-6845,0,1
Area-6846,0,1
Area-6847,3,1
Area-6848,0,0
Area-6849,0,0
Area-6850,0,0
Area-6851,1,0
Area-6852,0,0
Area-6853,0,0
Area-6854,0,0
Area-6855,0,0
Area-6856,1,0
Area-6857,0,1
Area-6858,0,1
Area-6859,0,0
Area-6860,0,0
Area-6861,0,0
Area-6862,0,0
Area-6863,0,0
Area-6864,0,0
Area-6865,0,0
Area-6866,0,1
Area-6867,0,1
Area-6868,0,0
Area-6869,0,0
Area-6870,2,1
Area-6871,0,1
Area-6872,0,0
Area-6873,0,0
Area-6874,0,0
Area-6875,0,0
Area-6876,1,1
Area-6877,0,1
Area-6878,0,1
Area-6879,0,1
Area-6880,0,2
Area-6881,0,1
Area-6882,0,1
Area-6883,0,1
Area-6884,0,1
Area-6885,0,0
Area-6886,0,0
Area-6887,0,0
Area-6888,0,0
Area-6889,0,1
Area-6890,0,1
Area-6891,0,1
Area-6892,0,0
Area-6893,0,1
Area-6894,0,0
Area-6895,0,1
Area-6896,2,2
Area-6897,0,0
Area-6898,1,0
Area-6899,3,0
Area-6900,2,0
Area-6901,0,0
Area-6902,0,0
Area-6903,0,0
Area-6904,1,0
Area-6905,0,0
Area-6906,1,0
Area-6907,4,0
Area-6908,3,0
Area-6909,1,0
Area-6910,1,0
Area-6911,12,0
Area-6912,0,0
Area-6913,0,1
Area-6914,0,1
Area-6915,0,1
Area-6916,0,0
Area-6917,0,0
Area-6918,0,0
Area-6919,0,1
Area-6920,0,0
Area-6921,0,0
Area-6922,1,0
Area-6923,0,1
Area-6924,0,1
Area-6925,0,1
Area-6926,0,1
Area-6927,0,1
Area-6928,0,1
Area-6929,0,0
Area-6930,0,0
Area-6931,1,0
Area-6932,0,1
Area-6933,0,1
Area-6934,0,1
Area-6935,0,1
Area-6936,4,0
Area-6937,0,0
Area-6938,3,0
Area-6939,0,0
Area-6940,0,0
Area-6941,0,0
Area-6942,0,0
Area-6943,0,0
Area-6944,0,0
Area-6945,0,0
Area-6946,0,1
Area-6947,1,0
Area-6948,0,0
Area-6949,0,0
Area-6950,0,0
Area-6951,0,0
Area-6952,0,0
Area-6953,0,0
Area-6954,0,0
Area-6955,0,0
Area-6956,1,0
Area-6957,0,0
Area-6958,0,0
Area-6959,0,0
Area-6960,0,0
Area-6961,0,1
Area-6962,0,1
Area-6963,0,0
Area-6964,0,0
Area-6965,0,0
Area-6966,0,2
Area-6967,0,2
Area-6968,0,1
Area-6969,0,1
Area-6970,0,1
Area-6971,0,1
Area-6972,0,1
Area-6973,0,1
Area-6974,0,1
Area-6975,0,1
Area-6976,0,0
Area-6977,0,0
Area-6978,1,0
Area-6979,0,1
Area-6980,0,2
Area-6981,0,2
Area-6982,0,1
Area-6983,0,0
Area-6984,1,0
Area-6985,0,1
Area-6986,6,1
Area-6987,1,0
Area-6988,0,0
Area-6989,0,0
Area-6990,0,0
Area-6991,0,0
Area-6992,0,0
Area-6993,0,0
Area-6994,0,0
Area-6995,0,0
Area-6996,2,0
Area-6997,0,0
Area-6998,3,0
Area-6999,6,0
Area-7000,0,0
Area-7001,0,0
Area-7002,0,0
Area-7003,0,0
Area-7004,1,0
Area-7005,0,1
Area-7006,0,1
Area-7007,0,1
Area-7008,2,0
Area-7009,0,0
Area-7010,0,1
Area-7011,0,1
Area-7012,0,1
Area-7013,0,1
Area-7014,0,1
Area-7015,0,1
Area-7016,0,1
Area-7017,1,0
Area-7018,0,0
Area-7019,1,0
Area-7020,0,1
Area-7021,0,1
Area-7022,0,1
Area-7023,0,0
Area-7024,0,0
Area-7025,4,0
Area-7026,0,0
Area-7027,0,0
Area-7028,0,0
Area-7029,0,0
Area-7030,0,0
Area-7031,0,0
Area-7032,0,0
Area-7033,3,0
Area-7034,0,0
Area-7035,0,0
Area-7036,0,0
Area-7037,0,0
Area-7038,0,0
Area-7039,1,0
Area-7040,0,1
Area-7041,0,1
Area-7042,0,1
Area-7043,0,1
Area-7044,0,0
Area-7045,1,0
Area-7046,1,0
Area-7047,0,0
Area-7048,0,1
Area-7049,0,1
Area-7050,0,0
Area-7051,0,1
Area-7052,0,1
Area-7053,0,2
Area-7054,0,2
Area-7055,0,1
Area-7056,0,1
Area-7057,0,1
Area-7058,0,1
Area-7059,0,1
Area-7060,0,1
Area-7061,0,1
Area-7062,0,0
Area-7063,1,0
Area-7064,0,0
Area-7065,0,0
Area-7066,0,1
Area-7067,0,2
Area-7068,0,2
Area-7069,0,0
Area-7070,0,0
Area-7071,2,0
Area-7072,0,0
Area-7073,0,0
Area-7074,0,0
Area-7075,0,0
Area-7076,0,0
Area-7077,0,0
Area-7078,1,0
Area-7079,2,0
Area-7080,0,0
Area-7081,1,0
Area-7082,0,0
Area-7083,4,0
Area-7084,2,0
Area-7085,0,0
Area-7086,0,0
Area-7087,0,0
Area-7088,1,0
Area-7089,0,1
Area-7090,0,1
Area-7091,1,0
Area-7092,0,0
Area-7093,1,0
Area-7094,0,0
Area-7095,0,1
Area-7096,0,1
Area-7097,0,1
Area-7098,0,1
Area-7099,0,1
Area-7100,0,1
Area-7101,0,1
Area-7102,0,0
Area-7103,0,1
Area-7104,0,1
Area-7105,1,1
Area-7106,0,1
Area-7107,0,0
Area-7108,12,0
Area-7109,0,0
Area-7110,0,0
Area-7111,1,0
Area-7112,0,0
Area-7113,0,0
Area-7114,0,0
Area-7115,1,0
Area-7116,0,0
Area-7117,0,0
Area-7118,0,0
Area-7119,0,0
Area-7120,0,0
Area-7121,2,0
Area-7122,1,0
Area-7123,0,0
Area-7124,0,1
Area-7125,0,1
Area-7126,1,0
Area-7127,1,0
Area-7128,0,1
Area-7129,0,0
Area-7130,0,0
Area-7131,0,0
Area-7132,0,0
Area-7133,0,1
Area-7134,0,1
Area-7135,0,1
Area-7136,0,1
Area-7137,0,2
Area-7138,0,2
Area-7139,0,2
Area-7140,0,1
Area-7141,0,1
Area-7142,0,1
Area-7143,0,1
Area-7144,0,1
Area-7145,0,0
Area-7146,1,0
Area-7147,0,0
Area-7148,2,0
Area-7149,0,1
Area-7150,0,1
Area-7151,0,0
Area-7152,1,0
Area-7153,0,0
Area-7154,0,0
Area-7155,0,0
Area-7156,0,0
Area-7157,0,0
Area-7158,1,0
Area-7159,1,0
Area-7160,2,0
Area-7161,0,0
Area-7162,0,0
Area-7163,2,0
Area-7164,1,0
Area-7165,0,0
Area-7166,0,0
Area-7167,0,1
Area-7168,1,1
Area-7169,1,0
Area-7170,0,0
Area-7171,0,0
Area-7172,2,0
Area-7173,0,0
Area-7174,0,1
Area-7175,0,1
Area-7176,0,1
Area-7177,0,1
Area-7178,0,1
Area-7179,1,1
Area-7180,0,1
Area-7181,0,1
Area-7182,0,1
Area-7183,0,1
Area-7184,1,1
Area-7185,0,0
Area-7186,1,0
Area-7187,0,0
Area-7188,4,0
Area-7189,0,0
Area-7190,0,0
Area-7191,0,0
Area-7192,0,0
Area-7193,1,0
Area-7194,0,0
Area-7195,0,0
Area-7196,0,0
Area-7197,0,0
Area-7198,0,0
Area-7199,0,0
Area-7200,0,0
Area-7201,1,0
Area-7202,0,0
Area-7203,0,1
Area-7204,0,1
Area-7205,0,0
Area-7206,2,0
Area-7207,0,1
Area-7208,0,1
Area-7209,2,0
Area-7210,0,0
Area-7211,0,0
Area-7212,0,1
Area-7213,0,1
Area-7214,0,1
Area-7215,0,0
Area-7216,0,0
Area-7217,0,1
Area-7218,0,1
Area-7219,0,1
Area-7220,0,1
Area-7221,0,2
Area-7222,0,2
Area-7223,0,1
Area-7224,0,1
Area-7225,0,0
Area-7226,0,0
Area-7227,0,0
Area-7228,3,0
Area-7229,0,0
Area-7230,0,0
Area-7231,0,0
Area-7232,0,0
Area-7233,0,0
Area-7234,0,0
Area-7235,0,0
Area-7236,1,0
Area-7237,0,0
Area-7238,1,0
Area-7239,2,0
Area-7240,0,0
Area-7241,2,0
Area-7242,0,0
Area-7243,0,0
Area-7244,1,0
Area-7245,2,0
Area-7246,0,1
Area-7247,0,0
Area-7248,0,0
Area-7249,0,0
Area-7250,0,0
Area-7251,1,0
Area-7252,0,2
Area-7253,0,1
Area-7254,0,1
Area-7255,0,1
Area-7256,0,1
Area-7257,0,1
Area-7258,0,1
Area-7259,0,1
Area-7260,0,1
Area-7261,0,1
Area-7262,0,0
Area-7263,1,0
Area-7264,1,0
Area-7265,0,0
Area-7266,0,0
Area-7267,0,0
Area-7268,0,0
Area-7269,7,0
Area-7270,3,0
Area-7271,0,0
Area-7272,0,0
Area-7273,0,0
Area-7274,0,0
Area-7275,0,0
Area-7276,0,0
Area-7277,0,0
Area-7278,0,0
Area-7279,0,0
Area-7280,0,0
Area-7281,0,0
Area-7282,0,2
Area-7283,1,1
Area-7284,0,0
Area-7285,0,1
Area-7286,0,1
Area-7287,0,0
Area-7288,0,0
Area-7289,0,1
Area-7290,0,0
Area-7291,0,1
Area-7292,0,1
Area-7293,0,0
Area-7294,0,0
Area-7295,0,2
Area-7296,0,2
Area-7297,0,1
Area-7298,0,2
Area-7299,0,2
Area-7300,2,1
Area-7301,0,0
Area-7302,0,0
Area-7303,0,0
Area-7304,0,0
Area-7305,0,0
Area-7306,0,0
Area-7307,0,0
Area-7308,0,0
Area-7309,0,0
Area-7310,1,0
Area-7311,0,0
Area-7312,0,1
Area-7313,2,0
Area-7314,2,0
Area-7315,0,0
Area-7316,0,0
Area-7317,2,1
Area-7318,0,0
Area-7319,0,0
Area-7320,0,0
Area-7321,0,0
Area-7322,0,0
Area-7323,1,2
Area-7324,0,2
Area-7325,0,1
Area-7326,0,1
Area-7327,0,1
Area-7328,0,1
Area-7329,0,1
Area-7330,0,1
Area-7331,0,1
Area-7332,0,1
Area-7333,0,0
Area-7334,0,0
Area-7335,0,0
Area-7336,0,0
Area-7337,0,0
Area-7338,5,0
Area-7339,11,0
Area-7340,0,0
Area-7341,0,0
Area-7342,0,0
Area-7343,0,0
Area-7344,0,0
Area-7345,0,0
Area-7346,0,0
Area-7347,0,0
Area-7348,0,0
Area-7349,0,0
Area-7350,0,0
Area-7351,3,1
Area-7352,1,1
Area-7353,0,1
Area-7354,1,1
Area-7355,0,1
Area-7356,1,0
Area-7357,0,1
Area-7358,0,0
Area-7359,3,0
Area-7360,0,1
Area-7361,1,1
Area-7362,1,1
Area-7363,1,1
Area-7364,0,0
Area-7365,0,0
Area-7366,0,0
Area-7367,0,1
Area-7368,0,3
Area-7369,0,2
Area-7370,0,2
Area-7371,0,1
Area-7372,0,1
Area-7373,1,0
Area-7374,0,0
Area-7375,0,0
Area-7376,0,0
Area-7377,0,0
Area-7378,1,0
Area-7379,0,0
Area-7380,0,0
Area-7381,0,0
Area-7382,0,0
Area-7383,0,1
Area-7384,0,0
Area-7385,1,0
Area-7386,0,1
Area-7387,0,0
Area-7388,1,0
Area-7389,0,0
Area-7390,0,0
Area-7391,0,0
Area-7392,0,1
Area-7393,0,1
Area-7394,0,1
Area-7395,0,1
Area-7396,0,1
Area-7397,0,1
Area-7398,0,0
Area-7399,1,1
Area-7400,0,1
Area-7401,0,1
Area-7402,0,0
Area-7403,0,0
Area-7404,2,0
Area-7405,0,0
Area-7406,0,0
Area-7407,2,0
Area-7408,1,0
Area-7409,0,0
Area-7410,0,0
Area-7411,0,0
Area-7412,0,0
Area-7413,0,0
Area-7414,0,0
Area-7415,0,0
Area-7416,0,0
Area-7417,0,0
Area-7418,0,0
Area-7419,0,0
Area-7420,0,1
Area-7421,0,1
Area-7422,0,1
Area-7423,0,0
Area-7424,0,0
Area-7425,0,0
Area-7426,1,1
Area-7427,0,0
Area-7428,0,0
Area-7429,1,1
Area-7430,0,1
Area-7431,0,0
Area-7432,1,0
Area-7433,1,0
Area-7434,0,0
Area-7435,0,0
Area-7436,0,2
Area-7437,0,1
Area-7438,0,1
Area-7439,0,1
Area-7440,0,0
Area-7441,0,0
Area-7442,0,0
Area-7443,0,0
Area-7444,0,0
Area-7445,0,0
Area-7446,0,0
Area-7447,0,0
Area-7448,1,0
Area-7449,0,0
Area-7450,0,0
Area-7451,0,0
Area-7452,0,0
Area-7453,0,0
Area-7454,0,0
Area-7455,0,0
Area-7456,0,0
Area-7457,0,1
Area-7458,0,1
Area-7459,1,1
Area-7460,0,1
Area-7461,0,1
Area-7462,0,1
Area-7463,0,0
Area-7464,0,0
Area-7465,0,0
Area-7466,0,0
Area-7467,0,0
Area-7468,0,0
Area-7469,5,0
Area-7470,1,0
Area-7471,0,0
Area-7472,0,0
Area-7473,0,0
Area-7474,0,0
Area-7475,0,0
Area-7476,0,0
Area-7477,0,0
Area-7478,0,0
Area-7479,0,0
Area-7480,0,0
Area-7481,0,0
Area-7482,0,0
Area-7483,1,0
Area-7484,0,0
Area-7485,0,0
Area-7486,0,1
Area-7487,0,1
Area-7488,0,1
Area-7489,0,1
Area-7490,0,0
Area-7491,0,1
Area-7492,1,1
Area-7493,0,0
Area-7494,4,0
Area-7495,0,0
Area-7496,0,0
Area-7497,0,0
Area-7498,1,0
Area-7499,0,0
Area-7500,0,0
Area-7501,0,0
Area-7502,0,1
Area-7503,0,1
Area-7504,0,0
Area-7505,0,0
Area-7506,0,0
Area-7507,0,0
Area-7508,0,0
Area-7509,0,0
Area-7510,3,0
Area-7511,0,0
Area-7512,0,1
Area-7513,0,1
Area-7514,0,1
Area-7515,0,1
Area-7516,0,1
Area-7517,0,1
Area-7518,1,2
Area-7519,0,2
Area-7520,0,0
Area-7521,0,0
Area-7522,0,0
Area-7523,0,0
Area-7524,0,0
Area-7525,0,0
Area-7526,1,0
Area-7527,3,0
Area-7528,0,0
Area-7529,0,0
Area-7530,0,0
Area-7531,0,0
Area-7532,1,0
Area-7533,0,0
Area-7534,1,0
Area-7535,0,0
Area-7536,0,0
Area-7537,0,0
Area-7538,0,0
Area-7539,0,0
Area-7540,0,0
Area-7541,0,0
Area-7542,0,0
Area-7543,0,0
Area-7544,0,1
Area-7545,0,1
Area-7546,0,1
Area-7547,0,1
Area-7548,0,1
Area-7549,0,1
Area-7550,0,1
Area-7551,0,0
Area-7552,0,0
Area-7553,1,0
Area-7554,0,0
Area-7555,0,0
Area-7556,0,0
Area-7557,0,0
Area-7558,0,0
Area-7559,0,0
Area-7560,0,0
Area-7561,0,0
Area-7562,0,0
Area-7563,0,0
Area-7564,0,0
Area-7565,0,0
Area-7566,0,0
Area-7567,2,2
Area-7568,0,2
Area-7569,0,2
Area-7570,0,1
Area-7571,0,1
Area-7572,0,1
Area-7573,0,2
Area-7574,1,2
Area-7575,0,2
Area-7576,0,0
Area-7577,0,0
Area-7578,0,0
Area-7579,4,0
Area-7580,3,0
Area-7581,0,0
Area-7582,0,0
Area-7583,2,0
Area-7584,0,0
Area-7585,0,0
Area-7586,0,0
Area-7587,0,1
Area-7588,0,1
Area-7589,1,0
Area-7590,0,0
Area-7591,0,0
Area-7592,0,0
Area-7593,0,0
Area-7594,0,0
Area-7595,0,0
Area-7596,0,0
Area-7597,0,0
Area-7598,1,0
Area-7599,0,1
Area-7600,0,1
Area-7601,0,1
Area-7602,1,1
Area-7603,1,2
Area-7604,0,1
Area-7605,1,1
Area-7606,0,0
Area-7607,0,0
Area-7608,1,0
Area-7609,3,0
Area-7610,0,0
Area-7611,2,0
Area-7612,0,0
Area-7613,0,0
Area-7614,0,0
Area-7615,0,0
Area-7616,0,0
Area-7617,0,0
Area-7618,0,0
Area-7619,0,0
Area-7620,0,1
Area-7621,0,1
Area-7622,0,2
Area-7623,0,2
Area-7624,1,1
Area-7625,1,2
Area-7626,0,1
Area-7627,2,2
Area-7628,0,1
Area-7629,0,2
Area-7630,0,2
Area-7631,0,1
Area-7632,0,0
Area-7633,0,0
Area-7634,0,0
Area-7635,0,0
Area-7636,0,0
Area-7637,1,0
Area-7638,0,0
Area-7639,0,0
Area-7640,1,1
Area-7641,0,2
Area-7642,1,1
Area-7643,0,0
Area-7644,0,0
Area-7645,0,0
Area-7646,1,0
Area-7647,1,0
Area-7648,0,0
Area-7649,0,0
Area-7650,0,0
Area-7651,0,0
Area-7652,0,1
Area-7653,0,1
Area-7654,0,0
Area-7655,0,1
Area-7656,2,2
Area-7657,0,1
Area-7658,0,0
Area-7659,0,0
Area-7660,1,0
Area-7661,0,0
Area-7662,0,0
Area-7663,2,0
Area-7664,2,0
Area-7665,0,0
Area-7666,0,0
Area-7667,0,0
Area-7668,0,0
Area-7669,3,0
Area-7670,0,0
Area-7671,0,1
Area-7672,0,1
Area-7673,0,2
Area-7674,0,1
Area-7675,0,1
Area-7676,0,1
Area-7677,0,0
Area-7678,0,1
Area-7679,0,2
Area-7680,0,2
Area-7681,1,1
Area-7682,0,0
Area-7683,0,0
Area-7684,0,0
Area-7685,0,0
Area-7686,0,0
Area-7687,1,0
Area-7688,0,0
Area-7689,0,0
Area-7690,0,1
Area-7691,0,2
Area-7692,0,1
Area-7693,0,1
Area-7694,0,0
Area-7695,0,0
Area-7696,0,0
Area-7697,0,0
Area-7698,2,0
Area-7699,0,0
Area-7700,0,0
Area-7701,0,0
Area-7702,0,0
Area-7703,0,0
Area-7704,0,0
Area-7705,2,1
Area-7706,0,1
Area-7707,2,1
Area-7708,0,0
Area-7709,2,0
Area-7710,0,0
Area-7711,0,0
Area-7712,0,0
Area-7713,0,0
Area-7714,5,0
Area-7715,0,0
Area-7716,0,0
Area-7717,0,0
Area-7718,0,1
Area-7719,0,0
Area-7720,0,0
Area-7721,0,1
Area-7722,0,1
Area-7723,0,1
Area-7724,0,0
Area-7725,0,0
Area-7726,0,0
Area-7727,0,0
Area-7728,0,0
Area-7729,0,0
Area-7730,0,0
Area-7731,0,0
Area-7732,0,0
Area-7733,1,0
Area-7734,1,0
Area-7735,0,0
Area-7736,0,0
Area-7737,0,0
Area-7738,0,1
Area-7739,0,1
Area-7740,11,0
Area-7741,0,0
Area-7742,0,0
Area-7743,0,0
Area-7744,1,0
Area-7745,0,0
Area-7746,0,0
Area-7747,0,0
Area-7748,0,0
Area-7749,0,0
Area-7750,1,1
Area-7751,0,1
Area-7752,0,0
Area-7753,0,1
Area-7754,5,0
Area-7755,0,0
Area-7756,0,0
Area-7757,0,0
Area-7758,0,0
Area-7759,1,0
Area-7760,0,0
Area-7761,1,0
Area-7762,0,0
Area-7763,0,0
Area-7764,0,0
Area-7765,0,0
Area-7766,0,1
Area-7767,0,1
Area-7768,0,1
Area-7769,0,1
Area-7770,0,0
Area-7771,0,0
Area-7772,0,0
Area-7773,0,0
Area-7774,0,0
Area-7775,0,0
Area-7776,0,0
Area-7777,2,0
Area-7778,0,0
Area-7779,0,0
Area-7780,0,0
Area-7781,0,0
Area-7782,0,0
Area-7783,1,0
Area-7784,0,0
Area-7785,2,0
Area-7786,3,0
Area-7787,0,0
Area-7788,0,0
Area-7789,0,0
Area-7790,0,0
Area-7791,0,0
Area-7792,0,0
Area-7793,0,0
Area-7794,0,0
Area-7795,0,1
Area-7796,0,1
Area-7797,0,1
Area-7798,0,0
Area-7799,0,0
Area-7800,0,0
Area-7801,2,0
Area-7802,0,1
Area-7803,0,2
Area-7804,0,1
Area-7805,0,1
Area-7806,0,1
Area-7807,0,1
Area-7808,2,1
Area-7809,0,0
Area-7810,0,0
Area-7811,0,0
Area-7812,1,1
Area-7813,0,1
Area-7814,0,1
Area-7815,0,1
Area-7816,0,1
Area-7817,0,0
Area-7818,0,0
Area-7819,1,0
Area-7820,0,0
Area-7821,0,0
Area-7822,0,0
Area-7823,0,0
Area-7824,0,0
Area-7825,0,0
Area-7826,2,0
Area-7827,0,0
Area-7828,0,0
Area-7829,0,0
Area-7830,0,0
Area-7831,3,0
Area-7832,0,0
Area-7833,2,0
Area-7834,1,0
Area-7835,0,0
Area-7836,0,0
Area-7837,0,0
Area-7838,0,0
Area-7839,0,0
Area-7840,0,1
Area-7841,0,1
Area-7842,0,1
Area-7843,1,1
Area-7844,0,0
Area-7845,0,0
Area-7846,0,0
Area-7847,0,0
Area-7848,1,1
Area-7849,0,1
Area-7850,0,1
Area-7851,1,1
Area-7852,2,1
Area-7853,0,1
Area-7854,0,1
Area-7855,0,0
Area-7856,0,0
Area-7857,0,0
Area-7858,0,1
Area-7859,0,1
Area-7860,0,1
Area-7861,0,0
Area-7862,0,0
Area-7863,0,0
Area-7864,0,0
Area-7865,0,0
Area-7866,1,0
Area-7867,0,1
Area-7868,0,1
Area-7869,2,0
Area-7870,0,0
Area-7871,0,0
Area-7872,7,0
Area-7873,2,0
Area-7874,0,0
Area-7875,0,0
Area-7876,3,0
Area-7877,3,0
Area-7878,1,0
Area-7879,0,0
Area-7880,0,0
Area-7881,0,0
Area-7882,1,0
Area-7883,2,1
Area-7884,0,1
Area-7885,0,1
Area-7886,0,2
Area-7887,0,1
Area-7888,0,0
Area-7889,0,0
Area-7890,1,1
Area-7891,0,1
Area-7892,0,0
Area-7893,0,0
Area-7894,0,0
Area-7895,1,0
Area-7896,0,1
Area-7897,0,0
Area-7898,0,0
Area-7899,0,0
Area-7900,0,1
Area-7901,0,1
Area-7902,1,0
Area-7903,0,0
Area-7904,0,0
Area-7905,0,0
Area-7906,2,0
Area-7907,0,0
Area-7908,0,1
Area-7909,0,1
Area-7910,1,0
Area-7911,12,0
Area-7912,0,0
Area-7913,0,0
Area-7914,0,0
Area-7915,0,0
Area-7916,0,0
Area-7917,0,0
Area-7918,0,0
Area-7919,2,0
Area-7920,1,0
Area-7921,0,0
Area-7922,1,0
Area-7923,0,0
Area-7924,0,0
Area-7925,0,1
Area-7926,0,1
Area-7927,0,1
Area-7928,0,0
Area-7929,2,0
Area-7930,0,0
Area-7931,0,1
Area-7932,2,0
Area-7933,0,1
Area-7934,1,1
Area-7935,1,0
Area-7936,0,0
Area-7937,0,1
Area-7938,0,0
Area-7939,0,0
Area-7940,0,0
Area-7941,0,0
Area-7942,0,1
Area-7943,1,0
Area-7944,0,0
Area-7945,0,0
Area-7946,0,0
Area-7947,0,0
Area-7948,1,0
Area-7949,1,0
Area-7950,1,0
Area-7951,1,0
Area-7952,4,0
Area-7953,0,0
Area-7954,0,0
Area-7955,0,0
Area-7956,1,0
Area-7957,0,0
Area-7958,0,0
Area-7959,0,0
Area-7960,0,0
Area-7961,0,0
Area-7962,0,0
Area-7963,0,0
Area-7964,0,0
Area-7965,0,0
Area-7966,0,0
Area-7967,0,0
Area-7968,0,0
Area-7969,0,0
Area-7970,2,0
Area-7971,0,0
Area-7972,1,1
Area-7973,0,0
Area-7974,0,1
Area-7975,0,1
Area-7976,0,2
Area-7977,0,1
Area-7978,0,1
Area-7979,0,0
Area-7980,0,0
Area-7981,0,0
Area-7982,1,0
Area-7983,0,0
Area-7984,0,0
Area-7985,0,0
Area-7986,0,0
Area-7987,0,0
Area-7988,0,0
Area-7989,1,0
Area-7990,8,0
Area-7991,0,0
Area-7992,0,0
Area-7993,0,0
Area-7994,0,0
Area-7995,1,0
Area-7996,0,0
Area-7997,0,0
Area-7998,0,0
Area-7999,0,0
Area-8000,0,0
Area-8001,0,0
Area-8002,6,0
Area-8003,1,0
Area-8004,0,0
Area-8005,0,0
Area-8006,0,0
Area-8007,0,0
Area-8008,0,0
Area-8009,0,0
Area-8010,0,0
Area-8011,0,1
Area-8012,0,1
Area-8013,0,0
Area-8014,0,0
Area-8015,0,1
Area-8016,0,2
Area-8017,0,1
Area-8018,0,1
Area-8019,0,0
Area-8020,0,0
Area-8021,0,0
Area-8022,0,0
Area-8023,0,0
Area-8024,0,0
Area-8025,0,0
Area-8026,0,0
Area-8027,1,0
Area-8028,0,0
Area-8029,0,0
Area-8030,0,0
Area-8031,5,0
Area-8032,0,0
Area-8033,2,0
Area-8034,0,0
Area-8035,0,0
Area-8036,0,0
Area-8037,0,0
Area-8038,0,0
Area-8039,1,0
Area-8040,0,0
Area-8041,0,0
Area-8042,1,0
Area-8043,1,0
Area-8044,0,0
Area-8045,0,0
Area-8046,0,0
Area-8047,0,0
Area-8048,0,0
Area-8049,0,0
Area-8050,0,0
Area-8051,1,0
Area-8052,0,0
Area-8053,0,0
Area-8054,0,0
Area-8055,0,0
Area-8056,0,0
Area-8057,0,0
Area-8058,0,0
Area-8059,0,0
Area-8060,0,0
Area-8061,0,0
Area-8062,0,0
Area-8063,0,0
Area-8064,0,0
Area-8065,0,0
Area-8066,0,0
Area-8067,0,0
Area-8068,0,0
Area-8069,0,0
Area-8070,1,0
Area-8071,0,0
Area-8072,0,0
Area-8073,0,0
Area-8074,0,0
Area-8075,0,0
Area-8076,0,0
Area-8077,0,0
Area-8078,0,0
Area-8079,0,0
Area-8080,0,0
Area-8081,0,0
Area-8082,0,0
Area-8083,0,0
Area-8084,0,0
Area-8085,2,0
Area-8086,0,0
Area-8087,0,0
Area-8088,0,0
Area-8089,0,0
Area-8090,0,0
Area-8091,0,0
Area-8092,0,0
Area-8093,0,0
Area-8094,0,1
Area-8095,0,0
Area-8096,0,0
Area-8097,0,0
Area-8098,0,0
Area-8099,0,0
Area-8100,0,0
Area-8101,0,0
Area-8102,0,0
Area-8103,0,0
Area-8104,0,0
Area-8105,0,0
Area-8106,3,0
Area-8107,2,0
Area-8108,0,0
Area-8109,0,0
Area-8110,0,0
Area-8111,0,0
Area-8112,0,0
Area-8113,0,0
Area-8114,1,0
Area-8115,2,0
Area-8116,0,0
Area-8117,0,0
Area-8118,1,0
Area-8119,1,0
Area-8120,1,0
Area-8121,0,0
Area-8122,0,0
Area-8123,0,0
Area-8124,0,0
Area-8125,0,0
Area-8126,0,0
Area-8127,1,0
Area-8128,0,0
Area-8129,0,0
Area-8130,0,1
Area-8131,0,0
Area-8132,1,0
Area-8133,0,0
Area-8134,0,0
Area-8135,0,0
Area-8136,0,0
Area-8137,0,0
Area-8138,0,0
Area-8139,0,0
Area-8140,0,0
Area-8141,1,1
Area-8142,0,0
Area-8143,0,0
Area-8144,0,0
Area-8145,0,0
Area-8146,0,0
Area-8147,0,0
Area-8148,0,0
Area-8149,0,0
Area-8150,0,0
Area-8151,0,0
Area-8152,0,0
Area-8153,0,0
Area-8154,0,0
Area-8155,1,0
Area-8156,4,0
Area-8157,0,0
Area-8158,0,0
Area-8159,0,0
Area-8160,0,0
Area-8161,0,0
Area-8162,0,0
Area-8163,0,0
Area-8164,0,0
Area-8165,0,1
Area-8166,0,0
Area-8167,0,0
Area-8168,0,0
Area-8169,0,0
Area-8170,0,0
Area-8171,0,0
Area-8172,1,0
Area-8173,1,0
Area-8174,0,1
Area-8175,0,1
Area-8176,0,0
Area-8177,0,0
Area-8178,0,0
Area-8179,0,1
Area-8180,0,1
Area-8181,0,0
Area-8182,0,0
Area-8183,0,0
Area-8184,0,0
Area-8185,0,0
Area-8186,0,0
Area-8187,0,0
Area-8188,0,0
Area-8189,1,0
Area-8190,3,0
Area-8191,1,0
Area-8192,0,0
Area-8193,0,0
Area-8194,0,0
Area-8195,0,0
Area-8196,0,0
Area-8197,0,0
Area-8198,0,0
Area-8199,0,1
Area-8200,0,1
Area-8201,0,0
Area-8202,0,0
Area-8203,0,0
Area-8204,0,0
Area-8205,0,0
Area-8206,0,0
Area-8207,0,0
Area-8208,0,1
Area-8209,0,0
Area-8210,2,0
Area-8211,0,0
Area-8212,1,1
Area-8213,1,1
Area-8214,0,0
Area-8215,0,0
Area-8216,0,0
Area-8217,0,0
Area-8218,0,0
Area-8219,0,0
Area-8220,0,0
Area-8221,0,0
Area-8222,0,0
Area-8223,0,0
Area-8224,0,0
Area-8225,0,0
Area-8226,0,0
Area-8227,0,0
Area-8228,0,0
Area-8229,0,0
Area-8230,0,0
Area-8231,0,1
Area-8232,0,1
Area-8233,0,1
Area-8234,0,0
Area-8235,0,0
Area-8236,1,0
Area-8237,0,0
Area-8238,0,0
Area-8239,0,0
Area-8240,1,0
Area-8241,0,0
Area-8242,0,0
Area-8243,7,0
Area-8244,0,0
Area-8245,0,0
Area-8246,0,0
Area-8247,0,0
Area-8248,0,0
Area-8249,0,0
Area-8250,0,0
Area-8251,0,0
Area-8252,0,0
Area-8253,0,0
Area-8254,0,0
Area-8255,0,0
Area-8256,0,0
Area-8257,0,0
Area-8258,0,0
Area-8259,0,0
Area-8260,0,0
Area-8261,0,0
Area-8262,0,0
Area-8263,0,0
Area-8264,1,0
Area-8265,0,0
Area-8266,0,0
Area-8267,0,0
Area-8268,1,0
Area-8269,0,0
Area-8270,1,0
Area-8271,0,0
Area-8272,3,0
Area-8273,0,0
Area-8274,1,0
Area-8275,1,1
Area-8276,0,1
Area-8277,0,0
Area-8278,0,0
Area-8279,0,0
Area-8280,0,0
Area-8281,0,0
Area-8282,0,0
Area-8283,0,0
Area-8284,0,0
Area-8285,0,0
Area-8286,0,0
Area-8287,0,0
Area-8288,0,0
Area-8289,0,0
Area-8290,0,0
Area-8291,0,0
Area-8292,0,0
Area-8293,1,0
Area-8294,0,0
Area-8295,0,0
Area-8296,0,0
Area-8297,0,0
Area-8298,9,0
Area-8299,0,0
Area-8300,0,1
Area-8301,0,1
Area-8302,0,1
Area-8303,0,0
Area-8304,0,0
Area-8305,0,0
Area-8306,0,0
Area-8307,0,0
Area-8308,0,0
Area-8309,0,1
Area-8310,0,0
Area-8311,0,0
Area-8312,0,0
Area-8313,0,0
Area-8314,0,0
Area-8315,0,0
Area-8316,0,0
Area-8317,0,0
Area-8318,0,0
Area-8319,2,0
Area-8320,0,0
Area-8321,0,0
Area-8322,0,1
Area-8323,0,1
Area-8324,0,0
Area-8325,0,0
Area-8326,0,0
Area-8327,0,1
Area-8328,0,1
Area-8329,0,1
Area-8330,0,1
Area-8331,0,0
Area-8332,0,0
Area-8333,0,0
Area-8334,0,0
Area-8335,0,0
Area-8336,1,0
Area-8337,0,0
Area-8338,0,0
Area-8339,0,0
Area-8340,0,0
Area-8341,0,0
Area-8342,0,0
Area-8343,0,0
Area-8344,0,0
Area-8345,0,0
Area-8346,0,1
Area-8347,0,1
Area-8348,0,1
Area-8349,0,0
Area-8350,7,0
Area-8351,0,0
Area-8352,0,0
Area-8353,0,0
Area-8354,3,0
Area-8355,0,0
Area-8356,0,0
Area-8357,0,0
Area-8358,0,0
Area-8359,0,0
Area-8360,0,0
Area-8361,0,0
Area-8362,0,1
Area-8363,0,1
Area-8364,0,0
Area-8365,0,0
Area-8366,0,0
Area-8367,0,0
Area-8368,3,0
Area-8369,0,0
Area-8370,0,0
Area-8371,0,0
Area-8372,0,0
Area-8373,0,0
Area-8374,0,0
Area-8375,0,0
Area-8376,0,1
Area-8377,0,1
Area-8378,0,0
Area-8379,0,0
Area-8380,0,0
Area-8381,0,0
Area-8382,5,0
Area-8383,0,0
Area-8384,0,0
Area-8385,0,0
Area-8386,0,1
Area-8387,0,1
Area-8388,0,0
Area-8389,0,0
Area-8390,0,0
Area-8391,0,0
Area-8392,5,0
Area-8393,0,0
Area-8394,0,0
Area-8395,0,0
Area-8396,0,0
Area-8397,0,0
Area-8398,0,0
