{
"type": "FeatureCollection",
"name": "SchoolDist_Catchments_ES",
"crs": { "type": "name", "properties": { "name": "urn:ogc:def:crs:OGC:1.3:CRS84" } },
"features": [
{ "type": "Feature", "properties": { "OBJECTID": 1, "ES_ID": "2510", "ES_NAME": "Fanny Jackson Coppin", "MS_ID": "2510", "MS_NAME": "Fanny Jackson Coppin", "HS_ID": "2160", "HS_NAME": "Furness, Horace", "GR_ID_K": "2510", "GR_ID_01": "2510", "GR_ID_02": "2510", "GR_ID_03": "2510", "GR_ID_04": "2510", "GR_ID_05": "2510", "GR_ID_06": "2510", "GR_ID_07": "2510", "GR_ID_08": "2510", "GR_ID_09": "2160", "GR_ID_10": "2160", "GR_ID_11": "2160", "GR_ID_12": "2160", "ES_GRADE": "K-8", "MS_GRADE": "K-8", "HS_GRADE": "9-12", "Shape__Area": 1852100.046875, "Shape__Length": 6917.5376329164201 }, "geometry": { "type": "Polygon", "coordinates": [ [ [ -75.157060866871007, 39.942605794375098 ], [ -75.157254903931403, 39.941746499427602 ], [ -75.157456554669494, 39.9407722468952 ], [ -75.157690393433001, 39.939756390890601 ], [ -75.158119588265095, 39.9398172677354 ], [ -75.158468464747401, 39.9398559525427 ], [ -75.158888408758799, 39.939907440586197 ], [ -75.159256699536002, 39.939960977863002 ], [ -75.159419100710593, 39.939190336470503 ], [ -75.159529211464303, 39.938702987782598 ], [ -75.159556128026694, 39.9385634288642 ], [ -75.159579214152899, 39.938478266182699 ], [ -75.159620905556295, 39.938284541083497 ], [ -75.159685440608698, 39.938003064581899 ], [ -75.159751694513901, 39.937661796579803 ], [ -75.159788157510704, 39.937484717696002 ], [ -75.159864073702593, 39.9371739501794 ], [ -75.159952104369395, 39.936772620993601 ], [ -75.158426944831604, 39.936381236391398 ], [ -75.158671245162196, 39.9352358227884 ], [ -75.158745803194194, 39.9348970468332 ], [ -75.158761504073894, 39.934806960974001 ], [ -75.158774978518395, 39.934729651704998 ], [ -75.158872729399704, 39.934299157069503 ], [ -75.159017347236798, 39.933663609702002 ], [ -75.159030292989101, 39.933518549918297 ], [ -75.159518996412402, 39.9331096695214 ], [ -75.160762606512904, 39.932083886608901 ], [ -75.160859443776104, 39.932021260939699 ], [ -75.161049452918604, 39.931826548261498 ], [ -75.162155490856193, 39.930938656413801 ], [ -75.162228382733602, 39.930882337929702 ], [ -75.162599550458594, 39.930562640822401 ], [ -75.162787509428398, 39.930417427042599 ], [ -75.163005471772493, 39.930237658248998 ], [ -75.163196100028699, 39.930084532757199 ], [ -75.163383238410006, 39.929873318976099 ], [ -75.163506661894303, 39.929839224191603 ], [ -75.164720990187803, 39.928814584946203 ], [ -75.164917950308507, 39.928705335758799 ], [ -75.164992826143802, 39.928612266435103 ], [ -75.165617438161803, 39.928056781735698 ], [ -75.166074199291899, 39.927671869242801 ], [ -75.166806695289097, 39.9270452837603 ], [ -75.166936615294802, 39.926977802277001 ], [ -75.167077217641307, 39.926807669754098 ], [ -75.167353730859602, 39.926588574406402 ], [ -75.168150301209394, 39.925884391366203 ], [ -75.168271826981695, 39.925806026196199 ], [ -75.168585476157702, 39.9257437947985 ], [ -75.169365229273893, 39.925599721594601 ], [ -75.169097826256802, 39.926825986009803 ], [ -75.168829890574798, 39.928043062967397 ], [ -75.168692613421896, 39.928652097585498 ], [ -75.168570043198301, 39.929261671287399 ], [ -75.168321390781898, 39.930489726996001 ], [ -75.168053221487696, 39.931721848914499 ], [ -75.1677709748556, 39.932930634282997 ], [ -75.167496740998203, 39.934122550575204 ], [ -75.167171072558105, 39.935685383425898 ], [ -75.166957441632704, 39.936741392983599 ], [ -75.166865130701396, 39.937189296520302 ], [ -75.1667153702071, 39.937853857255803 ], [ -75.166436544182801, 39.939064874398703 ], [ -75.166227223261899, 39.940042777334 ], [ -75.166135658392704, 39.940430206663301 ], [ -75.166061620316896, 39.940809041361099 ], [ -75.165834362954001, 39.9418126727792 ], [ -75.1657193068026, 39.942414506383898 ], [ -75.165629352171095, 39.942794061688701 ], [ -75.165537617316403, 39.9432097499243 ], [ -75.165423498200099, 39.943655024954602 ], [ -75.164374812223599, 39.943525240101103 ], [ -75.164133375616203, 39.943488201306401 ], [ -75.163357277804494, 39.943388047047101 ], [ -75.161785505411899, 39.9431953711047 ], [ -75.161380636908106, 39.943147307783903 ], [ -75.160207433687404, 39.943006390253998 ], [ -75.159780509043003, 39.942954759765698 ], [ -75.159106244579306, 39.942869080397898 ], [ -75.158633168040694, 39.942810297780298 ], [ -75.158045579945295, 39.942739354900702 ], [ -75.157574561341306, 39.942674845160496 ], [ -75.157060866871007, 39.942605794375098 ] ] ] } },
{ "type": "Feature", "properties": { "OBJECTID": 2, "ES_ID": "2520", "ES_NAME": "Jenks, Abram", "MS_ID": "2190", "MS_NAME": "Fell, D Newlin", "HS_ID": "2000", "HS_NAME": "South Philadelphia HS", "GR_ID_K": "2520", "GR_ID_01": "2520", "GR_ID_02": "2520", "GR_ID_03": "2520", "GR_ID_04": "2520", "GR_ID_05": "2520", "GR_ID_06": "2190", "GR_ID_07": "2190", "GR_ID_08": "2190", "GR_ID_09": "2000", "GR_ID_10": "2000", "GR_ID_11": "2000", "GR_ID_12": "2000", "ES_GRADE": "K-5", "MS_GRADE": "K-8", "HS_GRADE": "9-12", "Shape__Area": 597274.08984375, "Shape__Length": 4038.3158264038502 }, "geometry": { "type": "Polygon", "coordinates": [ [ [ -75.1689220714009, 39.924295432577402 ], [ -75.168478443334806, 39.9242358567951 ], [ -75.167591893097693, 39.924114999492701 ], [ -75.166848325728694, 39.924013843184397 ], [ -75.166015919841897, 39.9239125974511 ], [ -75.164443482059994, 39.923711123645496 ], [ -75.164533937264807, 39.923268568253 ], [ -75.164621542836997, 39.922914474353597 ], [ -75.164711031161801, 39.922475067743797 ], [ -75.1662876946083, 39.922677315796598 ], [ -75.166377753631195, 39.922242890999399 ], [ -75.166468033249103, 39.921863257413101 ], [ -75.166565266699806, 39.921427175013797 ], [ -75.166648162386707, 39.9209954151654 ], [ -75.166734857735406, 39.9206276760845 ], [ -75.166831486787899, 39.9201815398919 ], [ -75.166279739692399, 39.920113323718098 ], [ -75.165811971962398, 39.920051284640898 ], [ -75.165261890659906, 39.919975100039998 ], [ -75.164718334330004, 39.919906359030598 ], [ -75.164233302211898, 39.919844070146901 ], [ -75.163697737233704, 39.919759656483102 ], [ -75.164281996515697, 39.919618238171303 ], [ -75.164792539451398, 39.919522823176301 ], [ -75.165382496758497, 39.919410111675802 ], [ -75.165535822388904, 39.918731908293701 ], [ -75.165808175864498, 39.917483150990499 ], [ -75.166072122451496, 39.916270569704203 ], [ -75.166254857421194, 39.916115542208502 ], [ -75.166560801396201, 39.916159004059303 ], [ -75.166641680237205, 39.916167824629298 ], [ -75.166916458333006, 39.916198792595701 ], [ -75.167132659212498, 39.916230940632502 ], [ -75.167262440572799, 39.9162487291741 ], [ -75.167569385997396, 39.916283631391899 ], [ -75.168203698390599, 39.916363484510804 ], [ -75.168597519750605, 39.916417375706203 ], [ -75.168908719925497, 39.916459518757897 ], [ -75.169245829930205, 39.916506296930997 ], [ -75.170210327004597, 39.916640626013503 ], [ -75.170635844136896, 39.916697258696999 ], [ -75.171274382073705, 39.916787711776003 ], [ -75.171254566927701, 39.916880014768402 ], [ -75.171131789096194, 39.917432439677299 ], [ -75.170987275726105, 39.918158097565403 ], [ -75.170713022635795, 39.919403053398703 ], [ -75.170449922973603, 39.920648690388497 ], [ -75.170181572079898, 39.9218941475552 ], [ -75.169882801773099, 39.923140496600801 ], [ -75.169629942480796, 39.924381325156403 ], [ -75.1689220714009, 39.924295432577402 ] ] ] } },
{ "type": "Feature", "properties": { "OBJECTID": 3, "ES_ID": "2540", "ES_NAME": "Key, Francis Scott", "MS_ID": "2640", "MS_NAME": "Southwark", "HS_ID": "2000", "HS_NAME": "South Philadelphia HS", "GR_ID_K": "2540", "GR_ID_01": "2540", "GR_ID_02": "2540", "GR_ID_03": "2540", "GR_ID_04": "2540", "GR_ID_05": "2540", "GR_ID_06": "2540", "GR_ID_07": "2640", "GR_ID_08": "2640", "GR_ID_09": "2000", "GR_ID_10": "2000", "GR_ID_11": "2000", "GR_ID_12": "2000", "ES_GRADE": "K-6", "MS_GRADE": "K-8", "HS_GRADE": "9-12", "Shape__Area": 581753.0078125, "Shape__Length": 3586.7551708588999 }, "geometry": { "type": "Polygon", "coordinates": [ [ [ -75.162878454169004, 39.923498191055501 ], [ -75.162321304518301, 39.923438502253099 ], [ -75.161863753529502, 39.923380905647399 ], [ -75.161312574566196, 39.923306107756197 ], [ -75.160727084729004, 39.923228623159801 ], [ -75.160272897412696, 39.9231652764256 ], [ -75.159743185639698, 39.923093101074798 ], [ -75.158195353981, 39.922900975244701 ], [ -75.156629393705103, 39.9226976628496 ], [ -75.156725191892306, 39.922251049902698 ], [ -75.156798283035499, 39.921896374226698 ], [ -75.156895752490698, 39.921466384939002 ], [ -75.156992523363797, 39.921016544763503 ], [ -75.157056549667999, 39.9207254381054 ], [ -75.157164976831893, 39.920220808264403 ], [ -75.157435404073098, 39.918970738849502 ], [ -75.157995068603299, 39.919034989931497 ], [ -75.158463971187402, 39.919101269387703 ], [ -75.1589996908708, 39.919172745596398 ], [ -75.1592794695582, 39.9179230993403 ], [ -75.159810441097406, 39.917992776158499 ], [ -75.160277992712295, 39.918053208938602 ], [ -75.160829111674801, 39.918125950810897 ], [ -75.160768641686602, 39.918363009922501 ], [ -75.160543258717496, 39.919370180370301 ], [ -75.161089935795601, 39.919443390769402 ], [ -75.161547303420207, 39.919499622797701 ], [ -75.162112806194699, 39.919575590504202 ], [ -75.162656810574006, 39.919635046582698 ], [ -75.163144500456994, 39.919701531523899 ], [ -75.163492977364598, 39.919744897621896 ], [ -75.163697712681, 39.919759655929198 ], [ -75.164233277659207, 39.919844069593204 ], [ -75.164718309777399, 39.919906358477 ], [ -75.165261866107201, 39.919975099486599 ], [ -75.165811947409594, 39.920051284087499 ], [ -75.166279715139595, 39.920113323164799 ], [ -75.166831462235194, 39.920181539338699 ], [ -75.166734833182502, 39.9206276755312 ], [ -75.166648137833604, 39.9209954146122 ], [ -75.166565242146504, 39.921427174460597 ], [ -75.166468008695702, 39.921863256859801 ], [ -75.166377729077595, 39.922242890446199 ], [ -75.166287670054501, 39.922677315243298 ], [ -75.164711006608201, 39.922475067190199 ], [ -75.164621518283298, 39.922914473799999 ], [ -75.164533912710894, 39.923268567699303 ], [ -75.164443457505897, 39.923711123091799 ], [ -75.162878454169004, 39.923498191055501 ] ] ] } },
{ "type": "Feature", "properties": { "OBJECTID": 4, "ES_ID": "2580", "ES_NAME": "Kirkbride, Elizabeth B", "MS_ID": "2580", "MS_NAME": "Kirkbride, Elizabeth B", "HS_ID": "2160", "HS_NAME": "Furness, Horace", "GR_ID_K": "2580", "GR_ID_01": "2580", "GR_ID_02": "2580", "GR_ID_03": "2580", "GR_ID_04": "2580", "GR_ID_05": "2580", "GR_ID_06": "2580", "GR_ID_07": "2580", "GR_ID_08": "2580", "GR_ID_09": "2160", "GR_ID_10": "2160", "GR_ID_11": "2160", "GR_ID_12": "2160", "ES_GRADE": "K-8", "MS_GRADE": "K-8", "HS_GRADE": "9-12", "Shape__Area": 658311.4765625, "Shape__Length": 3732.5866210815698 }, "geometry": { "type": "Polygon", "coordinates": [ [ [ -75.152133321821907, 39.928345962931601 ], [ -75.152409230111203, 39.927138632499101 ], [ -75.152955111366694, 39.927211082137802 ], [ -75.153430306929707, 39.927277406388299 ], [ -75.153985126955405, 39.927345406018603 ], [ -75.155548438540606, 39.927559300033401 ], [ -75.157118614861005, 39.927761597373099 ], [ -75.158668867201698, 39.927964345419902 ], [ -75.158572296847296, 39.9283902036562 ], [ -75.158491023917406, 39.928758967612801 ], [ -75.158396739653, 39.929186965970104 ], [ -75.159957914523702, 39.929389612839998 ], [ -75.161532230839398, 39.929599345672102 ], [ -75.163092940782903, 39.929801867773797 ], [ -75.163383238410006, 39.929873318976099 ], [ -75.163196100028699, 39.930084532757199 ], [ -75.163005471772493, 39.930237658248998 ], [ -75.162787509428398, 39.930417427042599 ], [ -75.162599550458594, 39.930562640822401 ], [ -75.162228382733602, 39.930882337929702 ], [ -75.162155490856193, 39.930938656413801 ], [ -75.161049452918604, 39.931826548261498 ], [ -75.160859443776104, 39.932021260939699 ], [ -75.160762606512904, 39.932083886608901 ], [ -75.159518996412402, 39.9331096695214 ], [ -75.159144040075901, 39.933058976645199 ], [ -75.157580537748302, 39.932846796438497 ], [ -75.156775137546504, 39.932741849758301 ], [ -75.156027500876803, 39.932644425470997 ], [ -75.155574386942305, 39.9325896724568 ], [ -75.1549566124487, 39.932502950202498 ], [ -75.154457311434101, 39.932429229910298 ], [ -75.154559269294097, 39.932010876634301 ], [ -75.154646357956494, 39.931634375223098 ], [ -75.154737846149004, 39.931217172461601 ], [ -75.154226102429504, 39.931151837163803 ], [ -75.153764546137396, 39.9310890224465 ], [ -75.153162806553496, 39.931009732500698 ], [ -75.152570038457, 39.930925652718599 ], [ -75.152187813253605, 39.930872103253101 ], [ -75.152131148462701, 39.9308678795784 ], [ -75.151600165480204, 39.930791450151098 ], [ -75.1516828154667, 39.9303795670127 ], [ -75.151758846396504, 39.930006404789999 ], [ -75.151855565218597, 39.929564557028698 ], [ -75.151959380068803, 39.929120802134697 ], [ -75.152035725358502, 39.9287713969061 ], [ -75.152133321821907, 39.928345962931601 ] ] ] } },
{ "type": "Feature", "properties": { "OBJECTID": 5, "ES_ID": "2590", "ES_NAME": "Nebinger, George W", "MS_ID": "2590", "MS_NAME": "Nebinger, George W", "HS_ID": "2160", "HS_NAME": "Furness, Horace", "GR_ID_K": "2590", "GR_ID_01": "2590", "GR_ID_02": "2590", "GR_ID_03": "2590", "GR_ID_04": "2590", "GR_ID_05": "2590", "GR_ID_06": "2590", "GR_ID_07": "2590", "GR_ID_08": "2590", "GR_ID_09": "2160", "GR_ID_10": "2160", "GR_ID_11": "2160", "GR_ID_12": "2160", "ES_GRADE": "K-8", "MS_GRADE": "K-8", "HS_GRADE": "9-12", "Shape__Area": 1029207.5703125, "Shape__Length": 6466.8425778282899 }, "geometry": { "type": "Polygon", "coordinates": [ [ [ -75.158888408758799, 39.939907440586197 ], [ -75.158468464747401, 39.9398559525427 ], [ -75.158119588265095, 39.9398172677354 ], [ -75.157690393433001, 39.939756390890601 ], [ -75.156988099705202, 39.9396726110472 ], [ -75.156595069778405, 39.939629220134499 ], [ -75.156112180028103, 39.9395699902228 ], [ -75.156196795780502, 39.9391610896553 ], [ -75.154630699992694, 39.938965194114999 ], [ -75.153978560243402, 39.938881493431602 ], [ -75.153067212732296, 39.938772222923298 ], [ -75.152681108548805, 39.938733219950301 ], [ -75.151959323481805, 39.9386010134358 ], [ -75.151496796241403, 39.938523528926297 ], [ -75.151649613246306, 39.937836916748303 ], [ -75.151760979894405, 39.9373407808568 ], [ -75.150230874931694, 39.9369303638681 ], [ -75.149936615922101, 39.936845096236802 ], [ -75.149334303662897, 39.9366733376322 ], [ -75.148696699697794, 39.936495562018003 ], [ -75.148287612149105, 39.936388857764697 ], [ -75.147814542155103, 39.936264976589598 ], [ -75.146907448716703, 39.936019362269299 ], [ -75.146811002868603, 39.935991914810998 ], [ -75.146358691595907, 39.935870598075198 ], [ -75.146168009572193, 39.935819030219797 ], [ -75.145742733004198, 39.935704015651297 ], [ -75.145261452970104, 39.935574304109799 ], [ -75.144890790203107, 39.935474347470198 ], [ -75.144658837492599, 39.935411795877599 ], [ -75.144362857530396, 39.935331976188102 ], [ -75.1432893665976, 39.935044068437001 ], [ -75.142772265656802, 39.934906704093798 ], [ -75.142688012913993, 39.934888627921303 ], [ -75.135927076408805, 39.934476470152298 ], [ -75.135948978973005, 39.933957440085997 ], [ -75.135944234733898, 39.933654180227101 ], [ -75.135917202477501, 39.932516329708299 ], [ -75.143603033746402, 39.933088090299201 ], [ -75.143696567651602, 39.933115703260597 ], [ -75.144827041831107, 39.933354087368599 ], [ -75.145093175161193, 39.933398449546303 ], [ -75.145314952931699, 39.933444291418702 ], [ -75.145513589540599, 39.933482739720297 ], [ -75.145712225095707, 39.933510835804498 ], [ -75.147319062080399, 39.933659745884903 ], [ -75.1482578388582, 39.933783041043803 ], [ -75.149265790385599, 39.933913567303598 ], [ -75.149941048758606, 39.934014091672097 ], [ -75.150077631577204, 39.934041111150997 ], [ -75.150214085160798, 39.934071542404098 ], [ -75.150314593861097, 39.934171218463099 ], [ -75.150807490688706, 39.9342996700965 ], [ -75.151672222685804, 39.934540059243403 ], [ -75.152342205862297, 39.934726294439798 ], [ -75.153108096568104, 39.934931112162197 ], [ -75.153864505751599, 39.935135150499903 ], [ -75.154439624784999, 39.935293655667202 ], [ -75.155392839233102, 39.935556333056702 ], [ -75.155766960095605, 39.935658925858498 ], [ -75.156256063847806, 39.9357909025114 ], [ -75.156893940776399, 39.935949157455198 ], [ -75.1578834043261, 39.936222034546802 ], [ -75.158426944831604, 39.936381236391398 ], [ -75.159952104369395, 39.936772620993601 ], [ -75.159864073702593, 39.9371739501794 ], [ -75.159788157510704, 39.937484717696002 ], [ -75.159751694513901, 39.937661796579803 ], [ -75.159685440608698, 39.938003064581899 ], [ -75.159620905556295, 39.938284541083497 ], [ -75.159579214152899, 39.938478266182699 ], [ -75.159556128026694, 39.9385634288642 ], [ -75.159529211464303, 39.938702987782598 ], [ -75.159419100710593, 39.939190336470503 ], [ -75.159256699536002, 39.939960977863002 ], [ -75.158888408758799, 39.939907440586197 ] ] ] } },
{ "type": "Feature", "properties": { "OBJECTID": 6, "ES_ID": "3419", "ES_NAME": "American Paradigm Charter School at Birney", "MS_ID": "3419", "MS_NAME": "American Paradigm Charter School at Birney", "HS_ID": "3414", "HS_NAME": "Aspira Olney Charter High School", "GR_ID_K": "3419", "GR_ID_01": "3419", "GR_ID_02": "3419", "GR_ID_03": "3419", "GR_ID_04": "3419", "GR_ID_05": "3419", "GR_ID_06": "3419", "GR_ID_07": "3419", "GR_ID_08": "3419", "GR_ID_09": "3414", "GR_ID_10": "3414", "GR_ID_11": "3414", "GR_ID_12": "3414", "ES_GRADE": "K-8", "MS_GRADE": "K-8", "HS_GRADE": "9-12", "Shape__Area": 1356937.24609375, "Shape__Length": 5232.0014797405101 }, "geometry": { "type": "Polygon", "coordinates": [ [ [ -75.144639390008905, 40.037408582972603 ], [ -75.141467658310305, 40.036296488301602 ], [ -75.140674536641598, 40.036193785829198 ], [ -75.139884793887703, 40.036092860245603 ], [ -75.139098728028003, 40.035990626090999 ], [ -75.138376643740202, 40.0358928633812 ], [ -75.138166069451401, 40.0358155374429 ], [ -75.137210159694405, 40.036571182201399 ], [ -75.136826460812699, 40.036897911644303 ], [ -75.136439193108401, 40.037205232656198 ], [ -75.135964163036604, 40.037148773994403 ], [ -75.136021009188099, 40.036304000733203 ], [ -75.136227398503493, 40.033440363021199 ], [ -75.136249276604005, 40.033295831480302 ], [ -75.136330802499003, 40.032929550745898 ], [ -75.136417637245799, 40.032519442519401 ], [ -75.136487917720203, 40.032194114043797 ], [ -75.136557465279196, 40.031877116828397 ], [ -75.136621388039003, 40.031598846367999 ], [ -75.136759906149607, 40.0309732722204 ], [ -75.137018051020107, 40.029808436929002 ], [ -75.137094052095193, 40.0294213498209 ], [ -75.1374237687685, 40.027927857220398 ], [ -75.137748917767894, 40.026425467828801 ], [ -75.138287568826797, 40.026498010221403 ], [ -75.138700656689707, 40.026545246939399 ], [ -75.139510388619499, 40.026657136361599 ], [ -75.140306656479197, 40.026755062677204 ], [ -75.141090345659194, 40.026860189652403 ], [ -75.141881702913295, 40.026958312347297 ], [ -75.141559635719702, 40.028458165713602 ], [ -75.142337629235499, 40.028552636701697 ], [ -75.143128411626606, 40.028652271696401 ], [ -75.143915561921702, 40.028758398923003 ], [ -75.144718930810399, 40.028864931875397 ], [ -75.146153513082297, 40.029053003682101 ], [ -75.146915293772693, 40.0291532477559 ], [ -75.146852776793494, 40.029490885140603 ], [ -75.146829623691602, 40.029612045680501 ], [ -75.146708041097, 40.030136200360097 ], [ -75.146684879897705, 40.0302360479862 ], [ -75.146578010249399, 40.030646612101897 ], [ -75.146521627246003, 40.030874775807497 ], [ -75.146229796531102, 40.032194890093002 ], [ -75.145900359917405, 40.0337371200985 ], [ -75.145556007971607, 40.035271185815397 ], [ -75.145151579571007, 40.0371552696244 ], [ -75.145096171355604, 40.037422389748301 ], [ -75.144639390008905, 40.037408582972603 ] ] ] } },
{ "type": "Feature", "properties": { "OBJECTID": 7, "ES_ID": "2190", "ES_NAME": "Fell, D Newlin", "MS_ID": "2190", "MS_NAME": "Fell, D Newlin", "HS_ID": "2000", "HS_NAME": "South Philadelphia HS", "GR_ID_K": "2190", "GR_ID_01": "2190", "GR_ID_02": "2190", "GR_ID_03": "2190", "GR_ID_04": "2190", "GR_ID_05": "2190", "GR_ID_06": "2190", "GR_ID_07": "2190", "GR_ID_08": "2190", "GR_ID_09": "2000", "GR_ID_10": "2000", "GR_ID_11": "2000", "GR_ID_12": "2000", "ES_GRADE": "K-8", "MS_GRADE": "K-8", "HS_GRADE": "9-12", "Shape__Area": 7054705.92578125, "Shape__Length": 14377.351371717999 }, "geometry": { "type": "Polygon", "coordinates": [ [ [ -75.163144525009699, 39.919701532077802 ], [ -75.162656835126498, 39.919635047136701 ], [ -75.162112830747304, 39.919575591058397 ], [ -75.161547329141897, 39.9194996233784 ], [ -75.161089960348093, 39.919443391323803 ], [ -75.1605432844392, 39.919370180951098 ], [ -75.160768666238695, 39.918363010476902 ], [ -75.160829137395893, 39.918125951391701 ], [ -75.160278018433402, 39.918053209519599 ], [ -75.159810466818499, 39.917992776739602 ], [ -75.159279495279193, 39.917923099921502 ], [ -75.159552914742207, 39.916680726701799 ], [ -75.159012274112598, 39.916603382129999 ], [ -75.158514557066397, 39.916548045762397 ], [ -75.157983865911405, 39.916482111829097 ], [ -75.158285790110497, 39.915088006250002 ], [ -75.158097252224493, 39.915056733434398 ], [ -75.157748380185296, 39.915011115868502 ], [ -75.157487195293101, 39.914968144108002 ], [ -75.157768994180998, 39.913709185334802 ], [ -75.158021207418102, 39.912471089757702 ], [ -75.158632012387898, 39.912550317644801 ], [ -75.159205055687096, 39.912624127061498 ], [ -75.159778858985604, 39.912699853707799 ], [ -75.1603940588803, 39.912764921810002 ], [ -75.160534030791496, 39.912113534281403 ], [ -75.160700030263399, 39.911377680183499 ], [ -75.160705748365501, 39.911352146533801 ], [ -75.160784701164403, 39.910991888939897 ], [ -75.160793500817903, 39.910951737388999 ], [ -75.160825874136293, 39.910804024011703 ], [ -75.160951978749594, 39.910223679972802 ], [ -75.161219894778597, 39.909019351399301 ], [ -75.161897257292395, 39.905839173491202 ], [ -75.162309292053195, 39.903952606217601 ], [ -75.164650293822206, 39.887620556325302 ], [ -75.162173060184401, 39.882915380649997 ], [ -75.164188773077697, 39.882579094396803 ], [ -75.166996888531202, 39.882037927028101 ], [ -75.167565423210704, 39.881989316345098 ], [ -75.172145861828994, 39.881294849055301 ], [ -75.173869716661102, 39.881130312619497 ], [ -75.175060479698999, 39.881135229197803 ], [ -75.175523750103807, 39.887437503195102 ], [ -75.175662823681193, 39.888566642033702 ], [ -75.175713320607798, 39.888769435765099 ], [ -75.175738821218602, 39.888871837507601 ], [ -75.175844970076596, 39.889813601386699 ], [ -75.175875965884003, 39.890051183040299 ], [ -75.176029622342298, 39.891229000687197 ], [ -75.176042193156107, 39.891337407332003 ], [ -75.176346073084602, 39.893958121034203 ], [ -75.176338419609095, 39.894033782975697 ], [ -75.175889119623804, 39.8961622805312 ], [ -75.175401596370804, 39.8973516928232 ], [ -75.1752065532513, 39.897818758117999 ], [ -75.174962486327303, 39.898497631393198 ], [ -75.174921070524505, 39.898612824542496 ], [ -75.174860346806298, 39.898909562583 ], [ -75.174838234476596, 39.899061000173802 ], [ -75.174813882265397, 39.899188610585703 ], [ -75.174783449050807, 39.899342945402502 ], [ -75.174663292673003, 39.8999100668876 ], [ -75.174591938030701, 39.900264056984199 ], [ -75.174396492019298, 39.901233633782901 ], [ -75.174355761980706, 39.901538227226297 ], [ -75.174008161231001, 39.902920136870698 ], [ -75.173872394123194, 39.903677062425899 ], [ -75.173918882275899, 39.903797490606898 ], [ -75.173816004335293, 39.9038588010552 ], [ -75.173771268505305, 39.9040435118213 ], [ -75.173560053822698, 39.905057181230902 ], [ -75.1735446814494, 39.905235781661403 ], [ -75.173549834830197, 39.905397630436198 ], [ -75.173535769081994, 39.9056038348727 ], [ -75.173489316791901, 39.906764365759997 ], [ -75.173483131013001, 39.9069509439096 ], [ -75.173450823342705, 39.907167600080598 ], [ -75.173237056888297, 39.908011530130302 ], [ -75.173076223163605, 39.908727174876603 ], [ -75.172993585125496, 39.9091555885893 ], [ -75.172973906615596, 39.909251290778101 ], [ -75.172955006051296, 39.909360606758803 ], [ -75.172689198739207, 39.910585122447998 ], [ -75.172370482798698, 39.911735185783499 ], [ -75.172256326673406, 39.912288259468603 ], [ -75.172234415493406, 39.912394408191197 ], [ -75.172193669411996, 39.912591820658299 ], [ -75.172111400183795, 39.912995116549702 ], [ -75.172074065892005, 39.913209761922197 ], [ -75.171922833981, 39.913914817397298 ], [ -75.171878817413202, 39.914265286388201 ], [ -75.171799543662402, 39.914354910786599 ], [ -75.171274382073705, 39.916787711776003 ], [ -75.170635844136896, 39.916697258696999 ], [ -75.170210327004597, 39.916640626013503 ], [ -75.169245829930205, 39.916506296930997 ], [ -75.168908719925497, 39.916459518757897 ], [ -75.168597519750605, 39.916417375706203 ], [ -75.168203698390599, 39.916363484510804 ], [ -75.167569385997396, 39.916283631391899 ], [ -75.167262440572799, 39.9162487291741 ], [ -75.167132659212498, 39.916230940632502 ], [ -75.166916458333006, 39.916198792595701 ], [ -75.166641680237205, 39.916167824629298 ], [ -75.166560801396201, 39.916159004059303 ], [ -75.166254857421194, 39.916115542208502 ], [ -75.166072122451496, 39.916270569704203 ], [ -75.165808175864498, 39.917483150990499 ], [ -75.165535822388904, 39.918731908293701 ], [ -75.165382496758497, 39.919410111675802 ], [ -75.164792539451398, 39.919522823176301 ], [ -75.164281996515697, 39.919618238171303 ], [ -75.163697737233704, 39.919759656483102 ], [ -75.163493001917203, 39.9197448981758 ], [ -75.163144525009699, 39.919701532077802 ] ] ] } },
{ "type": "Feature", "properties": { "OBJECTID": 8, "ES_ID": "3424", "ES_NAME": "Universal Institute Charter School at Alcorn", "MS_ID": "3424", "MS_NAME": "Universal Institute Charter School at Alcorn", "HS_ID": "3417", "HS_NAME": "Universal Institute Charter School at Audenried", "GR_ID_K": "3424", "GR_ID_01": "3424", "GR_ID_02": "3424", "GR_ID_03": "3424", "GR_ID_04": "3424", "GR_ID_05": "3424", "GR_ID_06": "3424", "GR_ID_07": "3424", "GR_ID_08": "3424", "GR_ID_09": "3417", "GR_ID_10": "3417", "GR_ID_11": "3417", "GR_ID_12": "3417", "ES_GRADE": "K-8", "MS_GRADE": "K-8", "HS_GRADE": "9-12", "Shape__Area": 6872672.9453125, "Shape__Length": 12326.330377956499 }, "geometry": { "type": "Polygon", "coordinates": [ [ [ -75.195777980975393, 39.9423509288616 ], [ -75.194604497239695, 39.942268186568803 ], [ -75.193869705497306, 39.942284404858299 ], [ -75.193699158902604, 39.942288187772199 ], [ -75.193647383037799, 39.942289307968501 ], [ -75.192532941538801, 39.942604095740698 ], [ -75.191771838773306, 39.943039947011798 ], [ -75.191575189558407, 39.943207098418597 ], [ -75.191362240029505, 39.943083476457304 ], [ -75.191088774029893, 39.9429254162592 ], [ -75.190832507956202, 39.942777654746102 ], [ -75.190541310820905, 39.9426098243746 ], [ -75.190193422586901, 39.942408933233402 ], [ -75.189909861934296, 39.942261791192898 ], [ -75.189625956054996, 39.942115051577403 ], [ -75.1893409958832, 39.941969483333402 ], [ -75.189054074729995, 39.941826253738597 ], [ -75.188761536838996, 39.941690024958298 ], [ -75.188466137081903, 39.941557332825603 ], [ -75.188173711746302, 39.941420849120597 ], [ -75.1878814021388, 39.941284244691502 ], [ -75.187584172524197, 39.941154103339997 ], [ -75.187285872562896, 39.941025369882901 ], [ -75.186992138841106, 39.940890613498802 ], [ -75.186852707024499, 39.940824740519702 ], [ -75.187447323035698, 39.9403735151406 ], [ -75.186554189966401, 39.940239499964299 ], [ -75.186318849315199, 39.9402032135472 ], [ -75.1857839153284, 39.940141253786102 ], [ -75.185343390327802, 39.940090180246003 ], [ -75.184957878091694, 39.940093403036002 ], [ -75.185169926700198, 39.939123547456603 ], [ -75.185236615473599, 39.938832605954801 ], [ -75.185272796392098, 39.938671641328703 ], [ -75.1853051303695, 39.938523841829699 ], [ -75.185393673297199, 39.938066926398903 ], [ -75.185418210744203, 39.937961760440302 ], [ -75.185501713340898, 39.937606336474403 ], [ -75.185729685946896, 39.936488409212103 ], [ -75.1857581848639, 39.936491990003901 ], [ -75.187329380507904, 39.936688290151302 ], [ -75.188887349265897, 39.936896133194402 ], [ -75.188979787797706, 39.936466185974197 ], [ -75.189064437192698, 39.936104880256501 ], [ -75.189149792279906, 39.935680681787296 ], [ -75.189238913204505, 39.935252339824899 ], [ -75.189319395968496, 39.934875577833701 ], [ -75.189418730634699, 39.9344384321085 ], [ -75.189690354409095, 39.933236700857698 ], [ -75.1899511399331, 39.932011548752499 ], [ -75.190129093828901, 39.931228144667301 ], [ -75.190223826775494, 39.930788446791396 ], [ -75.190476522566698, 39.929567833677297 ], [ -75.1905372108086, 39.929274551966898 ], [ -75.190604108383397, 39.9289861778581 ], [ -75.190670371088402, 39.9286774763073 ], [ -75.190746007672104, 39.928336317855397 ], [ -75.190815266058806, 39.928021964399598 ], [ -75.190874817500898, 39.927746180917801 ], [ -75.190933296347694, 39.927474628042297 ], [ -75.1910099850205, 39.927125658676701 ], [ -75.189919965382799, 39.926978809850802 ], [ -75.189462484158497, 39.9269926543559 ], [ -75.189972822972805, 39.926896211361203 ], [ -75.190487346864899, 39.926747791133202 ], [ -75.191010847040602, 39.9265657000388 ], [ -75.191386556901705, 39.9264457232686 ], [ -75.191567114103094, 39.926388065155301 ], [ -75.191980591407301, 39.926256023960597 ], [ -75.192096186157301, 39.926211535638203 ], [ -75.192347395877604, 39.926114855570098 ], [ -75.192483457286997, 39.926062491735202 ], [ -75.192617620331802, 39.926050314527799 ], [ -75.1928344477965, 39.926079792564003 ], [ -75.192968868319298, 39.925041727294698 ], [ -75.192692766514796, 39.924748614283502 ], [ -75.192506248760594, 39.924553089300701 ], [ -75.192345000911303, 39.924386370644903 ], [ -75.191994287567098, 39.9240237555683 ], [ -75.191613436609899, 39.923625809625698 ], [ -75.191397917351694, 39.923391422045697 ], [ -75.191187566104801, 39.923313746484297 ], [ -75.191103414371597, 39.923303476587797 ], [ -75.190267806662504, 39.923201495377697 ], [ -75.188664070038598, 39.923005750586498 ], [ -75.188876958272502, 39.922085700605301 ], [ -75.188902221296502, 39.921978745609003 ], [ -75.189654164157105, 39.921814421901701 ], [ -75.190062360355498, 39.921725188898499 ], [ -75.190160378666505, 39.921710209348298 ], [ -75.190343738005893, 39.921682435767799 ], [ -75.190474250232995, 39.921662297726101 ], [ -75.190603243011097, 39.921636079851901 ], [ -75.190818121869896, 39.921592405269799 ], [ -75.191069721247601, 39.921541268612401 ], [ -75.191223931845499, 39.9215082578961 ], [ -75.191821694359405, 39.921396972728999 ], [ -75.192496515880194, 39.921275130644503 ], [ -75.193866259737007, 39.9211382495292 ], [ -75.194487114134205, 39.921093128165197 ], [ -75.195048292306396, 39.921020745450498 ], [ -75.200064161053007, 39.9201452404752 ], [ -75.201793105492101, 39.919827365459803 ], [ -75.201996309732195, 39.919790004325101 ], [ -75.202041321718795, 39.9199478687583 ], [ -75.202623456839106, 39.920597593409497 ], [ -75.203755263741201, 39.921047259051903 ], [ -75.205242683379595, 39.921080279562702 ], [ -75.206480425728202, 39.920909631515798 ], [ -75.207712876454295, 39.920880360100398 ], [ -75.208884951122698, 39.920991246371798 ], [ -75.209943151736098, 39.921198653462 ], [ -75.211118487277901, 39.921960527532399 ], [ -75.211956232817201, 39.922658314372299 ], [ -75.212369516024197, 39.923403306539797 ], [ -75.212559798848304, 39.924214113779698 ], [ -75.212405275023201, 39.925399365312899 ], [ -75.212149005954004, 39.926355952086901 ], [ -75.211578089453099, 39.927616890983899 ], [ -75.211162322017998, 39.928414286200599 ], [ -75.210745338717402, 39.929275260399002 ], [ -75.210524977113494, 39.9297303527444 ], [ -75.209692981752994, 39.930843993882597 ], [ -75.207574696310999, 39.9331743969285 ], [ -75.206427197735593, 39.934365925913198 ], [ -75.205850260583105, 39.935046521850097 ], [ -75.205598914326202, 39.935492534637099 ], [ -75.205377689577602, 39.935885089223397 ], [ -75.205167911284207, 39.937069109109402 ], [ -75.205163534594803, 39.938413344907502 ], [ -75.205163915363102, 39.938612012225597 ], [ -75.205167118491403, 39.940281339091399 ], [ -75.205160947069004, 39.940666077014903 ], [ -75.205152907524607, 39.941117766770297 ], [ -75.205034872259603, 39.9418491510636 ], [ -75.204548640886998, 39.942560056094997 ], [ -75.2038456780232, 39.943167093752997 ], [ -75.203056290324696, 39.943630690191398 ], [ -75.201811684008106, 39.943970965187098 ], [ -75.201616207452105, 39.9439776596653 ], [ -75.200808565119203, 39.944005291280398 ], [ -75.200429307649998, 39.943952229602502 ], [ -75.199966906077293, 39.943887524299598 ], [ -75.199094915883606, 39.943613420509401 ], [ -75.197953416082001, 39.9431776693797 ], [ -75.196923753073506, 39.942687759590001 ], [ -75.195777980975393, 39.9423509288616 ] ] ] } },
{ "type": "Feature", "properties": { "OBJECTID": 9, "ES_ID": "2210", "ES_NAME": "Bache / Martin", "MS_ID": "2210", "MS_NAME": "Bache / Martin", "HS_ID": "2010", "HS_NAME": "Franklin, Benjamin HS", "GR_ID_K": "2210", "GR_ID_01": "2210", "GR_ID_02": "2210", "GR_ID_03": "2210", "GR_ID_04": "2210", "GR_ID_05": "2210", "GR_ID_06": "2210", "GR_ID_07": "2210", "GR_ID_08": "2210", "GR_ID_09": "2010", "GR_ID_10": "2010", "GR_ID_11": "2010", "GR_ID_12": "2010", "ES_GRADE": "K-8", "MS_GRADE": "K-8", "HS_GRADE": "9-12", "Shape__Area": 2040421.64453125, "Shape__Length": 7163.5443542454605 }, "geometry": { "type": "Polygon", "coordinates": [ [ [ -75.168147098554201, 39.975043094039897 ], [ -75.168056806063404, 39.9748790618615 ], [ -75.167733730657304, 39.974328877639699 ], [ -75.167221922351601, 39.973406776437102 ], [ -75.166541448119304, 39.972389666523597 ], [ -75.166273881549202, 39.9720457119179 ], [ -75.165974666445805, 39.971616965677804 ], [ -75.165780574247407, 39.971348561136502 ], [ -75.165619961962307, 39.971200071389298 ], [ -75.165313104150499, 39.970919513233 ], [ -75.165134815287502, 39.970770202011302 ], [ -75.164747305528394, 39.970445669553897 ], [ -75.1654926552728, 39.9700498959035 ], [ -75.165683403368803, 39.969953780278999 ], [ -75.166363688297807, 39.969576155380899 ], [ -75.166968583823504, 39.969240207994702 ], [ -75.168315633632304, 39.968412121859501 ], [ -75.168467906265406, 39.967653541702802 ], [ -75.168571382154099, 39.967235641887299 ], [ -75.169373260066493, 39.9672448147005 ], [ -75.170179435270896, 39.967259790957101 ], [ -75.170780119921602, 39.967268826166404 ], [ -75.1713465625336, 39.967284338240802 ], [ -75.172110732484398, 39.967293724773398 ], [ -75.172195834945995, 39.966912666313199 ], [ -75.172270060161594, 39.9665885498733 ], [ -75.172402196992607, 39.965938400660299 ], [ -75.1724805525688, 39.9656361012498 ], [ -75.172563080078007, 39.965228360698298 ], [ -75.174163418143394, 39.965421666730897 ], [ -75.175765054333795, 39.9656276872497 ], [ -75.175875746502896, 39.965167268247697 ], [ -75.175906905776898, 39.964995565753902 ], [ -75.176029115959594, 39.964439119240701 ], [ -75.176040586646806, 39.964268027410597 ], [ -75.176394688103798, 39.964116868162399 ], [ -75.176685429889702, 39.963953098947897 ], [ -75.1769447381199, 39.9635757581378 ], [ -75.177127510319806, 39.963279471114603 ], [ -75.177230269370895, 39.963132104669498 ], [ -75.177322197725303, 39.963000364812103 ], [ -75.177484971714094, 39.962876296128698 ], [ -75.177751573381897, 39.962791932623503 ], [ -75.178135513014197, 39.962811817673398 ], [ -75.178822012197301, 39.962999158758898 ], [ -75.180036549300894, 39.963328798269202 ], [ -75.181231239351305, 39.963714380896398 ], [ -75.181592553624796, 39.963792540448502 ], [ -75.181716521412199, 39.963931439304602 ], [ -75.182497127717895, 39.964147284760202 ], [ -75.183474036256499, 39.9643496030709 ], [ -75.183547322408899, 39.964445388058103 ], [ -75.183650515730804, 39.964580259221798 ], [ -75.184358386756699, 39.965558356444497 ], [ -75.1848510017807, 39.966149558936202 ], [ -75.185594475359395, 39.966916179311802 ], [ -75.181123552823706, 39.967471667206603 ], [ -75.179686559958299, 39.967425475314002 ], [ -75.1801654589012, 39.967802463239003 ], [ -75.180064597253804, 39.968424714954999 ], [ -75.179916379507304, 39.969099011521401 ], [ -75.179839216929693, 39.969455821698403 ], [ -75.179777766747094, 39.969701607977797 ], [ -75.179756666193896, 39.969823046670697 ], [ -75.179653393992098, 39.970318340303599 ], [ -75.178608178675702, 39.970189726473997 ], [ -75.178058464135205, 39.970121797644701 ], [ -75.177808284694294, 39.971217037960898 ], [ -75.177540506883602, 39.972446625184098 ], [ -75.177864722838095, 39.972489100076999 ], [ -75.177865652391205, 39.9738415234063 ], [ -75.177854455998201, 39.974257005582899 ], [ -75.177125310717997, 39.974336303848098 ], [ -75.1764214248104, 39.974412254528197 ], [ -75.1759383611153, 39.974461692947102 ], [ -75.175458491743797, 39.974512730033503 ], [ -75.173788021308098, 39.974686956278198 ], [ -75.172094111423903, 39.974863972801302 ], [ -75.170403485476101, 39.975047451763203 ], [ -75.169146677505793, 39.975176633002398 ], [ -75.168265222984502, 39.9752682662483 ], [ -75.168147098554201, 39.975043094039897 ] ] ] } },
{ "type": "Feature", "properties": { "OBJECTID": 10, "ES_ID": "2240", "ES_NAME": "Bregy, F Amedee", "MS_ID": "2240", "MS_NAME": "Bregy, F Amedee", "HS_ID": "2000", "HS_NAME": "South Philadelphia HS", "GR_ID_K": "2240", "GR_ID_01": "2240", "GR_ID_02": "2240", "GR_ID_03": "2240", "GR_ID_04": "2240", "GR_ID_05": "2240", "GR_ID_06": "2240", "GR_ID_07": "2240", "GR_ID_08": "2240", "GR_ID_09": "2000", "GR_ID_10": "2000", "GR_ID_11": "2000", "GR_ID_12": "2000", "ES_GRADE": "K-8", "MS_GRADE": "K-8", "HS_GRADE": "9-12", "Shape__Area": 19768600.1640625, "Shape__Length": 20031.922527672799 }, "geometry": { "type": "Polygon", "coordinates": [ [ [ -75.189420476017503, 39.921015902719198 ], [ -75.189326279227203, 39.920922278200599 ], [ -75.189165999224798, 39.9207543103972 ], [ -75.189106716624806, 39.920692184459 ], [ -75.188256371490397, 39.919762751570403 ], [ -75.188041719012404, 39.919464446258402 ], [ -75.187798211551794, 39.919260356725403 ], [ -75.187439192247595, 39.919058913642203 ], [ -75.1873562279998, 39.919014904758903 ], [ -75.186964069021499, 39.918875783846701 ], [ -75.186026561918595, 39.918699036859202 ], [ -75.1851021047448, 39.918562314002102 ], [ -75.184405147996998, 39.918451859870103 ], [ -75.182823285354402, 39.918241646974003 ], [ -75.182795339274506, 39.918367779139501 ], [ -75.182513887728305, 39.919638066073198 ], [ -75.182223043330495, 39.920879814384598 ], [ -75.181420243723593, 39.920781676724999 ], [ -75.181237128171901, 39.9207469329357 ], [ -75.180896643501299, 39.920713313979 ], [ -75.180316983027495, 39.920629070841997 ], [ -75.179764686779194, 39.9205587415846 ], [ -75.179530802167804, 39.920529559624804 ], [ -75.179271014438598, 39.920497936744098 ], [ -75.178740276034205, 39.9204242051742 ], [ -75.177956634515894, 39.920318001331601 ], [ -75.177170064530998, 39.920227612128997 ], [ -75.176369440451793, 39.920117961833903 ], [ -75.175617761160794, 39.920022406446201 ], [ -75.175048608165497, 39.919952940808699 ], [ -75.1745901187751, 39.919893874322902 ], [ -75.174036054175403, 39.919818834567998 ], [ -75.173494651470705, 39.919752112777701 ], [ -75.173007551832299, 39.919688809165301 ], [ -75.172449137701093, 39.919630517385201 ], [ -75.171942123082502, 39.919553030053301 ], [ -75.171489629325293, 39.919494564298901 ], [ -75.170856786233401, 39.919419513301499 ], [ -75.170713022635795, 39.919403053398703 ], [ -75.170987275726105, 39.918158097565403 ], [ -75.171131789096194, 39.917432439677299 ], [ -75.171254566927701, 39.916880014768402 ], [ -75.171274382073705, 39.916787711776003 ], [ -75.171799543662402, 39.914354910786599 ], [ -75.171878817413202, 39.914265286388201 ], [ -75.171922833981, 39.913914817397298 ], [ -75.172074065892005, 39.913209761922197 ], [ -75.172111400183795, 39.912995116549702 ], [ -75.172193669411996, 39.912591820658299 ], [ -75.172234415493406, 39.912394408191197 ], [ -75.172256326673406, 39.912288259468603 ], [ -75.172370482798698, 39.911735185783499 ], [ -75.172689198739207, 39.910585122447998 ], [ -75.172955006051296, 39.909360606758803 ], [ -75.172973906615596, 39.909251290778101 ], [ -75.172993585125496, 39.9091555885893 ], [ -75.173076223163605, 39.908727174876603 ], [ -75.173237056888297, 39.908011530130302 ], [ -75.173450823342705, 39.907167600080598 ], [ -75.173483131013001, 39.9069509439096 ], [ -75.173489316791901, 39.906764365759997 ], [ -75.173535769081994, 39.9056038348727 ], [ -75.173549834830197, 39.905397630436198 ], [ -75.1735446814494, 39.905235781661403 ], [ -75.173560053822698, 39.905057181230902 ], [ -75.173771268505305, 39.9040435118213 ], [ -75.173816004335293, 39.9038588010552 ], [ -75.173918882275899, 39.903797490606898 ], [ -75.173872394123194, 39.903677062425899 ], [ -75.174008161231001, 39.902920136870698 ], [ -75.174355761980706, 39.901538227226297 ], [ -75.174396492019298, 39.901233633782901 ], [ -75.174591938030701, 39.900264056984199 ], [ -75.174663292673003, 39.8999100668876 ], [ -75.174783449050807, 39.899342945402502 ], [ -75.174813882265397, 39.899188610585703 ], [ -75.174838234476596, 39.899061000173802 ], [ -75.174860346806298, 39.898909562583 ], [ -75.174921070524505, 39.898612824542496 ], [ -75.174962486327303, 39.898497631393198 ], [ -75.1752065532513, 39.897818758117999 ], [ -75.175401596370804, 39.8973516928232 ], [ -75.175889119623804, 39.8961622805312 ], [ -75.176338419609095, 39.894033782975697 ], [ -75.176346073084602, 39.893958121034203 ], [ -75.176042193156107, 39.891337407332003 ], [ -75.176029622342298, 39.891229000687197 ], [ -75.175875965884003, 39.890051183040299 ], [ -75.175844970076596, 39.889813601386699 ], [ -75.175738821218602, 39.888871837507601 ], [ -75.175713320607798, 39.888769435765099 ], [ -75.175662823681193, 39.888566642033702 ], [ -75.175508407747401, 39.887228799124699 ], [ -75.175419013216995, 39.886012777626199 ], [ -75.175277920992798, 39.8840934218508 ], [ -75.175170305112303, 39.882629382066497 ], [ -75.175060479698999, 39.881135229197803 ], [ -75.179289264697303, 39.880771286788601 ], [ -75.183096629082598, 39.880879576129402 ], [ -75.186267777168595, 39.880784454253202 ], [ -75.188332350683794, 39.8802420408526 ], [ -75.191170112716506, 39.878965251359197 ], [ -75.193251660718104, 39.878192718310103 ], [ -75.194234362072606, 39.8819628341993 ], [ -75.194352833307093, 39.884187174969497 ], [ -75.194745997069205, 39.887167634965998 ], [ -75.195007317607903, 39.889013081426199 ], [ -75.195378783649005, 39.8908609820881 ], [ -75.196643390828697, 39.892162745396703 ], [ -75.197350276687501, 39.892562252636502 ], [ -75.197920624253499, 39.8928845875351 ], [ -75.200410958825799, 39.8935909542936 ], [ -75.2022018815601, 39.893843041053998 ], [ -75.2046753417209, 39.894265918210699 ], [ -75.206433662708307, 39.8948992905121 ], [ -75.208118593033504, 39.895531004883097 ], [ -75.209539694378805, 39.8963408081094 ], [ -75.210633574858804, 39.897058438097098 ], [ -75.211574073623893, 39.897844276714601 ], [ -75.212112335772602, 39.898294013647899 ], [ -75.213585035002595, 39.899939806260299 ], [ -75.214053795255793, 39.900671869783899 ], [ -75.214688225202195, 39.901888725164802 ], [ -75.215113262510698, 39.903794336772698 ], [ -75.215459397421895, 39.905599145665903 ], [ -75.215698248827593, 39.907571391457097 ], [ -75.215685429010705, 39.908901285761402 ], [ -75.215309705778097, 39.909614671897302 ], [ -75.214647590733904, 39.910123611505199 ], [ -75.213563174113105, 39.910623206116298 ], [ -75.212280787601301, 39.910764638282998 ], [ -75.209493166907095, 39.910617993421702 ], [ -75.2084822853774, 39.910623889570097 ], [ -75.207217912242797, 39.9110203803736 ], [ -75.206360102646997, 39.911355123636497 ], [ -75.205424448680404, 39.912296620183902 ], [ -75.204705926225103, 39.913327834718402 ], [ -75.204110616306096, 39.9145032913354 ], [ -75.203600031638402, 39.915624022285797 ], [ -75.202465642764494, 39.917452590033498 ], [ -75.201946356142997, 39.918558971039502 ], [ -75.201846408770507, 39.919264294333303 ], [ -75.201996309732195, 39.919790004325101 ], [ -75.201793105492101, 39.919827365459803 ], [ -75.200064161053007, 39.9201452404752 ], [ -75.195048292306396, 39.921020745450498 ], [ -75.194487114134205, 39.921093128165197 ], [ -75.193866259737007, 39.9211382495292 ], [ -75.192496515880194, 39.921275130644503 ], [ -75.191821694359405, 39.921396972728999 ], [ -75.191223931845499, 39.9215082578961 ], [ -75.191069721247601, 39.921541268612401 ], [ -75.190818121869896, 39.921592405269799 ], [ -75.190603243011097, 39.921636079851901 ], [ -75.190474250232995, 39.921662297726101 ], [ -75.190343738005893, 39.921682435767799 ], [ -75.190160378666505, 39.921710209348298 ], [ -75.190062360355498, 39.921725188898499 ], [ -75.189814364554394, 39.921407398212303 ], [ -75.189420476017503, 39.921015902719198 ] ] ] } },
{ "type": "Feature", "properties": { "OBJECTID": 11, "ES_ID": "2260", "ES_NAME": "Childs, George W", "MS_ID": "2260", "MS_NAME": "Childs, George W", "HS_ID": "2000", "HS_NAME": "South Philadelphia HS", "GR_ID_K": "2260", "GR_ID_01": "2260", "GR_ID_02": "2260", "GR_ID_03": "2260", "GR_ID_04": "2260", "GR_ID_05": "2260", "GR_ID_06": "2260", "GR_ID_07": "2260", "GR_ID_08": "2260", "GR_ID_09": "2000", "GR_ID_10": "2000", "GR_ID_11": "2000", "GR_ID_12": "2000", "ES_GRADE": "K-8", "MS_GRADE": "K-8", "HS_GRADE": "9-12", "Shape__Area": 1265394.08984375, "Shape__Length": 5989.3742160587599 }, "geometry": { "type": "Polygon", "coordinates": [ [ [ -75.167171072558105, 39.935685383425898 ], [ -75.167496740998203, 39.934122550575204 ], [ -75.1677709748556, 39.932930634282997 ], [ -75.168053221487696, 39.931721848914499 ], [ -75.168321390781898, 39.930489726996001 ], [ -75.168570043198301, 39.929261671287399 ], [ -75.168692613421896, 39.928652097585498 ], [ -75.168829890574798, 39.928043062967397 ], [ -75.168959508814496, 39.928044731638302 ], [ -75.1695834813126, 39.928142126117201 ], [ -75.170051744151394, 39.928196393766299 ], [ -75.170595404892396, 39.928274886238803 ], [ -75.171139647338507, 39.928338077344499 ], [ -75.171597999482898, 39.928396613610097 ], [ -75.172157292875895, 39.928472301049702 ], [ -75.172701768803194, 39.928529407176903 ], [ -75.173163864206998, 39.928597036802003 ], [ -75.173730625841401, 39.928669738871299 ], [ -75.175292181595495, 39.928876330401899 ], [ -75.175881310695701, 39.928950283489897 ], [ -75.176336994037101, 39.929009184026199 ], [ -75.176874085463595, 39.929070982527001 ], [ -75.1767839253462, 39.929495676504203 ], [ -75.176707451618199, 39.929860916960202 ], [ -75.176609328853999, 39.930294446800502 ], [ -75.176514850817, 39.930725124674503 ], [ -75.176438387942895, 39.931089941774999 ], [ -75.176340322306203, 39.931514668938199 ], [ -75.176071750343496, 39.932730391721698 ], [ -75.176626770177506, 39.932806183986898 ], [ -75.177085118701697, 39.932864261369197 ], [ -75.177652578357296, 39.932934024225197 ], [ -75.178196605158107, 39.933009328879599 ], [ -75.178624044963001, 39.933067152908102 ], [ -75.1790437542858, 39.933118496742097 ], [ -75.179556300352303, 39.9331874497068 ], [ -75.180659759205895, 39.933323076915499 ], [ -75.181164995075306, 39.933394797043398 ], [ -75.181063044041395, 39.9338221625665 ], [ -75.180978256623106, 39.934193092905602 ], [ -75.180892246806906, 39.934614945325301 ], [ -75.182547366255903, 39.934832547753601 ], [ -75.184186984636398, 39.935043273069397 ], [ -75.183917753191906, 39.936249696330698 ], [ -75.1833679306162, 39.936189207867798 ], [ -75.183143603523007, 39.936160871909898 ], [ -75.1828584180126, 39.9361248472879 ], [ -75.182287909587899, 39.936041710381801 ], [ -75.180622897901799, 39.935825783470399 ], [ -75.179037874132305, 39.935621873404699 ], [ -75.178516161709396, 39.935553948288302 ], [ -75.178018363376196, 39.935502171627199 ], [ -75.177582841222005, 39.935436977912197 ], [ -75.177110491787602, 39.935379672740801 ], [ -75.176683570373896, 39.935328049467699 ], [ -75.176123517757503, 39.935252667581999 ], [ -75.175539066003395, 39.935173891629297 ], [ -75.175026740241705, 39.935108920101698 ], [ -75.174590095582204, 39.935056120984797 ], [ -75.173973017108693, 39.934983288016902 ], [ -75.173853669008494, 39.9354593428519 ], [ -75.173778684961405, 39.935856541808199 ], [ -75.173699340471501, 39.9362396509378 ], [ -75.173584950772806, 39.936751033083802 ], [ -75.172018505397304, 39.936494875524602 ], [ -75.170457440693198, 39.936241626695598 ], [ -75.170156495497196, 39.936197461753899 ], [ -75.169675322821604, 39.936115652326002 ], [ -75.169380268297303, 39.936058727033803 ], [ -75.168904199762494, 39.935978541982799 ], [ -75.168124233727994, 39.935834982371702 ], [ -75.167999331177199, 39.935818844430798 ], [ -75.1673051232208, 39.935705055741501 ], [ -75.167171072558105, 39.935685383425898 ] ] ] } },
{ "type": "Feature", "properties": { "OBJECTID": 12, "ES_ID": "1200", "ES_NAME": "Barry, Commodore John", "MS_ID": "1200", "MS_NAME": "Barry, Commodore John", "HS_ID": "1100", "HS_NAME": "Sayre, William", "GR_ID_K": "1200", "GR_ID_01": "1200", "GR_ID_02": "1200", "GR_ID_03": "1200", "GR_ID_04": "1200", "GR_ID_05": "1200", "GR_ID_06": "1200", "GR_ID_07": "1200", "GR_ID_08": "1200", "GR_ID_09": "1100", "GR_ID_10": "1100", "GR_ID_11": "1100", "GR_ID_12": "1100", "ES_GRADE": "K-8", "MS_GRADE": "K-8", "HS_GRADE": "9-12", "Shape__Area": 1661302.5234375, "Shape__Length": 7131.40648060682 }, "geometry": { "type": "Polygon", "coordinates": [ [ [ -75.237285086568804, 39.968908184226002 ], [ -75.237504509925003, 39.967863545884903 ], [ -75.237820268353502, 39.9663394746389 ], [ -75.237163249934696, 39.966260071001798 ], [ -75.236506868883694, 39.966176295994501 ], [ -75.235844741169799, 39.966094703231001 ], [ -75.234856877156005, 39.965971761409001 ], [ -75.233906032109203, 39.965856063108198 ], [ -75.234065074205802, 39.965094597336098 ], [ -75.234226361716594, 39.964334215884399 ], [ -75.234378148194295, 39.963573871928297 ], [ -75.234461123433306, 39.963209006758198 ], [ -75.234541979702598, 39.962816817452101 ], [ -75.233812310823893, 39.962721986899702 ], [ -75.233225404291503, 39.962653041605101 ], [ -75.232530449233195, 39.962566848008102 ], [ -75.231118796473297, 39.962393340935499 ], [ -75.230554595682904, 39.962319102253602 ], [ -75.229979687142105, 39.962249535115397 ], [ -75.229441181097002, 39.962180380975397 ], [ -75.228901843873899, 39.962116645339599 ], [ -75.228321299715702, 39.962042718504399 ], [ -75.228648248695805, 39.960472900372203 ], [ -75.229265226603303, 39.960544666558903 ], [ -75.229787494452296, 39.9606084384613 ], [ -75.230249848499994, 39.960665383439697 ], [ -75.230804766996201, 39.960731375118201 ], [ -75.231876533820298, 39.960859134255102 ], [ -75.232859824211303, 39.960985076449397 ], [ -75.233555709235901, 39.961075070277403 ], [ -75.234143926365604, 39.961145256557103 ], [ -75.2348718978389, 39.961240295028503 ], [ -75.236810833087901, 39.961480097923399 ], [ -75.236973349201804, 39.960707466063603 ], [ -75.2371296811843, 39.959963977315397 ], [ -75.2391032741332, 39.960207039294403 ], [ -75.239766164330106, 39.960290011446403 ], [ -75.240341532678698, 39.960360502025402 ], [ -75.241076703361202, 39.960453012393899 ], [ -75.242315014842703, 39.960603739198902 ], [ -75.243056717983706, 39.960695040671403 ], [ -75.245032341361906, 39.960942798656603 ], [ -75.247079318098301, 39.961192912358001 ], [ -75.247881949906798, 39.961289917377897 ], [ -75.247874542655097, 39.961350109658198 ], [ -75.247871613268302, 39.961471137236401 ], [ -75.247843134482494, 39.961622174659901 ], [ -75.247817521159902, 39.961736830362902 ], [ -75.247760298079697, 39.961880185224103 ], [ -75.247710561564901, 39.961986085139998 ], [ -75.247704567037104, 39.962065899385401 ], [ -75.247746785434899, 39.962205545820602 ], [ -75.2477795303937, 39.962312067904001 ], [ -75.247755672262201, 39.962462031192899 ], [ -75.2476750722426, 39.962822016067001 ], [ -75.247634527605996, 39.9629719731035 ], [ -75.247491247536999, 39.963128736249203 ], [ -75.247411152921899, 39.963229269834201 ], [ -75.247407215110101, 39.9633361676917 ], [ -75.247437512284506, 39.963426178064402 ], [ -75.247482296290599, 39.9635376650917 ], [ -75.247566857813993, 39.963647669881198 ], [ -75.247449172821703, 39.9643999907886 ], [ -75.247466149656105, 39.964489443913799 ], [ -75.247170956171502, 39.965936765952897 ], [ -75.246110802483003, 39.9658063619204 ], [ -75.245793742942496, 39.967327440296998 ], [ -75.245475711713695, 39.968845871345501 ], [ -75.244417811521203, 39.968716041485997 ], [ -75.243430572799696, 39.9685925458868 ], [ -75.242757272166699, 39.968509890986397 ], [ -75.242126270526001, 39.9684333156927 ], [ -75.241454773685305, 39.968349742859303 ], [ -75.240466609327697, 39.968227002277096 ], [ -75.239481022259994, 39.968106663795197 ], [ -75.239133891070693, 39.969762820164902 ], [ -75.239136324185594, 39.969902222922897 ], [ -75.239047816851098, 39.969971918802898 ], [ -75.238291098631905, 39.970057421042902 ], [ -75.237457953592696, 39.970150605317102 ], [ -75.237295240813495, 39.9692692260288 ], [ -75.237243071281, 39.968986630953701 ], [ -75.237285086568804, 39.968908184226002 ] ] ] } },
{ "type": "Feature", "properties": { "OBJECTID": 13, "ES_ID": "1230", "ES_NAME": "Bryant, William Cullen", "MS_ID": "1230", "MS_NAME": "Bryant, William Cullen", "HS_ID": "1100", "HS_NAME": "Sayre, William", "GR_ID_K": "1230", "GR_ID_01": "1230", "GR_ID_02": "1230", "GR_ID_03": "1230", "GR_ID_04": "1230", "GR_ID_05": "1230", "GR_ID_06": "1230", "GR_ID_07": "1230", "GR_ID_08": "1230", "GR_ID_09": "1100", "GR_ID_10": "1100", "GR_ID_11": "1100", "GR_ID_12": "1100", "ES_GRADE": "K-8", "MS_GRADE": "K-8", "HS_GRADE": "9-12", "Shape__Area": 1540854.921875, "Shape__Length": 5277.3380274077399 }, "geometry": { "type": "Polygon", "coordinates": [ [ [ -75.247079318098301, 39.961192912358001 ], [ -75.245032341361906, 39.960942798656603 ], [ -75.243056717983706, 39.960695040671403 ], [ -75.242315014842703, 39.960603739198902 ], [ -75.241076703361202, 39.960453012393899 ], [ -75.240341532678698, 39.960360502025402 ], [ -75.239766164330106, 39.960290011446403 ], [ -75.2391032741332, 39.960207039294403 ], [ -75.239260461870302, 39.959447840046501 ], [ -75.239421380409198, 39.958685393114102 ], [ -75.239577025738299, 39.957951110133102 ], [ -75.239661119881006, 39.957543324121801 ], [ -75.239742435791001, 39.957137822564803 ], [ -75.2398263854692, 39.9567279348922 ], [ -75.239911870272195, 39.956322196504601 ], [ -75.240010404544506, 39.955884609629202 ], [ -75.240026775081404, 39.955777752217799 ], [ -75.240140472780794, 39.955261530303098 ], [ -75.240253809569097, 39.954734145206103 ], [ -75.240348566525398, 39.9542726775341 ], [ -75.240452350075202, 39.953742606476297 ], [ -75.240558082023099, 39.953214828657202 ], [ -75.240654481174104, 39.952752939026198 ], [ -75.240780132539797, 39.95220216013 ], [ -75.240888836706105, 39.951656847996901 ], [ -75.240930182064602, 39.9514673263783 ], [ -75.240980904320693, 39.951207170104901 ], [ -75.241096298647193, 39.950700332434103 ], [ -75.243070610060201, 39.950935254800797 ], [ -75.245037854196795, 39.951190864572297 ], [ -75.247011638182201, 39.951433738443797 ], [ -75.247916882053701, 39.951544942577698 ], [ -75.249058524635601, 39.9516886422212 ], [ -75.251637464722606, 39.951990409407799 ], [ -75.251615690504195, 39.952054672274599 ], [ -75.251579087766601, 39.952136170693997 ], [ -75.251513801178703, 39.952249963881201 ], [ -75.251412543485799, 39.952386484026299 ], [ -75.251284299615506, 39.9525506317203 ], [ -75.251188139012896, 39.9526731567965 ], [ -75.251154415711895, 39.952759420990397 ], [ -75.251153838752799, 39.952858162419901 ], [ -75.251180910341304, 39.952952802929097 ], [ -75.251196475193893, 39.953069531955002 ], [ -75.251127357575399, 39.953204400373203 ], [ -75.251050331965303, 39.953305003902102 ], [ -75.250924593673403, 39.953401020641699 ], [ -75.250792400794694, 39.9535063002768 ], [ -75.250650619481604, 39.953623126997797 ], [ -75.250490260655198, 39.9537466026459 ], [ -75.250354325310298, 39.953870611154002 ], [ -75.250139043176901, 39.954075186112597 ], [ -75.2500503666828, 39.954160250724101 ], [ -75.250006129167105, 39.954241582328201 ], [ -75.2499567055103, 39.954339259302998 ], [ -75.249865363061701, 39.954413686247698 ], [ -75.249800893946301, 39.954505157205404 ], [ -75.249760197088506, 39.9546147813289 ], [ -75.249766168072199, 39.954743056730699 ], [ -75.249752070447002, 39.954835626357102 ], [ -75.249697691926499, 39.954984923855598 ], [ -75.249615288145506, 39.955190042300401 ], [ -75.249578596052402, 39.955273888903498 ], [ -75.249495933691904, 39.955361437603401 ], [ -75.2493920651075, 39.955402671670598 ], [ -75.249259625382606, 39.955431527616 ], [ -75.249183806311194, 39.955499237684002 ], [ -75.249145714258603, 39.955579527165803 ], [ -75.249124198770801, 39.955666055162702 ], [ -75.249137356021805, 39.955765097837897 ], [ -75.249176638946594, 39.955860005045999 ], [ -75.249219404044794, 39.955943232910698 ], [ -75.249264271289803, 39.956052371336199 ], [ -75.249276596390203, 39.956132583151501 ], [ -75.249236503001597, 39.9562257618716 ], [ -75.249081896076802, 39.9563587665629 ], [ -75.248990422622597, 39.956436715611098 ], [ -75.248959659139999, 39.956525394465103 ], [ -75.248928031927306, 39.956637566753002 ], [ -75.248949658249799, 39.9567556040775 ], [ -75.249037508538095, 39.956942095407598 ], [ -75.249196502823395, 39.957021978899697 ], [ -75.249316719534306, 39.957076327964998 ], [ -75.249403351231095, 39.957129945771797 ], [ -75.249520609634004, 39.957212450980499 ], [ -75.249640408924606, 39.957330269926203 ], [ -75.249780177189905, 39.957434420710598 ], [ -75.250039098442201, 39.957663436798697 ], [ -75.250180713428506, 39.957800546814703 ], [ -75.250244938525398, 39.957881888450601 ], [ -75.250361957035693, 39.958023166365997 ], [ -75.250465008176903, 39.958128868756603 ], [ -75.250561696045907, 39.9582414844729 ], [ -75.250668144531801, 39.958337856138698 ], [ -75.250737872401402, 39.958435778453598 ], [ -75.250795216505296, 39.958538133226902 ], [ -75.2508416158839, 39.958647303411198 ], [ -75.250878021135094, 39.958737444985999 ], [ -75.250884240628693, 39.958817525374499 ], [ -75.250894579311094, 39.958951773855297 ], [ -75.250885450138796, 39.959033871489801 ], [ -75.2508521519471, 39.959108386990003 ], [ -75.250755350119206, 39.959165061638899 ], [ -75.250608658998203, 39.959248862995501 ], [ -75.250456035905799, 39.959327832663803 ], [ -75.250294252204597, 39.959406603447199 ], [ -75.250083362407494, 39.959491357869297 ], [ -75.249827941717399, 39.959582195367098 ], [ -75.249654378857699, 39.959648951553099 ], [ -75.249555039503207, 39.9596914613061 ], [ -75.249445502118306, 39.959761964146203 ], [ -75.249320093215601, 39.959848580254103 ], [ -75.249216229810699, 39.959930962690699 ], [ -75.249125097640103, 39.959999513932402 ], [ -75.2489754368398, 39.960080899665499 ], [ -75.248838853264701, 39.960139055328298 ], [ -75.248692677763003, 39.960208759651202 ], [ -75.248549555505505, 39.960278527660897 ], [ -75.2484616474067, 39.960342448221802 ], [ -75.248386440405199, 39.960434861105398 ], [ -75.248337269445003, 39.960525489165001 ], [ -75.248284526994993, 39.960630147053898 ], [ -75.248201254415306, 39.960734139192802 ], [ -75.248060861951899, 39.960895669069103 ], [ -75.247977327933597, 39.9610067101219 ], [ -75.247925190205706, 39.961094922639496 ], [ -75.247894164817097, 39.961190649425497 ], [ -75.247881949906798, 39.961289917377897 ], [ -75.247079318098301, 39.961192912358001 ] ] ] } },
{ "type": "Feature", "properties": { "OBJECTID": 14, "ES_ID": "2630", "ES_NAME": "Sharswood, George", "MS_ID": "2630", "MS_NAME": "Sharswood, George", "HS_ID": "2160", "HS_NAME": "Furness, Horace", "GR_ID_K": "2630", "GR_ID_01": "2630", "GR_ID_02": "2630", "GR_ID_03": "2630", "GR_ID_04": "2630", "GR_ID_05": "2630", "GR_ID_06": "2630", "GR_ID_07": "2630", "GR_ID_08": "2630", "GR_ID_09": "2160", "GR_ID_10": "2160", "GR_ID_11": "2160", "GR_ID_12": "2160", "ES_GRADE": "K-8", "MS_GRADE": "K-8", "HS_GRADE": "9-12", "Shape__Area": 3372124.0, "Shape__Length": 8306.2417018402302 }, "geometry": { "type": "Polygon", "coordinates": [ [ [ -75.132082843791594, 39.921602364878403 ], [ -75.131872217866501, 39.921140273061397 ], [ -75.131272337429195, 39.9199180259711 ], [ -75.131184219530596, 39.919525883206099 ], [ -75.130759105602294, 39.918487816302203 ], [ -75.1304431088342, 39.917573840504801 ], [ -75.130043038500006, 39.9160986695194 ], [ -75.1295157657445, 39.913225674710098 ], [ -75.141582408939698, 39.914406609697402 ], [ -75.146120808205495, 39.9149460520091 ], [ -75.147360452405593, 39.915099403473299 ], [ -75.147714927720799, 39.915144371750102 ], [ -75.147995327580901, 39.915178521449597 ], [ -75.149708911144401, 39.915410207755599 ], [ -75.150236197400901, 39.915478196217002 ], [ -75.150740890759295, 39.9155318681943 ], [ -75.151279690642397, 39.9156100114498 ], [ -75.151017717763594, 39.916851330285603 ], [ -75.151556226790802, 39.916921505786803 ], [ -75.152049146334306, 39.916986255963302 ], [ -75.152599425588704, 39.917057680735603 ], [ -75.152512749387398, 39.917490676617703 ], [ -75.152431669686493, 39.917871744595203 ], [ -75.152329750220005, 39.918309116390297 ], [ -75.154239912750597, 39.918554547071601 ], [ -75.154155316512202, 39.919001389300803 ], [ -75.154062138484406, 39.919370637782798 ], [ -75.153977885522494, 39.919806748441502 ], [ -75.153874026653398, 39.920247472572001 ], [ -75.153794188163502, 39.920624865411597 ], [ -75.1536934878214, 39.921056758868197 ], [ -75.153609171401996, 39.921485375929201 ], [ -75.153537357491103, 39.921830972253801 ], [ -75.153454043308699, 39.922212927383299 ], [ -75.153457660153805, 39.922300002772303 ], [ -75.155058220676295, 39.9225043987215 ], [ -75.154965299970797, 39.922942931336003 ], [ -75.154889761146507, 39.923278830200204 ], [ -75.154797540463306, 39.9236868637336 ], [ -75.153212386692203, 39.923482202782203 ], [ -75.153117900393994, 39.923914684429398 ], [ -75.153041061323805, 39.9242693697608 ], [ -75.152941743594297, 39.924688822158501 ], [ -75.152078112969093, 39.924577415202002 ], [ -75.151344769494997, 39.9244833211675 ], [ -75.150103722046495, 39.924314354141202 ], [ -75.149407068553401, 39.924216813139303 ], [ -75.147844763551404, 39.924024694138701 ], [ -75.147665468557904, 39.923999968387101 ], [ -75.147480918878202, 39.923974518504103 ], [ -75.147234033730598, 39.923940471364197 ], [ -75.146913289803905, 39.923896237760403 ], [ -75.145606461596998, 39.923702829656399 ], [ -75.144386058020103, 39.923561788935999 ], [ -75.1442623632433, 39.923544557210398 ], [ -75.144079373776293, 39.9235200454835 ], [ -75.143214530208098, 39.923408375964399 ], [ -75.143062337154404, 39.923399194430701 ], [ -75.141268489385197, 39.923563020291297 ], [ -75.139665346989105, 39.9237110903941 ], [ -75.133147762694406, 39.923938584327701 ], [ -75.132991022858207, 39.9235947382383 ], [ -75.132842673567197, 39.923269294949201 ], [ -75.132687260800594, 39.922928354736797 ], [ -75.132500943626994, 39.922519612977702 ], [ -75.132336704278302, 39.922159300479201 ], [ -75.132082843791594, 39.921602364878403 ] ] ] } },
{ "type": "Feature", "properties": { "OBJECTID": 15, "ES_ID": "2640", "ES_NAME": "Southwark", "MS_ID": "2640", "MS_NAME": "Southwark", "HS_ID": "2000", "HS_NAME": "South Philadelphia HS", "GR_ID_K": "2640", "GR_ID_01": "2640", "GR_ID_02": "2640", "GR_ID_03": "2640", "GR_ID_04": "2640", "GR_ID_05": "2640", "GR_ID_06": "2640", "GR_ID_07": "2640", "GR_ID_08": "2640", "GR_ID_09": "2000", "GR_ID_10": "2000", "GR_ID_11": "2000", "GR_ID_12": "2000", "ES_GRADE": "K-8", "MS_GRADE": "K-8", "HS_GRADE": "9-12", "Shape__Area": 1031606.23046875, "Shape__Length": 4391.6488578727303 }, "geometry": { "type": "Polygon", "coordinates": [ [ [ -75.163092940782903, 39.929801867773797 ], [ -75.161532230839398, 39.929599345672102 ], [ -75.159957914523702, 39.929389612839998 ], [ -75.158396739653, 39.929186965970104 ], [ -75.158491023917406, 39.928758967612801 ], [ -75.158572296847296, 39.9283902036562 ], [ -75.158668867201698, 39.927964345419902 ], [ -75.157118614861005, 39.927761597373099 ], [ -75.155548438540606, 39.927559300033401 ], [ -75.155637529487393, 39.927129677851397 ], [ -75.155730702541305, 39.9267544803403 ], [ -75.155819207556803, 39.926334939826297 ], [ -75.155918254708894, 39.925898560734403 ], [ -75.155998909576098, 39.925541854419301 ], [ -75.156097666499903, 39.925112989461702 ], [ -75.156191326252397, 39.924680582569799 ], [ -75.156276539576098, 39.924323823355699 ], [ -75.156373688074794, 39.923895277753203 ], [ -75.156457212195605, 39.9234845001804 ], [ -75.156531180739407, 39.923150269666699 ], [ -75.156629418258703, 39.922697663404897 ], [ -75.1581953785347, 39.922900975799699 ], [ -75.159743210193497, 39.923093101629497 ], [ -75.160272923135693, 39.923165277006497 ], [ -75.160727109282902, 39.923228623714301 ], [ -75.161312599120095, 39.923306108310499 ], [ -75.161863778083401, 39.923380906201601 ], [ -75.162321329072199, 39.923438502807201 ], [ -75.162878478723101, 39.923498191609497 ], [ -75.164443482059994, 39.923711123645496 ], [ -75.166015919841897, 39.9239125974511 ], [ -75.166848325728694, 39.924013843184397 ], [ -75.167591893097693, 39.924114999492701 ], [ -75.168478443334806, 39.9242358567951 ], [ -75.1689220714009, 39.924295432577402 ], [ -75.169629942480796, 39.924381325156403 ], [ -75.169365229273893, 39.925599721594601 ], [ -75.168585476157702, 39.9257437947985 ], [ -75.168271826981695, 39.925806026196199 ], [ -75.168150301209394, 39.925884391366203 ], [ -75.167353730859602, 39.926588574406402 ], [ -75.167077217641307, 39.926807669754098 ], [ -75.166936615294802, 39.926977802277001 ], [ -75.166806695289097, 39.9270452837603 ], [ -75.166074199291899, 39.927671869242801 ], [ -75.165617438161803, 39.928056781735698 ], [ -75.164992826143802, 39.928612266435103 ], [ -75.164917950308507, 39.928705335758799 ], [ -75.164720990187803, 39.928814584946203 ], [ -75.163506661894303, 39.929839224191603 ], [ -75.163383238410006, 39.929873318976099 ], [ -75.163092940782903, 39.929801867773797 ] ] ] } },
{ "type": "Feature", "properties": { "OBJECTID": 16, "ES_ID": "2690", "ES_NAME": "Taggart, John H", "MS_ID": "2690", "MS_NAME": "Taggart, John H", "HS_ID": "2160", "HS_NAME": "Furness, Horace", "GR_ID_K": "2690", "GR_ID_01": "2690", "GR_ID_02": "2690", "GR_ID_03": "2690", "GR_ID_04": "2690", "GR_ID_05": "2690", "GR_ID_06": "2690", "GR_ID_07": "2690", "GR_ID_08": "2690", "GR_ID_09": "2160", "GR_ID_10": "2160", "GR_ID_11": "2160", "GR_ID_12": "2160", "ES_GRADE": "K-8", "MS_GRADE": "K-8", "HS_GRADE": "9-12", "Shape__Area": 15192054.5507813, "Shape__Length": 17782.779716062902 }, "geometry": { "type": "Polygon", "coordinates": [ [ [ -75.154807814144903, 39.923694064740097 ], [ -75.154900035945502, 39.923286031224897 ], [ -75.154975574727104, 39.922950132353897 ], [ -75.155068495410404, 39.922511598830901 ], [ -75.153467934653193, 39.922307203925399 ], [ -75.153464316625403, 39.922220128510197 ], [ -75.153547631928006, 39.921838173399799 ], [ -75.153619445794405, 39.921492577068697 ], [ -75.153703761023095, 39.9210639590735 ], [ -75.153804462445393, 39.920632066534701 ], [ -75.153884299717603, 39.920254673661503 ], [ -75.153988158565397, 39.919813948621403 ], [ -75.154072412605103, 39.9193778388819 ], [ -75.154165590587098, 39.919008590391698 ], [ -75.154250186766902, 39.9185617481549 ], [ -75.152340022862205, 39.918316316717998 ], [ -75.152441943408206, 39.917878945840599 ], [ -75.152523023059999, 39.917497877855801 ], [ -75.1526096992052, 39.917064881966098 ], [ -75.152059418712497, 39.916993457216499 ], [ -75.151566500310594, 39.916928706210399 ], [ -75.151027991215699, 39.916858530757501 ], [ -75.151289962731298, 39.915617212772098 ], [ -75.150751162779301, 39.915539069564801 ], [ -75.150246469393807, 39.9154853967324 ], [ -75.149719183036694, 39.915417409218499 ], [ -75.148005599256706, 39.915185723066102 ], [ -75.147725199361801, 39.915151573391597 ], [ -75.147370725171299, 39.915106605173101 ], [ -75.146131079647702, 39.914953253793399 ], [ -75.141592679819794, 39.914413811888203 ], [ -75.1387295824902, 39.914134004628302 ], [ -75.137932580556594, 39.914056023910099 ], [ -75.137262086043805, 39.9139904165568 ], [ -75.129524769060495, 39.913233031951201 ], [ -75.129382662252695, 39.912203035998701 ], [ -75.129295914198195, 39.911294247314999 ], [ -75.129231633691802, 39.909909326781701 ], [ -75.129219093207993, 39.908837064268297 ], [ -75.129242436959998, 39.908231465919599 ], [ -75.129406889675096, 39.9066444262346 ], [ -75.129855549067003, 39.904650274331203 ], [ -75.130696701564503, 39.902180989273603 ], [ -75.132719567298693, 39.897398629375203 ], [ -75.134871406198897, 39.893121267962997 ], [ -75.135936328801293, 39.891195395850403 ], [ -75.137806865866295, 39.889127421860898 ], [ -75.139620304562001, 39.887338906546397 ], [ -75.141128228512002, 39.885945110985602 ], [ -75.142525711430096, 39.885161940662499 ], [ -75.144617040456296, 39.8843541484488 ], [ -75.146174735747095, 39.8841191168544 ], [ -75.151381479770905, 39.883825724296102 ], [ -75.153145146874095, 39.883712665842403 ], [ -75.154698073259198, 39.883602228754 ], [ -75.156367511816299, 39.883483481986403 ], [ -75.157642066744899, 39.8833928063207 ], [ -75.158697387369401, 39.883309079000803 ], [ -75.159982466402795, 39.883207109424198 ], [ -75.162182062986005, 39.882922736228302 ], [ -75.164650293822206, 39.887620556325302 ], [ -75.162318298823095, 39.903959961810799 ], [ -75.161906263132806, 39.905846528189997 ], [ -75.161145947396193, 39.9093611666664 ], [ -75.160925759221499, 39.910396706790401 ], [ -75.160834881653102, 39.910811379720997 ], [ -75.160802508350699, 39.9109590931008 ], [ -75.160714754807202, 39.911359501325798 ], [ -75.160544304501201, 39.912120734801398 ], [ -75.160404332673593, 39.912772122342503 ], [ -75.159789132703906, 39.912707054295403 ], [ -75.159215329367399, 39.912631326800302 ], [ -75.158642285962102, 39.912557518335198 ], [ -75.158031479746697, 39.912478290476301 ], [ -75.157779266669905, 39.913716386075997 ], [ -75.157497467942306, 39.9149753448742 ], [ -75.157758652868594, 39.915018316611402 ], [ -75.158107524951802, 39.915063934145998 ], [ -75.158296062862405, 39.915095206944798 ], [ -75.157994140045403, 39.916489311676997 ], [ -75.1585248312321, 39.916555246462899 ], [ -75.159022548339493, 39.916610582785999 ], [ -75.159563187868898, 39.916687927282901 ], [ -75.159289768564705, 39.917930300526997 ], [ -75.159009988867794, 39.919179946781597 ], [ -75.1584742691511, 39.919108469720904 ], [ -75.158005367642104, 39.919042191233402 ], [ -75.157445703042995, 39.9189779402016 ], [ -75.157175275962402, 39.920228009640702 ], [ -75.157066848863494, 39.920732639491398 ], [ -75.157002822631, 39.921023745254999 ], [ -75.156906050612207, 39.921473586312999 ], [ -75.156808582381004, 39.921903575635902 ], [ -75.156735491283797, 39.922258251318397 ], [ -75.156639693188396, 39.922704863373497 ], [ -75.156541454523605, 39.9231574705179 ], [ -75.156467487191605, 39.923491701064599 ], [ -75.156383961954802, 39.923902478618501 ], [ -75.154807814144903, 39.923694064740097 ] ] ] } },
{ "type": "Feature", "properties": { "OBJECTID": 17, "ES_ID": "2720", "ES_NAME": "Vare-Washington ES", "MS_ID": "2720", "MS_NAME": "Vare-Washington ES", "HS_ID": "2160", "HS_NAME": "Furness, Horace", "GR_ID_K": "2720", "GR_ID_01": "2720", "GR_ID_02": "2720", "GR_ID_03": "2720", "GR_ID_04": "2720", "GR_ID_05": "2720", "GR_ID_06": "2720", "GR_ID_07": "2720", "GR_ID_08": "2720", "GR_ID_09": "2160", "GR_ID_10": "2160", "GR_ID_11": "2160", "GR_ID_12": "2160", "ES_GRADE": "K-8", "MS_GRADE": "K-8", "HS_GRADE": "9-12", "Shape__Area": 3214990.86328125, "Shape__Length": 9671.4391088612701 }, "geometry": { "type": "Polygon", "coordinates": [ [ [ -75.143603033746402, 39.933088090299201 ], [ -75.135917202477501, 39.932516329708299 ], [ -75.135724544800794, 39.930659376003398 ], [ -75.135458273340305, 39.9295238405265 ], [ -75.134802969223898, 39.927759021665103 ], [ -75.134309605493996, 39.926629661859501 ], [ -75.134066072343103, 39.925965398935801 ], [ -75.133152953900094, 39.923943267397199 ], [ -75.136691569643702, 39.923814934945597 ], [ -75.139976457364497, 39.923682357508198 ], [ -75.143214530208098, 39.923408375964399 ], [ -75.144079373776293, 39.9235200454835 ], [ -75.1442623632433, 39.923544557210398 ], [ -75.144386058020103, 39.923561788935999 ], [ -75.145606461596998, 39.923702829656399 ], [ -75.146913289803905, 39.923896237760403 ], [ -75.147234033730598, 39.923940471364197 ], [ -75.147480918878202, 39.923974518504103 ], [ -75.147665468557904, 39.923999968387101 ], [ -75.147844763551404, 39.924024694138701 ], [ -75.149407068553401, 39.924216813139303 ], [ -75.150103722046495, 39.924314354141202 ], [ -75.151344769494997, 39.9244833211675 ], [ -75.152078112969093, 39.924577415202002 ], [ -75.152941743594297, 39.924688822158501 ], [ -75.153041061323805, 39.9242693697608 ], [ -75.153117900393994, 39.923914684429398 ], [ -75.153212386692203, 39.923482202782203 ], [ -75.154797540463306, 39.9236868637336 ], [ -75.156373688074794, 39.923895277753203 ], [ -75.156276539576098, 39.924323823355699 ], [ -75.156191326252397, 39.924680582569799 ], [ -75.156097666499903, 39.925112989461702 ], [ -75.155998909576098, 39.925541854419301 ], [ -75.155918254708894, 39.925898560734403 ], [ -75.155819207556803, 39.926334939826297 ], [ -75.155730702541305, 39.9267544803403 ], [ -75.155637529487393, 39.927129677851397 ], [ -75.155548438540606, 39.927559300033401 ], [ -75.153985126955405, 39.927345406018603 ], [ -75.153430306929707, 39.927277406388299 ], [ -75.152955111366694, 39.927211082137802 ], [ -75.152409230111203, 39.927138632499101 ], [ -75.152133321821907, 39.928345962931601 ], [ -75.152035725358502, 39.9287713969061 ], [ -75.151959380068803, 39.929120802134697 ], [ -75.151855565218597, 39.929564557028698 ], [ -75.151758846396504, 39.930006404789999 ], [ -75.1516828154667, 39.9303795670127 ], [ -75.151600165480204, 39.930791450151098 ], [ -75.152131148462701, 39.9308678795784 ], [ -75.152187813253605, 39.930872103253101 ], [ -75.152570038457, 39.930925652718599 ], [ -75.153162806553496, 39.931009732500698 ], [ -75.153764546137396, 39.9310890224465 ], [ -75.154226102429504, 39.931151837163803 ], [ -75.154737846149004, 39.931217172461601 ], [ -75.154646357956494, 39.931634375223098 ], [ -75.154559269294097, 39.932010876634301 ], [ -75.154457311434101, 39.932429229910298 ], [ -75.1549566124487, 39.932502950202498 ], [ -75.155574386942305, 39.9325896724568 ], [ -75.156027500876803, 39.932644425470997 ], [ -75.156775137546504, 39.932741849758301 ], [ -75.157580537748302, 39.932846796438497 ], [ -75.159144040075901, 39.933058976645199 ], [ -75.159518996412402, 39.9331096695214 ], [ -75.159030292989101, 39.933518549918297 ], [ -75.159017347236798, 39.933663609702002 ], [ -75.158872729399704, 39.934299157069503 ], [ -75.158774978518395, 39.934729651704998 ], [ -75.158761504073894, 39.934806960974001 ], [ -75.158745803194194, 39.9348970468332 ], [ -75.158671245162196, 39.9352358227884 ], [ -75.158426944831604, 39.936381236391398 ], [ -75.1578834043261, 39.936222034546802 ], [ -75.156893940776399, 39.935949157455198 ], [ -75.156256063847806, 39.9357909025114 ], [ -75.155766960095605, 39.935658925858498 ], [ -75.155392839233102, 39.935556333056702 ], [ -75.154439624784999, 39.935293655667202 ], [ -75.153864505751599, 39.935135150499903 ], [ -75.153108096568104, 39.934931112162197 ], [ -75.152342205862297, 39.934726294439798 ], [ -75.151672222685804, 39.934540059243403 ], [ -75.150807490688706, 39.9342996700965 ], [ -75.150314593861097, 39.934171218463099 ], [ -75.150214085160798, 39.934071542404098 ], [ -75.150077631577204, 39.934041111150997 ], [ -75.149941048758606, 39.934014091672097 ], [ -75.149265790385599, 39.933913567303598 ], [ -75.1482578388582, 39.933783041043803 ], [ -75.147319062080399, 39.933659745884903 ], [ -75.145712225095707, 39.933510835804498 ], [ -75.145513589540599, 39.933482739720297 ], [ -75.145314952931699, 39.933444291418702 ], [ -75.145093175161193, 39.933398449546303 ], [ -75.144827041831107, 39.933354087368599 ], [ -75.143696567651602, 39.933115703260597 ], [ -75.143603033746402, 39.933088090299201 ] ] ] } },
{ "type": "Feature", "properties": { "OBJECTID": 18, "ES_ID": "3368", "ES_NAME": "Belmont Elementary Charter School", "MS_ID": "3368", "MS_NAME": "Belmont Elementary Charter School", "HS_ID": "1020", "HS_NAME": "West Philadelphia HS", "GR_ID_K": "3368", "GR_ID_01": "3368", "GR_ID_02": "3368", "GR_ID_03": "3368", "GR_ID_04": "3368", "GR_ID_05": "3368", "GR_ID_06": "3368", "GR_ID_07": "3368", "GR_ID_08": "3368", "GR_ID_09": "1020", "GR_ID_10": "1020", "GR_ID_11": "1020", "GR_ID_12": "1020", "ES_GRADE": "K-8", "MS_GRADE": "K-8", "HS_GRADE": "9-12", "Shape__Area": 872551.69140625, "Shape__Length": 4472.3058194777504 }, "geometry": { "type": "Polygon", "coordinates": [ [ [ -75.203604005671295, 39.970270105421797 ], [ -75.198740793309597, 39.968972814491998 ], [ -75.200684287464696, 39.968756576833499 ], [ -75.200587270160696, 39.968233367300797 ], [ -75.200482873471302, 39.967689506621298 ], [ -75.200378444372703, 39.967133543679502 ], [ -75.200274990714902, 39.966576190397198 ], [ -75.200172916061902, 39.966014618479697 ], [ -75.200066654844207, 39.9654629293155 ], [ -75.199963462710599, 39.964904671410899 ], [ -75.199861635935505, 39.964345708494001 ], [ -75.199757569018402, 39.963786295602702 ], [ -75.199649961259297, 39.963175900651599 ], [ -75.199545804764497, 39.9626212445934 ], [ -75.199438761164103, 39.962051436872898 ], [ -75.200138943535194, 39.961972121622097 ], [ -75.200768922226203, 39.962297000120401 ], [ -75.201931427523405, 39.962904553157799 ], [ -75.202345589411706, 39.963147029508697 ], [ -75.203600114318903, 39.963931063401198 ], [ -75.203875259583498, 39.964098244806202 ], [ -75.204541515656501, 39.964522054054299 ], [ -75.205469554992604, 39.9650990729574 ], [ -75.206498439987598, 39.965733708764397 ], [ -75.206849429233898, 39.965949403541202 ], [ -75.207562603279897, 39.966390136128197 ], [ -75.208465434944202, 39.966958925175298 ], [ -75.209543609800605, 39.967626135834699 ], [ -75.209761003828206, 39.967759538150602 ], [ -75.210104614660395, 39.967970988422501 ], [ -75.211337656559493, 39.968735145164601 ], [ -75.2115183923991, 39.969663829438197 ], [ -75.210140151671297, 39.969813417597898 ], [ -75.209203161707606, 39.969916306620298 ], [ -75.208229472290796, 39.970024952441399 ], [ -75.207173296789406, 39.970142926498802 ], [ -75.206643392510898, 39.970196891606101 ], [ -75.205844872018901, 39.970284403332002 ], [ -75.205295623292699, 39.970335308733503 ], [ -75.204748245178095, 39.9703946152353 ], [ -75.204304004750099, 39.970450203956503 ], [ -75.204184822619595, 39.970437742448901 ], [ -75.203604005671295, 39.970270105421797 ] ] ] } },
{ "type": "Feature", "properties": { "OBJECTID": 19, "ES_ID": "3407", "ES_NAME": "Mastery Charter School at Harrity", "MS_ID": "3407", "MS_NAME": "Mastery Charter School at Harrity", "HS_ID": "1100", "HS_NAME": "Sayre, William", "GR_ID_K": "3407", "GR_ID_01": "3407", "GR_ID_02": "3407", "GR_ID_03": "3407", "GR_ID_04": "3407", "GR_ID_05": "3407", "GR_ID_06": "3407", "GR_ID_07": "3407", "GR_ID_08": "3407", "GR_ID_09": "1100", "GR_ID_10": "1100", "GR_ID_11": "1100", "GR_ID_12": "1100", "ES_GRADE": "K-8", "MS_GRADE": "K-8", "HS_GRADE": "9-12", "Shape__Area": 1277250.67578125, "Shape__Length": 5407.8292925658698 }, "geometry": { "type": "Polygon", "coordinates": [ [ [ -75.238168443910993, 39.955020973427203 ], [ -75.236218714447602, 39.954780345705601 ], [ -75.234947665830205, 39.954623377247202 ], [ -75.2342146205809, 39.954530844716501 ], [ -75.233106748014094, 39.9543930707516 ], [ -75.2321549776441, 39.954271269383497 ], [ -75.231254530902504, 39.954152788037803 ], [ -75.230001435660597, 39.954005542341797 ], [ -75.230114716338804, 39.953465866625898 ], [ -75.230208566518897, 39.953004402143101 ], [ -75.230326301661805, 39.952484623528299 ], [ -75.230638093477296, 39.950931767612701 ], [ -75.2307967075607, 39.950181738416902 ], [ -75.230962712696197, 39.949448048768701 ], [ -75.231069038841696, 39.9489175846291 ], [ -75.231098913370602, 39.9487556882235 ], [ -75.231165355565494, 39.948452269742397 ], [ -75.231273235917698, 39.947918162632 ], [ -75.233607199577406, 39.947360264130197 ], [ -75.2336585142545, 39.947294248508797 ], [ -75.233698574334298, 39.9466342053096 ], [ -75.233706912882894, 39.946382434617398 ], [ -75.233707863228403, 39.946152710500499 ], [ -75.233754312446393, 39.9446791945605 ], [ -75.233719946393293, 39.944568365987102 ], [ -75.234187529171095, 39.944246876751002 ], [ -75.234476238363499, 39.9440362804838 ], [ -75.234602380095296, 39.9439552839385 ], [ -75.235221708980902, 39.943503731351903 ], [ -75.235929244714995, 39.944093653138097 ], [ -75.236624530164505, 39.944678527485202 ], [ -75.236699511544799, 39.9447586957764 ], [ -75.236920344523696, 39.9454333844742 ], [ -75.237049512617205, 39.945828009337603 ], [ -75.2372729853045, 39.946472209489102 ], [ -75.236140298784093, 39.946742613531597 ], [ -75.235831157268606, 39.946835164760699 ], [ -75.235884714613306, 39.946923425230501 ], [ -75.237806975450795, 39.947173827094403 ], [ -75.238515148765003, 39.947260324726798 ], [ -75.239084017770693, 39.947337053606397 ], [ -75.239749132339597, 39.947420425103097 ], [ -75.239644320859796, 39.947941485593901 ], [ -75.239550079700393, 39.948408397845 ], [ -75.239432552804303, 39.9489402387239 ], [ -75.239325496200294, 39.949472855582002 ], [ -75.239276196404305, 39.949692983270197 ], [ -75.239234184138397, 39.949932583261699 ], [ -75.239120238626199, 39.950455312159697 ], [ -75.2406961615863, 39.950654559413699 ], [ -75.241096298647193, 39.950700332434103 ], [ -75.240980904320693, 39.951207170104901 ], [ -75.240930182064602, 39.9514673263783 ], [ -75.240888836706105, 39.951656847996901 ], [ -75.240780132539797, 39.95220216013 ], [ -75.240654481174104, 39.952752939026198 ], [ -75.240558082023099, 39.953214828657202 ], [ -75.240452350075202, 39.953742606476297 ], [ -75.240348566525398, 39.9542726775341 ], [ -75.240253809569097, 39.954734145206103 ], [ -75.240140472780794, 39.955261530303098 ], [ -75.238168443910993, 39.955020973427203 ] ] ] } },
{ "type": "Feature", "properties": { "OBJECTID": 20, "ES_ID": "3408", "ES_NAME": "Mastery Charter School at Mann", "MS_ID": "1490", "MS_NAME": "Blankenburg, Rudolph", "HS_ID": "4020", "HS_NAME": "Overbrook High", "GR_ID_K": "3408", "GR_ID_01": "3408", "GR_ID_02": "3408", "GR_ID_03": "3408", "GR_ID_04": "3408", "GR_ID_05": "3408", "GR_ID_06": "3408", "GR_ID_07": "1490", "GR_ID_08": "1490", "GR_ID_09": "4020", "GR_ID_10": "4020", "GR_ID_11": "4020", "GR_ID_12": "4020", "ES_GRADE": "K-6", "MS_GRADE": "K-8", "HS_GRADE": "9-12", "Shape__Area": 16141375.6875, "Shape__Length": 20365.083904774801 }, "geometry": { "type": "Polygon", "coordinates": [ [ [ -75.192488287773202, 40.0064943940841 ], [ -75.192109954325105, 40.0059997994505 ], [ -75.1920258538821, 40.005889851716297 ], [ -75.191755650438296, 40.005247040050598 ], [ -75.191537141684904, 40.004209152919998 ], [ -75.191421225713398, 40.002890535539201 ], [ -75.191564424895304, 40.000799393199401 ], [ -75.191740075902402, 39.999557742275698 ], [ -75.192101535808405, 39.998264198020401 ], [ -75.192491304529895, 39.997197412861603 ], [ -75.193874937253099, 39.995388613258697 ], [ -75.193913856890603, 39.995341185977601 ], [ -75.194935532288198, 39.994096179371198 ], [ -75.196738227033507, 39.992636311331196 ], [ -75.197561971365701, 39.991705616326797 ], [ -75.199667215495097, 39.989842949159602 ], [ -75.200813643320103, 39.988708045135901 ], [ -75.202681855775694, 39.986966514037199 ], [ -75.203608857840393, 39.986038976018001 ], [ -75.203881471027401, 39.985642301442397 ], [ -75.204231491490404, 39.985132981604799 ], [ -75.204395136219603, 39.984202655286097 ], [ -75.204292970686595, 39.983492846313403 ], [ -75.204022213687296, 39.982864203397703 ], [ -75.203221802174099, 39.981643620230599 ], [ -75.201494330354905, 39.980374146182399 ], [ -75.199691448956699, 39.979400137494601 ], [ -75.197682202240699, 39.978534717596901 ], [ -75.196164970466, 39.977793417763003 ], [ -75.195011616903699, 39.977159255850701 ], [ -75.194223186431699, 39.976603964926703 ], [ -75.193953739902199, 39.976283864555697 ], [ -75.193169451813205, 39.975352115604998 ], [ -75.194234054337997, 39.975240843906803 ], [ -75.194352051953899, 39.975228510628803 ], [ -75.194387982690401, 39.975224754431402 ], [ -75.194405951550706, 39.975222876856897 ], [ -75.194612399070806, 39.975201297339503 ], [ -75.194629312121705, 39.975199529568101 ], [ -75.194663137050597, 39.975195993991697 ], [ -75.194900421733095, 39.975171191167398 ], [ -75.195414020156903, 39.9751115327077 ], [ -75.195757902553794, 39.9750730010051 ], [ -75.1982699911905, 39.974791480872199 ], [ -75.198400282979904, 39.9747778599084 ], [ -75.198812181231901, 39.974731367313503 ], [ -75.198996124804594, 39.9747106050471 ], [ -75.199507677861007, 39.974655964628298 ], [ -75.201738980111003, 39.974403959332498 ], [ -75.202715352738494, 39.974300935265198 ], [ -75.203155773022004, 39.974254461173999 ], [ -75.2037225157206, 39.974191392560499 ], [ -75.204363895332804, 39.974426605433898 ], [ -75.206193975216394, 39.975097436830602 ], [ -75.206628659058495, 39.975256767206197 ], [ -75.206909628280499, 39.975362931612501 ], [ -75.207894402192807, 39.9757266834334 ], [ -75.208601800418194, 39.975990945646402 ], [ -75.209323619424794, 39.976259591576301 ], [ -75.210360676908707, 39.976645395945802 ], [ -75.2112919705922, 39.976992342393203 ], [ -75.213472606494307, 39.9778001767042 ], [ -75.214383089075298, 39.9781378652265 ], [ -75.216817806399305, 39.979035608564701 ], [ -75.219254480996696, 39.979944356697999 ], [ -75.219473927337802, 39.980025546395801 ], [ -75.221455296429198, 39.980758583468997 ], [ -75.222491526598901, 39.981145877823998 ], [ -75.223160073932704, 39.981390377504098 ], [ -75.223548203793499, 39.981483892904301 ], [ -75.223677038776003, 39.981518433329498 ], [ -75.223792636933595, 39.981529195924601 ], [ -75.224068729772299, 39.981517555691902 ], [ -75.225165500238504, 39.981346003015801 ], [ -75.226205315321096, 39.981617239528397 ], [ -75.226115876580494, 39.981318765240097 ], [ -75.225986857016593, 39.981111515822001 ], [ -75.226388801733705, 39.980466567070103 ], [ -75.226716333633107, 39.979946732369399 ], [ -75.227209412847699, 39.980126819493798 ], [ -75.227701632486102, 39.980309748017 ], [ -75.228153531546297, 39.980472741292601 ], [ -75.228796689030801, 39.980710305108197 ], [ -75.228895080786401, 39.980449705350097 ], [ -75.228947375635897, 39.980188516371598 ], [ -75.228969477505601, 39.979925322538698 ], [ -75.228949453264406, 39.979660258158802 ], [ -75.228841755982799, 39.979412420238504 ], [ -75.228680363445804, 39.979176793136403 ], [ -75.2284745429547, 39.978969135945398 ], [ -75.228227958259396, 39.978785784388698 ], [ -75.227975379432294, 39.978605782895997 ], [ -75.228284003839406, 39.9787194321557 ], [ -75.2285927262038, 39.978832930446401 ], [ -75.228901532815996, 39.978946299990902 ], [ -75.229210407593399, 39.979059563861398 ], [ -75.229519333316304, 39.979172744204 ], [ -75.229828303297793, 39.979285863396498 ], [ -75.230137296774998, 39.979398944408402 ], [ -75.230446298836597, 39.979512010338098 ], [ -75.230755298082002, 39.979625084361203 ], [ -75.231064280937701, 39.9797381851007 ], [ -75.231373230019301, 39.979851339205098 ], [ -75.231682130483307, 39.9799645679729 ], [ -75.231990969827194, 39.980077892753897 ], [ -75.232299733141403, 39.980191336647501 ], [ -75.232608404313098, 39.980304923627699 ], [ -75.2329169732145, 39.980418674195903 ], [ -75.233225417882196, 39.980532612198203 ], [ -75.233533731666299, 39.980646759113597 ], [ -75.233841894944504, 39.980761138839803 ], [ -75.233960900592507, 39.980805431557499 ], [ -75.234149897523693, 39.980875773679401 ], [ -75.234457718778501, 39.980990683003299 ], [ -75.234765351826894, 39.981105894593099 ], [ -75.235072774874197, 39.981221427794402 ], [ -75.235379438370401, 39.981338143631397 ], [ -75.235685001512806, 39.981456579745497 ], [ -75.2359896921065, 39.981576372628503 ], [ -75.236293748817204, 39.981697149997601 ], [ -75.2365974063284, 39.981818552094801 ], [ -75.236900898548001, 39.9819402083304 ], [ -75.237204461553404, 39.982061752664897 ], [ -75.237508330213203, 39.982182819931197 ], [ -75.237812737150705, 39.982303042207199 ], [ -75.238117920735505, 39.982422054397603 ], [ -75.238424112410598, 39.982539488550003 ], [ -75.238615190642804, 39.982611218345397 ], [ -75.238050444000095, 39.983551752791499 ], [ -75.237243380131503, 39.984849379441897 ], [ -75.237064607658596, 39.985193766224498 ], [ -75.237024897213502, 39.985414637708701 ], [ -75.237032715212393, 39.985628312946602 ], [ -75.2371105596538, 39.986019325147801 ], [ -75.237178282551199, 39.986448612445898 ], [ -75.237252648782103, 39.986815408019702 ], [ -75.237330390300798, 39.987211393935503 ], [ -75.237394928367706, 39.987580504204999 ], [ -75.237491230978193, 39.988005655111202 ], [ -75.237564945663294, 39.988471807638099 ], [ -75.237657296902995, 39.988913307776897 ], [ -75.235647444799, 39.9893175707859 ], [ -75.233244418671205, 39.989808343640497 ], [ -75.2333878978489, 39.990227606022501 ], [ -75.233530367250196, 39.990662627869497 ], [ -75.233599295347602, 39.991213423370098 ], [ -75.233675785122102, 39.991891636574202 ], [ -75.232316686496304, 39.991824128102998 ], [ -75.231062959453496, 39.991773499447199 ], [ -75.229799820576304, 39.991691525505601 ], [ -75.228090180953501, 39.991610915105902 ], [ -75.226574849146104, 39.991525274397098 ], [ -75.225665050119403, 39.991478113357097 ], [ -75.225665579214194, 39.991676144356099 ], [ -75.225666890307906, 39.991939386906402 ], [ -75.225668181715207, 39.9922026236151 ], [ -75.225669655221097, 39.992465846305997 ], [ -75.225672389283005, 39.992729066082298 ], [ -75.225675549780604, 39.9929922853227 ], [ -75.225678215966397, 39.993255504501299 ], [ -75.225679546569907, 39.993518728543499 ], [ -75.225680073471196, 39.993781955631299 ], [ -75.225680159943195, 39.9940451820409 ], [ -75.225679852699798, 39.994308411502701 ], [ -75.225679188222003, 39.994571639413202 ], [ -75.225678216903702, 39.994834865078502 ], [ -75.225676352825303, 39.9950980936337 ], [ -75.225671895542902, 39.995361342645403 ], [ -75.225667601528002, 39.995624579027698 ], [ -75.225666725262897, 39.995887767130803 ], [ -75.225671023952103, 39.9961511915686 ], [ -75.225686518204299, 39.9964143702557 ], [ -75.225729317090199, 39.996674940919704 ], [ -75.225797349750493, 39.9969331868502 ], [ -75.225868717147094, 39.997190829404502 ], [ -75.225942104737697, 39.997447936077997 ], [ -75.226016837737305, 39.997704822695901 ], [ -75.226087877186202, 39.997962444344999 ], [ -75.226164218973494, 39.998219005810398 ], [ -75.226254334403805, 39.998472897634699 ], [ -75.226350485614304, 39.998725700310402 ], [ -75.226453439126999, 39.998976807181599 ], [ -75.226565612639803, 39.9992253460507 ], [ -75.226693668104105, 39.9994696937664 ], [ -75.226835460447106, 39.999709255319097 ], [ -75.226985601235697, 39.999945719627199 ], [ -75.227140059580407, 40.000180686538698 ], [ -75.227382543948295, 40.000548533889301 ], [ -75.227480061539794, 40.000748161632202 ], [ -75.226416492063393, 40.001247784288502 ], [ -75.223631736065997, 40.002555871099901 ], [ -75.2206982842646, 40.0039336769117 ], [ -75.219226470079093, 40.004624920505002 ], [ -75.218347687120996, 40.005037629925802 ], [ -75.215776833611997, 40.006244926290599 ], [ -75.214572153041402, 40.006810622128697 ], [ -75.213757192135702, 40.007155123715002 ], [ -75.213047528594601, 40.007455107104903 ], [ -75.210768585296705, 40.008560546724802 ], [ -75.209268304542306, 40.009496190904699 ], [ -75.208391537767994, 40.0100556995354 ], [ -75.208107504583595, 40.010241247468898 ], [ -75.208026321786704, 40.010294798651103 ], [ -75.207948282806498, 40.010346278604402 ], [ -75.207869421847107, 40.010396332041701 ], [ -75.207589959136797, 40.010597395192299 ], [ -75.207263937838405, 40.010776263867697 ], [ -75.207253603025507, 40.0108851048779 ], [ -75.207240459584, 40.011023507729 ], [ -75.206994052525602, 40.011205280418899 ], [ -75.206140809674096, 40.011834697951002 ], [ -75.206057370413603, 40.011779424322398 ], [ -75.205982973035105, 40.011730139012499 ], [ -75.205832663464506, 40.011630569701097 ], [ -75.205562686300794, 40.011454448973602 ], [ -75.204934477794595, 40.011044629462297 ], [ -75.204119760617104, 40.010686946610903 ], [ -75.202786322469393, 40.0101762428529 ], [ -75.200970948607903, 40.009513315450398 ], [ -75.1995689520474, 40.009114258713701 ], [ -75.197988415245106, 40.008569705141902 ], [ -75.197411860406504, 40.008395465801399 ], [ -75.196623759429301, 40.0081572895336 ], [ -75.195239671390198, 40.007772727313402 ], [ -75.194067577253705, 40.007378715675003 ], [ -75.193176296956693, 40.006954214634398 ], [ -75.192830875791302, 40.006728116592001 ], [ -75.192488287773202, 40.0064943940841 ] ] ] } },
{ "type": "Feature", "properties": { "OBJECTID": 21, "ES_ID": "3409", "ES_NAME": "Mastery Charter School at Smedley", "MS_ID": "7110", "MS_NAME": "Harding, Warren G", "HS_ID": "7010", "HS_NAME": "Frankford HS", "GR_ID_K": "3409", "GR_ID_01": "3409", "GR_ID_02": "3409", "GR_ID_03": "3409", "GR_ID_04": "3409", "GR_ID_05": "3409", "GR_ID_06": "3409", "GR_ID_07": "7110", "GR_ID_08": "7110", "GR_ID_09": "7010", "GR_ID_10": "7010", "GR_ID_11": "7010", "GR_ID_12": "7010", "ES_GRADE": "K-6", "MS_GRADE": "6-8", "HS_GRADE": "9-12", "Shape__Area": 1689646.48828125, "Shape__Length": 5924.0021564559302 }, "geometry": { "type": "Polygon", "coordinates": [ [ [ -75.070199391409901, 40.022733696253397 ], [ -75.069766767471805, 40.022396860460503 ], [ -75.069090162784505, 40.021913666988802 ], [ -75.0691606555324, 40.021872222154499 ], [ -75.070638415979204, 40.021107524661197 ], [ -75.072273787905502, 40.020257951631798 ], [ -75.072818196617703, 40.019989856662001 ], [ -75.073336060567598, 40.019718481465098 ], [ -75.073382689528103, 40.019663796604497 ], [ -75.073295982674495, 40.019538745344299 ], [ -75.073022009296693, 40.019264748936401 ], [ -75.072648970265902, 40.018938831488803 ], [ -75.072578479653501, 40.018877319001199 ], [ -75.072397030335097, 40.018378860802201 ], [ -75.072178857376599, 40.017816237666899 ], [ -75.071849519793304, 40.016961642404297 ], [ -75.071648727317594, 40.016434404587102 ], [ -75.071461935013303, 40.015928424156101 ], [ -75.071297356843203, 40.0154843631597 ], [ -75.071217749949994, 40.0152982895207 ], [ -75.071056860407197, 40.014863254300899 ], [ -75.0708669418498, 40.014362150053103 ], [ -75.0704319880886, 40.013176862326603 ], [ -75.071090768986707, 40.013027178459602 ], [ -75.071846903286598, 40.012866842621897 ], [ -75.072632032363501, 40.012698790218401 ], [ -75.073297575932003, 40.012553069326998 ], [ -75.075231154540205, 40.012110773012601 ], [ -75.076228094053405, 40.011685045610498 ], [ -75.077060692931397, 40.01134160366 ], [ -75.077428025359396, 40.012916380464503 ], [ -75.077538683329394, 40.013364952568097 ], [ -75.0783070969797, 40.0138277614342 ], [ -75.079469018657306, 40.014466307897003 ], [ -75.080201625338603, 40.0148729936354 ], [ -75.080973068854803, 40.0153103773673 ], [ -75.082366691442999, 40.016077311433797 ], [ -75.083565706413793, 40.016759927158397 ], [ -75.083662346123106, 40.016805973527802 ], [ -75.082643979888402, 40.017906938672802 ], [ -75.081996493799394, 40.018589441675601 ], [ -75.081502195569797, 40.019145099382399 ], [ -75.080926347421496, 40.019764922915599 ], [ -75.080427784526805, 40.0203120894652 ], [ -75.079921304188701, 40.020842359236298 ], [ -75.079415937893501, 40.021396654760402 ], [ -75.079126400123499, 40.0217145662929 ], [ -75.078882900876195, 40.021891010731203 ], [ -75.078165881751403, 40.022370911895301 ], [ -75.0775043899596, 40.022817457907898 ], [ -75.076843699271393, 40.023267066273498 ], [ -75.0756248548321, 40.024083954246201 ], [ -75.073966075935303, 40.025082340360498 ], [ -75.073366166058406, 40.025378219144102 ], [ -75.073334873932097, 40.025299048679898 ], [ -75.070199391409901, 40.022733696253397 ] ] ] } },
{ "type": "Feature", "properties": { "OBJECTID": 22, "ES_ID": "3410", "ES_NAME": "Universal Institute Charter School at Bluford", "MS_ID": "4300", "MS_NAME": "Heston, Edward", "HS_ID": "4020", "HS_NAME": "Overbrook High", "GR_ID_K": "3410", "GR_ID_01": "3410", "GR_ID_02": "3410", "GR_ID_03": "3410", "GR_ID_04": "3410", "GR_ID_05": "3410", "GR_ID_06": "3410", "GR_ID_07": "4300", "GR_ID_08": "4300", "GR_ID_09": "4020", "GR_ID_10": "4020", "GR_ID_11": "4020", "GR_ID_12": "4020", "ES_GRADE": "K-6", "MS_GRADE": "K-8", "HS_GRADE": "9-12", "Shape__Area": 2272681.2890625, "Shape__Length": 6884.89347435943 }, "geometry": { "type": "Polygon", "coordinates": [ [ [ -75.233960900592507, 39.980805431557499 ], [ -75.234047958430494, 39.980411196022402 ], [ -75.234143668295303, 39.979611513116403 ], [ -75.234173771256707, 39.979272401486497 ], [ -75.234171293266499, 39.979186931027698 ], [ -75.234083841917794, 39.978742103593 ], [ -75.234016548660506, 39.978370938276399 ], [ -75.233918015408904, 39.977832439904098 ], [ -75.233837992403394, 39.977428776645098 ], [ -75.2338100527124, 39.977277370779703 ], [ -75.233692941843103, 39.976651992667399 ], [ -75.232774295735197, 39.976755282086202 ], [ -75.231785091525794, 39.976861322688798 ], [ -75.231493274685704, 39.975314035499501 ], [ -75.231196673587704, 39.973718829032798 ], [ -75.230957841287605, 39.9724391886134 ], [ -75.230667720061106, 39.970903781820397 ], [ -75.231620488065801, 39.9707985441894 ], [ -75.232575415431299, 39.970692176595399 ], [ -75.233370726766296, 39.970600247476902 ], [ -75.234205009133504, 39.970509472765798 ], [ -75.234976129698794, 39.970424811164698 ], [ -75.235700691023496, 39.970345394266197 ], [ -75.236314896387697, 39.970276444116301 ], [ -75.236782498334904, 39.970225886599799 ], [ -75.237457953592696, 39.970150605317102 ], [ -75.238291098631905, 39.970057421042902 ], [ -75.239047816851098, 39.969971918802898 ], [ -75.239136324185594, 39.969902222922897 ], [ -75.239133891070693, 39.969762820164902 ], [ -75.239481022259994, 39.968106663795197 ], [ -75.240466609327697, 39.968227002277096 ], [ -75.241454773685305, 39.968349742859303 ], [ -75.242126270526001, 39.9684333156927 ], [ -75.242757272166699, 39.968509890986397 ], [ -75.243430572799696, 39.9685925458868 ], [ -75.244417811521203, 39.968716041485997 ], [ -75.245475711713695, 39.968845871345501 ], [ -75.245160894059694, 39.970368957058497 ], [ -75.244865362023702, 39.971783705318103 ], [ -75.244887437161097, 39.971863315981601 ], [ -75.244952915215194, 39.972194536477097 ], [ -75.245250036881203, 39.973787725219303 ], [ -75.245543084680506, 39.975339544962502 ], [ -75.246092980672799, 39.978309644597303 ], [ -75.245043021967007, 39.978420123118298 ], [ -75.244141505673099, 39.9785264850197 ], [ -75.243248395273, 39.978618787833298 ], [ -75.242357749735106, 39.978721244046 ], [ -75.241577501962695, 39.978808515515396 ], [ -75.240791566058704, 39.978896704310998 ], [ -75.2399616849778, 39.9789800964978 ], [ -75.239127638512102, 39.979079033745798 ], [ -75.239191012246707, 39.979424283597702 ], [ -75.2392606426979, 39.979763682275603 ], [ -75.239305394958507, 39.980025060195203 ], [ -75.239381516402503, 39.980433428568297 ], [ -75.239469632654107, 39.980923712695002 ], [ -75.239476684374196, 39.981124028965702 ], [ -75.239419623717794, 39.981292263018098 ], [ -75.239338228709201, 39.981456817532099 ], [ -75.239045404216895, 39.981960014099499 ], [ -75.238747316881103, 39.982391170327297 ], [ -75.238615190642804, 39.982611218345397 ], [ -75.238424112410598, 39.982539488550003 ], [ -75.238117920735505, 39.982422054397603 ], [ -75.237812737150705, 39.982303042207199 ], [ -75.237508330213203, 39.982182819931197 ], [ -75.237204461553404, 39.982061752664897 ], [ -75.236900898548001, 39.9819402083304 ], [ -75.2365974063284, 39.981818552094801 ], [ -75.236293748817204, 39.981697149997601 ], [ -75.2359896921065, 39.981576372628503 ], [ -75.235685001512806, 39.981456579745497 ], [ -75.235379438370401, 39.981338143631397 ], [ -75.235072774874197, 39.981221427794402 ], [ -75.234765351826894, 39.981105894593099 ], [ -75.234457718778501, 39.980990683003299 ], [ -75.234149897523693, 39.980875773679401 ], [ -75.233960900592507, 39.980805431557499 ] ] ] } },
{ "type": "Feature", "properties": { "OBJECTID": 23, "ES_ID": "3411", "ES_NAME": "Universal Institute Charter School at Daroff", "MS_ID": "3411", "MS_NAME": "Universal Institute Charter School at Daroff", "HS_ID": "4020", "HS_NAME": "Overbrook High", "GR_ID_K": "3411", "GR_ID_01": "3411", "GR_ID_02": "3411", "GR_ID_03": "3411", "GR_ID_04": "3411", "GR_ID_05": "3411", "GR_ID_06": "3411", "GR_ID_07": "3411", "GR_ID_08": "3411", "GR_ID_09": "4020", "GR_ID_10": "4020", "GR_ID_11": "4020", "GR_ID_12": "4020", "ES_GRADE": "K-8", "MS_GRADE": "K-8", "HS_GRADE": "9-12", "Shape__Area": 1452705.38671875, "Shape__Length": 5266.7191465719197 }, "geometry": { "type": "Polygon", "coordinates": [ [ [ -75.225618708509899, 39.970488281228903 ], [ -75.225375463887204, 39.9695268754338 ], [ -75.225216188811501, 39.968597759535399 ], [ -75.225142821759903, 39.968154783189902 ], [ -75.225048666339802, 39.967594384453399 ], [ -75.224965751459493, 39.967119925086401 ], [ -75.224889829593806, 39.966652048145903 ], [ -75.224815182236895, 39.966215277304798 ], [ -75.224743785304199, 39.965774282868203 ], [ -75.224643041877698, 39.965193028278399 ], [ -75.224593036980494, 39.964905102991203 ], [ -75.225143771594404, 39.965101964148701 ], [ -75.225465204310495, 39.965213668959201 ], [ -75.225569316965803, 39.965178845753101 ], [ -75.225752666780906, 39.965019131355099 ], [ -75.225846415760998, 39.9649523972151 ], [ -75.225936387440001, 39.9649120962738 ], [ -75.226111786004694, 39.964888575138801 ], [ -75.226009790346893, 39.964259119865403 ], [ -75.226205661852205, 39.963338829076903 ], [ -75.226520679981604, 39.961821904157503 ], [ -75.227162525851497, 39.961901526461297 ], [ -75.227673564171596, 39.961964548203497 ], [ -75.228321299715702, 39.962042718504399 ], [ -75.228901843873899, 39.962116645339599 ], [ -75.229441181097002, 39.962180380975397 ], [ -75.229979687142105, 39.962249535115397 ], [ -75.230554595682904, 39.962319102253602 ], [ -75.231118796473297, 39.962393340935499 ], [ -75.232530449233195, 39.962566848008102 ], [ -75.233225404291503, 39.962653041605101 ], [ -75.233812310823893, 39.962721986899702 ], [ -75.234541979702598, 39.962816817452101 ], [ -75.234461123433306, 39.963209006758198 ], [ -75.234378148194295, 39.963573871928297 ], [ -75.234226361716594, 39.964334215884399 ], [ -75.234065074205802, 39.965094597336098 ], [ -75.233906032109203, 39.965856063108198 ], [ -75.234856877156005, 39.965971761409001 ], [ -75.235844741169799, 39.966094703231001 ], [ -75.236506868883694, 39.966176295994501 ], [ -75.237163249934696, 39.966260071001798 ], [ -75.237820268353502, 39.9663394746389 ], [ -75.237504509925003, 39.967863545884903 ], [ -75.237285086568804, 39.968908184226002 ], [ -75.237243071281, 39.968986630953701 ], [ -75.237295240813495, 39.9692692260288 ], [ -75.237457953592696, 39.970150605317102 ], [ -75.236782498334904, 39.970225886599799 ], [ -75.236314896387697, 39.970276444116301 ], [ -75.235700691023496, 39.970345394266197 ], [ -75.234976129698794, 39.970424811164698 ], [ -75.234205009133504, 39.970509472765798 ], [ -75.233370726766296, 39.970600247476902 ], [ -75.232575415431299, 39.970692176595399 ], [ -75.231620488065801, 39.9707985441894 ], [ -75.230667720061106, 39.970903781820397 ], [ -75.230133095731802, 39.970959672385803 ], [ -75.229703613481803, 39.971009043680802 ], [ -75.229276678170905, 39.971054516659599 ], [ -75.228738119486806, 39.971116733953302 ], [ -75.227991287762606, 39.971199062297799 ], [ -75.227233654985, 39.971283117939699 ], [ -75.226569554120999, 39.971353097662004 ], [ -75.225844162438506, 39.971439824599102 ], [ -75.225836707734501, 39.971373735513701 ], [ -75.225618708509899, 39.970488281228903 ] ] ] } },
{ "type": "Feature", "properties": { "OBJECTID": 24, "ES_ID": "3412", "ES_NAME": "Mastery Charter School at Frederick Douglass", "MS_ID": "3412", "MS_NAME": "Mastery Charter School at Frederick Douglass", "HS_ID": "4140", "HS_NAME": "Strawberry Mansion HS", "GR_ID_K": "3412", "GR_ID_01": "3412", "GR_ID_02": "3412", "GR_ID_03": "3412", "GR_ID_04": "3412", "GR_ID_05": "3412", "GR_ID_06": "3412", "GR_ID_07": "3412", "GR_ID_08": "3412", "GR_ID_09": "4140", "GR_ID_10": "4140", "GR_ID_11": "4140", "GR_ID_12": "6030", "ES_GRADE": "K-8", "MS_GRADE": "K-8", "HS_GRADE": "9-11", "Shape__Area": 1269763.26953125, "Shape__Length": 5575.2154561548105 }, "geometry": { "type": "Polygon", "coordinates": [ [ [ -75.166100605652602, 39.985975235496298 ], [ -75.1653194481257, 39.985871026336497 ], [ -75.164520113548505, 39.9857686755918 ], [ -75.163750210187899, 39.985666267928003 ], [ -75.163616892018297, 39.985644295478799 ], [ -75.162953019946798, 39.985551802483002 ], [ -75.1613851451242, 39.985348567564401 ], [ -75.159813889772806, 39.985157446208397 ], [ -75.159957389390996, 39.9845133788832 ], [ -75.160053646878595, 39.984078330918699 ], [ -75.160148490022905, 39.983636969990997 ], [ -75.160472521044198, 39.9821377222069 ], [ -75.161257381091602, 39.9822311431084 ], [ -75.162056052401695, 39.982338820472599 ], [ -75.162361859955595, 39.9808462087896 ], [ -75.163158430938495, 39.980950922078598 ], [ -75.163937576337105, 39.981047204564497 ], [ -75.164726461060894, 39.981154079907597 ], [ -75.165513206074905, 39.981253132132103 ], [ -75.165852477061904, 39.9797233337924 ], [ -75.166637303904693, 39.97982336442 ], [ -75.167422086264295, 39.979934261173199 ], [ -75.167532245558505, 39.979414036272999 ], [ -75.167629794283599, 39.978994442976997 ], [ -75.167733747051003, 39.9785164115494 ], [ -75.169604884260295, 39.978761490271602 ], [ -75.169679699898495, 39.978405822195597 ], [ -75.169778720972701, 39.977966350789103 ], [ -75.169976236449301, 39.978288171036802 ], [ -75.170290309724194, 39.9788544107927 ], [ -75.170602153923198, 39.978888012905202 ], [ -75.171216067500694, 39.978961625476202 ], [ -75.172802746639306, 39.979169837287301 ], [ -75.174396480032399, 39.9793893371019 ], [ -75.174293376329501, 39.9798468350779 ], [ -75.174203568839999, 39.980286894079299 ], [ -75.174101152275298, 39.980785835916897 ], [ -75.173974109596699, 39.9813716592028 ], [ -75.173910642414896, 39.981677124932602 ], [ -75.1749942951772, 39.9824691744139 ], [ -75.175315260804396, 39.982721271519203 ], [ -75.175028891937501, 39.984023425726598 ], [ -75.174466540938994, 39.983945259569701 ], [ -75.173995073371103, 39.983884494635099 ], [ -75.173444964329803, 39.983808984076603 ], [ -75.172890669957397, 39.983743822316796 ], [ -75.1726417880772, 39.983714318732297 ], [ -75.172426144857297, 39.983673981294601 ], [ -75.1718507287911, 39.983608194127697 ], [ -75.171513733498898, 39.985100029461698 ], [ -75.171396210847305, 39.9856131814036 ], [ -75.171293817081306, 39.9860845760264 ], [ -75.171179080143702, 39.986615707046198 ], [ -75.170398747174104, 39.986521033584701 ], [ -75.169577395819999, 39.986415464647401 ], [ -75.168781284186807, 39.986315347221598 ], [ -75.167977810510195, 39.986212059121897 ], [ -75.167320999731999, 39.986130669898102 ], [ -75.166755670673695, 39.986065034984499 ], [ -75.166100605652602, 39.985975235496298 ] ] ] } },
{ "type": "Feature", "properties": { "OBJECTID": 25, "ES_ID": "3415", "ES_NAME": "Mastery Charter School at Clymer", "MS_ID": "3416", "MS_NAME": "Mastery Charter School at Gratz", "HS_ID": "3416", "HS_NAME": "Mastery Charter School at Gratz", "GR_ID_K": "3415", "GR_ID_01": "3415", "GR_ID_02": "3415", "GR_ID_03": "3415", "GR_ID_04": "3415", "GR_ID_05": "3415", "GR_ID_06": "3415", "GR_ID_07": "3416", "GR_ID_08": "3416", "GR_ID_09": "3416", "GR_ID_10": "3416", "GR_ID_11": "3416", "GR_ID_12": "3416", "ES_GRADE": "K-6", "MS_GRADE": "7-12", "HS_GRADE": "7-12", "Shape__Area": 1223973.65625, "Shape__Length": 5173.3869072474199 }, "geometry": { "type": "Polygon", "coordinates": [ [ [ -75.145751463543803, 39.9944486584575 ], [ -75.145839853389901, 39.994046636182098 ], [ -75.145911319896896, 39.993724693778901 ], [ -75.145985009644207, 39.993398125482301 ], [ -75.146091364756302, 39.992857674143302 ], [ -75.1468841317364, 39.992958194619497 ], [ -75.147888805352594, 39.993087953815198 ], [ -75.148083791578998, 39.9923843784429 ], [ -75.148310325054993, 39.9915131830017 ], [ -75.148380207705898, 39.991225723340897 ], [ -75.148347991490297, 39.991078043046201 ], [ -75.148308726612896, 39.990977674114603 ], [ -75.148154906725196, 39.990733602400098 ], [ -75.148029167147698, 39.9905708632932 ], [ -75.147604523499894, 39.989969454925301 ], [ -75.147545520403696, 39.989873051354401 ], [ -75.147813081189497, 39.989914471008198 ], [ -75.148342751331398, 39.989980022224302 ], [ -75.148899890043793, 39.9900454600388 ], [ -75.149360872091094, 39.990101178521499 ], [ -75.149917999111494, 39.990178869458198 ], [ -75.150481086596699, 39.990256121409502 ], [ -75.150923844090102, 39.990313128233097 ], [ -75.151493047161196, 39.990381625097903 ], [ -75.152873983974601, 39.990560950893503 ], [ -75.153072034180099, 39.990586669048199 ], [ -75.153971740670002, 39.990705503980003 ], [ -75.155071497036602, 39.990847193097203 ], [ -75.155272835348896, 39.990862374970298 ], [ -75.154951851285304, 39.992362142289203 ], [ -75.154712093861804, 39.993414768187399 ], [ -75.154657528970105, 39.9936530719282 ], [ -75.154640373739397, 39.993728636262802 ], [ -75.154590655497699, 39.993947639833301 ], [ -75.154394400579406, 39.994880363773397 ], [ -75.154321149509499, 39.995231199197299 ], [ -75.154255728283403, 39.995534830704003 ], [ -75.154144459387894, 39.996000804309901 ], [ -75.153987224681202, 39.996791166274001 ], [ -75.153788539750394, 39.9977261915664 ], [ -75.153496872871202, 39.997831942602801 ], [ -75.153187357512195, 39.997944292768402 ], [ -75.152877919518502, 39.998056767312299 ], [ -75.152568568700403, 39.998169385378503 ], [ -75.152259319756297, 39.998282160815798 ], [ -75.151950181153197, 39.998395117243 ], [ -75.151641165282598, 39.9985082675557 ], [ -75.151332284226001, 39.998621632752197 ], [ -75.151023547860902, 39.998735230176301 ], [ -75.150714969576697, 39.998849077251897 ], [ -75.150406557976495, 39.998963193997803 ], [ -75.150098377398095, 39.999077674677203 ], [ -75.150023192377901, 39.999105816287702 ], [ -75.149790636209502, 39.999192860092201 ], [ -75.149483313611299, 39.9993087119325 ], [ -75.1491763521081, 39.999425140599101 ], [ -75.1488696964431, 39.999542059246103 ], [ -75.148563292634606, 39.999659378352703 ], [ -75.148257083156693, 39.999777009218299 ], [ -75.147951013961006, 39.9998948641216 ], [ -75.147720345193207, 39.999983811745103 ], [ -75.147645029899195, 40.000012853513603 ], [ -75.147339076822405, 40.000130892372397 ], [ -75.147033096245494, 40.0002488865671 ], [ -75.146727035123206, 40.000366752901598 ], [ -75.146420838450197, 40.000484398223698 ], [ -75.146114448501507, 40.000601739230099 ], [ -75.145807811410094, 40.000718683693997 ], [ -75.145500872001705, 40.0008351429627 ], [ -75.145193576239194, 40.000951029309299 ], [ -75.1448858653701, 40.001066255800701 ], [ -75.144577687873607, 40.001180730261098 ], [ -75.144268993707698, 40.001294383072903 ], [ -75.143959819471107, 40.001407268222898 ], [ -75.143799860597696, 40.001463929578101 ], [ -75.143348201418803, 40.000752091004003 ], [ -75.144175046060496, 40.000439764797797 ], [ -75.144465165390102, 40.000336933664201 ], [ -75.144768778477598, 39.998924865143998 ], [ -75.145099723459197, 39.997434100301902 ], [ -75.145239148182398, 39.996766431573398 ], [ -75.145314534726396, 39.996403129633897 ], [ -75.145429179322505, 39.995938256151298 ], [ -75.145606865428704, 39.995111363670802 ], [ -75.145751463543803, 39.9944486584575 ] ] ] } },
{ "type": "Feature", "properties": { "OBJECTID": 26, "ES_ID": "1490", "ES_NAME": "Blankenburg, Rudolph", "MS_ID": "1490", "MS_NAME": "Blankenburg, Rudolph", "HS_ID": "4020", "HS_NAME": "Overbrook High", "GR_ID_K": "1490", "GR_ID_01": "1490", "GR_ID_02": "1490", "GR_ID_03": "1490", "GR_ID_04": "1490", "GR_ID_05": "1490", "GR_ID_06": "1490", "GR_ID_07": "1490", "GR_ID_08": "1490", "GR_ID_09": "4020", "GR_ID_10": "4020", "GR_ID_11": "4020", "GR_ID_12": "4020", "ES_GRADE": "K-8", "MS_GRADE": "K-8", "HS_GRADE": "9-12", "Shape__Area": 2196878.09375, "Shape__Length": 7833.6095369741797 }, "geometry": { "type": "Polygon", "coordinates": [ [ [ -75.204363895332804, 39.974426605433898 ], [ -75.2037225157206, 39.974191392560499 ], [ -75.203155773022004, 39.974254461173999 ], [ -75.202715352738494, 39.974300935265198 ], [ -75.201738980111003, 39.974403959332498 ], [ -75.199507677861007, 39.974655964628298 ], [ -75.198996124804594, 39.9747106050471 ], [ -75.198812181231901, 39.974731367313503 ], [ -75.198400282979904, 39.9747778599084 ], [ -75.1982699911905, 39.974791480872199 ], [ -75.195757902553794, 39.9750730010051 ], [ -75.195773821082099, 39.975062144101898 ], [ -75.196027364850096, 39.974885619999903 ], [ -75.196278888514698, 39.974707033958801 ], [ -75.1965272289154, 39.974525582541098 ], [ -75.196771504495402, 39.974340977653199 ], [ -75.197010850898494, 39.974152909967103 ], [ -75.197245260109696, 39.973961218955999 ], [ -75.1974785421353, 39.973765519074298 ], [ -75.197696053368404, 39.973560675057399 ], [ -75.197764460538295, 39.973478539954698 ], [ -75.197971519329101, 39.973268549790198 ], [ -75.198175523073104, 39.973056241529903 ], [ -75.198381669645201, 39.972845433003897 ], [ -75.198820745643602, 39.972443810830697 ], [ -75.199067752031695, 39.972261271305399 ], [ -75.199333506642304, 39.972093304616401 ], [ -75.199611447325793, 39.971939555750502 ], [ -75.199903113269698, 39.971803260095001 ], [ -75.200208367627795, 39.971682389041902 ], [ -75.200518562141298, 39.971569957654999 ], [ -75.200831823517802, 39.971464366438603 ], [ -75.2011501258918, 39.971367028744297 ], [ -75.201471698235693, 39.971277115012498 ], [ -75.201797060501704, 39.971194159227899 ], [ -75.202127611563597, 39.971124858950603 ], [ -75.2024632511839, 39.9710766379864 ], [ -75.202803959924907, 39.9710436519374 ], [ -75.203145645540403, 39.971026922665303 ], [ -75.203488324159693, 39.971022652780803 ], [ -75.203739569988002, 39.9710216004516 ], [ -75.203726230824302, 39.970948211387402 ], [ -75.203724353154499, 39.970937977561803 ], [ -75.203653711860994, 39.970544778586103 ], [ -75.203635031365096, 39.970440411580803 ], [ -75.203604005671295, 39.970270105421797 ], [ -75.204184822619595, 39.970437742448901 ], [ -75.204304004750099, 39.970450203956503 ], [ -75.204748245178095, 39.9703946152353 ], [ -75.205295623292699, 39.970335308733503 ], [ -75.205844872018901, 39.970284403332002 ], [ -75.206643392510898, 39.970196891606101 ], [ -75.207173296789406, 39.970142926498802 ], [ -75.208229472290796, 39.970024952441399 ], [ -75.209203161707606, 39.969916306620298 ], [ -75.210140151671297, 39.969813417597898 ], [ -75.2115183923991, 39.969663829438197 ], [ -75.211337656559493, 39.968735145164601 ], [ -75.2121367732029, 39.969237217327802 ], [ -75.212643606514305, 39.969545469216399 ], [ -75.2129362132588, 39.969721973560297 ], [ -75.213901867184603, 39.970304460439998 ], [ -75.214320846984293, 39.970551559836601 ], [ -75.214544198946101, 39.970692647328399 ], [ -75.214689893673494, 39.970782616690897 ], [ -75.214991959321196, 39.970964127779602 ], [ -75.216087797056204, 39.9716274484908 ], [ -75.217439394948101, 39.972443714960299 ], [ -75.217769864739495, 39.972636076141001 ], [ -75.218419598955094, 39.973033215470998 ], [ -75.2190759070442, 39.972886455235503 ], [ -75.222012687736907, 39.9722623987413 ], [ -75.222616327537693, 39.972129217534203 ], [ -75.222711303213998, 39.972658608875498 ], [ -75.222830654608103, 39.973327863737701 ], [ -75.222948344340693, 39.973993432774797 ], [ -75.223040877143404, 39.974534546855601 ], [ -75.222987041822194, 39.974601502063102 ], [ -75.2224770857609, 39.9752211674503 ], [ -75.221983665547199, 39.975791534696398 ], [ -75.219473927337802, 39.980025546395801 ], [ -75.219254480996696, 39.979944356697999 ], [ -75.216817806399305, 39.979035608564701 ], [ -75.214383089075298, 39.9781378652265 ], [ -75.213472606494307, 39.9778001767042 ], [ -75.2112919705922, 39.976992342393203 ], [ -75.210360676908707, 39.976645395945802 ], [ -75.209323619424794, 39.976259591576301 ], [ -75.208601800418194, 39.975990945646402 ], [ -75.207894402192807, 39.9757266834334 ], [ -75.206909628280499, 39.975362931612501 ], [ -75.206628659058495, 39.975256767206197 ], [ -75.206193975216394, 39.975097436830602 ], [ -75.204363895332804, 39.974426605433898 ] ] ] } },
{ "type": "Feature", "properties": { "OBJECTID": 27, "ES_ID": "1250", "ES_NAME": "Catharine, Joseph", "MS_ID": "1130", "MS_NAME": "Tilden, William", "HS_ID": "1010", "HS_NAME": "Bartram, John", "GR_ID_K": "1250", "GR_ID_01": "1250", "GR_ID_02": "1250", "GR_ID_03": "1250", "GR_ID_04": "1250", "GR_ID_05": "1250", "GR_ID_06": "1130", "GR_ID_07": "1130", "GR_ID_08": "1130", "GR_ID_09": "1010", "GR_ID_10": "1010", "GR_ID_11": "1010", "GR_ID_12": "1010", "ES_GRADE": "K-5", "MS_GRADE": "5-8", "HS_GRADE": "9-12", "Shape__Area": 2489361.30078125, "Shape__Length": 7671.3317612020201 }, "geometry": { "type": "Polygon", "coordinates": [ [ [ -75.232130790905401, 39.934145044350302 ], [ -75.231960499271395, 39.933994134951199 ], [ -75.232983129648503, 39.933282000947699 ], [ -75.232569061849105, 39.932921922097499 ], [ -75.233577761444494, 39.932207118666398 ], [ -75.233159590311701, 39.9318504855367 ], [ -75.232772161168597, 39.931526445171002 ], [ -75.232335672632999, 39.931104199855 ], [ -75.232037032990903, 39.930878676687698 ], [ -75.231801046717493, 39.930745873347497 ], [ -75.231365166354195, 39.9304873449816 ], [ -75.230704688866993, 39.930080190986097 ], [ -75.230106437810306, 39.929720522419998 ], [ -75.229940105775896, 39.929620523737803 ], [ -75.229224738286305, 39.929181314363802 ], [ -75.230657179647807, 39.9281671547595 ], [ -75.230786612045904, 39.928067718835798 ], [ -75.231140955327902, 39.9278017913947 ], [ -75.231715956955398, 39.927411486077801 ], [ -75.232181620790001, 39.927094143985599 ], [ -75.233102586480499, 39.926461200164297 ], [ -75.233711384101397, 39.926031387708697 ], [ -75.234330055622905, 39.925582251603203 ], [ -75.234774620446203, 39.925273610583403 ], [ -75.235136358492895, 39.925022100920401 ], [ -75.235569407354902, 39.924713218833297 ], [ -75.236232157187303, 39.924244413929003 ], [ -75.236886228320301, 39.923769892085403 ], [ -75.237405125519601, 39.923409399090701 ], [ -75.237872431227899, 39.923087753468899 ], [ -75.238402415779007, 39.922712570504402 ], [ -75.239186483789197, 39.922167197465299 ], [ -75.240047814325806, 39.921556183785903 ], [ -75.241417861317103, 39.920589136862901 ], [ -75.242988521971796, 39.919485700460598 ], [ -75.243844378361999, 39.918880276673796 ], [ -75.244368098318006, 39.918524800238501 ], [ -75.245086412701497, 39.918032706261599 ], [ -75.245693862256999, 39.917624552183398 ], [ -75.246310472020596, 39.917185360354601 ], [ -75.246803360410297, 39.916927414605603 ], [ -75.246938542687801, 39.9168804130016 ], [ -75.246963736791997, 39.916936006445802 ], [ -75.247022540602799, 39.916988426888402 ], [ -75.247105325708901, 39.917037000083297 ], [ -75.247173850971706, 39.9170874477499 ], [ -75.247207774668496, 39.917168171162103 ], [ -75.247181051456707, 39.917237343572801 ], [ -75.247241222483694, 39.917411682703097 ], [ -75.247306663069807, 39.917624728124601 ], [ -75.247349254453795, 39.9177949506525 ], [ -75.247359951422595, 39.9180020988492 ], [ -75.247349967379193, 39.918439222655898 ], [ -75.247334696225593, 39.918688126366703 ], [ -75.247335955827893, 39.9188198275967 ], [ -75.247392591599393, 39.919023275289199 ], [ -75.247499197498101, 39.919279543142899 ], [ -75.247586064932506, 39.919408409555999 ], [ -75.247624457552106, 39.919526810728598 ], [ -75.2476250259176, 39.919677305972101 ], [ -75.247598070139503, 39.919911848757302 ], [ -75.247582924351605, 39.919991461461301 ], [ -75.247529606700795, 39.920112566999002 ], [ -75.247489186294601, 39.920215140377302 ], [ -75.247478585553395, 39.920337178185598 ], [ -75.247467814212698, 39.920463912747401 ], [ -75.247462970849, 39.920595478967101 ], [ -75.247470331731407, 39.920727313347001 ], [ -75.247470145929995, 39.9209812485852 ], [ -75.247462580349506, 39.921352589649601 ], [ -75.247487385481406, 39.921508317038402 ], [ -75.247516869200695, 39.921680221130501 ], [ -75.247507868636006, 39.921781514279203 ], [ -75.247473374099997, 39.921888921081099 ], [ -75.247393915824503, 39.9220564806729 ], [ -75.247291774413199, 39.922176518738397 ], [ -75.247165394038305, 39.922291326276998 ], [ -75.247070394650095, 39.922383302769099 ], [ -75.246937738152297, 39.922502676258901 ], [ -75.246643578424298, 39.922778410383899 ], [ -75.246523127561304, 39.922898047190799 ], [ -75.246364326694405, 39.9230638747688 ], [ -75.246268458561303, 39.923179346683099 ], [ -75.246190205002804, 39.923314013170703 ], [ -75.246160603141306, 39.923454445140798 ], [ -75.246142338330401, 39.923618636063303 ], [ -75.246135588244499, 39.923801891144898 ], [ -75.246131434368195, 39.923914662394303 ], [ -75.2460971119513, 39.924017371228501 ], [ -75.246074476385203, 39.924134440291503 ], [ -75.246033707515195, 39.924246412006703 ], [ -75.245992588747299, 39.924367783334802 ], [ -75.245946577867301, 39.924456128249197 ], [ -75.245868324540496, 39.924590794565901 ], [ -75.245796864692196, 39.924706798266399 ], [ -75.245728109051896, 39.924832266448497 ], [ -75.245681904421104, 39.924891769862398 ], [ -75.245638341021802, 39.924947872031403 ], [ -75.245555021524197, 39.925054212023198 ], [ -75.245440664870003, 39.925173982720501 ], [ -75.245266535612203, 39.925424117937901 ], [ -75.245200483778305, 39.925559052165603 ], [ -75.245129194880903, 39.925670357848396 ], [ -75.245051977518102, 39.9257768299031 ], [ -75.244994278704795, 39.925850811415302 ], [ -75.244870138864101, 39.925904531416002 ], [ -75.244764137057203, 39.925963349831598 ], [ -75.244627964769606, 39.926012103521998 ], [ -75.244521962651902, 39.926070919913101 ], [ -75.244403233046398, 39.926143567668298 ], [ -75.244337870553096, 39.926259703774399 ], [ -75.244303544276207, 39.926362411168199 ], [ -75.244332607243294, 39.9264853136957 ], [ -75.244414586441707, 39.926581157831798 ], [ -75.244509465240597, 39.926658472812299 ], [ -75.244578893131504, 39.926763447154201 ], [ -75.244599494937006, 39.926867352901297 ], [ -75.244581920474602, 39.927012750521001 ], [ -75.244581616187801, 39.9271867400616 ], [ -75.244553565778006, 39.927284881462498 ], [ -75.244499890633904, 39.927415382578303 ], [ -75.244428251085296, 39.9275360847953 ], [ -75.244344060421597, 39.927665919099901 ], [ -75.244271729847895, 39.927805415265901 ], [ -75.244201128782606, 39.9278979254468 ], [ -75.244123387753504, 39.928018493269398 ], [ -75.244057159078295, 39.928158125357797 ], [ -75.244003414898998, 39.928373270382401 ], [ -75.243987051463506, 39.928485775717803 ], [ -75.243968606823103, 39.928654664780602 ], [ -75.243968820614398, 39.9288145597206 ], [ -75.243973444448997, 39.929186165521102 ], [ -75.243968807528503, 39.929477625614901 ], [ -75.243969863989406, 39.929611395746598 ], [ -75.243984211852506, 39.929722499020997 ], [ -75.244011782832303, 39.929803043942002 ], [ -75.244101083560096, 39.9298661295228 ], [ -75.244191073845997, 39.929910420062697 ], [ -75.244280372575602, 39.9299735045525 ], [ -75.244356944661405, 39.930050418653799 ], [ -75.244407545920296, 39.930169090327702 ], [ -75.2444303344502, 39.930296558879697 ], [ -75.244383452640605, 39.930408396579701 ], [ -75.244276404050495, 39.930495407334199 ], [ -75.244133078758694, 39.9305722189508 ], [ -75.243952612704106, 39.930662328336901 ], [ -75.243815390921, 39.930739272948699 ], [ -75.2436959616671, 39.930830715810202 ], [ -75.243637737316504, 39.930918792127699 ], [ -75.243607084906103, 39.931087416158498 ], [ -75.243560029069499, 39.931203952944102 ], [ -75.243518208610098, 39.931344117362798 ], [ -75.243476911330106, 39.931470185450102 ], [ -75.243436304750603, 39.9315774567809 ], [ -75.243420111776999, 39.931685261706399 ], [ -75.243403397621805, 39.931807165696704 ], [ -75.243344827800897, 39.931904639810099 ], [ -75.243281364162399, 39.9319690900344 ], [ -75.243187731226399, 39.932023473494603 ], [ -75.243106478925597, 39.9320734261319 ], [ -75.243051304890102, 39.932161569769001 ], [ -75.242936933105995, 39.9322813361822 ], [ -75.242846282677903, 39.932420433824397 ], [ -75.242724074602194, 39.932587056989902 ], [ -75.242626453437595, 39.932749513506202 ], [ -75.242531258720305, 39.932846186495297 ], [ -75.242454893555404, 39.932929163358999 ], [ -75.242352728257998, 39.933049197032197 ], [ -75.242288050251602, 39.933146537100697 ], [ -75.242241683032702, 39.933244278433797 ], [ -75.242149019170697, 39.933355114233102 ], [ -75.242014495357907, 39.933441521322202 ], [ -75.241890859489999, 39.9334811417068 ], [ -75.241718916111097, 39.9335055976725 ], [ -75.241559526130203, 39.933520920680003 ], [ -75.2413996145184, 39.933550342524001 ], [ -75.241190700573796, 39.933583393587 ], [ -75.240975681947106, 39.933616310718698 ], [ -75.240761531664603, 39.933625733206704 ], [ -75.240518250404804, 39.933596895955802 ], [ -75.2402458385491, 39.933529800581198 ], [ -75.240162940430693, 39.933501683688299 ], [ -75.2399258332523, 39.933565995339698 ], [ -75.239528971989301, 39.933575666431601 ], [ -75.2392027533771, 39.933465022334502 ], [ -75.238940877251594, 39.933282918162099 ], [ -75.238741030253607, 39.933132582014998 ], [ -75.238499469297395, 39.933042148248198 ], [ -75.238239668107099, 39.933014752618298 ], [ -75.238002617403694, 39.9330191039246 ], [ -75.237778676553205, 39.933093259994102 ], [ -75.236837392667894, 39.933765953523697 ], [ -75.236649389280302, 39.9339142396055 ], [ -75.235920445216806, 39.934450562705202 ], [ -75.235607085560005, 39.934563060511501 ], [ -75.235375691648002, 39.934624886114698 ], [ -75.235161432961903, 39.934650595772197 ], [ -75.234885374973302, 39.934638462143297 ], [ -75.234533135263803, 39.934602172595298 ], [ -75.234298285438001, 39.934491786765101 ], [ -75.234142882465406, 39.9344214797623 ], [ -75.233863897272599, 39.934354175414697 ], [ -75.233696667197407, 39.934332862168397 ], [ -75.233579273841201, 39.934337506087097 ], [ -75.233417866205798, 39.934359571610898 ], [ -75.233286793163998, 39.934385233527998 ], [ -75.233168594840393, 39.934411516613501 ], [ -75.233051234410397, 39.934451200466903 ], [ -75.232726411942394, 39.934646667588197 ], [ -75.232130790905401, 39.934145044350302 ] ] ] } },
{ "type": "Feature", "properties": { "OBJECTID": 28, "ES_ID": "1260", "ES_NAME": "Comegys, Benjamin B", "MS_ID": "1260", "MS_NAME": "Comegys, Benjamin B", "HS_ID": "1010", "HS_NAME": "Bartram, John", "GR_ID_K": "1260", "GR_ID_01": "1260", "GR_ID_02": "1260", "GR_ID_03": "1260", "GR_ID_04": "1260", "GR_ID_05": "1260", "GR_ID_06": "1260", "GR_ID_07": "1260", "GR_ID_08": "1260", "GR_ID_09": "1010", "GR_ID_10": "1010", "GR_ID_11": "1010", "GR_ID_12": "1010", "ES_GRADE": "K-8", "MS_GRADE": "K-8", "HS_GRADE": "9-12", "Shape__Area": 3758479.3046875, "Shape__Length": 8489.1288964864707 }, "geometry": { "type": "Polygon", "coordinates": [ [ [ -75.208734781414705, 39.946848071328901 ], [ -75.208539581268695, 39.945769880376197 ], [ -75.208386196089407, 39.9456636718959 ], [ -75.208272031816406, 39.945773863131002 ], [ -75.208113155279605, 39.945673487325898 ], [ -75.207469406394594, 39.9452899867509 ], [ -75.205840616267906, 39.944327823791703 ], [ -75.205490463692996, 39.9441209842905 ], [ -75.205328270100907, 39.944089173878197 ], [ -75.204606673648598, 39.943962515052803 ], [ -75.203295993863406, 39.944091074118496 ], [ -75.203056290324696, 39.943630690191398 ], [ -75.2038456780232, 39.943167093752997 ], [ -75.204548640886998, 39.942560056094997 ], [ -75.205034872259603, 39.9418491510636 ], [ -75.205152907524607, 39.941117766770297 ], [ -75.205160947069004, 39.940666077014903 ], [ -75.205167118491403, 39.940281339091399 ], [ -75.205163915363102, 39.938612012225597 ], [ -75.205163534594803, 39.938413344907502 ], [ -75.205167911284207, 39.937069109109402 ], [ -75.205377689577602, 39.935885089223397 ], [ -75.205598914326202, 39.935492534637099 ], [ -75.205850260583105, 39.935046521850097 ], [ -75.206427197735593, 39.934365925913198 ], [ -75.207574696310999, 39.9331743969285 ], [ -75.209692981752994, 39.930843993882597 ], [ -75.210524977113494, 39.9297303527444 ], [ -75.210745338717402, 39.929275260399002 ], [ -75.211934252256498, 39.9293126091315 ], [ -75.213475795505303, 39.929335335185002 ], [ -75.213921023325099, 39.929421057423603 ], [ -75.214230908348497, 39.929568278981598 ], [ -75.214923776662204, 39.929847310103298 ], [ -75.215752666789399, 39.930171195320497 ], [ -75.216477090950306, 39.930467881775002 ], [ -75.217130082319102, 39.930741137461297 ], [ -75.217416822640502, 39.930855025381703 ], [ -75.217733706567898, 39.931083876443203 ], [ -75.218722056628494, 39.931919605927199 ], [ -75.219117877865202, 39.932244455209002 ], [ -75.220549136366401, 39.933459683186399 ], [ -75.220313171058606, 39.933623530488802 ], [ -75.220152168402095, 39.933744867543801 ], [ -75.219697098935697, 39.934056539349399 ], [ -75.219183448108396, 39.934415909515202 ], [ -75.218637849992007, 39.9347990372301 ], [ -75.218236331434895, 39.935069902475803 ], [ -75.217812889299793, 39.935366733016401 ], [ -75.218986194182705, 39.9363785611963 ], [ -75.219615819991006, 39.936910120434703 ], [ -75.2202450104826, 39.9374477868868 ], [ -75.220734538089403, 39.937859923918303 ], [ -75.221142484930795, 39.9382077657324 ], [ -75.221640004266305, 39.938617179950903 ], [ -75.222098172228101, 39.938997101609303 ], [ -75.222907865649802, 39.939689257112498 ], [ -75.223545814845394, 39.940211678476999 ], [ -75.224116490526697, 39.940700457925502 ], [ -75.223618355658701, 39.941055139190802 ], [ -75.223428514929395, 39.941184696393897 ], [ -75.223241053666001, 39.941320882110098 ], [ -75.222756113779099, 39.941663994258903 ], [ -75.222068785308807, 39.942147706760998 ], [ -75.221369963565493, 39.942636050804602 ], [ -75.220793557233307, 39.943033451989798 ], [ -75.220223432725206, 39.943424270216198 ], [ -75.219549826241604, 39.943903469612003 ], [ -75.219155161695994, 39.9441854302857 ], [ -75.219005014314902, 39.944292698835802 ], [ -75.218409643382898, 39.944711177060498 ], [ -75.217734884265198, 39.945192465472203 ], [ -75.216474068705807, 39.946076529045897 ], [ -75.215164144950293, 39.946987454147298 ], [ -75.213963844804297, 39.945983869701998 ], [ -75.213326966508006, 39.946436802518498 ], [ -75.212684684988801, 39.946888867335403 ], [ -75.211391971963906, 39.947805241105499 ], [ -75.210601376504201, 39.948357810621097 ], [ -75.209054537410594, 39.948408713208302 ], [ -75.208916710011096, 39.947754252799903 ], [ -75.208867583414502, 39.947520807492197 ], [ -75.208734781414705, 39.946848071328901 ] ] ] } },
{ "type": "Feature", "properties": { "OBJECTID": 29, "ES_ID": "1280", "ES_NAME": "Penn Alexander", "MS_ID": "1280", "MS_NAME": "Penn Alexander", "HS_ID": "1020", "HS_NAME": "West Philadelphia HS", "GR_ID_K": "1280", "GR_ID_01": "1280", "GR_ID_02": "1280", "GR_ID_03": "1280", "GR_ID_04": "1280", "GR_ID_05": "1280", "GR_ID_06": "1280", "GR_ID_07": "1280", "GR_ID_08": "1280", "GR_ID_09": "1020", "GR_ID_10": "1020", "GR_ID_11": "1020", "GR_ID_12": "1020", "ES_GRADE": "K-8", "MS_GRADE": "K-8", "HS_GRADE": "9-12", "Shape__Area": 1714203.33203125, "Shape__Length": 6925.6225210057501 }, "geometry": { "type": "Polygon", "coordinates": [ [ [ -75.2024305090669, 39.954880132121701 ], [ -75.202592253235395, 39.954121779114303 ], [ -75.202743930800906, 39.953393386986299 ], [ -75.202829809306905, 39.952979313415497 ], [ -75.202958342231, 39.952378725595999 ], [ -75.203073809590705, 39.951839178989701 ], [ -75.203086285824796, 39.9517549147061 ], [ -75.203143068294196, 39.9514330696516 ], [ -75.203192379412201, 39.951212531668098 ], [ -75.203305472722704, 39.950693182274797 ], [ -75.203462952946495, 39.949933279522 ], [ -75.201587068985802, 39.949985926971102 ], [ -75.201490825241905, 39.949954205189002 ], [ -75.201290286158397, 39.949888106520298 ], [ -75.201159316142594, 39.9498485066553 ], [ -75.201413899792698, 39.949769303727003 ], [ -75.203015228053602, 39.949290794315701 ], [ -75.203765720676202, 39.949010310441402 ], [ -75.204527808427699, 39.948737288034003 ], [ -75.205035014410896, 39.948542423845701 ], [ -75.205170513396297, 39.948531538289899 ], [ -75.2056584272283, 39.948062169672902 ], [ -75.206975561401293, 39.946842523959198 ], [ -75.206961934671099, 39.946670312135403 ], [ -75.205376017780594, 39.945067204724801 ], [ -75.205283378311407, 39.944165043520698 ], [ -75.205328270100907, 39.944089173878197 ], [ -75.205490463692996, 39.9441209842905 ], [ -75.205840616267906, 39.944327823791703 ], [ -75.207469406394594, 39.9452899867509 ], [ -75.208113155279605, 39.945673487325898 ], [ -75.208272031816406, 39.945773863131002 ], [ -75.208386196089407, 39.9456636718959 ], [ -75.208539581268695, 39.945769880376197 ], [ -75.208734781414705, 39.946848071328901 ], [ -75.208867583414502, 39.947520807492197 ], [ -75.208916710011096, 39.947754252799903 ], [ -75.209054537410594, 39.948408713208302 ], [ -75.210601376504201, 39.948357810621097 ], [ -75.211391971963906, 39.947805241105499 ], [ -75.212684684988801, 39.946888867335403 ], [ -75.213326966508006, 39.946436802518498 ], [ -75.213963844804297, 39.945983869701998 ], [ -75.215164144950293, 39.946987454147298 ], [ -75.215876658825906, 39.947577208941603 ], [ -75.216562551205499, 39.948161038953799 ], [ -75.217124127302796, 39.948619961090898 ], [ -75.216998550095397, 39.949243244087903 ], [ -75.216829172738301, 39.950031717832402 ], [ -75.216662267244402, 39.950791654528601 ], [ -75.216589832350806, 39.951168653618097 ], [ -75.216504638189207, 39.9515559864791 ], [ -75.216432432686403, 39.951911623329799 ], [ -75.216351887143503, 39.952311818753799 ], [ -75.214375558995798, 39.952062961516503 ], [ -75.214220335774797, 39.952806006599197 ], [ -75.214149266321499, 39.9531343598536 ], [ -75.213899849042306, 39.954349628564898 ], [ -75.213658428243505, 39.955491548350999 ], [ -75.213500667514893, 39.956253063044301 ], [ -75.211521823417399, 39.956009608479199 ], [ -75.210478226002493, 39.955878923131998 ], [ -75.209900780722293, 39.955809061532896 ], [ -75.209482878447901, 39.955752443913802 ], [ -75.2090234544238, 39.955696629616099 ], [ -75.208602307473797, 39.955646006048902 ], [ -75.208130250504098, 39.955587730562399 ], [ -75.207437797971707, 39.955503056349698 ], [ -75.206276924681305, 39.955356916419497 ], [ -75.2049357344914, 39.955190600449697 ], [ -75.2024305090669, 39.954880132121701 ] ] ] } },
{ "type": "Feature", "properties": { "OBJECTID": 30, "ES_ID": "1290", "ES_NAME": "Hamilton, Andrew", "MS_ID": "1290", "MS_NAME": "Hamilton, Andrew", "HS_ID": "1100", "HS_NAME": "Sayre, William", "GR_ID_K": "1290", "GR_ID_01": "1290", "GR_ID_02": "1290", "GR_ID_03": "1290", "GR_ID_04": "1290", "GR_ID_05": "1290", "GR_ID_06": "1290", "GR_ID_07": "1290", "GR_ID_08": "1290", "GR_ID_09": "1100", "GR_ID_10": "1100", "GR_ID_11": "1100", "GR_ID_12": "1100", "ES_GRADE": "K-8", "MS_GRADE": "K-8", "HS_GRADE": "9-12", "Shape__Area": 805303.63671875, "Shape__Length": 3701.0798469449001 }, "geometry": { "type": "Polygon", "coordinates": [ [ [ -75.2348718978389, 39.961240295028503 ], [ -75.234143926365604, 39.961145256557103 ], [ -75.233555709235901, 39.961075070277403 ], [ -75.232859824211303, 39.960985076449397 ], [ -75.231876533820298, 39.960859134255102 ], [ -75.230804766996201, 39.960731375118201 ], [ -75.230963537309705, 39.9599634577445 ], [ -75.231116006893899, 39.959219394516197 ], [ -75.231280179665603, 39.958458005132798 ], [ -75.231441026769104, 39.957698048138298 ], [ -75.231559187375495, 39.957111069660399 ], [ -75.231676774718906, 39.956553305934698 ], [ -75.231803043386293, 39.955957677299303 ], [ -75.2319131134591, 39.955421281306798 ], [ -75.231939645232799, 39.955328123106597 ], [ -75.232047640001497, 39.954789920924597 ], [ -75.2321549776441, 39.954271269383497 ], [ -75.233106748014094, 39.9543930707516 ], [ -75.2342146205809, 39.954530844716501 ], [ -75.234947665830205, 39.954623377247202 ], [ -75.236218714447602, 39.954780345705601 ], [ -75.238168443910993, 39.955020973427203 ], [ -75.240140472780794, 39.955261530303098 ], [ -75.240026775081404, 39.955777752217799 ], [ -75.240010404544506, 39.955884609629202 ], [ -75.239911870272195, 39.956322196504601 ], [ -75.2398263854692, 39.9567279348922 ], [ -75.239742435791001, 39.957137822564803 ], [ -75.239661119881006, 39.957543324121801 ], [ -75.239577025738299, 39.957951110133102 ], [ -75.239421380409198, 39.958685393114102 ], [ -75.239260461870302, 39.959447840046501 ], [ -75.2391032741332, 39.960207039294403 ], [ -75.2371296811843, 39.959963977315397 ], [ -75.236973349201804, 39.960707466063603 ], [ -75.236810833087901, 39.961480097923399 ], [ -75.2348718978389, 39.961240295028503 ] ] ] } },
{ "type": "Feature", "properties": { "OBJECTID": 31, "ES_ID": "1300", "ES_NAME": "Harrington, Avery", "MS_ID": "1300", "MS_NAME": "Harrington, Avery", "HS_ID": "1100", "HS_NAME": "Sayre, William", "GR_ID_K": "1300", "GR_ID_01": "1300", "GR_ID_02": "1300", "GR_ID_03": "1300", "GR_ID_04": "1300", "GR_ID_05": "1300", "GR_ID_06": "1300", "GR_ID_07": "1300", "GR_ID_08": "1300", "GR_ID_09": "1100", "GR_ID_10": "1100", "GR_ID_11": "1100", "GR_ID_12": "1100", "ES_GRADE": "K-8", "MS_GRADE": "K-8", "HS_GRADE": "9-12", "Shape__Area": 1862588.03125, "Shape__Length": 6134.8709237477296 }, "geometry": { "type": "Polygon", "coordinates": [ [ [ -75.220938671331197, 39.949735464659497 ], [ -75.221089653186993, 39.949035797346198 ], [ -75.2212510961199, 39.948285804518697 ], [ -75.221239102216202, 39.948170406784499 ], [ -75.219237560274905, 39.948377273167203 ], [ -75.217124127302796, 39.948619961090898 ], [ -75.216562551205499, 39.948161038953799 ], [ -75.215876658825906, 39.947577208941603 ], [ -75.215164144950293, 39.946987454147298 ], [ -75.216474068705807, 39.946076529045897 ], [ -75.217734884265198, 39.945192465472203 ], [ -75.218409643382898, 39.944711177060498 ], [ -75.219005014314902, 39.944292698835802 ], [ -75.219155161695994, 39.9441854302857 ], [ -75.219549826241604, 39.943903469612003 ], [ -75.220223432725206, 39.943424270216198 ], [ -75.220793557233307, 39.943033451989798 ], [ -75.221369963565493, 39.942636050804602 ], [ -75.222068785308807, 39.942147706760998 ], [ -75.222756113779099, 39.941663994258903 ], [ -75.223241053666001, 39.941320882110098 ], [ -75.223428514929395, 39.941184696393897 ], [ -75.223618355658701, 39.941055139190802 ], [ -75.224116490526697, 39.940700457925502 ], [ -75.225482927174397, 39.939734253788899 ], [ -75.225745928792804, 39.9399539168353 ], [ -75.225983836730805, 39.9401474467832 ], [ -75.226212072476201, 39.9403474821233 ], [ -75.2263941991297, 39.940511219383701 ], [ -75.226888013463807, 39.940916975604097 ], [ -75.227338676787397, 39.941301469315 ], [ -75.227703628671804, 39.941612854243402 ], [ -75.227916883917501, 39.941787608808397 ], [ -75.228166521373495, 39.941992177706098 ], [ -75.228651367062, 39.942415316138799 ], [ -75.229062404014101, 39.942763163758997 ], [ -75.229555050416806, 39.943177503746199 ], [ -75.230053004149795, 39.943589983096899 ], [ -75.230460207987605, 39.943932482957798 ], [ -75.230948960749998, 39.944345610209801 ], [ -75.232322532051697, 39.943379246735098 ], [ -75.232820647664099, 39.943800003687102 ], [ -75.233225354530902, 39.944146005645997 ], [ -75.233719946393293, 39.944568365987102 ], [ -75.233754312446393, 39.9446791945605 ], [ -75.233707863228403, 39.946152710500499 ], [ -75.233706912882894, 39.946382434617398 ], [ -75.233698574334298, 39.9466342053096 ], [ -75.2336585142545, 39.947294248508797 ], [ -75.233607199577406, 39.947360264130197 ], [ -75.231273235917698, 39.947918162632 ], [ -75.231165355565494, 39.948452269742397 ], [ -75.231098913370602, 39.9487556882235 ], [ -75.231069038841696, 39.9489175846291 ], [ -75.230962712696197, 39.949448048768701 ], [ -75.2307967075607, 39.950181738416902 ], [ -75.230638093477296, 39.950931767612701 ], [ -75.228848617647799, 39.950715055611802 ], [ -75.226871363268501, 39.950469874671597 ], [ -75.224894914303903, 39.9502233742299 ], [ -75.222916885368903, 39.949984516271698 ], [ -75.220938671331197, 39.949735464659497 ] ] ] } },
{ "type": "Feature", "properties": { "OBJECTID": 32, "ES_ID": "3428", "ES_NAME": "Global Leadership Academy Charter School at Huey", "MS_ID": "3428", "MS_NAME": "Global Leadership Academy Charter School at Huey", "HS_ID": "1100", "HS_NAME": "Sayre, William", "GR_ID_K": "3428", "GR_ID_01": "3428", "GR_ID_02": "3428", "GR_ID_03": "3428", "GR_ID_04": "3428", "GR_ID_05": "3428", "GR_ID_06": "3428", "GR_ID_07": "3428", "GR_ID_08": "3428", "GR_ID_09": "1100", "GR_ID_10": "1100", "GR_ID_11": "1100", "GR_ID_12": "1100", "ES_GRADE": "K-8", "MS_GRADE": "K-8", "HS_GRADE": "9-12", "Shape__Area": 1502655.79296875, "Shape__Length": 5477.9111808971102 }, "geometry": { "type": "Polygon", "coordinates": [ [ [ -75.230249848499994, 39.960665383439697 ], [ -75.229787494452296, 39.9606084384613 ], [ -75.229265226603303, 39.960544666558903 ], [ -75.228648248695805, 39.960472900372203 ], [ -75.227977968473098, 39.9603866072679 ], [ -75.227445841747993, 39.960320341577798 ], [ -75.226852962398596, 39.960248069266598 ], [ -75.226211270054705, 39.960168398698997 ], [ -75.224869856517302, 39.960014822544402 ], [ -75.224774380005101, 39.959984358591299 ], [ -75.224215011875401, 39.959908781748602 ], [ -75.223886128291994, 39.959871227636498 ], [ -75.222902856256994, 39.959754440770297 ], [ -75.222398630057498, 39.9596896300704 ], [ -75.221911285511396, 39.959635182110603 ], [ -75.220922706265398, 39.959514435537002 ], [ -75.221088487269199, 39.958741031083697 ], [ -75.221247000125004, 39.957993187086203 ], [ -75.221400551873799, 39.957236357842802 ], [ -75.221495671237406, 39.956839800837201 ], [ -75.221562014409997, 39.956470947795196 ], [ -75.221689182169996, 39.955863426133902 ], [ -75.221800082069507, 39.955328935861203 ], [ -75.221925376300604, 39.954732320769097 ], [ -75.222039459727597, 39.954182588006297 ], [ -75.222059374557602, 39.954112027209298 ], [ -75.222194629232803, 39.953423060034901 ], [ -75.222281831591602, 39.953049064824398 ], [ -75.222437706181694, 39.952289920666303 ], [ -75.222591758656904, 39.951528681937504 ], [ -75.220618720239401, 39.951284614220398 ], [ -75.220778257128799, 39.950522140633197 ], [ -75.220938671331197, 39.949735464659497 ], [ -75.222916885368903, 39.949984516271698 ], [ -75.224894914303903, 39.9502233742299 ], [ -75.226871363268501, 39.950469874671597 ], [ -75.228848617647799, 39.950715055611802 ], [ -75.230638093477296, 39.950931767612701 ], [ -75.230326301661805, 39.952484623528299 ], [ -75.230208566518897, 39.953004402143101 ], [ -75.230114716338804, 39.953465866625898 ], [ -75.230001435660597, 39.954005542341797 ], [ -75.231254530902504, 39.954152788037803 ], [ -75.2321549776441, 39.954271269383497 ], [ -75.232047640001497, 39.954789920924597 ], [ -75.231939645232799, 39.955328123106597 ], [ -75.2319131134591, 39.955421281306798 ], [ -75.231803043386293, 39.955957677299303 ], [ -75.231676774718906, 39.956553305934698 ], [ -75.231559187375495, 39.957111069660399 ], [ -75.231441026769104, 39.957698048138298 ], [ -75.231280179665603, 39.958458005132798 ], [ -75.231116006893899, 39.959219394516197 ], [ -75.230963537309705, 39.9599634577445 ], [ -75.230804766996201, 39.960731375118201 ], [ -75.230249848499994, 39.960665383439697 ] ] ] } },
{ "type": "Feature", "properties": { "OBJECTID": 33, "ES_ID": "1340", "ES_NAME": "Lea, Henry C", "MS_ID": "1340", "MS_NAME": "Lea, Henry C", "HS_ID": "1020", "HS_NAME": "West Philadelphia HS", "GR_ID_K": "1340", "GR_ID_01": "1340", "GR_ID_02": "1340", "GR_ID_03": "1340", "GR_ID_04": "1340", "GR_ID_05": "1340", "GR_ID_06": "1340", "GR_ID_07": "1340", "GR_ID_08": "1340", "GR_ID_09": "1020", "GR_ID_10": "1020", "GR_ID_11": "1020", "GR_ID_12": "1020", "ES_GRADE": "K-8", "MS_GRADE": "K-8", "HS_GRADE": "9-12", "Shape__Area": 871779.65234375, "Shape__Length": 4255.6834047305301 }, "geometry": { "type": "Polygon", "coordinates": [ [ [ -75.219424293116404, 39.956988801826697 ], [ -75.2174850036278, 39.956748216530301 ], [ -75.215474175057395, 39.956498937631103 ], [ -75.214485737419096, 39.956375242548702 ], [ -75.213500667514893, 39.956253063044301 ], [ -75.213658428243505, 39.955491548350999 ], [ -75.213899849042306, 39.954349628564898 ], [ -75.214149266321499, 39.9531343598536 ], [ -75.214220335774797, 39.952806006599197 ], [ -75.214375558995798, 39.952062961516503 ], [ -75.216351887143503, 39.952311818753799 ], [ -75.216432432686403, 39.951911623329799 ], [ -75.216504638189207, 39.9515559864791 ], [ -75.216589832350806, 39.951168653618097 ], [ -75.216662267244402, 39.950791654528601 ], [ -75.216829172738301, 39.950031717832402 ], [ -75.216998550095397, 39.949243244087903 ], [ -75.217124127302796, 39.948619961090898 ], [ -75.219237560274905, 39.948377273167203 ], [ -75.221239102216202, 39.948170406784499 ], [ -75.2212510961199, 39.948285804518697 ], [ -75.221089653186993, 39.949035797346198 ], [ -75.220938671331197, 39.949735464659497 ], [ -75.220778257128799, 39.950522140633197 ], [ -75.220618720239401, 39.951284614220398 ], [ -75.222591758656904, 39.951528681937504 ], [ -75.222437706181694, 39.952289920666303 ], [ -75.222281831591602, 39.953049064824398 ], [ -75.222194629232803, 39.953423060034901 ], [ -75.222059374557602, 39.954112027209298 ], [ -75.222039459727597, 39.954182588006297 ], [ -75.221925376300604, 39.954732320769097 ], [ -75.221800082069507, 39.955328935861203 ], [ -75.221689182169996, 39.955863426133902 ], [ -75.221562014409997, 39.956470947795196 ], [ -75.221495671237406, 39.956839800837201 ], [ -75.221400551873799, 39.957236357842802 ], [ -75.221313865, 39.9572219431072 ], [ -75.219424293116404, 39.956988801826697 ] ] ] } },
{ "type": "Feature", "properties": { "OBJECTID": 34, "ES_ID": "1350", "ES_NAME": "Longstreth, William", "MS_ID": "1350", "MS_NAME": "Longstreth, William", "HS_ID": "1010", "HS_NAME": "Bartram, John", "GR_ID_K": "1350", "GR_ID_01": "1350", "GR_ID_02": "1350", "GR_ID_03": "1350", "GR_ID_04": "1350", "GR_ID_05": "1350", "GR_ID_06": "1350", "GR_ID_07": "1350", "GR_ID_08": "1350", "GR_ID_09": "1010", "GR_ID_10": "1010", "GR_ID_11": "1010", "GR_ID_12": "1010", "ES_GRADE": "K-8", "MS_GRADE": "K-8", "HS_GRADE": "9-12", "Shape__Area": 1157777.0625, "Shape__Length": 5821.4357083123596 }, "geometry": { "type": "Polygon", "coordinates": [ [ [ -75.233225354530902, 39.944146005645997 ], [ -75.232820647664099, 39.943800003687102 ], [ -75.232322532051697, 39.943379246735098 ], [ -75.230948960749998, 39.944345610209801 ], [ -75.230460207987605, 39.943932482957798 ], [ -75.230053004149795, 39.943589983096899 ], [ -75.229555050416806, 39.943177503746199 ], [ -75.229062404014101, 39.942763163758997 ], [ -75.228651367062, 39.942415316138799 ], [ -75.228166521373495, 39.941992177706098 ], [ -75.227916883917501, 39.941787608808397 ], [ -75.227703628671804, 39.941612854243402 ], [ -75.227338676787397, 39.941301469315 ], [ -75.226888013463807, 39.940916975604097 ], [ -75.2263941991297, 39.940511219383701 ], [ -75.226212072476201, 39.9403474821233 ], [ -75.225983836730805, 39.9401474467832 ], [ -75.225745928792804, 39.9399539168353 ], [ -75.225482927174397, 39.939734253788899 ], [ -75.225953416159797, 39.939407313575799 ], [ -75.226385937721503, 39.9391052569352 ], [ -75.226856980037496, 39.938776163884803 ], [ -75.227385697853805, 39.938401999233498 ], [ -75.227833574552207, 39.938086510596001 ], [ -75.2283606587891, 39.937709644211999 ], [ -75.228845068485398, 39.937367540390902 ], [ -75.229230313582093, 39.937100521981698 ], [ -75.229728539024904, 39.936752155408698 ], [ -75.231098632245605, 39.935782281289299 ], [ -75.232726411942394, 39.934646667588197 ], [ -75.233051234410397, 39.934451200466903 ], [ -75.233168594840393, 39.934411516613501 ], [ -75.233286793163998, 39.934385233527998 ], [ -75.233417866205798, 39.934359571610898 ], [ -75.233579273841201, 39.934337506087097 ], [ -75.233696667197407, 39.934332862168397 ], [ -75.233863897272599, 39.934354175414697 ], [ -75.234142882465406, 39.9344214797623 ], [ -75.234298285438001, 39.934491786765101 ], [ -75.234533135263803, 39.934602172595298 ], [ -75.234885374973302, 39.934638462143297 ], [ -75.235161432961903, 39.934650595772197 ], [ -75.235375691648002, 39.934624886114698 ], [ -75.235607085560005, 39.934563060511501 ], [ -75.235920445216806, 39.934450562705202 ], [ -75.236649389280302, 39.9339142396055 ], [ -75.236663572668903, 39.934095609050601 ], [ -75.236653124145803, 39.9342129455449 ], [ -75.236605185364198, 39.934352974606398 ], [ -75.236555161244297, 39.934549387288698 ], [ -75.236525532249004, 39.934689816695901 ], [ -75.236470445711703, 39.934857902831901 ], [ -75.236394363781102, 39.935180716237397 ], [ -75.2363214863406, 39.935334304606798 ], [ -75.236171864580001, 39.935415671883298 ], [ -75.236015098454899, 39.935525098842398 ], [ -75.235864780647404, 39.935625260561601 ], [ -75.235665805936193, 39.9357196539952 ], [ -75.235460029429703, 39.935832708954003 ], [ -75.235265593517497, 39.935969523702397 ], [ -75.234981004503098, 39.936231333133797 ], [ -75.234921897173294, 39.936342898391501 ], [ -75.234923652404902, 39.936460502417901 ], [ -75.234918435808595, 39.936601466843101 ], [ -75.234847987929797, 39.9366892727951 ], [ -75.234775010418304, 39.9367629136365 ], [ -75.234745726961293, 39.936893943861598 ], [ -75.234788820619698, 39.937050075552399 ], [ -75.234783429813007, 39.937195738453902 ], [ -75.234802278390603, 39.937346637030998 ], [ -75.234871180600095, 39.937465711781002 ], [ -75.234922639100901, 39.9375608933777 ], [ -75.234970273458401, 39.937759447928002 ], [ -75.234977438164705, 39.937895979757101 ], [ -75.234984604002804, 39.9380325134115 ], [ -75.2350051956615, 39.938136422688203 ], [ -75.235075663906102, 39.9382132091567 ], [ -75.235164789984793, 39.938281000992603 ], [ -75.2352973424954, 39.938330933023103 ], [ -75.235491458664995, 39.938368107735897 ], [ -75.235783414419203, 39.938402723729297 ], [ -75.235947703016507, 39.938420432814397 ], [ -75.236148618776397, 39.938438944465403 ], [ -75.236349187084699, 39.938466852736703 ], [ -75.236501792190893, 39.938470197177601 ], [ -75.236685609858895, 39.938455416215497 ], [ -75.236881637322199, 39.938440900696499 ], [ -75.2371462014939, 39.938390266311799 ], [ -75.237450788691902, 39.938331102619898 ], [ -75.2376236155078, 39.938283158838601 ], [ -75.237771157529593, 39.938258175133001 ], [ -75.237967531462104, 39.938234262582498 ], [ -75.238175071937107, 39.938238808003803 ], [ -75.238328022837905, 39.9382327503114 ], [ -75.238499806864695, 39.938212999745701 ], [ -75.238738910030094, 39.9381900188421 ], [ -75.238874242808905, 39.938164767303199 ], [ -75.239009228328797, 39.938148911684699 ], [ -75.239186074088906, 39.938157486462501 ], [ -75.239338502694594, 39.938165526469597 ], [ -75.239454655068201, 39.938163365834697 ], [ -75.239564876140804, 39.938156372065201 ], [ -75.239711376992901, 39.938159578636302 ], [ -75.239821077313593, 39.938166682795099 ], [ -75.239924325672305, 39.938183051125598 ], [ -75.240039089792205, 39.938218479631701 ], [ -75.240141472998502, 39.938258341176599 ], [ -75.240260431077004, 39.938345592717297 ], [ -75.240411748462606, 39.938466468202797 ], [ -75.240594559084997, 39.938644465394503 ], [ -75.240713345040803, 39.938736412256603 ], [ -75.240764466866906, 39.938840989141703 ], [ -75.2407411232019, 39.9389768528956 ], [ -75.240700506552102, 39.939084125919202 ], [ -75.240629022682995, 39.939200125472297 ], [ -75.240546198358601, 39.9392923663234 ], [ -75.240426747341601, 39.939383805716602 ], [ -75.240344094956299, 39.939471345202897 ], [ -75.240242436642404, 39.9395772815068 ], [ -75.240145668285393, 39.9397162434583 ], [ -75.240018547975197, 39.939849836130598 ], [ -75.239952993549494, 39.939970670054699 ], [ -75.239893787953505, 39.940048206856098 ], [ -75.239441700145704, 39.9398286957192 ], [ -75.239207785553901, 39.939744513079297 ], [ -75.239002979468097, 39.939727865164301 ], [ -75.238733669543706, 39.939746296665099 ], [ -75.238453771339806, 39.9398374753507 ], [ -75.238081641656905, 39.940072594630102 ], [ -75.237873240705298, 39.940153176133499 ], [ -75.237737796851903, 39.940183657131001 ], [ -75.237587241287798, 39.940195564505999 ], [ -75.237201309510297, 39.940162782266398 ], [ -75.237082779993401, 39.9401632280805 ], [ -75.236931550287693, 39.940193363176299 ], [ -75.236762731324404, 39.940271766399199 ], [ -75.236608672876699, 39.940374610677402 ], [ -75.235036331597897, 39.941483145801698 ], [ -75.233831310795097, 39.942325641378297 ], [ -75.234323060203295, 39.942750124605801 ], [ -75.234532283935394, 39.942916287913697 ], [ -75.234735387722097, 39.9430963388102 ], [ -75.235221708980902, 39.943503731351903 ], [ -75.234602380095296, 39.9439552839385 ], [ -75.234476238363499, 39.9440362804838 ], [ -75.234187529171095, 39.944246876751002 ], [ -75.233719946393293, 39.944568365987102 ], [ -75.233225354530902, 39.944146005645997 ] ] ] } },
{ "type": "Feature", "properties": { "OBJECTID": 35, "ES_ID": "1360", "ES_NAME": "McMichael, Morton", "MS_ID": "1360", "MS_NAME": "McMichael, Morton", "HS_ID": "1020", "HS_NAME": "West Philadelphia HS", "GR_ID_K": "1360", "GR_ID_01": "1360", "GR_ID_02": "1360", "GR_ID_03": "1360", "GR_ID_04": "1360", "GR_ID_05": "1360", "GR_ID_06": "1360", "GR_ID_07": "1360", "GR_ID_08": "1360", "GR_ID_09": "1020", "GR_ID_10": "1020", "GR_ID_11": "1020", "GR_ID_12": "1020", "ES_GRADE": "K-8", "MS_GRADE": "K-8", "HS_GRADE": "9-12", "Shape__Area": 2235954.07421875, "Shape__Length": 7123.2442909600304 }, "geometry": { "type": "Polygon", "coordinates": [ [ [ -75.185594475359395, 39.966916179311802 ], [ -75.1848510017807, 39.966149558936202 ], [ -75.184358386756699, 39.965558356444497 ], [ -75.183650515730804, 39.964580259221798 ], [ -75.183547322408899, 39.964445388058103 ], [ -75.183474036256499, 39.9643496030709 ], [ -75.183746693850793, 39.964287627811601 ], [ -75.184314594408306, 39.964113986963298 ], [ -75.184447357556706, 39.964055650084298 ], [ -75.184573013420504, 39.964007780653297 ], [ -75.184733446285904, 39.963958500091898 ], [ -75.185055263975002, 39.963829899200199 ], [ -75.185212753808798, 39.963766964063502 ], [ -75.185355715033694, 39.963724300145103 ], [ -75.185651529036306, 39.963636021311501 ], [ -75.186440371459, 39.963490308158299 ], [ -75.186745228586901, 39.963454778185501 ], [ -75.187418060296196, 39.963376356954903 ], [ -75.188027857979506, 39.963303419723204 ], [ -75.188488722345099, 39.963257088555203 ], [ -75.189940619320794, 39.9630924758414 ], [ -75.191392686263399, 39.962931104048302 ], [ -75.191479163277606, 39.962929778953999 ], [ -75.192519758178307, 39.9628180442866 ], [ -75.192848430722094, 39.962778995287799 ], [ -75.194198510229498, 39.962631902711003 ], [ -75.194300036688801, 39.962616126115797 ], [ -75.195749785413199, 39.962456858180801 ], [ -75.1971996095251, 39.962296475433298 ], [ -75.199438761164103, 39.962051436872898 ], [ -75.199545804764497, 39.9626212445934 ], [ -75.199649961259297, 39.963175900651599 ], [ -75.199757569018402, 39.963786295602702 ], [ -75.199861635935505, 39.964345708494001 ], [ -75.199963462710599, 39.964904671410899 ], [ -75.200066654844207, 39.9654629293155 ], [ -75.200172916061902, 39.966014618479697 ], [ -75.200274990714902, 39.966576190397198 ], [ -75.200378444372703, 39.967133543679502 ], [ -75.200482873471302, 39.967689506621298 ], [ -75.200587270160696, 39.968233367300797 ], [ -75.200684287464696, 39.968756576833499 ], [ -75.198740793309597, 39.968972814491998 ], [ -75.203604005671295, 39.970270105421797 ], [ -75.203635031365096, 39.970440411580803 ], [ -75.203653711860994, 39.970544778586103 ], [ -75.203724353154499, 39.970937977561803 ], [ -75.203726230824302, 39.970948211387402 ], [ -75.203739569988002, 39.9710216004516 ], [ -75.203488324159693, 39.971022652780803 ], [ -75.203145645540403, 39.971026922665303 ], [ -75.202803959924907, 39.9710436519374 ], [ -75.2024632511839, 39.9710766379864 ], [ -75.202127611563597, 39.971124858950603 ], [ -75.201797060501704, 39.971194159227899 ], [ -75.201471698235693, 39.971277115012498 ], [ -75.2011501258918, 39.971367028744297 ], [ -75.200831823517802, 39.971464366438603 ], [ -75.200518562141298, 39.971569957654999 ], [ -75.200208367627795, 39.971682389041902 ], [ -75.199903113269698, 39.971803260095001 ], [ -75.199611447325793, 39.971939555750502 ], [ -75.199333506642304, 39.972093304616401 ], [ -75.199067752031695, 39.972261271305399 ], [ -75.198820745643602, 39.972443810830697 ], [ -75.198381669645201, 39.972845433003897 ], [ -75.198175523073104, 39.973056241529903 ], [ -75.197971519329101, 39.973268549790198 ], [ -75.197764460538295, 39.973478539954698 ], [ -75.197696053368404, 39.973560675057399 ], [ -75.1974785421353, 39.973765519074298 ], [ -75.197245260109696, 39.973961218955999 ], [ -75.197010850898494, 39.974152909967103 ], [ -75.196771504495402, 39.974340977653199 ], [ -75.1965272289154, 39.974525582541098 ], [ -75.196278888514698, 39.974707033958801 ], [ -75.196027364850096, 39.974885619999903 ], [ -75.195773821082099, 39.975062144101898 ], [ -75.195757902553794, 39.9750730010051 ], [ -75.195414020156903, 39.9751115327077 ], [ -75.194900421733095, 39.975171191167398 ], [ -75.194663137050597, 39.975195993991697 ], [ -75.194629312121705, 39.975199529568101 ], [ -75.194612399070806, 39.975201297339503 ], [ -75.194405951550706, 39.975222876856897 ], [ -75.194387982690401, 39.975224754431402 ], [ -75.194352051953899, 39.975228510628803 ], [ -75.194234054337997, 39.975240843906803 ], [ -75.193169451813205, 39.975352115604998 ], [ -75.193069980962093, 39.975233938729602 ], [ -75.192677886109095, 39.9745648973309 ], [ -75.192517027832395, 39.974287656643497 ], [ -75.191857813251204, 39.972744663800299 ], [ -75.191571759922198, 39.971549607584002 ], [ -75.191172660570203, 39.970182221066104 ], [ -75.190535083734403, 39.969531209326099 ], [ -75.189005087370205, 39.968648014004998 ], [ -75.187070862649307, 39.967755770818698 ], [ -75.185594475359395, 39.966916179311802 ] ] ] } },
{ "type": "Feature", "properties": { "OBJECTID": 36, "ES_ID": "1370", "ES_NAME": "Mitchell, Weir", "MS_ID": "1370", "MS_NAME": "Mitchell, Weir", "HS_ID": "1010", "HS_NAME": "Bartram, John", "GR_ID_K": "1370", "GR_ID_01": "1370", "GR_ID_02": "1370", "GR_ID_03": "1370", "GR_ID_04": "1370", "GR_ID_05": "1370", "GR_ID_06": "1370", "GR_ID_07": "1370", "GR_ID_08": "1370", "GR_ID_09": "1010", "GR_ID_10": "1010", "GR_ID_11": "1010", "GR_ID_12": "1010", "ES_GRADE": "K-8", "MS_GRADE": "K-8", "HS_GRADE": "9-12", "Shape__Area": 1384878.59375, "Shape__Length": 5242.2544522066601 }, "geometry": { "type": "Polygon", "coordinates": [ [ [ -75.223545814845394, 39.940211678476999 ], [ -75.222907865649802, 39.939689257112498 ], [ -75.222098172228101, 39.938997101609303 ], [ -75.221640004266305, 39.938617179950903 ], [ -75.221142484930795, 39.9382077657324 ], [ -75.220734538089403, 39.937859923918303 ], [ -75.2202450104826, 39.9374477868868 ], [ -75.219615819991006, 39.936910120434703 ], [ -75.218986194182705, 39.9363785611963 ], [ -75.217812889299793, 39.935366733016401 ], [ -75.218236331434895, 39.935069902475803 ], [ -75.218637849992007, 39.9347990372301 ], [ -75.219183448108396, 39.934415909515202 ], [ -75.219697098935697, 39.934056539349399 ], [ -75.220152168402095, 39.933744867543801 ], [ -75.220313171058606, 39.933623530488802 ], [ -75.220549136366401, 39.933459683186399 ], [ -75.221734590820901, 39.934439643957603 ], [ -75.222485424407594, 39.933914012789401 ], [ -75.223221764702501, 39.933398620951003 ], [ -75.223727785186597, 39.9330412393657 ], [ -75.224121085134897, 39.932758364328699 ], [ -75.224595701219997, 39.932419807575798 ], [ -75.225412055919506, 39.931848513043299 ], [ -75.227599752400494, 39.930317466323601 ], [ -75.229224738286305, 39.929181314363802 ], [ -75.229940105775896, 39.929620523737803 ], [ -75.230106437810306, 39.929720522419998 ], [ -75.230704688866993, 39.930080190986097 ], [ -75.231365166354195, 39.9304873449816 ], [ -75.231801046717493, 39.930745873347497 ], [ -75.232037032990903, 39.930878676687698 ], [ -75.232335672632999, 39.931104199855 ], [ -75.232772161168597, 39.931526445171002 ], [ -75.233159590311701, 39.9318504855367 ], [ -75.233577761444494, 39.932207118666398 ], [ -75.232569061849105, 39.932921922097499 ], [ -75.232983129648503, 39.933282000947699 ], [ -75.231960499271395, 39.933994134951199 ], [ -75.232130790905401, 39.934145044350302 ], [ -75.232726411942394, 39.934646667588197 ], [ -75.231098632245605, 39.935782281289299 ], [ -75.229728539024904, 39.936752155408698 ], [ -75.229230313582093, 39.937100521981698 ], [ -75.228845068485398, 39.937367540390902 ], [ -75.2283606587891, 39.937709644211999 ], [ -75.227833574552207, 39.938086510596001 ], [ -75.227385697853805, 39.938401999233498 ], [ -75.226856980037496, 39.938776163884803 ], [ -75.226385937721503, 39.9391052569352 ], [ -75.225953416159797, 39.939407313575799 ], [ -75.225482927174397, 39.939734253788899 ], [ -75.224116490526697, 39.940700457925502 ], [ -75.223545814845394, 39.940211678476999 ] ] ] } },
{ "type": "Feature", "properties": { "OBJECTID": 37, "ES_ID": "1380", "ES_NAME": "Morton, Thomas G", "MS_ID": "1130", "MS_NAME": "Tilden, William", "HS_ID": "1010", "HS_NAME": "Bartram, John", "GR_ID_K": "1380", "GR_ID_01": "1380", "GR_ID_02": "1380", "GR_ID_03": "1380", "GR_ID_04": "1380", "GR_ID_05": "1380", "GR_ID_06": "1130", "GR_ID_07": "1130", "GR_ID_08": "1130", "GR_ID_09": "1010", "GR_ID_10": "1010", "GR_ID_11": "1010", "GR_ID_12": "1010", "ES_GRADE": "K-5", "MS_GRADE": "5-8", "HS_GRADE": "9-12", "Shape__Area": 4953155.85546875, "Shape__Length": 10351.915379873701 }, "geometry": { "type": "Polygon", "coordinates": [ [ [ -75.220549136366401, 39.933459683186399 ], [ -75.219117877865202, 39.932244455209002 ], [ -75.218722056628494, 39.931919605927199 ], [ -75.217733706567898, 39.931083876443203 ], [ -75.217416822640502, 39.930855025381703 ], [ -75.217130082319102, 39.930741137461297 ], [ -75.216477090950306, 39.930467881775002 ], [ -75.215752666789399, 39.930171195320497 ], [ -75.214923776662204, 39.929847310103298 ], [ -75.214230908348497, 39.929568278981598 ], [ -75.213921023325099, 39.929421057423603 ], [ -75.213475795505303, 39.929335335185002 ], [ -75.211934252256498, 39.9293126091315 ], [ -75.210745338717402, 39.929275260399002 ], [ -75.211162322017998, 39.928414286200599 ], [ -75.211578089453099, 39.927616890983899 ], [ -75.212149005954004, 39.926355952086901 ], [ -75.212405275023201, 39.925399365312899 ], [ -75.212559798848304, 39.924214113779698 ], [ -75.212369516024197, 39.923403306539797 ], [ -75.211956232817201, 39.922658314372299 ], [ -75.211118487277901, 39.921960527532399 ], [ -75.209943151736098, 39.921198653462 ], [ -75.208884951122698, 39.920991246371798 ], [ -75.207712876454295, 39.920880360100398 ], [ -75.206480425728202, 39.920909631515798 ], [ -75.205242683379595, 39.921080279562702 ], [ -75.203755263741201, 39.921047259051903 ], [ -75.202623456839106, 39.920597593409497 ], [ -75.202041321718795, 39.9199478687583 ], [ -75.201996309732195, 39.919790004325101 ], [ -75.206348815895694, 39.918989635081502 ], [ -75.207037485434199, 39.918834795734398 ], [ -75.207454079223595, 39.918704849071503 ], [ -75.208329130391107, 39.918399483932703 ], [ -75.208703490349393, 39.918307808305698 ], [ -75.215825750088598, 39.916965613461201 ], [ -75.218387512677296, 39.916481040344202 ], [ -75.219248220215604, 39.916313047999303 ], [ -75.2198726889292, 39.916209091775897 ], [ -75.220079156189897, 39.916156372969702 ], [ -75.221062298875694, 39.916033677020899 ], [ -75.225827418205199, 39.915886033780801 ], [ -75.225815496605904, 39.916103090408299 ], [ -75.226103013872802, 39.916912032148602 ], [ -75.226381719419706, 39.9169537689245 ], [ -75.226533108163196, 39.916932345093201 ], [ -75.226753970169398, 39.916843622713898 ], [ -75.226863790233097, 39.916958533629703 ], [ -75.226957053028201, 39.917089005233599 ], [ -75.227003564890197, 39.917204049166699 ], [ -75.227067114912302, 39.917427585085598 ], [ -75.227139792748005, 39.917584042457101 ], [ -75.227234315016304, 39.9176805486536 ], [ -75.2273750087775, 39.917807244030797 ], [ -75.2276375755537, 39.918017074999597 ], [ -75.227873832114597, 39.918223888492498 ], [ -75.228293322838397, 39.918563821079701 ], [ -75.228768755034295, 39.918976632186897 ], [ -75.230171153313506, 39.920154907821399 ], [ -75.230667393646598, 39.920578794194398 ], [ -75.231566911898796, 39.921340987808598 ], [ -75.231851193665094, 39.921571713775499 ], [ -75.232066402727099, 39.921762564105101 ], [ -75.232254946491594, 39.921920405237401 ], [ -75.232496761131799, 39.922117820610801 ], [ -75.232694197929604, 39.922287197068997 ], [ -75.232973962706694, 39.922519648137097 ], [ -75.233409012968195, 39.9228942366666 ], [ -75.233664390741396, 39.923115436069402 ], [ -75.233965616961001, 39.923367453046403 ], [ -75.234201281633204, 39.923557689273999 ], [ -75.234370983582494, 39.923703403972603 ], [ -75.234774352369598, 39.924033586428102 ], [ -75.235137865903596, 39.924337167165298 ], [ -75.235569407354902, 39.924713218833297 ], [ -75.235136358492895, 39.925022100920401 ], [ -75.234774620446203, 39.925273610583403 ], [ -75.234330055622905, 39.925582251603203 ], [ -75.233711384101397, 39.926031387708697 ], [ -75.233102586480499, 39.926461200164297 ], [ -75.232181620790001, 39.927094143985599 ], [ -75.231715956955398, 39.927411486077801 ], [ -75.231140955327902, 39.9278017913947 ], [ -75.230786612045904, 39.928067718835798 ], [ -75.230657179647807, 39.9281671547595 ], [ -75.229224738286305, 39.929181314363802 ], [ -75.227599752400494, 39.930317466323601 ], [ -75.225412055919506, 39.931848513043299 ], [ -75.224595701219997, 39.932419807575798 ], [ -75.224121085134897, 39.932758364328699 ], [ -75.223727785186597, 39.9330412393657 ], [ -75.223221764702501, 39.933398620951003 ], [ -75.222485424407594, 39.933914012789401 ], [ -75.221734590820901, 39.934439643957603 ], [ -75.220549136366401, 39.933459683186399 ] ] ] } },
{ "type": "Feature", "properties": { "OBJECTID": 38, "ES_ID": "1390", "ES_NAME": "Powel, Samuel", "MS_ID": "2050", "MS_NAME": "Science Leadership Academy Middle School", "HS_ID": "1020", "HS_NAME": "West Philadelphia HS", "GR_ID_K": "1390", "GR_ID_01": "1390", "GR_ID_02": "1390", "GR_ID_03": "1390", "GR_ID_04": "1390", "GR_ID_05": "2050", "GR_ID_06": "2050", "GR_ID_07": "2050", "GR_ID_08": "2050", "GR_ID_09": "1020", "GR_ID_10": "1020", "GR_ID_11": "1020", "GR_ID_12": "1020", "ES_GRADE": "K-4", "MS_GRADE": "5-7", "HS_GRADE": "9-12", "Shape__Area": 6534939.9375, "Shape__Length": 11010.6398142572 }, "geometry": { "type": "Polygon", "coordinates": [ [ [ -75.181076861334901, 39.961635865247601 ], [ -75.180221992005599, 39.960413886806002 ], [ -75.180052856582094, 39.960140134507498 ], [ -75.179977606298706, 39.960018337716697 ], [ -75.179840768801796, 39.959796855432401 ], [ -75.179480510698198, 39.958868971213199 ], [ -75.179296944205007, 39.957888439831997 ], [ -75.179366325182599, 39.957026784694698 ], [ -75.179525424887501, 39.956223742284202 ], [ -75.179568671056202, 39.956131106954601 ], [ -75.179864456781999, 39.955497504779103 ], [ -75.179901279724007, 39.955418626247599 ], [ -75.180185734569704, 39.954809286045901 ], [ -75.180312692665098, 39.954492249241099 ], [ -75.180449704152593, 39.954150103764697 ], [ -75.181036023940095, 39.9530073502386 ], [ -75.181253642318296, 39.952583197868897 ], [ -75.181743505969195, 39.951528550944403 ], [ -75.181774057845601, 39.951462770960099 ], [ -75.182436615431399, 39.950472884264499 ], [ -75.183015522696806, 39.9497499901914 ], [ -75.183678259505697, 39.9492412308377 ], [ -75.184662581508604, 39.9484990958506 ], [ -75.1863837034266, 39.947265741802298 ], [ -75.186769504511801, 39.946989600315 ], [ -75.186871978139095, 39.946922634938403 ], [ -75.187354979609793, 39.946607537813399 ], [ -75.187924721789003, 39.946235847572602 ], [ -75.188258433648102, 39.946018136914503 ], [ -75.188893423913896, 39.9455338855823 ], [ -75.189394191201799, 39.945151986926199 ], [ -75.189460602869005, 39.945092840570098 ], [ -75.189854650685206, 39.944741896793197 ], [ -75.190231215270302, 39.944406518449902 ], [ -75.190681520807502, 39.943990042021497 ], [ -75.190993148588404, 39.943701821813796 ], [ -75.191060292819898, 39.943644750642001 ], [ -75.191575189558407, 39.943207098418597 ], [ -75.191771838773306, 39.943039947011798 ], [ -75.192532941538801, 39.942604095740698 ], [ -75.193647383037799, 39.942289307968501 ], [ -75.193699158902604, 39.942288187772199 ], [ -75.193869705497306, 39.942284404858299 ], [ -75.194604497239695, 39.942268186568803 ], [ -75.195777980975393, 39.9423509288616 ], [ -75.196923753073506, 39.942687759590001 ], [ -75.197953416082001, 39.9431776693797 ], [ -75.199094915883606, 39.943613420509401 ], [ -75.199966906077293, 39.943887524299598 ], [ -75.200429307649998, 39.943952229602502 ], [ -75.200808565119203, 39.944005291280398 ], [ -75.201616207452105, 39.9439776596653 ], [ -75.201811684008106, 39.943970965187098 ], [ -75.203056290324696, 39.943630690191398 ], [ -75.203295993863406, 39.944091074118496 ], [ -75.204606673648598, 39.943962515052803 ], [ -75.205328270100907, 39.944089173878197 ], [ -75.205283378311407, 39.944165043520698 ], [ -75.205376017780594, 39.945067204724801 ], [ -75.206961934671099, 39.946670312135403 ], [ -75.206975561401293, 39.946842523959198 ], [ -75.2056584272283, 39.948062169672902 ], [ -75.205170513396297, 39.948531538289899 ], [ -75.205035014410896, 39.948542423845701 ], [ -75.204527808427699, 39.948737288034003 ], [ -75.203765720676202, 39.949010310441402 ], [ -75.203015228053602, 39.949290794315701 ], [ -75.201413899792698, 39.949769303727003 ], [ -75.201159316142594, 39.9498485066553 ], [ -75.201290286158397, 39.949888106520298 ], [ -75.201490825241905, 39.949954205189002 ], [ -75.201587068985802, 39.949985926971102 ], [ -75.203462952946495, 39.949933279522 ], [ -75.203305472722704, 39.950693182274797 ], [ -75.203192379412201, 39.951212531668098 ], [ -75.203143068294196, 39.9514330696516 ], [ -75.203086285824796, 39.9517549147061 ], [ -75.203073809590705, 39.951839178989701 ], [ -75.202958342231, 39.952378725595999 ], [ -75.202829809306905, 39.952979313415497 ], [ -75.202743930800906, 39.953393386986299 ], [ -75.202592253235395, 39.954121779114303 ], [ -75.2024305090669, 39.954880132121701 ], [ -75.202275883633106, 39.955639439549202 ], [ -75.202117431538397, 39.956385617995302 ], [ -75.201956438786496, 39.957158458262001 ], [ -75.201836041438895, 39.957880701296197 ], [ -75.201973600121505, 39.959185925026098 ], [ -75.202104614057902, 39.960415413278497 ], [ -75.202197722526805, 39.961257641020602 ], [ -75.202237099140802, 39.9616528195019 ], [ -75.202268269507897, 39.961953079573497 ], [ -75.202300388553596, 39.9622562439096 ], [ -75.202363700771599, 39.962868738269002 ], [ -75.202371861263202, 39.962961741886502 ], [ -75.202374443408502, 39.9630646480189 ], [ -75.202345589411706, 39.963147029508697 ], [ -75.201931427523405, 39.962904553157799 ], [ -75.200768922226203, 39.962297000120401 ], [ -75.200138943535194, 39.961972121622097 ], [ -75.199438761164103, 39.962051436872898 ], [ -75.1971996095251, 39.962296475433298 ], [ -75.195749785413199, 39.962456858180801 ], [ -75.194300036688801, 39.962616126115797 ], [ -75.194198510229498, 39.962631902711003 ], [ -75.192848430722094, 39.962778995287799 ], [ -75.192519758178307, 39.9628180442866 ], [ -75.191479163277606, 39.962929778953999 ], [ -75.191392686263399, 39.962931104048302 ], [ -75.189940619320794, 39.9630924758414 ], [ -75.188488722345099, 39.963257088555203 ], [ -75.188027857979506, 39.963303419723204 ], [ -75.187418060296196, 39.963376356954903 ], [ -75.186745228586901, 39.963454778185501 ], [ -75.186440371459, 39.963490308158299 ], [ -75.185651529036306, 39.963636021311501 ], [ -75.185355715033694, 39.963724300145103 ], [ -75.185212753808798, 39.963766964063502 ], [ -75.185055263975002, 39.963829899200199 ], [ -75.184733446285904, 39.963958500091898 ], [ -75.184573013420504, 39.964007780653297 ], [ -75.184447357556706, 39.964055650084298 ], [ -75.184314594408306, 39.964113986963298 ], [ -75.183746693850793, 39.964287627811601 ], [ -75.183474036256499, 39.9643496030709 ], [ -75.182879422341003, 39.963572440959098 ], [ -75.181960289893695, 39.962589606990697 ], [ -75.181076861334901, 39.961635865247601 ] ] ] } },
{ "type": "Feature", "properties": { "OBJECTID": 39, "ES_ID": "1400", "ES_NAME": "Patterson, John M", "MS_ID": "1130", "MS_NAME": "Tilden, William", "HS_ID": "1010", "HS_NAME": "Bartram, John", "GR_ID_K": "1400", "GR_ID_01": "1400", "GR_ID_02": "1400", "GR_ID_03": "1400", "GR_ID_04": "1400", "GR_ID_05": "1130", "GR_ID_06": "1130", "GR_ID_07": "1130", "GR_ID_08": "1130", "GR_ID_09": "1010", "GR_ID_10": "1010", "GR_ID_11": "1010", "GR_ID_12": "1010", "ES_GRADE": "K-4", "MS_GRADE": "5-8", "HS_GRADE": "9-12", "Shape__Area": 24414647.910156298, "Shape__Length": 25947.497788085901 }, "geometry": { "type": "Polygon", "coordinates": [ [ [ -75.235137865903596, 39.924337167165298 ], [ -75.234774352369598, 39.924033586428102 ], [ -75.234370983582494, 39.923703403972603 ], [ -75.234201281633204, 39.923557689273999 ], [ -75.233965616961001, 39.923367453046403 ], [ -75.233664390741396, 39.923115436069402 ], [ -75.233409012968195, 39.9228942366666 ], [ -75.232973962706694, 39.922519648137097 ], [ -75.232694197929604, 39.922287197068997 ], [ -75.232496761131799, 39.922117820610801 ], [ -75.232254946491594, 39.921920405237401 ], [ -75.232066402727099, 39.921762564105101 ], [ -75.231851193665094, 39.921571713775499 ], [ -75.231566911898796, 39.921340987808598 ], [ -75.230667393646598, 39.920578794194398 ], [ -75.230171153313506, 39.920154907821399 ], [ -75.228768755034295, 39.918976632186897 ], [ -75.228293322838397, 39.918563821079701 ], [ -75.227873832114597, 39.918223888492498 ], [ -75.2276375755537, 39.918017074999597 ], [ -75.2273750087775, 39.917807244030797 ], [ -75.227234315016304, 39.9176805486536 ], [ -75.227139792748005, 39.917584042457101 ], [ -75.227067114912302, 39.917427585085598 ], [ -75.227003564890197, 39.917204049166699 ], [ -75.226957053028201, 39.917089005233599 ], [ -75.226863790233097, 39.916958533629703 ], [ -75.226753970169398, 39.916843622713898 ], [ -75.226533108163196, 39.916932345093201 ], [ -75.226381719419706, 39.9169537689245 ], [ -75.226103013872802, 39.916912032148602 ], [ -75.225815496605904, 39.916103090408299 ], [ -75.225827418205199, 39.915886033780801 ], [ -75.221062298875694, 39.916033677020899 ], [ -75.220079156189897, 39.916156372969702 ], [ -75.2198726889292, 39.916209091775897 ], [ -75.219248220215604, 39.916313047999303 ], [ -75.218387512677296, 39.916481040344202 ], [ -75.215825750088598, 39.916965613461201 ], [ -75.208703490349393, 39.918307808305698 ], [ -75.208329130391107, 39.918399483932703 ], [ -75.207454079223595, 39.918704849071503 ], [ -75.207037485434199, 39.918834795734398 ], [ -75.206348815895694, 39.918989635081502 ], [ -75.201996309732195, 39.919790004325101 ], [ -75.201846408770507, 39.919264294333303 ], [ -75.201946356142997, 39.918558971039502 ], [ -75.202465642764494, 39.917452590033498 ], [ -75.203600031638402, 39.915624022285797 ], [ -75.204110616306096, 39.9145032913354 ], [ -75.204705926225103, 39.913327834718402 ], [ -75.205424448680404, 39.912296620183902 ], [ -75.206360102646997, 39.911355123636497 ], [ -75.207217912242797, 39.9110203803736 ], [ -75.2084822853774, 39.910623889570097 ], [ -75.209493166907095, 39.910617993421702 ], [ -75.212280787601301, 39.910764638282998 ], [ -75.213563174113105, 39.910623206116298 ], [ -75.214647590733904, 39.910123611505199 ], [ -75.215309705778097, 39.909614671897302 ], [ -75.215685429010705, 39.908901285761402 ], [ -75.215698248827593, 39.907571391457097 ], [ -75.215459397421895, 39.905599145665903 ], [ -75.215113262510698, 39.903794336772698 ], [ -75.214688225202195, 39.901888725164802 ], [ -75.214053795255793, 39.900671869783899 ], [ -75.213585035002595, 39.899939806260299 ], [ -75.212112335772602, 39.898294013647899 ], [ -75.211574073623893, 39.897844276714601 ], [ -75.210633574858804, 39.897058438097098 ], [ -75.209539694378805, 39.8963408081094 ], [ -75.208118593033504, 39.895531004883097 ], [ -75.206433662708307, 39.8948992905121 ], [ -75.2046753417209, 39.894265918210699 ], [ -75.2022018815601, 39.893843041053998 ], [ -75.200410958825799, 39.8935909542936 ], [ -75.197920624253499, 39.8928845875351 ], [ -75.197350276687501, 39.892562252636502 ], [ -75.196643390828697, 39.892162745396703 ], [ -75.195378783649005, 39.8908609820881 ], [ -75.195007317607903, 39.889013081426199 ], [ -75.194745997069205, 39.887167634965998 ], [ -75.194352833307093, 39.884187174969497 ], [ -75.194234362072606, 39.8819628341993 ], [ -75.193729717973497, 39.880026829989198 ], [ -75.193251660718104, 39.878192718310103 ], [ -75.194307985864498, 39.8775920277483 ], [ -75.198860957643902, 39.875325179601496 ], [ -75.205793952591904, 39.871579626899099 ], [ -75.211986661092595, 39.867480891417998 ], [ -75.216039927328595, 39.871124362899202 ], [ -75.215791000997001, 39.875050288915602 ], [ -75.215729050868603, 39.876027241919999 ], [ -75.215724374957404, 39.876104913886202 ], [ -75.215902161412899, 39.876068829574301 ], [ -75.216049604979901, 39.876033942678497 ], [ -75.216205914094203, 39.876000236429903 ], [ -75.216361860834894, 39.875964292880901 ], [ -75.216702487533297, 39.875885958524201 ], [ -75.216847673610602, 39.8758524767293 ], [ -75.217015657028298, 39.875816324470897 ], [ -75.217518385687896, 39.875754753482099 ], [ -75.217703279235707, 39.875729090400696 ], [ -75.217861709957006, 39.875710191718902 ], [ -75.218036149303103, 39.87569211868 ], [ -75.218326682547499, 39.875687593612 ], [ -75.218858554953201, 39.8756810811458 ], [ -75.219242876074205, 39.875600896086603 ], [ -75.219446190388297, 39.875553153483402 ], [ -75.219636815702799, 39.875506217828899 ], [ -75.219739021509398, 39.875485603747897 ], [ -75.220867174576597, 39.875579582184599 ], [ -75.221042799870702, 39.875595093932901 ], [ -75.221265997453699, 39.875614189773401 ], [ -75.222085669391504, 39.875683668643397 ], [ -75.222700980790194, 39.875739409140003 ], [ -75.222872353843599, 39.8757600167419 ], [ -75.2231123252202, 39.875788456456398 ], [ -75.223767725036694, 39.875867186642402 ], [ -75.224655923838299, 39.876032428404301 ], [ -75.2248594598979, 39.876069392183403 ], [ -75.225030375007705, 39.876102720255098 ], [ -75.225954490200195, 39.876275983665401 ], [ -75.226868451276204, 39.876412736327701 ], [ -75.227080833343194, 39.877129995220301 ], [ -75.228160961575895, 39.880040618299098 ], [ -75.228424856735998, 39.880670064826901 ], [ -75.228605374716906, 39.881077055078201 ], [ -75.229035036904406, 39.881357314542797 ], [ -75.229545589482697, 39.881872606275103 ], [ -75.229914726945907, 39.882420789716498 ], [ -75.230413306896196, 39.883469878480497 ], [ -75.230670245053005, 39.883904116393197 ], [ -75.232230231025298, 39.887098144945703 ], [ -75.232782788882005, 39.888147549908197 ], [ -75.233249551571504, 39.8889322876623 ], [ -75.233429000200402, 39.8891872836139 ], [ -75.233801243599302, 39.889766695651197 ], [ -75.233867493962507, 39.889876714788201 ], [ -75.233897167759906, 39.889931309796403 ], [ -75.234334678816595, 39.890736227840897 ], [ -75.235172659060098, 39.892124420337197 ], [ -75.235293485704702, 39.8923245760529 ], [ -75.235420389418195, 39.8925347948298 ], [ -75.235534167983403, 39.892723272791798 ], [ -75.2358026854549, 39.893168078045598 ], [ -75.236038792188594, 39.893572685571002 ], [ -75.2366788034698, 39.894609206549099 ], [ -75.236667775690407, 39.894777386061897 ], [ -75.236896466435795, 39.895167783347098 ], [ -75.237326848267799, 39.895835130311099 ], [ -75.2375974481984, 39.896344560732203 ], [ -75.237981433774607, 39.897202930608103 ], [ -75.238438295975499, 39.898543240669298 ], [ -75.238535325673993, 39.898822321739303 ], [ -75.238603988182405, 39.899020014201099 ], [ -75.238822158888397, 39.899766766110801 ], [ -75.238994005014803, 39.900264708394602 ], [ -75.239324049570598, 39.901377816175497 ], [ -75.239835000874606, 39.903186395074101 ], [ -75.240097748240601, 39.904001195482799 ], [ -75.240149114222206, 39.904160481616401 ], [ -75.241135243662796, 39.907218344078998 ], [ -75.241335975545397, 39.907827060737198 ], [ -75.241456346406295, 39.908079371026801 ], [ -75.241689497692306, 39.908470334065903 ], [ -75.241887140047993, 39.909051270091197 ], [ -75.242366121735003, 39.910477626671202 ], [ -75.242662146865598, 39.911392530063402 ], [ -75.243023817872896, 39.912510285125698 ], [ -75.243105909730701, 39.912759637187797 ], [ -75.243228854312903, 39.913121466871999 ], [ -75.243614778122094, 39.913799363178597 ], [ -75.243851265406406, 39.914098883723 ], [ -75.244665575995896, 39.9151194996114 ], [ -75.244937118827707, 39.915459716628597 ], [ -75.245309215267199, 39.915925911653702 ], [ -75.245795709632503, 39.916550569456398 ], [ -75.246310472020596, 39.917185360354601 ], [ -75.245693862256999, 39.917624552183398 ], [ -75.245086412701497, 39.918032706261599 ], [ -75.244368098318006, 39.918524800238501 ], [ -75.243844378361999, 39.918880276673796 ], [ -75.242988521971796, 39.919485700460598 ], [ -75.241417861317103, 39.920589136862901 ], [ -75.240047814325806, 39.921556183785903 ], [ -75.239186483789197, 39.922167197465299 ], [ -75.238402415779007, 39.922712570504402 ], [ -75.237872431227899, 39.923087753468899 ], [ -75.237405125519601, 39.923409399090701 ], [ -75.236886228320301, 39.923769892085403 ], [ -75.236232157187303, 39.924244413929003 ], [ -75.235569407354902, 39.924713218833297 ], [ -75.235137865903596, 39.924337167165298 ] ] ] } },
{ "type": "Feature", "properties": { "OBJECTID": 40, "ES_ID": "1410", "ES_NAME": "Rhoads, James", "MS_ID": "1410", "MS_NAME": "Rhoads, James", "HS_ID": "4020", "HS_NAME": "Overbrook High", "GR_ID_K": "1410", "GR_ID_01": "1410", "GR_ID_02": "1410", "GR_ID_03": "1410", "GR_ID_04": "1410", "GR_ID_05": "1410", "GR_ID_06": "1410", "GR_ID_07": "1410", "GR_ID_08": "1410", "GR_ID_09": "4020", "GR_ID_10": "4020", "GR_ID_11": "4020", "GR_ID_12": "4020", "ES_GRADE": "K-8", "MS_GRADE": "K-8", "HS_GRADE": "9-12", "Shape__Area": 1637581.8203125, "Shape__Length": 6477.1244452703704 }, "geometry": { "type": "Polygon", "coordinates": [ [ [ -75.217769864739495, 39.972636076141001 ], [ -75.217439394948101, 39.972443714960299 ], [ -75.217173767691804, 39.970360464574902 ], [ -75.216998194174707, 39.968978752209097 ], [ -75.216369970974895, 39.969039186944499 ], [ -75.215763968432597, 39.9691031445034 ], [ -75.215291718328004, 39.969150560406803 ], [ -75.214810185192107, 39.969200384886598 ], [ -75.214351947034402, 39.969246672140898 ], [ -75.213847809407298, 39.969297849155602 ], [ -75.213846947169799, 39.969236195303402 ], [ -75.213818894448494, 39.969044180964097 ], [ -75.213797468397701, 39.968840911813302 ], [ -75.2137518658039, 39.968490991081403 ], [ -75.213709364748297, 39.9681351976716 ], [ -75.213651799988597, 39.967705436015898 ], [ -75.213515901955503, 39.966586370478701 ], [ -75.213408732578301, 39.965716715298001 ], [ -75.213377880908595, 39.965474984701899 ], [ -75.213339848352305, 39.965176989067999 ], [ -75.213230325143201, 39.964340574458703 ], [ -75.213709081083707, 39.9643043488201 ], [ -75.214197383084297, 39.964267398737697 ], [ -75.214701939538998, 39.964229216395601 ], [ -75.215164736512506, 39.964197537125898 ], [ -75.216379207738498, 39.964103756454001 ], [ -75.218229720653596, 39.9639652707259 ], [ -75.218296464602901, 39.9644988975679 ], [ -75.218362770426197, 39.965036988138699 ], [ -75.220172785975095, 39.9648535956552 ], [ -75.220113276709995, 39.964368816176197 ], [ -75.220046570083994, 39.963828934982701 ], [ -75.219771325349498, 39.963019373727498 ], [ -75.219695551531501, 39.9625325683756 ], [ -75.219440796805898, 39.960950420849002 ], [ -75.219652216245294, 39.960965571467803 ], [ -75.220594266550805, 39.961083939566599 ], [ -75.221581206036902, 39.961207377860298 ], [ -75.222067622907701, 39.961267041341699 ], [ -75.222569638087094, 39.9613296844852 ], [ -75.223553774342307, 39.961452861902401 ], [ -75.224543921080098, 39.961576903723703 ], [ -75.225295287804698, 39.961667543692499 ], [ -75.225855741967493, 39.961737091316202 ], [ -75.226520679981604, 39.961821904157503 ], [ -75.226205661852205, 39.963338829076903 ], [ -75.226009790346893, 39.964259119865403 ], [ -75.226111786004694, 39.964888575138801 ], [ -75.225936387440001, 39.9649120962738 ], [ -75.225846415760998, 39.9649523972151 ], [ -75.225752666780906, 39.965019131355099 ], [ -75.225569316965803, 39.965178845753101 ], [ -75.225465204310495, 39.965213668959201 ], [ -75.225143771594404, 39.965101964148701 ], [ -75.224593036980494, 39.964905102991203 ], [ -75.224643041877698, 39.965193028278399 ], [ -75.224743785304199, 39.965774282868203 ], [ -75.224815182236895, 39.966215277304798 ], [ -75.224889829593806, 39.966652048145903 ], [ -75.224965751459493, 39.967119925086401 ], [ -75.225048666339802, 39.967594384453399 ], [ -75.225142821759903, 39.968154783189902 ], [ -75.225216188811501, 39.968597759535399 ], [ -75.225375463887204, 39.9695268754338 ], [ -75.225618708509899, 39.970488281228903 ], [ -75.225836707734501, 39.971373735513701 ], [ -75.225844162438506, 39.971439824599102 ], [ -75.225714452244603, 39.971472967917499 ], [ -75.225386603052598, 39.971540410172899 ], [ -75.223674695323894, 39.971903837049901 ], [ -75.222616327537693, 39.972129217534203 ], [ -75.222012687736907, 39.9722623987413 ], [ -75.2190759070442, 39.972886455235503 ], [ -75.218419598955094, 39.973033215470998 ], [ -75.217769864739495, 39.972636076141001 ] ] ] } },
{ "type": "Feature", "properties": { "OBJECTID": 41, "ES_ID": "1420", "ES_NAME": "Washington, Martha", "MS_ID": "1420", "MS_NAME": "Washington, Martha", "HS_ID": "1020", "HS_NAME": "West Philadelphia HS", "GR_ID_K": "1420", "GR_ID_01": "1420", "GR_ID_02": "1420", "GR_ID_03": "1420", "GR_ID_04": "1420", "GR_ID_05": "1420", "GR_ID_06": "1420", "GR_ID_07": "1420", "GR_ID_08": "1420", "GR_ID_09": "1020", "GR_ID_10": "1020", "GR_ID_11": "1020", "GR_ID_12": "1020", "ES_GRADE": "K-8", "MS_GRADE": "K-8", "HS_GRADE": "9-12", "Shape__Area": 512805.74609375, "Shape__Length": 4223.9275422776 }, "geometry": { "type": "Polygon", "coordinates": [ [ [ -75.2121367732029, 39.969237217327802 ], [ -75.211337656559493, 39.968735145164601 ], [ -75.210104614660395, 39.967970988422501 ], [ -75.209761003828206, 39.967759538150602 ], [ -75.209543609800605, 39.967626135834699 ], [ -75.208465434944202, 39.966958925175298 ], [ -75.207562603279897, 39.966390136128197 ], [ -75.206849429233898, 39.965949403541202 ], [ -75.206498439987598, 39.965733708764397 ], [ -75.205469554992604, 39.9650990729574 ], [ -75.205496190183197, 39.965003728359001 ], [ -75.205860089738195, 39.964656078032803 ], [ -75.2059024287406, 39.964549101821198 ], [ -75.206471427284797, 39.964901377364001 ], [ -75.206710956569395, 39.964836005156997 ], [ -75.2073015687359, 39.964787438742 ], [ -75.208080700114095, 39.964726983799899 ], [ -75.208700468403507, 39.964678079473003 ], [ -75.209345914829299, 39.964630379232901 ], [ -75.210805882586698, 39.964522557517299 ], [ -75.211288547545195, 39.964487777228598 ], [ -75.211411318203702, 39.964478720248103 ], [ -75.212093406233294, 39.96442686524 ], [ -75.212788526106806, 39.964374021264902 ], [ -75.213230325143201, 39.964340574458703 ], [ -75.213339848352305, 39.965176989067999 ], [ -75.213377880908595, 39.965474984701899 ], [ -75.213408732578301, 39.965716715298001 ], [ -75.213515901955503, 39.966586370478701 ], [ -75.213651799988597, 39.967705436015898 ], [ -75.213709364748297, 39.9681351976716 ], [ -75.2137518658039, 39.968490991081403 ], [ -75.213797468397701, 39.968840911813302 ], [ -75.213818894448494, 39.969044180964097 ], [ -75.213846947169799, 39.969236195303402 ], [ -75.213847809407298, 39.969297849155602 ], [ -75.214351947034402, 39.969246672140898 ], [ -75.214810185192107, 39.969200384886598 ], [ -75.215291718328004, 39.969150560406803 ], [ -75.215763968432597, 39.9691031445034 ], [ -75.216369970974895, 39.969039186944499 ], [ -75.216998194174707, 39.968978752209097 ], [ -75.217173767691804, 39.970360464574902 ], [ -75.217439394948101, 39.972443714960299 ], [ -75.216087797056204, 39.9716274484908 ], [ -75.214991959321196, 39.970964127779602 ], [ -75.214689893673494, 39.970782616690897 ], [ -75.214544198946101, 39.970692647328399 ], [ -75.214320846984293, 39.970551559836601 ], [ -75.213901867184603, 39.970304460439998 ], [ -75.2129362132588, 39.969721973560297 ], [ -75.212643606514305, 39.969545469216399 ], [ -75.2121367732029, 39.969237217327802 ] ] ] } },
{ "type": "Feature", "properties": { "OBJECTID": 42, "ES_ID": "1440", "ES_NAME": "Penrose", "MS_ID": "1440", "MS_NAME": "Penrose", "HS_ID": "1010", "HS_NAME": "Bartram, John", "GR_ID_K": "1440", "GR_ID_01": "1440", "GR_ID_02": "1440", "GR_ID_03": "1440", "GR_ID_04": "1440", "GR_ID_05": "1440", "GR_ID_06": "1440", "GR_ID_07": "1440", "GR_ID_08": "1440", "GR_ID_09": "1010", "GR_ID_10": "1010", "GR_ID_11": "1010", "GR_ID_12": "1010", "ES_GRADE": "K-8", "MS_GRADE": "K-8", "HS_GRADE": "9-12", "Shape__Area": 13608073.1367188, "Shape__Length": 19165.5198535421 }, "geometry": { "type": "Polygon", "coordinates": [ [ [ -75.245795709632503, 39.916550569456398 ], [ -75.245309215267199, 39.915925911653702 ], [ -75.244937118827707, 39.915459716628597 ], [ -75.244665575995896, 39.9151194996114 ], [ -75.243851265406406, 39.914098883723 ], [ -75.243614778122094, 39.913799363178597 ], [ -75.243228854312903, 39.913121466871999 ], [ -75.243105909730701, 39.912759637187797 ], [ -75.243023817872896, 39.912510285125698 ], [ -75.242662146865598, 39.911392530063402 ], [ -75.242366121735003, 39.910477626671202 ], [ -75.241887140047993, 39.909051270091197 ], [ -75.241689497692306, 39.908470334065903 ], [ -75.241456346406295, 39.908079371026801 ], [ -75.241335975545397, 39.907827060737198 ], [ -75.241135243662796, 39.907218344078998 ], [ -75.240149114222206, 39.904160481616401 ], [ -75.240097748240601, 39.904001195482799 ], [ -75.239835000874606, 39.903186395074101 ], [ -75.239324049570598, 39.901377816175497 ], [ -75.238994005014803, 39.900264708394602 ], [ -75.238822158888397, 39.899766766110801 ], [ -75.238603988182405, 39.899020014201099 ], [ -75.238535325673993, 39.898822321739303 ], [ -75.238438295975499, 39.898543240669298 ], [ -75.237981433774607, 39.897202930608103 ], [ -75.2375974481984, 39.896344560732203 ], [ -75.237326848267799, 39.895835130311099 ], [ -75.236896466435795, 39.895167783347098 ], [ -75.236667775690407, 39.894777386061897 ], [ -75.2366788034698, 39.894609206549099 ], [ -75.236038792188594, 39.893572685571002 ], [ -75.2358026854549, 39.893168078045598 ], [ -75.235534167983403, 39.892723272791798 ], [ -75.235420389418195, 39.8925347948298 ], [ -75.235293485704702, 39.8923245760529 ], [ -75.235172659060098, 39.892124420337197 ], [ -75.234334678816595, 39.890736227840897 ], [ -75.233897167759906, 39.889931309796403 ], [ -75.233867493962507, 39.889876714788201 ], [ -75.233801243599302, 39.889766695651197 ], [ -75.233429000200402, 39.8891872836139 ], [ -75.233249551571504, 39.8889322876623 ], [ -75.232782788882005, 39.888147549908197 ], [ -75.232230231025298, 39.887098144945703 ], [ -75.230670245053005, 39.883904116393197 ], [ -75.230413306896196, 39.883469878480497 ], [ -75.229914726945907, 39.882420789716498 ], [ -75.229545589482697, 39.881872606275103 ], [ -75.229035036904406, 39.881357314542797 ], [ -75.228605374716906, 39.881077055078201 ], [ -75.228424856735998, 39.880670064826901 ], [ -75.228160961575895, 39.880040618299098 ], [ -75.227080833343194, 39.877129995220301 ], [ -75.226868451276204, 39.876412736327701 ], [ -75.227120933520098, 39.876445106499602 ], [ -75.228473459711907, 39.876640446168203 ], [ -75.228727347651201, 39.876676672039203 ], [ -75.228908572006802, 39.876701858921898 ], [ -75.229988120873003, 39.876856228257303 ], [ -75.230478583517495, 39.8768981121639 ], [ -75.2306465456913, 39.876910601537901 ], [ -75.230849062113904, 39.876928354403297 ], [ -75.231028575620996, 39.876945019202097 ], [ -75.231901492500896, 39.877022450737996 ], [ -75.232312271148601, 39.877065655273299 ], [ -75.232551159740495, 39.877091080660897 ], [ -75.2326596187863, 39.877102445415296 ], [ -75.232816678657002, 39.8771204818893 ], [ -75.232993474033094, 39.877137528972398 ], [ -75.233272833914, 39.877164038222901 ], [ -75.233989538547405, 39.877187635424399 ], [ -75.234124053320997, 39.877190252773403 ], [ -75.234304836048906, 39.877145219315899 ], [ -75.234483699258405, 39.877103829416797 ], [ -75.234665823796107, 39.877060192568798 ], [ -75.235027343640397, 39.8769737798386 ], [ -75.235540760631906, 39.8767609251369 ], [ -75.235798543247, 39.8765884491295 ], [ -75.235930129418904, 39.876497483953699 ], [ -75.236052659589404, 39.876413063009601 ], [ -75.236372444272504, 39.876196703409597 ], [ -75.236642945936396, 39.875745796884601 ], [ -75.2367163122275, 39.875623471410698 ], [ -75.236775812819005, 39.875484244539301 ], [ -75.236935087697105, 39.875126031277901 ], [ -75.237501980741598, 39.875089629711802 ], [ -75.237593345743406, 39.874991188230602 ], [ -75.237520793898298, 39.874898742856701 ], [ -75.237462684086495, 39.874813419325001 ], [ -75.238112802584794, 39.8746022256624 ], [ -75.2382479993842, 39.874455879967599 ], [ -75.238353836965999, 39.874341283171503 ], [ -75.238691635368994, 39.873968335544703 ], [ -75.238995513173705, 39.873845615844097 ], [ -75.239174094804895, 39.873618056325697 ], [ -75.239263069895401, 39.873499686192403 ], [ -75.239350312392006, 39.873381233884999 ], [ -75.239406446443297, 39.873308913811101 ], [ -75.240101563566199, 39.873039254833003 ], [ -75.240107107164107, 39.872867864706002 ], [ -75.240103827250394, 39.872740202093702 ], [ -75.240103208404904, 39.872622659179498 ], [ -75.240473682000996, 39.872390951475197 ], [ -75.240919976740301, 39.872411830841301 ], [ -75.241091176653796, 39.872447173872096 ], [ -75.241218454251097, 39.872475192146197 ], [ -75.241397394720906, 39.872515882207203 ], [ -75.241557882629095, 39.872549518682199 ], [ -75.241748687828903, 39.872594672869297 ], [ -75.242256481268001, 39.872801955599101 ], [ -75.242570001925202, 39.872964321219598 ], [ -75.242714723687399, 39.873039718078402 ], [ -75.246757741441101, 39.875094973649198 ], [ -75.2468268696542, 39.8751527318745 ], [ -75.248432959930298, 39.876494564799501 ], [ -75.2517718697177, 39.876016314898003 ], [ -75.252259070921099, 39.875946521357001 ], [ -75.253442944772999, 39.876016551351199 ], [ -75.253980805792494, 39.876051215011003 ], [ -75.256130157335704, 39.876181873640597 ], [ -75.257422997484198, 39.876260445227203 ], [ -75.258591100702901, 39.8763314239404 ], [ -75.259522891113306, 39.876388035095303 ], [ -75.261251665436205, 39.876493046841397 ], [ -75.262536442137801, 39.8765790599832 ], [ -75.264833855115896, 39.880655402131403 ], [ -75.265005251671596, 39.880990880595498 ], [ -75.265114212279101, 39.881664963759498 ], [ -75.264546853955906, 39.882121714229797 ], [ -75.264299753362806, 39.882250237045199 ], [ -75.263083578388503, 39.882363838652303 ], [ -75.262264688717593, 39.882579892189298 ], [ -75.261947407715397, 39.882896936558197 ], [ -75.261887358766899, 39.8830767594444 ], [ -75.261966639362299, 39.883248232322501 ], [ -75.262434366946806, 39.883642341218497 ], [ -75.264136143800101, 39.884141822319997 ], [ -75.264445904080205, 39.884322965904701 ], [ -75.264640034477907, 39.8847418169644 ], [ -75.264229170487894, 39.885010281353203 ], [ -75.263155021423799, 39.885308688254199 ], [ -75.262731331332205, 39.885562108266797 ], [ -75.262618769212906, 39.885813053795502 ], [ -75.262684659535097, 39.886034010538999 ], [ -75.262805561491703, 39.886091129818602 ], [ -75.263685616688704, 39.886153339685301 ], [ -75.2639832815631, 39.8861049538719 ], [ -75.264285463847699, 39.886201058473901 ], [ -75.264800279860694, 39.886453471754301 ], [ -75.264853323642697, 39.8865451306905 ], [ -75.264935896534695, 39.886681835069098 ], [ -75.265039520046301, 39.886841481759298 ], [ -75.265107098489693, 39.886989104304298 ], [ -75.265137193918406, 39.887164021325503 ], [ -75.265130832204804, 39.887338146992903 ], [ -75.265097719107501, 39.887545422915899 ], [ -75.264980342791802, 39.887762113429503 ], [ -75.264879394336305, 39.887928566898502 ], [ -75.264727614920602, 39.888088297678998 ], [ -75.264598526371401, 39.888226033498 ], [ -75.264448384395607, 39.888340826645198 ], [ -75.264263015715798, 39.888421128012297 ], [ -75.263998261768194, 39.888477222113202 ], [ -75.263727652242906, 39.888493837937503 ], [ -75.263378272909904, 39.8884693943751 ], [ -75.262978673739894, 39.888421372221003 ], [ -75.262681569334305, 39.888364331480602 ], [ -75.262474940774297, 39.888427304809397 ], [ -75.262295012970895, 39.888558313437102 ], [ -75.2622017613905, 39.888713689250402 ], [ -75.262135620205498, 39.888925868858799 ], [ -75.262097823611199, 39.889161147895202 ], [ -75.262082725308503, 39.889374434583999 ], [ -75.262089652173799, 39.889683764518402 ], [ -75.262103100981307, 39.8899145346887 ], [ -75.2621250777228, 39.890111762371902 ], [ -75.262111415280899, 39.8902857304682 ], [ -75.262104223613093, 39.890482324091401 ], [ -75.262037670618398, 39.890705737279902 ], [ -75.261884019532999, 39.891315137005797 ], [ -75.261856801568896, 39.891460703582297 ], [ -75.261792096375402, 39.891633563574203 ], [ -75.261735297937307, 39.891789730488398 ], [ -75.261607223888404, 39.891899378909002 ], [ -75.261506727565106, 39.891953410580001 ], [ -75.261315287087996, 39.891999848032498 ], [ -75.261100326697004, 39.892090744579001 ], [ -75.260731823314302, 39.892189548666302 ], [ -75.260143531055206, 39.8923116853694 ], [ -75.259930830366699, 39.892340793992197 ], [ -75.259747502269505, 39.892364917332003 ], [ -75.259543121547097, 39.892366096951697 ], [ -75.259351677432505, 39.8924125301996 ], [ -75.259109397580403, 39.892452237086097 ], [ -75.2589602656995, 39.892538939039099 ], [ -75.258779909916399, 39.892681175774499 ], [ -75.2585705883575, 39.892817163144201 ], [ -75.258388993938894, 39.892993100913401 ], [ -75.258214484588606, 39.893174814619798 ], [ -75.258024774237299, 39.8933730632098 ], [ -75.257831210519797, 39.893576846296 ], [ -75.257671900664903, 39.893742026803899 ], [ -75.257435551108699, 39.894017959076599 ], [ -75.256912418927399, 39.894551860598597 ], [ -75.256744988848396, 39.894739348397003 ], [ -75.256667536997796, 39.894861334385801 ], [ -75.256664447862306, 39.894945589933698 ], [ -75.256711991150993, 39.895042188530098 ], [ -75.256793733098704, 39.895201366829497 ], [ -75.256970068740799, 39.895368225613197 ], [ -75.2571267916708, 39.895472819022103 ], [ -75.257276431175399, 39.8955716377858 ], [ -75.257391606669202, 39.895714677979498 ], [ -75.257364583209807, 39.895854626688703 ], [ -75.257278808361704, 39.896004541174001 ], [ -75.257149073150401, 39.896159119917897 ], [ -75.256937061897304, 39.896368122692799 ], [ -75.256764187519295, 39.8965048980129 ], [ -75.256452223698801, 39.896852263987299 ], [ -75.256238557904197, 39.897106202487898 ], [ -75.256092791729003, 39.897299781202399 ], [ -75.255984104181593, 39.897477303587102 ], [ -75.255806899871104, 39.897732032886999 ], [ -75.255619991264496, 39.8979528239987 ], [ -75.2555090349789, 39.898192131571697 ], [ -75.255332445190305, 39.898430009754499 ], [ -75.255227669159098, 39.898500809635003 ], [ -75.255158531900605, 39.898594869322402 ], [ -75.255097718450997, 39.898661002849202 ], [ -75.255097494979495, 39.898770428669899 ], [ -75.255119470463598, 39.898863848634299 ], [ -75.255168870157206, 39.898909894951501 ], [ -75.255236440303804, 39.899057524232099 ], [ -75.255341707314201, 39.899172241702203 ], [ -75.255489291792301, 39.899327234336802 ], [ -75.255652591604303, 39.899513520455798 ], [ -75.255521071259906, 39.899679868915101 ], [ -75.2537143714178, 39.901667775453603 ], [ -75.251291105128402, 39.904412699080403 ], [ -75.2534921009713, 39.905597368899599 ], [ -75.252478301221004, 39.906637369441 ], [ -75.252396134381897, 39.906640843830303 ], [ -75.2521542125004, 39.906669301538003 ], [ -75.251992724021093, 39.906693889229999 ], [ -75.251757060750194, 39.906750591608301 ], [ -75.251630388376398, 39.906820909587097 ], [ -75.251499448149303, 39.906907998271897 ], [ -75.251304864825499, 39.907038672655901 ], [ -75.251058603498507, 39.907185084115298 ], [ -75.250872135369207, 39.907293448649703 ], [ -75.250715874795304, 39.907374362316702 ], [ -75.250446699575505, 39.907548381205601 ], [ -75.250319404839402, 39.907635548990399 ], [ -75.2502725446585, 39.907718849235302 ], [ -75.250225065985106, 39.907819000739998 ], [ -75.250206555482805, 39.907925404275701 ], [ -75.250186598095198, 39.908071127973699 ], [ -75.2502002178596, 39.908296281852699 ], [ -75.250194228944295, 39.908459173098301 ], [ -75.250168011657095, 39.908576652960797 ], [ -75.250118468206495, 39.908732973188499 ], [ -75.250046833976, 39.908894432970399 ], [ -75.250004582371204, 39.909050912167203 ], [ -75.249934809904104, 39.909161819099602 ], [ -75.249893797127498, 39.909284596652299 ], [ -75.249919873179394, 39.909369488223 ], [ -75.250007772508098, 39.909458901244001 ], [ -75.250151549549898, 39.909520698192999 ], [ -75.250281806031296, 39.909551645724299 ], [ -75.250471444944196, 39.909555780465098 ], [ -75.250652551418796, 39.909593457497202 ], [ -75.250883680905403, 39.909660332021097 ], [ -75.251107105540697, 39.909738280699401 ], [ -75.251228623073303, 39.9098083865535 ], [ -75.251298672663296, 39.909888614008302 ], [ -75.2512866300101, 39.910017644700702 ], [ -75.251238119052402, 39.910145881453602 ], [ -75.251123550940207, 39.9102839209664 ], [ -75.251002099346707, 39.910410565057902 ], [ -75.250872321152102, 39.910565138457201 ], [ -75.250721693745803, 39.910691147179698 ], [ -75.250615452162407, 39.9108012604107 ], [ -75.250538175108602, 39.910917627208498 ], [ -75.250401101215701, 39.9110720392597 ], [ -75.250194735410005, 39.911224940320899 ], [ -75.249928434139093, 39.911320319382597 ], [ -75.249750488382602, 39.911395138689301 ], [ -75.249520240431494, 39.911502545655601 ], [ -75.249334997583802, 39.911577206088502 ], [ -75.2491639309969, 39.911663419840302 ], [ -75.248984742651899, 39.9117719377263 ], [ -75.248856816978105, 39.9118759569049 ], [ -75.248764534776598, 39.912003236928001 ], [ -75.248722279425607, 39.912159716573399 ], [ -75.248687111172998, 39.912321970314999 ], [ -75.248599436549199, 39.912522429319097 ], [ -75.248559244793398, 39.912622739240298 ], [ -75.248511142528102, 39.912739740424797 ], [ -75.248433859703894, 39.912856104902097 ], [ -75.248379287502004, 39.912950478809002 ], [ -75.248296158222601, 39.913027365702398 ], [ -75.248213442161898, 39.913093018074399 ], [ -75.248056957196297, 39.913179545768799 ], [ -75.247833584506395, 39.913298343954899 ], [ -75.247603536160099, 39.913400130341998 ], [ -75.247402249533096, 39.9135137884806 ], [ -75.247202410905004, 39.913588126140397 ], [ -75.2471184524329, 39.913687478393697 ], [ -75.247070964914002, 39.913787629486798 ], [ -75.247066208757602, 39.913916818989797 ], [ -75.247119599435095, 39.914052898256699 ], [ -75.247224671398598, 39.914173243594398 ], [ -75.247335879130304, 39.914307710669 ], [ -75.247413884310902, 39.914427726281502 ], [ -75.247491089359201, 39.914547617152301 ], [ -75.247554642452201, 39.914591377068 ], [ -75.247634380952903, 39.914645565099903 ], [ -75.247708424905795, 39.914731097751201 ], [ -75.2477177923422, 39.914846685978702 ], [ -75.247656707240395, 39.914964236037797 ], [ -75.247556800046993, 39.915087930442901 ], [ -75.247488264870697, 39.915222797970998 ], [ -75.247349744041401, 39.915408587327903 ], [ -75.247190204789604, 39.915641119818801 ], [ -75.2471390278737, 39.915736155683099 ], [ -75.247059535250798, 39.9158602953365 ], [ -75.246990787031805, 39.9159392153258 ], [ -75.2469221685311, 39.916014639555002 ], [ -75.246844220015802, 39.916096854459902 ], [ -75.246769746293793, 39.9162079913594 ], [ -75.246766088362307, 39.916338158990797 ], [ -75.246788937016404, 39.916457537501799 ], [ -75.246837061550906, 39.916568730002403 ], [ -75.246879299303203, 39.916716505806299 ], [ -75.246938542687801, 39.9168804130016 ], [ -75.246803360410297, 39.916927414605603 ], [ -75.246310472020596, 39.917185360354601 ], [ -75.245795709632503, 39.916550569456398 ] ] ] } },
{ "type": "Feature", "properties": { "OBJECTID": 43, "ES_ID": "1460", "ES_NAME": "Anderson, Add B", "MS_ID": "1460", "MS_NAME": "Anderson, Add B", "HS_ID": "1100", "HS_NAME": "Sayre, William", "GR_ID_K": "1460", "GR_ID_01": "1460", "GR_ID_02": "1460", "GR_ID_03": "1460", "GR_ID_04": "1460", "GR_ID_05": "1460", "GR_ID_06": "1460", "GR_ID_07": "1460", "GR_ID_08": "1460", "GR_ID_09": "1100", "GR_ID_10": "1100", "GR_ID_11": "1100", "GR_ID_12": "1100", "ES_GRADE": "K-8", "MS_GRADE": "K-8", "HS_GRADE": "9-12", "Shape__Area": 1856540.46875, "Shape__Length": 6652.5194263644298 }, "geometry": { "type": "Polygon", "coordinates": [ [ [ -75.249058524635601, 39.9516886422212 ], [ -75.247916882053701, 39.951544942577698 ], [ -75.247011638182201, 39.951433738443797 ], [ -75.245037854196795, 39.951190864572297 ], [ -75.243070610060201, 39.950935254800797 ], [ -75.241096298647193, 39.950700332434103 ], [ -75.2406961615863, 39.950654559413699 ], [ -75.239120238626199, 39.950455312159697 ], [ -75.239234184138397, 39.949932583261699 ], [ -75.239276196404305, 39.949692983270197 ], [ -75.239325496200294, 39.949472855582002 ], [ -75.239432552804303, 39.9489402387239 ], [ -75.239550079700393, 39.948408397845 ], [ -75.239644320859796, 39.947941485593901 ], [ -75.239749132339597, 39.947420425103097 ], [ -75.239084017770693, 39.947337053606397 ], [ -75.238515148765003, 39.947260324726798 ], [ -75.237806975450795, 39.947173827094403 ], [ -75.235884714613306, 39.946923425230501 ], [ -75.235831157268606, 39.946835164760699 ], [ -75.236140298784093, 39.946742613531597 ], [ -75.2372729853045, 39.946472209489102 ], [ -75.237049512617205, 39.945828009337603 ], [ -75.236920344523696, 39.9454333844742 ], [ -75.236699511544799, 39.9447586957764 ], [ -75.236624530164505, 39.944678527485202 ], [ -75.235929244714995, 39.944093653138097 ], [ -75.235221708980902, 39.943503731351903 ], [ -75.234735387722097, 39.9430963388102 ], [ -75.234532283935394, 39.942916287913697 ], [ -75.234323060203295, 39.942750124605801 ], [ -75.233831310795097, 39.942325641378297 ], [ -75.235036331597897, 39.941483145801698 ], [ -75.236608672876699, 39.940374610677402 ], [ -75.236762731324404, 39.940271766399199 ], [ -75.236931550287693, 39.940193363176299 ], [ -75.237082779993401, 39.9401632280805 ], [ -75.237201309510297, 39.940162782266398 ], [ -75.237587241287798, 39.940195564505999 ], [ -75.237737796851903, 39.940183657131001 ], [ -75.237873240705298, 39.940153176133499 ], [ -75.238081641656905, 39.940072594630102 ], [ -75.238453771339806, 39.9398374753507 ], [ -75.238733669543706, 39.939746296665099 ], [ -75.239002979468097, 39.939727865164301 ], [ -75.239207785553901, 39.939744513079297 ], [ -75.239441700145704, 39.9398286957192 ], [ -75.239893787953505, 39.940048206856098 ], [ -75.239798854600295, 39.940174210959 ], [ -75.239637988252198, 39.9403117678741 ], [ -75.239529353462501, 39.940441063251299 ], [ -75.239412879589807, 39.940617214349402 ], [ -75.239401740475003, 39.940753345942703 ], [ -75.239432985428493, 39.940899808951599 ], [ -75.239464578763304, 39.941036876796602 ], [ -75.239496344625906, 39.941169246116303 ], [ -75.239564563401103, 39.941307114676498 ], [ -75.239633302033496, 39.941430885897297 ], [ -75.239736935141806, 39.941602449068 ], [ -75.239848060220694, 39.941736552374202 ], [ -75.239988666895997, 39.9418995198657 ], [ -75.240076414385896, 39.942004897611902 ], [ -75.240152474686894, 39.942095909977901 ], [ -75.240254343173206, 39.942149868694301 ], [ -75.2403692876413, 39.942180599276 ], [ -75.240521379574503, 39.9421980347201 ], [ -75.240791987091399, 39.942232171376098 ], [ -75.240956115115907, 39.942254571831398 ], [ -75.241181461091202, 39.942273608795297 ], [ -75.241449886204904, 39.942284182914896 ], [ -75.241585052732702, 39.9422636257734 ], [ -75.2418299263325, 39.942250169809597 ], [ -75.242037651554199, 39.942250009723502 ], [ -75.242294043113105, 39.942255615560804 ], [ -75.242610955533493, 39.942276650709701 ], [ -75.243068620610998, 39.942291357754101 ], [ -75.2431776346438, 39.942317253586602 ], [ -75.2433356583593, 39.942339518104198 ], [ -75.243423632817894, 39.942411191066199 ], [ -75.243533121635593, 39.942451992148797 ], [ -75.243846463967003, 39.942487055393499 ], [ -75.244071640604403, 39.942510785228798 ], [ -75.244411935239597, 39.942560542604603 ], [ -75.244661006784497, 39.942598900993403 ], [ -75.245015071718697, 39.942606634103498 ], [ -75.245228208201596, 39.942625397321201 ], [ -75.245411692420006, 39.942619998553504 ], [ -75.245564479312904, 39.942618631513902 ], [ -75.245741856987095, 39.942613099786101 ], [ -75.245888712829299, 39.942606901443099 ], [ -75.246053361695999, 39.9426151972798 ], [ -75.246193592852094, 39.942622961667198 ], [ -75.246351273235902, 39.942654619057699 ], [ -75.246472670495194, 39.942676078836001 ], [ -75.246569131932304, 39.942711103782003 ], [ -75.246664553828197, 39.942774319629102 ], [ -75.246746730235401, 39.942865462695899 ], [ -75.246824988825196, 39.942980032491597 ], [ -75.246874044027805, 39.943140991313399 ], [ -75.246966871866505, 39.943274690759402 ], [ -75.247028001515602, 39.943409026484403 ], [ -75.247044548449693, 39.943488001832399 ], [ -75.247053815893906, 39.943568149094801 ], [ -75.2471103643025, 39.943691650376699 ], [ -75.247212113844796, 39.943914892057002 ], [ -75.247305980593296, 39.944020396588002 ], [ -75.247380668370496, 39.944148997576796 ], [ -75.247423968745906, 39.944300424195603 ], [ -75.247511385949593, 39.9444151941805 ], [ -75.247635431604195, 39.944530763181099 ], [ -75.247758960996705, 39.9446604276066 ], [ -75.247900457777504, 39.9447998901773 ], [ -75.248093670834706, 39.944945181971903 ], [ -75.248169918074296, 39.9450314923143 ], [ -75.248215469610301, 39.945121834487203 ], [ -75.248235218694703, 39.945249235691598 ], [ -75.248322638488403, 39.945364005056099 ], [ -75.2484163371671, 39.945474207204697 ], [ -75.248565498081703, 39.945571512848197 ], [ -75.248707863204203, 39.945687480100602 ], [ -75.248897508885094, 39.945846800381702 ], [ -75.249081052186597, 39.946005987280401 ], [ -75.249246110014397, 39.946169474936099 ], [ -75.249462453257493, 39.946350537848403 ], [ -75.249585269525795, 39.946416700756998 ], [ -75.249711743979603, 39.946466483957401 ], [ -75.249812587041504, 39.946548625164198 ], [ -75.249919189083002, 39.946640297243803 ], [ -75.2499681437166, 39.946721309169398 ], [ -75.250037599327797, 39.946826281044601 ], [ -75.250117363981204, 39.946983203448703 ], [ -75.2501549122114, 39.947125099851597 ], [ -75.250205017768593, 39.947257864449199 ], [ -75.250230356065799, 39.947399493831803 ], [ -75.250272281997198, 39.9475885110162 ], [ -75.250309832054896, 39.9477304073921 ], [ -75.250341795036704, 39.947858074283701 ], [ -75.250367479481397, 39.9479903075217 ], [ -75.250418276318996, 39.948104276172401 ], [ -75.250476216176196, 39.948190185006098 ], [ -75.250559094432305, 39.948262529479997 ], [ -75.250725543892401, 39.948388424245998 ], [ -75.251065352428895, 39.948701494867798 ], [ -75.251194826623802, 39.948835988853602 ], [ -75.251319058278398, 39.948946853527403 ], [ -75.251443812106899, 39.949043623519501 ], [ -75.2515082043044, 39.949120267782803 ], [ -75.251559003899104, 39.949234235925701 ], [ -75.251569717509398, 39.9494413826949 ], [ -75.2515195527358, 39.949642501250999 ], [ -75.251414439900103, 39.949842422966697 ], [ -75.25131174661, 39.949976561903199 ], [ -75.251244816641403, 39.950134992938899 ], [ -75.251196897895497, 39.9502750271783 ], [ -75.251154737045098, 39.9504245913703 ], [ -75.251151913695395, 39.950584417901098 ], [ -75.251141920842301, 39.950690008083001 ], [ -75.251175615920005, 39.950770686986203 ], [ -75.251269353482698, 39.950963182974697 ], [ -75.251351200414106, 39.951063719742699 ], [ -75.251427458687402, 39.9511500270089 ], [ -75.251518491290597, 39.951208441479899 ], [ -75.251587293565095, 39.951289884871002 ], [ -75.251610965397703, 39.951393855779202 ], [ -75.251611310901296, 39.951509077488502 ], [ -75.251628101576401, 39.951634060994699 ], [ -75.251648031673895, 39.951756763986303 ], [ -75.251650507339704, 39.951855571886398 ], [ -75.251637464722606, 39.951990409407799 ], [ -75.249058524635601, 39.9516886422212 ] ] ] } },
{ "type": "Feature", "properties": { "OBJECTID": 44, "ES_ID": "1470", "ES_NAME": "Locke, Alain", "MS_ID": "1470", "MS_NAME": "Locke, Alain", "HS_ID": "1020", "HS_NAME": "West Philadelphia HS", "GR_ID_K": "1470", "GR_ID_01": "1470", "GR_ID_02": "1470", "GR_ID_03": "1470", "GR_ID_04": "1470", "GR_ID_05": "1470", "GR_ID_06": "1470", "GR_ID_07": "1470", "GR_ID_08": "1470", "GR_ID_09": "1020", "GR_ID_10": "1020", "GR_ID_11": "1020", "GR_ID_12": "1020", "ES_GRADE": "K-8", "MS_GRADE": "K-8", "HS_GRADE": "9-12", "Shape__Area": 2699518.7578125, "Shape__Length": 8661.9405769221794 }, "geometry": { "type": "Polygon", "coordinates": [ [ [ -75.204541515656501, 39.964522054054299 ], [ -75.203875259583498, 39.964098244806202 ], [ -75.203600114318903, 39.963931063401198 ], [ -75.202345589411706, 39.963147029508697 ], [ -75.202374443408502, 39.9630646480189 ], [ -75.202371861263202, 39.962961741886502 ], [ -75.202363700771599, 39.962868738269002 ], [ -75.202300388553596, 39.9622562439096 ], [ -75.202268269507897, 39.961953079573497 ], [ -75.202237099140802, 39.9616528195019 ], [ -75.202197722526805, 39.961257641020602 ], [ -75.202104614057902, 39.960415413278497 ], [ -75.201973600121505, 39.959185925026098 ], [ -75.201836041438895, 39.957880701296197 ], [ -75.201956438786496, 39.957158458262001 ], [ -75.202117431538397, 39.956385617995302 ], [ -75.202275883633106, 39.955639439549202 ], [ -75.2024305090669, 39.954880132121701 ], [ -75.2049357344914, 39.955190600449697 ], [ -75.206276924681305, 39.955356916419497 ], [ -75.207437797971707, 39.955503056349698 ], [ -75.208130250504098, 39.955587730562399 ], [ -75.208602307473797, 39.955646006048902 ], [ -75.2090234544238, 39.955696629616099 ], [ -75.209482878447901, 39.955752443913802 ], [ -75.209900780722293, 39.955809061532896 ], [ -75.210478226002493, 39.955878923131998 ], [ -75.211521823417399, 39.956009608479199 ], [ -75.213500667514893, 39.956253063044301 ], [ -75.214485737419096, 39.956375242548702 ], [ -75.215474175057395, 39.956498937631103 ], [ -75.2174850036278, 39.956748216530301 ], [ -75.219424293116404, 39.956988801826697 ], [ -75.221313865, 39.9572219431072 ], [ -75.221400551873799, 39.957236357842802 ], [ -75.221247000125004, 39.957993187086203 ], [ -75.221088487269199, 39.958741031083697 ], [ -75.220922706265398, 39.959514435537002 ], [ -75.221911285511396, 39.959635182110603 ], [ -75.222398630057498, 39.9596896300704 ], [ -75.222902856256994, 39.959754440770297 ], [ -75.223886128291994, 39.959871227636498 ], [ -75.224215011875401, 39.959908781748602 ], [ -75.224774380005101, 39.959984358591299 ], [ -75.224869856517302, 39.960014822544402 ], [ -75.226211270054705, 39.960168398698997 ], [ -75.226852962398596, 39.960248069266598 ], [ -75.227445841747993, 39.960320341577798 ], [ -75.227977968473098, 39.9603866072679 ], [ -75.228648248695805, 39.960472900372203 ], [ -75.228321299715702, 39.962042718504399 ], [ -75.227673564171596, 39.961964548203497 ], [ -75.227162525851497, 39.961901526461297 ], [ -75.226520679981604, 39.961821904157503 ], [ -75.225855741967493, 39.961737091316202 ], [ -75.225295287804698, 39.961667543692499 ], [ -75.224543921080098, 39.961576903723703 ], [ -75.223553774342307, 39.961452861902401 ], [ -75.222569638087094, 39.9613296844852 ], [ -75.222067622907701, 39.961267041341699 ], [ -75.221581206036902, 39.961207377860298 ], [ -75.220594266550805, 39.961083939566599 ], [ -75.219652216245294, 39.960965571467803 ], [ -75.219440796805898, 39.960950420849002 ], [ -75.219695551531501, 39.9625325683756 ], [ -75.219771325349498, 39.963019373727498 ], [ -75.220046570083994, 39.963828934982701 ], [ -75.220113276709995, 39.964368816176197 ], [ -75.220172785975095, 39.9648535956552 ], [ -75.218362770426197, 39.965036988138699 ], [ -75.218296464602901, 39.9644988975679 ], [ -75.218229720653596, 39.9639652707259 ], [ -75.216379207738498, 39.964103756454001 ], [ -75.215164736512506, 39.964197537125898 ], [ -75.214701939538998, 39.964229216395601 ], [ -75.214197383084297, 39.964267398737697 ], [ -75.213709081083707, 39.9643043488201 ], [ -75.213230325143201, 39.964340574458703 ], [ -75.212788526106806, 39.964374021264902 ], [ -75.212093406233294, 39.96442686524 ], [ -75.211411318203702, 39.964478720248103 ], [ -75.211288547545195, 39.964487777228598 ], [ -75.210805882586698, 39.964522557517299 ], [ -75.209345914829299, 39.964630379232901 ], [ -75.208700468403507, 39.964678079473003 ], [ -75.208080700114095, 39.964726983799899 ], [ -75.2073015687359, 39.964787438742 ], [ -75.206710956569395, 39.964836005156997 ], [ -75.206471427284797, 39.964901377364001 ], [ -75.2059024287406, 39.964549101821198 ], [ -75.205860089738195, 39.964656078032803 ], [ -75.205496190183197, 39.965003728359001 ], [ -75.205469554992604, 39.9650990729574 ], [ -75.204541515656501, 39.964522054054299 ] ] ] } },
{ "type": "Feature", "properties": { "OBJECTID": 45, "ES_ID": "2320", "ES_NAME": "Girard, Stephen", "MS_ID": "3418", "MS_NAME": "Universal Institute Charter School at Vare, EH", "HS_ID": "3417", "HS_NAME": "Universal Institute Charter School at Audenried", "GR_ID_K": "2320", "GR_ID_01": "2320", "GR_ID_02": "2320", "GR_ID_03": "2320", "GR_ID_04": "2320", "GR_ID_05": "3418", "GR_ID_06": "3418", "GR_ID_07": "3418", "GR_ID_08": "3418", "GR_ID_09": "3417", "GR_ID_10": "3417", "GR_ID_11": "3417", "GR_ID_12": "3417", "ES_GRADE": "K-4", "MS_GRADE": "5-8", "HS_GRADE": "9-12", "Shape__Area": 2773748.78515625, "Shape__Length": 8548.9075626749309 }, "geometry": { "type": "Polygon", "coordinates": [ [ [ -75.176336994037101, 39.929009184026199 ], [ -75.175881310695701, 39.928950283489897 ], [ -75.175292181595495, 39.928876330401899 ], [ -75.173730625841401, 39.928669738871299 ], [ -75.173163864206998, 39.928597036802003 ], [ -75.172701768803194, 39.928529407176903 ], [ -75.172157292875895, 39.928472301049702 ], [ -75.171597999482898, 39.928396613610097 ], [ -75.171139647338507, 39.928338077344499 ], [ -75.170595404892396, 39.928274886238803 ], [ -75.170051744151394, 39.928196393766299 ], [ -75.1695834813126, 39.928142126117201 ], [ -75.168959508814496, 39.928044731638302 ], [ -75.168829890574798, 39.928043062967397 ], [ -75.169097826256802, 39.926825986009803 ], [ -75.169365229273893, 39.925599721594601 ], [ -75.169629942480796, 39.924381325156403 ], [ -75.169882801773099, 39.923140496600801 ], [ -75.170181572079898, 39.9218941475552 ], [ -75.170449922973603, 39.920648690388497 ], [ -75.170713022635795, 39.919403053398703 ], [ -75.170856786233401, 39.919419513301499 ], [ -75.171489629325293, 39.919494564298901 ], [ -75.171942123082502, 39.919553030053301 ], [ -75.172449137701093, 39.919630517385201 ], [ -75.173007551832299, 39.919688809165301 ], [ -75.173494651470705, 39.919752112777701 ], [ -75.174036054175403, 39.919818834567998 ], [ -75.1745901187751, 39.919893874322902 ], [ -75.175048608165497, 39.919952940808699 ], [ -75.175617761160794, 39.920022406446201 ], [ -75.176369440451793, 39.920117961833903 ], [ -75.177170064530998, 39.920227612128997 ], [ -75.177956634515894, 39.920318001331601 ], [ -75.178740276034205, 39.9204242051742 ], [ -75.179271014438598, 39.920497936744098 ], [ -75.179530802167804, 39.920529559624804 ], [ -75.179764686779194, 39.9205587415846 ], [ -75.180316983027495, 39.920629070841997 ], [ -75.180896643501299, 39.920713313979 ], [ -75.181237128171901, 39.9207469329357 ], [ -75.181420243723593, 39.920781676724999 ], [ -75.182223043330495, 39.920879814384598 ], [ -75.182513887728305, 39.919638066073198 ], [ -75.182795339274506, 39.918367779139501 ], [ -75.182823285354402, 39.918241646974003 ], [ -75.184405147996998, 39.918451859870103 ], [ -75.1851021047448, 39.918562314002102 ], [ -75.186026561918595, 39.918699036859202 ], [ -75.186964069021499, 39.918875783846701 ], [ -75.1873562279998, 39.919014904758903 ], [ -75.187439192247595, 39.919058913642203 ], [ -75.187798211551794, 39.919260356725403 ], [ -75.188041719012404, 39.919464446258402 ], [ -75.188256371490397, 39.919762751570403 ], [ -75.189106716624806, 39.920692184459 ], [ -75.189165999224798, 39.9207543103972 ], [ -75.189326279227203, 39.920922278200599 ], [ -75.189420476017503, 39.921015902719198 ], [ -75.189814364554394, 39.921407398212303 ], [ -75.190062360355498, 39.921725188898499 ], [ -75.189654164157105, 39.921814421901701 ], [ -75.188902221296502, 39.921978745609003 ], [ -75.188876958272502, 39.922085700605301 ], [ -75.188664070038598, 39.923005750586498 ], [ -75.190267806662504, 39.923201495377697 ], [ -75.191103414371597, 39.923303476587797 ], [ -75.191187566104801, 39.923313746484297 ], [ -75.191397917351694, 39.923391422045697 ], [ -75.191613436609899, 39.923625809625698 ], [ -75.191994287567098, 39.9240237555683 ], [ -75.192345000911303, 39.924386370644903 ], [ -75.192506248760594, 39.924553089300701 ], [ -75.192692766514796, 39.924748614283502 ], [ -75.192968868319298, 39.925041727294698 ], [ -75.1928344477965, 39.926079792564003 ], [ -75.192617620331802, 39.926050314527799 ], [ -75.192483457286997, 39.926062491735202 ], [ -75.192347395877604, 39.926114855570098 ], [ -75.192096186157301, 39.926211535638203 ], [ -75.191980591407301, 39.926256023960597 ], [ -75.191567114103094, 39.926388065155301 ], [ -75.191386556901705, 39.9264457232686 ], [ -75.191010847040602, 39.9265657000388 ], [ -75.190487346864899, 39.926747791133202 ], [ -75.189972822972805, 39.926896211361203 ], [ -75.189462484158497, 39.9269926543559 ], [ -75.189919965382799, 39.926978809850802 ], [ -75.1910099850205, 39.927125658676701 ], [ -75.190933296347694, 39.927474628042297 ], [ -75.190874817500898, 39.927746180917801 ], [ -75.190815266058806, 39.928021964399598 ], [ -75.190746007672104, 39.928336317855397 ], [ -75.189183232446496, 39.928138463525102 ], [ -75.187599361349797, 39.927935673433403 ], [ -75.186860596863198, 39.927840199689498 ], [ -75.185993217171202, 39.927736303372797 ], [ -75.185776261779395, 39.927704402997797 ], [ -75.185188849724, 39.927637381405397 ], [ -75.184695341473599, 39.9275720331188 ], [ -75.184137500429799, 39.927496450268002 ], [ -75.183569046734206, 39.927422612088698 ], [ -75.183071803216507, 39.927355378336003 ], [ -75.182481482855707, 39.927279046788598 ], [ -75.181925424001506, 39.9272185786092 ], [ -75.181436109054005, 39.927150589014602 ], [ -75.180895853272602, 39.927082814777499 ], [ -75.180250602131906, 39.927011539039498 ], [ -75.179613675860793, 39.9269217736678 ], [ -75.178972695804305, 39.926838420043303 ], [ -75.178409829759104, 39.926756603748103 ], [ -75.177951254002906, 39.926704172304902 ], [ -75.177403438761601, 39.926634850473697 ], [ -75.177304702386905, 39.927077597836899 ], [ -75.177224773561903, 39.927433532838101 ], [ -75.177138940289396, 39.927852029606299 ], [ -75.177036397595003, 39.928287245438497 ], [ -75.176964133390499, 39.928649222385197 ], [ -75.176874085463595, 39.929070982527001 ], [ -75.176336994037101, 39.929009184026199 ] ] ] } },
{ "type": "Feature", "properties": { "OBJECTID": 46, "ES_ID": "2340", "ES_NAME": "McCall, General George A", "MS_ID": "2340", "MS_NAME": "McCall, General George A", "HS_ID": "2010", "HS_NAME": "Franklin, Benjamin HS", "GR_ID_K": "2340", "GR_ID_01": "2340", "GR_ID_02": "2340", "GR_ID_03": "2340", "GR_ID_04": "2340", "GR_ID_05": "2340", "GR_ID_06": "2340", "GR_ID_07": "2340", "GR_ID_08": "2340", "GR_ID_09": "2010", "GR_ID_10": "2010", "GR_ID_11": "2010", "GR_ID_12": "2010", "ES_GRADE": "K-8", "MS_GRADE": "K-8", "HS_GRADE": "9-12", "Shape__Area": 7171515.60546875, "Shape__Length": 11450.035444668099 }, "geometry": { "type": "Polygon", "coordinates": [ [ [ -75.147349668225402, 39.957566008429197 ], [ -75.147205531413704, 39.957545903716401 ], [ -75.146088483711793, 39.957399792079002 ], [ -75.145944537746104, 39.957390182495502 ], [ -75.145746224823, 39.957367791096097 ], [ -75.145400800592896, 39.957328788362801 ], [ -75.144182284987195, 39.957177370093902 ], [ -75.143907057913907, 39.957143167610099 ], [ -75.143598748633195, 39.957118201597197 ], [ -75.143302139958394, 39.957135339591296 ], [ -75.143042472130105, 39.957168430027302 ], [ -75.1428054557812, 39.957220840809001 ], [ -75.142637583924895, 39.957282792161401 ], [ -75.142190346698996, 39.957226694338303 ], [ -75.142022799648998, 39.957204859760601 ], [ -75.141415116855399, 39.9571263097288 ], [ -75.141000562344203, 39.957072723580197 ], [ -75.1407194874716, 39.957036389153402 ], [ -75.139957386299201, 39.9569378699913 ], [ -75.139631855943193, 39.956896362332202 ], [ -75.138725674606803, 39.956790875754102 ], [ -75.132810286505503, 39.956028281065997 ], [ -75.133226167803201, 39.955244214131 ], [ -75.134437450626194, 39.9530455464228 ], [ -75.134879549986294, 39.952084045720497 ], [ -75.135207768071595, 39.951145034118603 ], [ -75.135449023887702, 39.950428118317802 ], [ -75.135609544559898, 39.949935436455398 ], [ -75.135673456857006, 39.949739272176799 ], [ -75.135742735835294, 39.949526631496603 ], [ -75.135795745980701, 39.9493028644848 ], [ -75.135880463383103, 39.948945251070299 ], [ -75.135942944401293, 39.948681504220701 ], [ -75.136038851142501, 39.948276650888502 ], [ -75.136050138946899, 39.9480694669572 ], [ -75.136139184390998, 39.947682591239698 ], [ -75.136216470473897, 39.947151373639201 ], [ -75.136241689183095, 39.946959658777899 ], [ -75.136289511496102, 39.946596119048202 ], [ -75.136305435584603, 39.946182119495603 ], [ -75.136318244722801, 39.945849099752699 ], [ -75.136290642425493, 39.945567423113701 ], [ -75.136261331474898, 39.9452683015273 ], [ -75.136229192972493, 39.944940317835901 ], [ -75.136171938739594, 39.944600752163304 ], [ -75.136100569803503, 39.944177468622399 ], [ -75.136027251606805, 39.943742619183801 ], [ -75.135968332770602, 39.943354812383802 ], [ -75.135905155012395, 39.942938974891902 ], [ -75.135862334383702, 39.942657119714603 ], [ -75.135834635404393, 39.942462358955503 ], [ -75.135793821067594, 39.942175378480798 ], [ -75.135738843223606, 39.9415989938663 ], [ -75.135714836686901, 39.941254169492098 ], [ -75.135700985473704, 39.940768297643103 ], [ -75.142388203574896, 39.940765675626203 ], [ -75.144062690947607, 39.940981101390499 ], [ -75.145033817219101, 39.941108002076902 ], [ -75.145669674261597, 39.9411904132442 ], [ -75.146745291085395, 39.941319659253601 ], [ -75.147606574478104, 39.941431701686597 ], [ -75.148099519423695, 39.941495579739303 ], [ -75.149182426653496, 39.941629419112502 ], [ -75.149649045163898, 39.941686039429001 ], [ -75.150409465563001, 39.941783814592 ], [ -75.150758662016102, 39.941827864007301 ], [ -75.151191203473601, 39.9418864673641 ], [ -75.151562881748603, 39.941931490429198 ], [ -75.152336057277395, 39.9420243265576 ], [ -75.153919460078995, 39.942214474414399 ], [ -75.155491278722394, 39.942416243345498 ], [ -75.156273220442003, 39.942515170682299 ], [ -75.156673071527393, 39.942559295003498 ], [ -75.157060866871007, 39.942605794375098 ], [ -75.157574561341306, 39.942674845160496 ], [ -75.158045579945295, 39.942739354900702 ], [ -75.158633168040694, 39.942810297780298 ], [ -75.159106244579306, 39.942869080397898 ], [ -75.159780509043003, 39.942954759765698 ], [ -75.160207433687404, 39.943006390253998 ], [ -75.161380636908106, 39.943147307783903 ], [ -75.161785505411899, 39.9431953711047 ], [ -75.163357277804494, 39.943388047047101 ], [ -75.164133375616203, 39.943488201306401 ], [ -75.164374812223599, 39.943525240101103 ], [ -75.165423498200099, 39.943655024954602 ], [ -75.165332126224001, 39.944086191697799 ], [ -75.165203766611796, 39.944656404042199 ], [ -75.1649986040333, 39.945564170314199 ], [ -75.164857504313304, 39.946224951944501 ], [ -75.164775351665298, 39.946610532907101 ], [ -75.164712808345598, 39.946980185228803 ], [ -75.164616832164398, 39.947416100678502 ], [ -75.164442070223103, 39.948207064331797 ], [ -75.164329716230895, 39.948725709386302 ], [ -75.164195434670603, 39.949343968399802 ], [ -75.164107952080201, 39.949724269660798 ], [ -75.1640262514385, 39.950082954286003 ], [ -75.163860227624497, 39.950865652856102 ], [ -75.163711324950995, 39.951498635123897 ], [ -75.163688659779694, 39.951523363394898 ], [ -75.163644995941496, 39.951551581794497 ], [ -75.163518600202096, 39.951600137675101 ], [ -75.163647392657595, 39.951639293026702 ], [ -75.163900576659401, 39.951673171359701 ], [ -75.164026579704995, 39.951637236657199 ], [ -75.164197328342794, 39.951652074491399 ], [ -75.164363072349801, 39.951678168289703 ], [ -75.1645367090983, 39.951703903631099 ], [ -75.164719390677504, 39.951732447386597 ], [ -75.164898332236405, 39.951768706662499 ], [ -75.165058442419806, 39.951819717127897 ], [ -75.165183718558197, 39.951893296800797 ], [ -75.165247247590102, 39.952009797023102 ], [ -75.165301103426998, 39.9522938952896 ], [ -75.165229709217201, 39.952585810641601 ], [ -75.165066242467503, 39.953618037178003 ], [ -75.163904712557297, 39.953462741805403 ], [ -75.163662858278101, 39.953384543979602 ], [ -75.163331617312295, 39.953339225612403 ], [ -75.163194287037996, 39.953923580082403 ], [ -75.163096362311606, 39.954409482348503 ], [ -75.1628888120364, 39.955339020142603 ], [ -75.162691241378596, 39.9562363497419 ], [ -75.162365441578501, 39.9576880783953 ], [ -75.162157020496593, 39.957726024123502 ], [ -75.161297998361505, 39.957617219656001 ], [ -75.1602968117854, 39.957517518350897 ], [ -75.159030956587102, 39.957391447408199 ], [ -75.158817297493499, 39.957386621817299 ], [ -75.158695574638998, 39.957370451809801 ], [ -75.157137010891503, 39.957147541556999 ], [ -75.155541541660398, 39.956932882786496 ], [ -75.154453452184498, 39.956786544452797 ], [ -75.154251110940606, 39.9567862236877 ], [ -75.153786137837898, 39.956794664918 ], [ -75.153348161809802, 39.956833512044902 ], [ -75.152896055867302, 39.9568930926633 ], [ -75.152774468954803, 39.9569234660772 ], [ -75.152561375508398, 39.956972820819203 ], [ -75.152292561502506, 39.9570495118504 ], [ -75.152063398135496, 39.957107827361298 ], [ -75.151651737588296, 39.957221257567902 ], [ -75.151490916808399, 39.957266586373798 ], [ -75.151142316345897, 39.957360425011501 ], [ -75.150895776714194, 39.957426672734798 ], [ -75.150656888117098, 39.957490865970897 ], [ -75.150175438676897, 39.957601543802397 ], [ -75.149527884642893, 39.957671234363197 ], [ -75.149128202742105, 39.9576837750176 ], [ -75.148879111974694, 39.957673570294503 ], [ -75.148862626065494, 39.957753770296797 ], [ -75.148462974329505, 39.957724531693401 ], [ -75.147845914361397, 39.957636069616399 ], [ -75.147349668225402, 39.957566008429197 ] ] ] } },
{ "type": "Feature", "properties": { "OBJECTID": 47, "ES_ID": "2370", "ES_NAME": "McDaniel, Delaplaine", "MS_ID": "2370", "MS_NAME": "McDaniel, Delaplaine", "HS_ID": "2000", "HS_NAME": "South Philadelphia HS", "GR_ID_K": "2370", "GR_ID_01": "2370", "GR_ID_02": "2370", "GR_ID_03": "2370", "GR_ID_04": "2370", "GR_ID_05": "2370", "GR_ID_06": "2370", "GR_ID_07": "2370", "GR_ID_08": "2370", "GR_ID_09": "2000", "GR_ID_10": "2000", "GR_ID_11": "2000", "GR_ID_12": "2000", "ES_GRADE": "K-8", "MS_GRADE": "K-8", "HS_GRADE": "9-12", "Shape__Area": 1622170.66015625, "Shape__Length": 5528.5217511739402 }, "geometry": { "type": "Polygon", "coordinates": [ [ [ -75.185729685946896, 39.936488409212103 ], [ -75.184981850860893, 39.936390178141302 ], [ -75.184494265230498, 39.9363271784609 ], [ -75.184349338725795, 39.936307702941903 ], [ -75.183917753191906, 39.936249696330698 ], [ -75.184186984636398, 39.935043273069397 ], [ -75.182547366255903, 39.934832547753601 ], [ -75.180892246806906, 39.934614945325301 ], [ -75.180978256623106, 39.934193092905602 ], [ -75.181063044041395, 39.9338221625665 ], [ -75.181164995075306, 39.933394797043398 ], [ -75.180659759205895, 39.933323076915499 ], [ -75.179556300352303, 39.9331874497068 ], [ -75.1790437542858, 39.933118496742097 ], [ -75.178624044963001, 39.933067152908102 ], [ -75.178196605158107, 39.933009328879599 ], [ -75.177652578357296, 39.932934024225197 ], [ -75.177085118701697, 39.932864261369197 ], [ -75.176626770177506, 39.932806183986898 ], [ -75.176071750343496, 39.932730391721698 ], [ -75.176340322306203, 39.931514668938199 ], [ -75.176438387942895, 39.931089941774999 ], [ -75.176514850817, 39.930725124674503 ], [ -75.176609328853999, 39.930294446800502 ], [ -75.176707451618199, 39.929860916960202 ], [ -75.1767839253462, 39.929495676504203 ], [ -75.176874085463595, 39.929070982527001 ], [ -75.176964133390499, 39.928649222385197 ], [ -75.177036397595003, 39.928287245438497 ], [ -75.177138940289396, 39.927852029606299 ], [ -75.177224773561903, 39.927433532838101 ], [ -75.177304702386905, 39.927077597836899 ], [ -75.177403438761601, 39.926634850473697 ], [ -75.177951254002906, 39.926704172304902 ], [ -75.178409829759104, 39.926756603748103 ], [ -75.178972695804305, 39.926838420043303 ], [ -75.179613675860793, 39.9269217736678 ], [ -75.180250602131906, 39.927011539039498 ], [ -75.180895853272602, 39.927082814777499 ], [ -75.181436109054005, 39.927150589014602 ], [ -75.181925424001506, 39.9272185786092 ], [ -75.182481482855707, 39.927279046788598 ], [ -75.183071803216507, 39.927355378336003 ], [ -75.183569046734206, 39.927422612088698 ], [ -75.184137500429799, 39.927496450268002 ], [ -75.184695341473599, 39.9275720331188 ], [ -75.185188849724, 39.927637381405397 ], [ -75.185776261779395, 39.927704402997797 ], [ -75.185993217171202, 39.927736303372797 ], [ -75.186860596863198, 39.927840199689498 ], [ -75.187599361349797, 39.927935673433403 ], [ -75.189183232446496, 39.928138463525102 ], [ -75.190746007672104, 39.928336317855397 ], [ -75.190670371088402, 39.9286774763073 ], [ -75.190604108383397, 39.9289861778581 ], [ -75.1905372108086, 39.929274551966898 ], [ -75.190476522566698, 39.929567833677297 ], [ -75.190223826775494, 39.930788446791396 ], [ -75.190129093828901, 39.931228144667301 ], [ -75.1899511399331, 39.932011548752499 ], [ -75.189690354409095, 39.933236700857698 ], [ -75.189418730634699, 39.9344384321085 ], [ -75.189319395968496, 39.934875577833701 ], [ -75.189238913204505, 39.935252339824899 ], [ -75.189149792279906, 39.935680681787296 ], [ -75.189064437192698, 39.936104880256501 ], [ -75.188979787797706, 39.936466185974197 ], [ -75.188887349265897, 39.936896133194402 ], [ -75.187329380507904, 39.936688290151302 ], [ -75.1857581848639, 39.936491990003901 ], [ -75.185729685946896, 39.936488409212103 ] ] ] } },
{ "type": "Feature", "properties": { "OBJECTID": 48, "ES_ID": "2380", "ES_NAME": "Meredith, William M", "MS_ID": "2380", "MS_NAME": "Meredith, William M", "HS_ID": "2160", "HS_NAME": "Furness, Horace", "GR_ID_K": "2380", "GR_ID_01": "2380", "GR_ID_02": "2380", "GR_ID_03": "2380", "GR_ID_04": "2380", "GR_ID_05": "2380", "GR_ID_06": "2380", "GR_ID_07": "2380", "GR_ID_08": "2380", "GR_ID_09": "2160", "GR_ID_10": "2160", "GR_ID_11": "2160", "GR_ID_12": "2160", "ES_GRADE": "K-8", "MS_GRADE": "K-8", "HS_GRADE": "9-12", "Shape__Area": 1743152.58984375, "Shape__Length": 6502.9216230204802 }, "geometry": { "type": "Polygon", "coordinates": [ [ [ -75.156673071527393, 39.942559295003498 ], [ -75.156273220442003, 39.942515170682299 ], [ -75.155491278722394, 39.942416243345498 ], [ -75.153919460078995, 39.942214474414399 ], [ -75.152336057277395, 39.9420243265576 ], [ -75.151562881748603, 39.941931490429198 ], [ -75.151191203473601, 39.9418864673641 ], [ -75.150758662016102, 39.941827864007301 ], [ -75.150409465563001, 39.941783814592 ], [ -75.149649045163898, 39.941686039429001 ], [ -75.149182426653496, 39.941629419112502 ], [ -75.148099519423695, 39.941495579739303 ], [ -75.147606574478104, 39.941431701686597 ], [ -75.146745291085395, 39.941319659253601 ], [ -75.145669674261597, 39.9411904132442 ], [ -75.145033817219101, 39.941108002076902 ], [ -75.144062690947607, 39.940981101390499 ], [ -75.142388203574896, 39.940765675626203 ], [ -75.142233421537597, 39.940745806545699 ], [ -75.135700985473704, 39.940768297643103 ], [ -75.135705335601997, 39.940386630647701 ], [ -75.135710059049899, 39.9399721631315 ], [ -75.135705530204703, 39.9398268101437 ], [ -75.135723627691803, 39.939297302736598 ], [ -75.135740109545907, 39.938906792989101 ], [ -75.135755799501794, 39.938535008315498 ], [ -75.135778311645595, 39.938001599178101 ], [ -75.135793980738001, 39.9373382585051 ], [ -75.135827389692693, 39.9368386780516 ], [ -75.135854106926601, 39.936205593342699 ], [ -75.1358770005141, 39.935663109658897 ], [ -75.135901146873096, 39.935090936917398 ], [ -75.135927076408805, 39.934476470152298 ], [ -75.142688012913993, 39.934888627921303 ], [ -75.142772265656802, 39.934906704093798 ], [ -75.1432893665976, 39.935044068437001 ], [ -75.144362857530396, 39.935331976188102 ], [ -75.144658837492599, 39.935411795877599 ], [ -75.144890790203107, 39.935474347470198 ], [ -75.145261452970104, 39.935574304109799 ], [ -75.145742733004198, 39.935704015651297 ], [ -75.146168009572193, 39.935819030219797 ], [ -75.146358691595907, 39.935870598075198 ], [ -75.146811002868603, 39.935991914810998 ], [ -75.146907448716703, 39.936019362269299 ], [ -75.147814542155103, 39.936264976589598 ], [ -75.148287612149105, 39.936388857764697 ], [ -75.148696699697794, 39.936495562018003 ], [ -75.149334303662897, 39.9366733376322 ], [ -75.149936615922101, 39.936845096236802 ], [ -75.150230874931694, 39.9369303638681 ], [ -75.151760979894405, 39.9373407808568 ], [ -75.151649613246306, 39.937836916748303 ], [ -75.151496796241403, 39.938523528926297 ], [ -75.151959323481805, 39.9386010134358 ], [ -75.152681108548805, 39.938733219950301 ], [ -75.153067212732296, 39.938772222923298 ], [ -75.153978560243402, 39.938881493431602 ], [ -75.154630699992694, 39.938965194114999 ], [ -75.156196795780502, 39.9391610896553 ], [ -75.156112180028103, 39.9395699902228 ], [ -75.156595069778405, 39.939629220134499 ], [ -75.156988099705202, 39.9396726110472 ], [ -75.157690393433001, 39.939756390890601 ], [ -75.157456554669494, 39.9407722468952 ], [ -75.157254903931403, 39.941746499427602 ], [ -75.157060866871007, 39.942605794375098 ], [ -75.156673071527393, 39.942559295003498 ] ] ] } },
{ "type": "Feature", "properties": { "OBJECTID": 49, "ES_ID": "2390", "ES_NAME": "Morris, Robert", "MS_ID": "2390", "MS_NAME": "Morris, Robert", "HS_ID": "5180", "HS_NAME": "Vaux Big Picture High School", "GR_ID_K": "2390", "GR_ID_01": "2390", "GR_ID_02": "2390", "GR_ID_03": "2390", "GR_ID_04": "2390", "GR_ID_05": "2390", "GR_ID_06": "2390", "GR_ID_07": "2390", "GR_ID_08": "2390", "GR_ID_09": "5180", "GR_ID_10": "5180", "GR_ID_11": "5180", "GR_ID_12": "2010", "ES_GRADE": "K-8", "MS_GRADE": "K-8", "HS_GRADE": "9-11", "Shape__Area": 2850569.3203125, "Shape__Length": 7841.9731371391099 }, "geometry": { "type": "Polygon", "coordinates": [ [ [ -75.173407727213799, 39.977792760584997 ], [ -75.173129529055203, 39.977759770162102 ], [ -75.172969902585905, 39.978416248059403 ], [ -75.172904288288706, 39.978687258997297 ], [ -75.172961972252196, 39.978701255943797 ], [ -75.172996294782294, 39.9787289831946 ], [ -75.173001636940597, 39.978757649954296 ], [ -75.173005223717595, 39.978776895947099 ], [ -75.172993534615401, 39.978839543997502 ], [ -75.1729647537218, 39.978993791763898 ], [ -75.172933056501293, 39.9790345382875 ], [ -75.172873067294006, 39.979060175588998 ], [ -75.172820598225698, 39.979081832575403 ], [ -75.172802746639306, 39.979169837287301 ], [ -75.171216067500694, 39.978961625476202 ], [ -75.171296096375997, 39.978587316380001 ], [ -75.171309577982797, 39.9785142047294 ], [ -75.171356263444494, 39.978259898400303 ], [ -75.171435554880901, 39.977925640738597 ], [ -75.171530084529195, 39.977546934235598 ], [ -75.171597467887906, 39.977188560002197 ], [ -75.171673148070994, 39.976847404012602 ], [ -75.171729870304901, 39.976541198545902 ], [ -75.171737329419699, 39.976514817769001 ], [ -75.171816282727804, 39.976173197344501 ], [ -75.171914237900495, 39.975780425260901 ], [ -75.171972898755598, 39.975471873774502 ], [ -75.171982880197305, 39.975406153737502 ], [ -75.172094111423903, 39.974863972801302 ], [ -75.173788021308098, 39.974686956278198 ], [ -75.175458491743797, 39.974512730033503 ], [ -75.1759383611153, 39.974461692947102 ], [ -75.1764214248104, 39.974412254528197 ], [ -75.177125310717997, 39.974336303848098 ], [ -75.177854455998201, 39.974257005582899 ], [ -75.177865652391205, 39.9738415234063 ], [ -75.177864722838095, 39.972489100076999 ], [ -75.177540506883602, 39.972446625184098 ], [ -75.177808284694294, 39.971217037960898 ], [ -75.178058464135205, 39.970121797644701 ], [ -75.178608178675702, 39.970189726473997 ], [ -75.179653393992098, 39.970318340303599 ], [ -75.179756666193896, 39.969823046670697 ], [ -75.179777766747094, 39.969701607977797 ], [ -75.179839216929693, 39.969455821698403 ], [ -75.179916379507304, 39.969099011521401 ], [ -75.180064597253804, 39.968424714954999 ], [ -75.1801654589012, 39.967802463239003 ], [ -75.179686559958299, 39.967425475314002 ], [ -75.181123552823706, 39.967471667206603 ], [ -75.185594475359395, 39.966916179311802 ], [ -75.187070862649307, 39.967755770818698 ], [ -75.189005087370205, 39.968648014004998 ], [ -75.190535083734403, 39.969531209326099 ], [ -75.191172660570203, 39.970182221066104 ], [ -75.191571759922198, 39.971549607584002 ], [ -75.191857813251204, 39.972744663800299 ], [ -75.192517027832395, 39.974287656643497 ], [ -75.192677886109095, 39.9745648973309 ], [ -75.193069980962093, 39.975233938729602 ], [ -75.193169451813205, 39.975352115604998 ], [ -75.193953739902199, 39.976283864555697 ], [ -75.193709248313695, 39.976444998529999 ], [ -75.193449202973895, 39.976616052478398 ], [ -75.193188728133507, 39.976786720576499 ], [ -75.193125314164703, 39.976828126243802 ], [ -75.192927874790797, 39.976957048107302 ], [ -75.192666696046601, 39.977127086707803 ], [ -75.192405250954096, 39.977296885445398 ], [ -75.192143591410101, 39.977466496832299 ], [ -75.191881780045506, 39.977635968214599 ], [ -75.191747444124104, 39.977722849108403 ], [ -75.191619871062798, 39.977805353058002 ], [ -75.191357918766101, 39.977974702128101 ], [ -75.191095981105207, 39.9781440626681 ], [ -75.190834114554406, 39.978313489998001 ], [ -75.190572374756698, 39.978483030409699 ], [ -75.190310820695998, 39.978652734775103 ], [ -75.189902574683501, 39.978917144549001 ], [ -75.189640646771196, 39.979086516558802 ], [ -75.189378606538199, 39.979255788184297 ], [ -75.189081552169696, 39.979447516703999 ], [ -75.188854292172095, 39.979594123580597 ], [ -75.188592064422494, 39.979763230733099 ], [ -75.187320397991996, 39.979590045182 ], [ -75.185730414267098, 39.979370159094003 ], [ -75.184702033252904, 39.979233464871903 ], [ -75.184139748598994, 39.979168481853797 ], [ -75.183584142317599, 39.979091553853998 ], [ -75.183117656260293, 39.979038896730103 ], [ -75.182528778398193, 39.978965814522702 ], [ -75.181928571683301, 39.978887743645501 ], [ -75.181461967373096, 39.978822699904399 ], [ -75.180908796396807, 39.978748658722402 ], [ -75.180319254426806, 39.978674612250501 ], [ -75.180187294631693, 39.9786581475933 ], [ -75.179863550349694, 39.978615428329697 ], [ -75.179484608890306, 39.9785656764832 ], [ -75.178696299619403, 39.9784770778801 ], [ -75.177890661451599, 39.978364068057303 ], [ -75.177106203826199, 39.978261084422599 ], [ -75.176302635189501, 39.9781481683019 ], [ -75.174705662575505, 39.977946591532401 ], [ -75.173857579990894, 39.977846090571198 ], [ -75.173407727213799, 39.977792760584997 ] ] ] } },
{ "type": "Feature", "properties": { "OBJECTID": 50, "ES_ID": "2450", "ES_NAME": "Stanton, Edwin M", "MS_ID": "2450", "MS_NAME": "Stanton, Edwin M", "HS_ID": "2000", "HS_NAME": "South Philadelphia HS", "GR_ID_K": "2450", "GR_ID_01": "2450", "GR_ID_02": "2450", "GR_ID_03": "2450", "GR_ID_04": "2450", "GR_ID_05": "2450", "GR_ID_06": "2450", "GR_ID_07": "2450", "GR_ID_08": "2450", "GR_ID_09": "2000", "GR_ID_10": "2000", "GR_ID_11": "2000", "GR_ID_12": "2000", "ES_GRADE": "K-8", "MS_GRADE": "K-8", "HS_GRADE": "9-12", "Shape__Area": 1590331.51171875, "Shape__Length": 6680.7357186397003 }, "geometry": { "type": "Polygon", "coordinates": [ [ [ -75.166246476700707, 39.942863232389001 ], [ -75.165781167670204, 39.9427944476476 ], [ -75.165629352171095, 39.942794061688701 ], [ -75.1657193068026, 39.942414506383898 ], [ -75.165834362954001, 39.9418126727792 ], [ -75.166061620316896, 39.940809041361099 ], [ -75.166135658392704, 39.940430206663301 ], [ -75.166227223261899, 39.940042777334 ], [ -75.166436544182801, 39.939064874398703 ], [ -75.1667153702071, 39.937853857255803 ], [ -75.166865130701396, 39.937189296520302 ], [ -75.166957441632704, 39.936741392983599 ], [ -75.167171072558105, 39.935685383425898 ], [ -75.1673051232208, 39.935705055741501 ], [ -75.167999331177199, 39.935818844430798 ], [ -75.168124233727994, 39.935834982371702 ], [ -75.168904199762494, 39.935978541982799 ], [ -75.169380268297303, 39.936058727033803 ], [ -75.169675322821604, 39.936115652326002 ], [ -75.170156495497196, 39.936197461753899 ], [ -75.170457440693198, 39.936241626695598 ], [ -75.172018505397304, 39.936494875524602 ], [ -75.173584950772806, 39.936751033083802 ], [ -75.173699340471501, 39.9362396509378 ], [ -75.173778684961405, 39.935856541808199 ], [ -75.173853669008494, 39.9354593428519 ], [ -75.173973017108693, 39.934983288016902 ], [ -75.174590095582204, 39.935056120984797 ], [ -75.175026740241705, 39.935108920101698 ], [ -75.175539066003395, 39.935173891629297 ], [ -75.176123517757503, 39.935252667581999 ], [ -75.176683570373896, 39.935328049467699 ], [ -75.177110491787602, 39.935379672740801 ], [ -75.177582841222005, 39.935436977912197 ], [ -75.178018363376196, 39.935502171627199 ], [ -75.178516161709396, 39.935553948288302 ], [ -75.179037874132305, 39.935621873404699 ], [ -75.180622897901799, 39.935825783470399 ], [ -75.182287909587899, 39.936041710381801 ], [ -75.1828584180126, 39.9361248472879 ], [ -75.183143603523007, 39.936160871909898 ], [ -75.1833679306162, 39.936189207867798 ], [ -75.183917753191906, 39.936249696330698 ], [ -75.184349338725795, 39.936307702941903 ], [ -75.184494265230498, 39.9363271784609 ], [ -75.184981850860893, 39.936390178141302 ], [ -75.185729685946896, 39.936488409212103 ], [ -75.185501713340898, 39.937606336474403 ], [ -75.185418210744203, 39.937961760440302 ], [ -75.185393673297199, 39.938066926398903 ], [ -75.1853051303695, 39.938523841829699 ], [ -75.185272796392098, 39.938671641328703 ], [ -75.185236615473599, 39.938832605954801 ], [ -75.185169926700198, 39.939123547456603 ], [ -75.184957878091694, 39.940093403036002 ], [ -75.183142849300495, 39.939904920527702 ], [ -75.181497059141805, 39.939696605320698 ], [ -75.179840687127196, 39.9394878642645 ], [ -75.178253742177503, 39.939277119366501 ], [ -75.1763132706173, 39.9390308073067 ], [ -75.174753624850894, 39.938835420736801 ], [ -75.174652877356806, 39.939309494645997 ], [ -75.1745788291785, 39.939649763841899 ], [ -75.174483175009797, 39.9400653582085 ], [ -75.1743791181501, 39.940535789623198 ], [ -75.174274577937894, 39.941030825807402 ], [ -75.174189520288294, 39.941430179330602 ], [ -75.174106877623501, 39.941802852171101 ], [ -75.173887049816202, 39.942809608288002 ], [ -75.1737852017433, 39.943301034799497 ], [ -75.173670323503998, 39.943784527978302 ], [ -75.172107361959704, 39.943586140097302 ], [ -75.171029486353504, 39.943449538783597 ], [ -75.170535440113596, 39.943389407828001 ], [ -75.169999898647404, 39.943319753786703 ], [ -75.1697319478358, 39.943286935536499 ], [ -75.169341431808505, 39.943234822760701 ], [ -75.168959955472104, 39.943194053111199 ], [ -75.168263193807107, 39.943105007739398 ], [ -75.167817393538101, 39.943054279902299 ], [ -75.167372418520301, 39.943004245562598 ], [ -75.166246476700707, 39.942863232389001 ] ] ] } },
{ "type": "Feature", "properties": { "OBJECTID": 51, "ES_ID": "2470", "ES_NAME": "Greenfield, Albert M", "MS_ID": "2470", "MS_NAME": "Greenfield, Albert M", "HS_ID": "2010", "HS_NAME": "Franklin, Benjamin HS", "GR_ID_K": "2470", "GR_ID_01": "2470", "GR_ID_02": "2470", "GR_ID_03": "2470", "GR_ID_04": "2470", "GR_ID_05": "2470", "GR_ID_06": "2470", "GR_ID_07": "2470", "GR_ID_08": "2470", "GR_ID_09": "2010", "GR_ID_10": "2010", "GR_ID_11": "2010", "GR_ID_12": "2010", "ES_GRADE": "K-8", "MS_GRADE": "K-8", "HS_GRADE": "9-12", "Shape__Area": 4443586.28515625, "Shape__Length": 10129.1432177933 }, "geometry": { "type": "Polygon", "coordinates": [ [ [ -75.177127510319806, 39.963279471114603 ], [ -75.1770388871996, 39.962936443367703 ], [ -75.176921050354096, 39.962708772008398 ], [ -75.176678561512702, 39.962505068437601 ], [ -75.175063038814898, 39.961344382820002 ], [ -75.173663790170593, 39.9603176020061 ], [ -75.172135916935702, 39.959167821453903 ], [ -75.171953885160704, 39.959030933383602 ], [ -75.1716388415674, 39.958819436867302 ], [ -75.171384715846898, 39.958643432777002 ], [ -75.171080213060705, 39.958545360568401 ], [ -75.170462435362694, 39.958559478967402 ], [ -75.170242220575005, 39.958485613259697 ], [ -75.170071497775297, 39.958402709271603 ], [ -75.169949309965205, 39.958290488194997 ], [ -75.169831141748602, 39.958118803021399 ], [ -75.169802919545802, 39.957983100809102 ], [ -75.169817229644494, 39.957864615769402 ], [ -75.169774002297203, 39.957495902574898 ], [ -75.169684324905404, 39.957360085854702 ], [ -75.169553780601902, 39.957259839142601 ], [ -75.169175424676695, 39.957040223175198 ], [ -75.167805041173096, 39.955944902015702 ], [ -75.166368076974507, 39.9548251007134 ], [ -75.164842099555003, 39.954628272904401 ], [ -75.165066242467503, 39.953618037178003 ], [ -75.165229709217201, 39.952585810641601 ], [ -75.165301103426998, 39.9522938952896 ], [ -75.165247247590102, 39.952009797023102 ], [ -75.165183718558197, 39.951893296800797 ], [ -75.165058442419806, 39.951819717127897 ], [ -75.164898332236405, 39.951768706662499 ], [ -75.164719390677504, 39.951732447386597 ], [ -75.1645367090983, 39.951703903631099 ], [ -75.164363072349801, 39.951678168289703 ], [ -75.164197328342794, 39.951652074491399 ], [ -75.164026579704995, 39.951637236657199 ], [ -75.163900576659401, 39.951673171359701 ], [ -75.163647392657595, 39.951639293026702 ], [ -75.163518600202096, 39.951600137675101 ], [ -75.163644995941496, 39.951551581794497 ], [ -75.163688659779694, 39.951523363394898 ], [ -75.163711324950995, 39.951498635123897 ], [ -75.163860227624497, 39.950865652856102 ], [ -75.1640262514385, 39.950082954286003 ], [ -75.164107952080201, 39.949724269660798 ], [ -75.164195434670603, 39.949343968399802 ], [ -75.164329716230895, 39.948725709386302 ], [ -75.164442070223103, 39.948207064331797 ], [ -75.164616832164398, 39.947416100678502 ], [ -75.164712808345598, 39.946980185228803 ], [ -75.164775351665298, 39.946610532907101 ], [ -75.164857504313304, 39.946224951944501 ], [ -75.1649986040333, 39.945564170314199 ], [ -75.165203766611796, 39.944656404042199 ], [ -75.165332126224001, 39.944086191697799 ], [ -75.165423498200099, 39.943655024954602 ], [ -75.165537617316403, 39.9432097499243 ], [ -75.165629352171095, 39.942794061688701 ], [ -75.165781167670204, 39.9427944476476 ], [ -75.166246476700707, 39.942863232389001 ], [ -75.167372418520301, 39.943004245562598 ], [ -75.167817393538101, 39.943054279902299 ], [ -75.168263193807107, 39.943105007739398 ], [ -75.168959955472104, 39.943194053111199 ], [ -75.169341431808505, 39.943234822760701 ], [ -75.1697319478358, 39.943286935536499 ], [ -75.169999898647404, 39.943319753786703 ], [ -75.170535440113596, 39.943389407828001 ], [ -75.171029486353504, 39.943449538783597 ], [ -75.172107361959704, 39.943586140097302 ], [ -75.173670323503998, 39.943784527978302 ], [ -75.175243892943797, 39.943978593179303 ], [ -75.177171361877399, 39.944219020661201 ], [ -75.178768138193703, 39.944409983302101 ], [ -75.180411968163199, 39.944611182372697 ], [ -75.180613283062499, 39.944640153672502 ], [ -75.180952800982894, 39.944679257907303 ], [ -75.182782941428101, 39.944915102776598 ], [ -75.183351096841605, 39.944985382214298 ], [ -75.183889198751601, 39.945044732063202 ], [ -75.185009663189902, 39.945187780691597 ], [ -75.185704589604299, 39.945285402336999 ], [ -75.185688667171604, 39.946168065090603 ], [ -75.185915559669695, 39.946227873572802 ], [ -75.186168045536903, 39.946411301874001 ], [ -75.186871978139095, 39.946922634938403 ], [ -75.186769504511801, 39.946989600315 ], [ -75.1863837034266, 39.947265741802298 ], [ -75.184662581508604, 39.9484990958506 ], [ -75.183678259505697, 39.9492412308377 ], [ -75.183015522696806, 39.9497499901914 ], [ -75.182436615431399, 39.950472884264499 ], [ -75.181774057845601, 39.951462770960099 ], [ -75.181743505969195, 39.951528550944403 ], [ -75.181253642318296, 39.952583197868897 ], [ -75.181036023940095, 39.9530073502386 ], [ -75.180449704152593, 39.954150103764697 ], [ -75.180312692665098, 39.954492249241099 ], [ -75.180185734569704, 39.954809286045901 ], [ -75.179901279724007, 39.955418626247599 ], [ -75.179864456781999, 39.955497504779103 ], [ -75.179568671056202, 39.956131106954601 ], [ -75.179525424887501, 39.956223742284202 ], [ -75.179366325182599, 39.957026784694698 ], [ -75.179296944205007, 39.957888439831997 ], [ -75.179480510698198, 39.958868971213199 ], [ -75.179840768801796, 39.959796855432401 ], [ -75.179977606298706, 39.960018337716697 ], [ -75.180052856582094, 39.960140134507498 ], [ -75.180221992005599, 39.960413886806002 ], [ -75.181076861334901, 39.961635865247601 ], [ -75.181960289893695, 39.962589606990697 ], [ -75.182879422341003, 39.963572440959098 ], [ -75.183474036256499, 39.9643496030709 ], [ -75.182497127717895, 39.964147284760202 ], [ -75.181716521412199, 39.963931439304602 ], [ -75.181592553624796, 39.963792540448502 ], [ -75.181231239351305, 39.963714380896398 ], [ -75.180036549300894, 39.963328798269202 ], [ -75.178822012197301, 39.962999158758898 ], [ -75.178135513014197, 39.962811817673398 ], [ -75.177751573381897, 39.962791932623503 ], [ -75.177484971714094, 39.962876296128698 ], [ -75.177322197725303, 39.963000364812103 ], [ -75.177230269370895, 39.963132104669498 ], [ -75.177127510319806, 39.963279471114603 ] ] ] } },
{ "type": "Feature", "properties": { "OBJECTID": 52, "ES_ID": "2480", "ES_NAME": "Arthur, Chester A", "MS_ID": "2480", "MS_NAME": "Arthur, Chester A", "HS_ID": "3417", "HS_NAME": "Universal Institute Charter School at Audenried", "GR_ID_K": "2480", "GR_ID_01": "2480", "GR_ID_02": "2480", "GR_ID_03": "2480", "GR_ID_04": "2480", "GR_ID_05": "2480", "GR_ID_06": "2480", "GR_ID_07": "2480", "GR_ID_08": "2480", "GR_ID_09": "3417", "GR_ID_10": "3417", "GR_ID_11": "3417", "GR_ID_12": "3417", "ES_GRADE": "K-8", "MS_GRADE": "K-8", "HS_GRADE": "9-12", "Shape__Area": 1309437.3671875, "Shape__Length": 5295.4819078532 }, "geometry": { "type": "Polygon", "coordinates": [ [ [ -75.173670323503998, 39.943784527978302 ], [ -75.1737852017433, 39.943301034799497 ], [ -75.173887049816202, 39.942809608288002 ], [ -75.174106877623501, 39.941802852171101 ], [ -75.174189520288294, 39.941430179330602 ], [ -75.174274577937894, 39.941030825807402 ], [ -75.1743791181501, 39.940535789623198 ], [ -75.174483175009797, 39.9400653582085 ], [ -75.1745788291785, 39.939649763841899 ], [ -75.174652877356806, 39.939309494645997 ], [ -75.174753624850894, 39.938835420736801 ], [ -75.1763132706173, 39.9390308073067 ], [ -75.178253742177503, 39.939277119366501 ], [ -75.179840687127196, 39.9394878642645 ], [ -75.181497059141805, 39.939696605320698 ], [ -75.183142849300495, 39.939904920527702 ], [ -75.184957878091694, 39.940093403036002 ], [ -75.185343390327802, 39.940090180246003 ], [ -75.1857839153284, 39.940141253786102 ], [ -75.186318849315199, 39.9402032135472 ], [ -75.186554189966401, 39.940239499964299 ], [ -75.187447323035698, 39.9403735151406 ], [ -75.186852707024499, 39.940824740519702 ], [ -75.186992138841106, 39.940890613498802 ], [ -75.187285872562896, 39.941025369882901 ], [ -75.187584172524197, 39.941154103339997 ], [ -75.1878814021388, 39.941284244691502 ], [ -75.188173711746302, 39.941420849120597 ], [ -75.188466137081903, 39.941557332825603 ], [ -75.188761536838996, 39.941690024958298 ], [ -75.189054074729995, 39.941826253738597 ], [ -75.1893409958832, 39.941969483333402 ], [ -75.189625956054996, 39.942115051577403 ], [ -75.189909861934296, 39.942261791192898 ], [ -75.190193422586901, 39.942408933233402 ], [ -75.190541310820905, 39.9426098243746 ], [ -75.190832507956202, 39.942777654746102 ], [ -75.191088774029893, 39.9429254162592 ], [ -75.191362240029505, 39.943083476457304 ], [ -75.191575189558407, 39.943207098418597 ], [ -75.191060292819898, 39.943644750642001 ], [ -75.190993148588404, 39.943701821813796 ], [ -75.190681520807502, 39.943990042021497 ], [ -75.190231215270302, 39.944406518449902 ], [ -75.189854650685206, 39.944741896793197 ], [ -75.189460602869005, 39.945092840570098 ], [ -75.189394191201799, 39.945151986926199 ], [ -75.188893423913896, 39.9455338855823 ], [ -75.188258433648102, 39.946018136914503 ], [ -75.187924721789003, 39.946235847572602 ], [ -75.187354979609793, 39.946607537813399 ], [ -75.186871978139095, 39.946922634938403 ], [ -75.186168045536903, 39.946411301874001 ], [ -75.185915559669695, 39.946227873572802 ], [ -75.185688667171604, 39.946168065090603 ], [ -75.185704589604299, 39.945285402336999 ], [ -75.185009663189902, 39.945187780691597 ], [ -75.183889198751601, 39.945044732063202 ], [ -75.183351096841605, 39.944985382214298 ], [ -75.182782941428101, 39.944915102776598 ], [ -75.180952800982894, 39.944679257907303 ], [ -75.180613283062499, 39.944640153672502 ], [ -75.180411968163199, 39.944611182372697 ], [ -75.178768138193703, 39.944409983302101 ], [ -75.177171361877399, 39.944219020661201 ], [ -75.175243892943797, 39.943978593179303 ], [ -75.173670323503998, 39.943784527978302 ] ] ] } },
{ "type": "Feature", "properties": { "OBJECTID": 53, "ES_ID": "2490", "ES_NAME": "Waring, Laura W", "MS_ID": "2490", "MS_NAME": "Waring, Laura W", "HS_ID": "2010", "HS_NAME": "Franklin, Benjamin HS", "GR_ID_K": "2490", "GR_ID_01": "2490", "GR_ID_02": "2490", "GR_ID_03": "2490", "GR_ID_04": "2490", "GR_ID_05": "2490", "GR_ID_06": "2490", "GR_ID_07": "2490", "GR_ID_08": "2490", "GR_ID_09": "2010", "GR_ID_10": "2010", "GR_ID_11": "2010", "GR_ID_12": "2010", "ES_GRADE": "K-8", "MS_GRADE": "K-8", "HS_GRADE": "9-12", "Shape__Area": 2642568.2421875, "Shape__Length": 7631.0904627937898 }, "geometry": { "type": "Polygon", "coordinates": [ [ [ -75.164556934155399, 39.970826012207901 ], [ -75.162983040166907, 39.970632270592297 ], [ -75.161406309795098, 39.970437700766098 ], [ -75.160562490978293, 39.970328956288903 ], [ -75.159855187173306, 39.970229697930002 ], [ -75.1597050624638, 39.9702111809749 ], [ -75.159979064276797, 39.969004365325098 ], [ -75.160075124973304, 39.968608912906099 ], [ -75.160161959709498, 39.968186390162202 ], [ -75.160216091873096, 39.967897727709499 ], [ -75.160408805550404, 39.967039372232101 ], [ -75.160485166795297, 39.966679537270998 ], [ -75.160564049709905, 39.966303384999101 ], [ -75.160680113151301, 39.965779875168998 ], [ -75.160807639984796, 39.965168213443597 ], [ -75.160960685336605, 39.964478756991497 ], [ -75.161055778550406, 39.964050024705799 ], [ -75.161111819605296, 39.963798040384901 ], [ -75.161190964337493, 39.963431707592399 ], [ -75.161263278285304, 39.963135955877597 ], [ -75.161305352185195, 39.9629031174115 ], [ -75.161386020814803, 39.9624833381434 ], [ -75.161383371614207, 39.962326755504201 ], [ -75.161414601915993, 39.962111804420601 ], [ -75.161478469276901, 39.961798527374 ], [ -75.161555805303195, 39.961451095679998 ], [ -75.161648502290006, 39.961030558699299 ], [ -75.161775043845395, 39.960430864726703 ], [ -75.161805227669902, 39.960294316278997 ], [ -75.161962691736505, 39.959580210335403 ], [ -75.162060895309594, 39.959110204467699 ], [ -75.162121281738493, 39.9588309251059 ], [ -75.162178101311497, 39.9585565938402 ], [ -75.162296006853296, 39.958067319793699 ], [ -75.162321390232506, 39.957939631692497 ], [ -75.162342324466707, 39.9578350579324 ], [ -75.162365441578501, 39.9576880783953 ], [ -75.162691241378596, 39.9562363497419 ], [ -75.1628888120364, 39.955339020142603 ], [ -75.163096362311606, 39.954409482348503 ], [ -75.163194287037996, 39.953923580082403 ], [ -75.163331617312295, 39.953339225612403 ], [ -75.163662858278101, 39.953384543979602 ], [ -75.163904712557297, 39.953462741805403 ], [ -75.165066242467503, 39.953618037178003 ], [ -75.164842099555003, 39.954628272904401 ], [ -75.166368076974507, 39.9548251007134 ], [ -75.167805041173096, 39.955944902015702 ], [ -75.169175424676695, 39.957040223175198 ], [ -75.169553780601902, 39.957259839142601 ], [ -75.169684324905404, 39.957360085854702 ], [ -75.169774002297203, 39.957495902574898 ], [ -75.169817229644494, 39.957864615769402 ], [ -75.169802919545802, 39.957983100809102 ], [ -75.169831141748602, 39.958118803021399 ], [ -75.169949309965205, 39.958290488194997 ], [ -75.170071497775297, 39.958402709271603 ], [ -75.170242220575005, 39.958485613259697 ], [ -75.170462435362694, 39.958559478967402 ], [ -75.171080213060705, 39.958545360568401 ], [ -75.171384715846898, 39.958643432777002 ], [ -75.1716388415674, 39.958819436867302 ], [ -75.171953885160704, 39.959030933383602 ], [ -75.172135916935702, 39.959167821453903 ], [ -75.173663790170593, 39.9603176020061 ], [ -75.175063038814898, 39.961344382820002 ], [ -75.176678561512702, 39.962505068437601 ], [ -75.176921050354096, 39.962708772008398 ], [ -75.1770388871996, 39.962936443367703 ], [ -75.177127510319806, 39.963279471114603 ], [ -75.1769447381199, 39.9635757581378 ], [ -75.176685429889702, 39.963953098947897 ], [ -75.176394688103798, 39.964116868162399 ], [ -75.176040586646806, 39.964268027410597 ], [ -75.176029115959594, 39.964439119240701 ], [ -75.175906905776898, 39.964995565753902 ], [ -75.175875746502896, 39.965167268247697 ], [ -75.175765054333795, 39.9656276872497 ], [ -75.174163418143394, 39.965421666730897 ], [ -75.172563080078007, 39.965228360698298 ], [ -75.1724805525688, 39.9656361012498 ], [ -75.172402196992607, 39.965938400660299 ], [ -75.172270060161594, 39.9665885498733 ], [ -75.172195834945995, 39.966912666313199 ], [ -75.172110732484398, 39.967293724773398 ], [ -75.1713465625336, 39.967284338240802 ], [ -75.170780119921602, 39.967268826166404 ], [ -75.170179435270896, 39.967259790957101 ], [ -75.169373260066493, 39.9672448147005 ], [ -75.168571382154099, 39.967235641887299 ], [ -75.168467906265406, 39.967653541702802 ], [ -75.168315633632304, 39.968412121859501 ], [ -75.166968583823504, 39.969240207994702 ], [ -75.166363688297807, 39.969576155380899 ], [ -75.165683403368803, 39.969953780278999 ], [ -75.1654926552728, 39.9700498959035 ], [ -75.164747305528394, 39.970445669553897 ], [ -75.165134815287502, 39.970770202011302 ], [ -75.165313104150499, 39.970919513233 ], [ -75.164556934155399, 39.970826012207901 ] ] ] } },
{ "type": "Feature", "properties": { "OBJECTID": 54, "ES_ID": "6390", "ES_NAME": "Steel, Edward", "MS_ID": "6390", "MS_NAME": "Steel, Edward", "HS_ID": "3416", "HS_NAME": "Mastery Charter School at Gratz", "GR_ID_K": "6390", "GR_ID_01": "6390", "GR_ID_02": "6390", "GR_ID_03": "6390", "GR_ID_04": "6390", "GR_ID_05": "6390", "GR_ID_06": "6390", "GR_ID_07": "6390", "GR_ID_08": "6390", "GR_ID_09": "3416", "GR_ID_10": "3416", "GR_ID_11": "3416", "GR_ID_12": "3416", "ES_GRADE": "K-8", "MS_GRADE": "K-8", "HS_GRADE": "7-12", "Shape__Area": 2434201.875, "Shape__Length": 7767.6200536761398 }, "geometry": { "type": "Polygon", "coordinates": [ [ [ -75.156971424588903, 40.024098325057402 ], [ -75.156184472298307, 40.023997922336903 ], [ -75.155399755797404, 40.023897185359402 ], [ -75.154612527344497, 40.023810092467698 ], [ -75.154055425395697, 40.023735934494297 ], [ -75.153582138362196, 40.023666057469001 ], [ -75.153038514979599, 40.0235930948716 ], [ -75.152268489028799, 40.023495950919902 ], [ -75.151474188367899, 40.023389608093701 ], [ -75.150905463696404, 40.023318775754603 ], [ -75.150684293462106, 40.023296199855601 ], [ -75.150441772383601, 40.023262518996603 ], [ -75.149878928332896, 40.023192326426802 ], [ -75.149112611472702, 40.023095708218797 ], [ -75.148248074820401, 40.022968752271701 ], [ -75.148569336705506, 40.021485204564698 ], [ -75.148694009102698, 40.0209623933264 ], [ -75.148740535634104, 40.020720261383097 ], [ -75.148852317340996, 40.020210366938201 ], [ -75.148938490820896, 40.019835811952703 ], [ -75.148956178268406, 40.019752507942201 ], [ -75.148995781779504, 40.019581879844203 ], [ -75.149232663825202, 40.0185118666232 ], [ -75.149349276885602, 40.017966918078102 ], [ -75.149588637446598, 40.016941700531298 ], [ -75.149728959743896, 40.0162240875853 ], [ -75.149772183741405, 40.016030882452696 ], [ -75.149841566123101, 40.015681231099798 ], [ -75.149933994279607, 40.015334788417 ], [ -75.150150214379394, 40.015349837090902 ], [ -75.150338322282295, 40.015314430646796 ], [ -75.150781938840694, 40.015148247992798 ], [ -75.150943155647298, 40.015243721973299 ], [ -75.151217815570405, 40.015400987308801 ], [ -75.151492259218102, 40.015558853448503 ], [ -75.151778365258295, 40.015702661118297 ], [ -75.152080687752104, 40.015826459331301 ], [ -75.152389849458004, 40.015939833494102 ], [ -75.152706802043497, 40.0160394695123 ], [ -75.153029235809697, 40.016128273127698 ], [ -75.153248711138204, 40.016183380293199 ], [ -75.153354976118493, 40.016210062287499 ], [ -75.153686315182597, 40.016275242500797 ], [ -75.154069800013701, 40.016331677768001 ], [ -75.154360969563697, 40.016365932247602 ], [ -75.154701738895895, 40.016394393571503 ], [ -75.155043501801103, 40.016406557107899 ], [ -75.155386179220599, 40.0164050979891 ], [ -75.155728257387096, 40.016391445261597 ], [ -75.156067975574899, 40.016361562247802 ], [ -75.156555624819504, 40.016302594681299 ], [ -75.156889998663203, 40.016244209221298 ], [ -75.157219884365801, 40.016175192175297 ], [ -75.157539896199793, 40.016082344632899 ], [ -75.157730426654794, 40.016019803461603 ], [ -75.1578552188803, 40.015978841259198 ], [ -75.1581700625498, 40.015874721646597 ], [ -75.158480781726894, 40.015763813552397 ], [ -75.158774521926105, 40.015629923985401 ], [ -75.159056713283704, 40.015480235071799 ], [ -75.159341823291001, 40.0153342992026 ], [ -75.159628347413303, 40.015190241637598 ], [ -75.1599148803421, 40.0150461970983 ], [ -75.160201424487596, 40.014902163836901 ], [ -75.160487973995899, 40.014758141721302 ], [ -75.160774535960599, 40.014614129109503 ], [ -75.1610611021175, 40.014470127616903 ], [ -75.161347677321501, 40.014326132847998 ], [ -75.161634256786499, 40.014182147397797 ], [ -75.161903162742107, 40.014047053256697 ], [ -75.162207435730707, 40.013894199210299 ], [ -75.162494031800406, 40.013750233693003 ], [ -75.162780632268607, 40.013606273893402 ], [ -75.163067235964704, 40.0134623197848 ], [ -75.163353844162302, 40.013318368693099 ], [ -75.163640453280493, 40.013174422339603 ], [ -75.163927065729496, 40.013030478976297 ], [ -75.164213678031302, 40.012886537624098 ], [ -75.164500293698296, 40.012742598362003 ], [ -75.164786907013706, 40.012598657457197 ], [ -75.1650735212841, 40.012454720390203 ], [ -75.165360134373799, 40.012310781706901 ], [ -75.1656467451119, 40.012166841380903 ], [ -75.165933353464197, 40.012022900312402 ], [ -75.1662199630114, 40.011878956780102 ], [ -75.166506564387603, 40.011735010573098 ], [ -75.166793164720005, 40.011591059148898 ], [ -75.167079761564295, 40.011447105155497 ], [ -75.167366352715902, 40.011303144939198 ], [ -75.167652939208807, 40.0111591821275 ], [ -75.167779475954006, 40.0110956116404 ], [ -75.167939517804299, 40.0110152094394 ], [ -75.168270276550402, 40.010849032022001 ], [ -75.168557565899704, 40.010705895555098 ], [ -75.168844703005007, 40.010562570265698 ], [ -75.169131742835205, 40.0104191204614 ], [ -75.169418735642694, 40.010275611244303 ], [ -75.169705731612197, 40.010132109516697 ], [ -75.169992785714498, 40.009988679584701 ], [ -75.170123615382707, 40.009923395646503 ], [ -75.170169801300204, 40.009974335153402 ], [ -75.1703655978189, 40.010190294153801 ], [ -75.170561391865604, 40.010406258141003 ], [ -75.170757175381894, 40.010622223330103 ], [ -75.1709529529479, 40.010838192526897 ], [ -75.171148715026803, 40.011054170022497 ], [ -75.171344461721105, 40.011270153116101 ], [ -75.171540187005903, 40.011486146177603 ], [ -75.171735891949297, 40.011702151934003 ], [ -75.171931570834204, 40.011918166653203 ], [ -75.172127222284402, 40.012134195710402 ], [ -75.1723228404461, 40.0123502389742 ], [ -75.172518426421405, 40.0125662982718 ], [ -75.172713973117197, 40.012782375245997 ], [ -75.172909481738102, 40.012998469023003 ], [ -75.173104942712698, 40.013214584794397 ], [ -75.173305926189599, 40.013436879837499 ], [ -75.171852886721197, 40.014226729750099 ], [ -75.169910344099506, 40.015259352845199 ], [ -75.169325662600599, 40.015621162647598 ], [ -75.169228174604399, 40.015731300815297 ], [ -75.169035635337494, 40.0158757510764 ], [ -75.168757284998193, 40.016071831835397 ], [ -75.168435509642705, 40.016289168140801 ], [ -75.168307788571397, 40.016355140242297 ], [ -75.168102900979704, 40.016500339435403 ], [ -75.167740920747804, 40.016784845009397 ], [ -75.167271301849297, 40.017159250811197 ], [ -75.166869442378598, 40.017479438843999 ], [ -75.166375858179705, 40.017862041895398 ], [ -75.166124753804795, 40.0180566843527 ], [ -75.165952474695203, 40.018178226844199 ], [ -75.165811211502799, 40.018258660066003 ], [ -75.165497788463398, 40.018397927972003 ], [ -75.164518499041804, 40.018828787735202 ], [ -75.164211833111395, 40.018957668830701 ], [ -75.163831252692901, 40.019190513977598 ], [ -75.1637612258139, 40.019243895084102 ], [ -75.162602819936097, 40.019595364557603 ], [ -75.161659181436306, 40.019874601821002 ], [ -75.160693727230395, 40.020162922779903 ], [ -75.160659004783795, 40.020275945268303 ], [ -75.1606428161504, 40.020334803065403 ], [ -75.1605888681528, 40.020482205441603 ], [ -75.160207441686595, 40.021320997947299 ], [ -75.159504016858904, 40.022351313395397 ], [ -75.159037828030193, 40.022809979956797 ], [ -75.157907664431093, 40.023712991792898 ], [ -75.157830839004603, 40.023762165056702 ], [ -75.157243971544602, 40.024097337460297 ], [ -75.157155378757906, 40.024139908662903 ], [ -75.156971424588903, 40.024098325057402 ] ] ] } },
{ "type": "Feature", "properties": { "OBJECTID": 55, "ES_ID": "6410", "ES_NAME": "Cook-Wissahickon", "MS_ID": "6410", "MS_NAME": "Cook-Wissahickon", "HS_ID": "6030", "HS_NAME": "Roxborough High School", "GR_ID_K": "6410", "GR_ID_01": "6410", "GR_ID_02": "6410", "GR_ID_03": "6410", "GR_ID_04": "6410", "GR_ID_05": "6410", "GR_ID_06": "6410", "GR_ID_07": "6410", "GR_ID_08": "6410", "GR_ID_09": "6030", "GR_ID_10": "6030", "GR_ID_11": "6030", "GR_ID_12": "6030", "ES_GRADE": "K-8", "MS_GRADE": "K-8", "HS_GRADE": "9-12", "Shape__Area": 5676213.3359375, "Shape__Length": 11901.4540764177 }, "geometry": { "type": "Polygon", "coordinates": [ [ [ -75.206086911716696, 40.035680173228897 ], [ -75.206072776593402, 40.035462947692402 ], [ -75.206018975339006, 40.035313342208497 ], [ -75.205868930025105, 40.035155897025803 ], [ -75.205702763643401, 40.035032344284403 ], [ -75.205469605044698, 40.034913013194299 ], [ -75.205197208170304, 40.034849896091103 ], [ -75.204864811722501, 40.034802573225797 ], [ -75.204297975247897, 40.034670138138402 ], [ -75.204031503129002, 40.034647108079497 ], [ -75.203749333085497, 40.034646560780402 ], [ -75.203510186890597, 40.034686923432098 ], [ -75.203223952258, 40.034794742867703 ], [ -75.203086541616699, 40.034894443465603 ], [ -75.202924303649496, 40.035062092930303 ], [ -75.202713905569297, 40.035325713846198 ], [ -75.202573282876301, 40.035510965785797 ], [ -75.202388352041297, 40.035689528741301 ], [ -75.202262994865194, 40.035863703232302 ], [ -75.202151834845395, 40.036055316082901 ], [ -75.202033898239804, 40.036229654956699 ], [ -75.201790031472697, 40.036395492087401 ], [ -75.201564861380504, 40.036458995928101 ], [ -75.201350108110802, 40.036442813346603 ], [ -75.201196859058797, 40.036370915787899 ], [ -75.201104254205006, 40.036266112213603 ], [ -75.200961423495798, 40.036114527479398 ], [ -75.200873816267702, 40.035975585695297 ], [ -75.200852773868306, 40.035843829052702 ], [ -75.200902434656996, 40.035707933736703 ], [ -75.200869192531698, 40.035604447403998 ], [ -75.200777660451195, 40.035471126269201 ], [ -75.200658806699096, 40.0352744086332 ], [ -75.200446064745606, 40.0350071080248 ], [ -75.200292900578802, 40.034735419926797 ], [ -75.200200808760599, 40.034419422790101 ], [ -75.200099369840203, 40.034154592337202 ], [ -75.199987163896296, 40.033781065364899 ], [ -75.200030476020999, 40.033616488374598 ], [ -75.200148279929707, 40.033248068892298 ], [ -75.200208468854797, 40.033029638753803 ], [ -75.200244575159999, 40.032859192068301 ], [ -75.200233593982901, 40.032756199684101 ], [ -75.200170244530696, 40.032663463091197 ], [ -75.199975058872994, 40.032522130251301 ], [ -75.199728366646596, 40.032368239458599 ], [ -75.199658995739398, 40.032337329050002 ], [ -75.199452422152802, 40.032202280980201 ], [ -75.199207232871998, 40.032008463786902 ], [ -75.198901613849799, 40.031841844854902 ], [ -75.198654925425501, 40.031687949925796 ], [ -75.198497056191201, 40.031541737344099 ], [ -75.198340263331104, 40.031367007347001 ], [ -75.198226910448696, 40.031221782491698 ], [ -75.198102475466399, 40.030976417877 ], [ -75.198097674836106, 40.030902504576297 ], [ -75.198088366871204, 40.030759191311198 ], [ -75.198103507312297, 40.03055403127 ], [ -75.198172939812494, 40.030287285706699 ], [ -75.198204849898005, 40.0300311239249 ], [ -75.198235899661498, 40.029797775360301 ], [ -75.198295553269801, 40.029593604325498 ], [ -75.198285948657499, 40.0292566046896 ], [ -75.198194300159003, 40.028929198720903 ], [ -75.198112562233106, 40.028733303562902 ], [ -75.198030179185395, 40.028554515777799 ], [ -75.197918550832298, 40.028363664115702 ], [ -75.197772839873593, 40.028106596055402 ], [ -75.197676467315901, 40.027890208121903 ], [ -75.197563983144704, 40.027722168488303 ], [ -75.197420321467305, 40.027593393496304 ], [ -75.197259461196396, 40.027527027907801 ], [ -75.1969425880079, 40.027462901749203 ], [ -75.196616579140795, 40.027444238092201 ], [ -75.196236492434707, 40.027481451427299 ], [ -75.195922746355706, 40.027531558265601 ], [ -75.195537384486002, 40.0275115697331 ], [ -75.1950835371496, 40.0275357246556 ], [ -75.194794194073097, 40.027529287256897 ], [ -75.194533025514204, 40.027563433839298 ], [ -75.194262502955496, 40.027648744277897 ], [ -75.193918433757105, 40.027715293574801 ], [ -75.193613823224197, 40.0277199309458 ], [ -75.193347166077899, 40.027702577358703 ], [ -75.193217707210593, 40.027591240329102 ], [ -75.193163295987503, 40.027458738031299 ], [ -75.193306292176203, 40.027210759113203 ], [ -75.193484232608597, 40.027020639337401 ], [ -75.193636694334202, 40.0269155773968 ], [ -75.193746357522897, 40.026763894265898 ], [ -75.193939137039294, 40.026574105939801 ], [ -75.194281793085196, 40.0263476923461 ], [ -75.194495750179499, 40.026186916476597 ], [ -75.194678527415206, 40.026065401518302 ], [ -75.194846895485398, 40.025932149951402 ], [ -75.194969890508702, 40.0258207201394 ], [ -75.195047945601004, 40.0257197088266 ], [ -75.195103740808705, 40.025618201339398 ], [ -75.195167814025993, 40.025494046524102 ], [ -75.195223395408505, 40.025398241194097 ], [ -75.1952573644827, 40.025284833252201 ], [ -75.195241763431099, 40.025107530617603 ], [ -75.195259055650993, 40.0248453354369 ], [ -75.195319790749807, 40.024612647824398 ], [ -75.195400417534401, 40.024443194619799 ], [ -75.195616297808499, 40.024231084326402 ], [ -75.1958638761419, 40.0240886064379 ], [ -75.196238265868502, 40.023858521529398 ], [ -75.196618521823098, 40.023642589125899 ], [ -75.197126509107306, 40.023362762237198 ], [ -75.197739853347102, 40.023045317100497 ], [ -75.198291055564496, 40.0228006955913 ], [ -75.198787110951599, 40.022640471483001 ], [ -75.199186294378507, 40.022489507426798 ], [ -75.1993434943263, 40.022417767179 ], [ -75.199639547229694, 40.022282661575503 ], [ -75.200073970502999, 40.021984062941797 ], [ -75.200274133175995, 40.021794428585103 ], [ -75.200404533158405, 40.021683159517998 ], [ -75.200550194627795, 40.021560812523397 ], [ -75.200623386916504, 40.021391189142001 ], [ -75.200691730218907, 40.0211529610837 ], [ -75.200822204954306, 40.020841904733899 ], [ -75.200935271525196, 40.020598960613299 ], [ -75.200993625081296, 40.020429007635997 ], [ -75.201794899630798, 40.019059689784498 ], [ -75.201992341246694, 40.018744411398799 ], [ -75.202222451854297, 40.018349940392397 ], [ -75.202353343550101, 40.018027473380201 ], [ -75.202467897083594, 40.017744604154103 ], [ -75.202677885988905, 40.017292602883401 ], [ -75.202868328985105, 40.016965751304099 ], [ -75.203034590990498, 40.016689734666002 ], [ -75.203165831425196, 40.016555648183598 ], [ -75.203386085388203, 40.016423535771501 ], [ -75.203648277532096, 40.016360851727597 ], [ -75.203961109375996, 40.0163335397773 ], [ -75.204248480635002, 40.0163912838782 ], [ -75.204521015229702, 40.016448701046897 ], [ -75.2048005423229, 40.016517688255803 ], [ -75.205006318116006, 40.016573622654597 ], [ -75.205309807640603, 40.016597473305602 ], [ -75.205552097013296, 40.016471553917299 ], [ -75.205795454299704, 40.016317116653397 ], [ -75.206176605274806, 40.0160515648071 ], [ -75.206389494725798, 40.015719495455997 ], [ -75.2064526642217, 40.015460532245903 ], [ -75.206468436062906, 40.015395876128999 ], [ -75.2066283296477, 40.015091172567701 ], [ -75.206707719131899, 40.014910707019702 ], [ -75.206782515112096, 40.0147406787015 ], [ -75.206922503416905, 40.014372743973198 ], [ -75.207067985622402, 40.014056305002804 ], [ -75.207159620729897, 40.013790047594703 ], [ -75.207274788041801, 40.013490061476702 ], [ -75.207395305206703, 40.013210113981202 ], [ -75.207608282654505, 40.012732121066001 ], [ -75.208653902541897, 40.013447752822202 ], [ -75.210009217578005, 40.014114529577199 ], [ -75.211664473402394, 40.015127538568102 ], [ -75.213085688583604, 40.016248561681699 ], [ -75.213851589799106, 40.016930568290299 ], [ -75.214646361114703, 40.0178254688566 ], [ -75.2154259368249, 40.018635121453698 ], [ -75.216258058344806, 40.019516685921701 ], [ -75.217346606225703, 40.020432198294799 ], [ -75.218564975016903, 40.0213222612241 ], [ -75.219392277184596, 40.021864073747302 ], [ -75.220567195617704, 40.0222154269226 ], [ -75.221261825243204, 40.022343930185997 ], [ -75.222226004991299, 40.022648174735103 ], [ -75.223050400399401, 40.023246498321399 ], [ -75.223949426481695, 40.0238181579127 ], [ -75.224877789244005, 40.024302539581399 ], [ -75.223465509046306, 40.025409468137603 ], [ -75.223126000845994, 40.025928488524301 ], [ -75.223035046787999, 40.026024719272797 ], [ -75.221417368575999, 40.026729655538603 ], [ -75.221028954847796, 40.026237892562897 ], [ -75.220606090086406, 40.025752366496903 ], [ -75.219702446814395, 40.026149615577097 ], [ -75.219391237342705, 40.026332584089303 ], [ -75.218843715604393, 40.026609144354701 ], [ -75.218226836125794, 40.0269059700369 ], [ -75.217577777041996, 40.027186434388703 ], [ -75.216634846081107, 40.027611640150702 ], [ -75.215836894196897, 40.027959242375204 ], [ -75.215038834535903, 40.0283339821505 ], [ -75.214191373956993, 40.028708095218398 ], [ -75.213331324993106, 40.0290727817465 ], [ -75.211311146393996, 40.0299798919594 ], [ -75.212072883137694, 40.030674793835402 ], [ -75.2123122681392, 40.030888970386997 ], [ -75.213103502329204, 40.0316076895135 ], [ -75.213692790089894, 40.0321164037694 ], [ -75.214495150037706, 40.032847303767298 ], [ -75.211641257676405, 40.034263361675499 ], [ -75.2106975057591, 40.034708247927199 ], [ -75.209703861449398, 40.034983291999303 ], [ -75.208950698989199, 40.035250533294302 ], [ -75.209123979723699, 40.035629920875898 ], [ -75.209143181823805, 40.035667931798201 ], [ -75.206996901232699, 40.036501036051902 ], [ -75.206600398275697, 40.036640041564702 ], [ -75.206537357821503, 40.036540674335903 ], [ -75.206478914129306, 40.036316759856703 ], [ -75.206375311294195, 40.036108969685401 ], [ -75.206262149451504, 40.035958048834402 ], [ -75.206140927192905, 40.035824075570098 ], [ -75.206086911716696, 40.035680173228897 ] ] ] } },
{ "type": "Feature", "properties": { "OBJECTID": 56, "ES_ID": "7200", "ES_NAME": "Barton, Clara", "MS_ID": "7500", "MS_NAME": "Feltonville School of Arts and Sciences", "HS_ID": "3414", "HS_NAME": "Aspira Olney Charter High School", "GR_ID_K": "7200", "GR_ID_01": "7200", "GR_ID_02": "7200", "GR_ID_03": "7310", "GR_ID_04": "7310", "GR_ID_05": "7310", "GR_ID_06": "7500", "GR_ID_07": "7500", "GR_ID_08": "7500", "GR_ID_09": "3414", "GR_ID_10": "3414", "GR_ID_11": "3414", "GR_ID_12": "3414", "ES_GRADE": "K-2", "MS_GRADE": "6-8", "HS_GRADE": "9-12", "Shape__Area": 5283003.08984375, "Shape__Length": 13091.581638203599 }, "geometry": { "type": "Polygon", "coordinates": [ [ [ -75.112814440348103, 40.026888321544398 ], [ -75.112783992872593, 40.0266506677726 ], [ -75.112763007666899, 40.026419945756601 ], [ -75.112738971001804, 40.026267818949002 ], [ -75.1126987053227, 40.026147936703197 ], [ -75.112643032359699, 40.026039213055299 ], [ -75.112541733305804, 40.025948628027997 ], [ -75.112399194792602, 40.025891632193897 ], [ -75.112197410870195, 40.025817924492102 ], [ -75.112014828688103, 40.025763845851003 ], [ -75.111846612290194, 40.025725445982602 ], [ -75.111625658641302, 40.025695426611598 ], [ -75.111458934268796, 40.025618686476001 ], [ -75.111369471393502, 40.025480405075797 ], [ -75.111382764388793, 40.025331055718198 ], [ -75.111397062203196, 40.025220102517103 ], [ -75.111458257536, 40.024929870374798 ], [ -75.111519003078499, 40.024779690296903 ], [ -75.111552947445006, 40.024676862554202 ], [ -75.111552877388107, 40.024550228375702 ], [ -75.111523931472206, 40.024396071037103 ], [ -75.111467150981795, 40.024187550222997 ], [ -75.111403227343402, 40.023905956584102 ], [ -75.111364604916702, 40.023743900969201 ], [ -75.111374510454795, 40.023617495994202 ], [ -75.111333206561397, 40.023524451721201 ], [ -75.111254839781395, 40.023357645310803 ], [ -75.111188234620698, 40.023262362585001 ], [ -75.111103533887004, 40.0231411963562 ], [ -75.111032755898606, 40.023035962167398 ], [ -75.111003066496096, 40.022900974098697 ], [ -75.110991832200696, 40.022804781420703 ], [ -75.110942941651999, 40.022650164619499 ], [ -75.110853558225301, 40.022509967118602 ], [ -75.110702248306097, 40.022422067472696 ], [ -75.110435946775894, 40.022339200318697 ], [ -75.110183413851203, 40.022287347165602 ], [ -75.1099754596286, 40.022244192416203 ], [ -75.109816780729105, 40.022217521081998 ], [ -75.109688914865103, 40.022168533071302 ], [ -75.109370361080707, 40.022145859092802 ], [ -75.109084328113497, 40.022185328397597 ], [ -75.108797548814906, 40.0222439681881 ], [ -75.108615190458195, 40.022312682414302 ], [ -75.108471235209194, 40.022420652881998 ], [ -75.108168961580603, 40.022620916505801 ], [ -75.108080380374204, 40.022716729661703 ], [ -75.108091162898504, 40.022824423 ], [ -75.108037414328095, 40.022922957602098 ], [ -75.107924571462704, 40.023000945997602 ], [ -75.107783300050997, 40.023039906151901 ], [ -75.107686312016895, 40.023095235076497 ], [ -75.107516013876406, 40.023110502945599 ], [ -75.107374742037393, 40.023149461697002 ], [ -75.107211434441894, 40.023241637147002 ], [ -75.107046003189396, 40.023324170215098 ], [ -75.106862416239494, 40.023360237044997 ], [ -75.106738493422, 40.023338197163298 ], [ -75.106601101548307, 40.023277475763599 ], [ -75.106464308433004, 40.023201417100701 ], [ -75.1063130038265, 40.023113511702697 ], [ -75.1061372126929, 40.023013530749502 ], [ -75.106054230760407, 40.022965572948699 ], [ -75.105850220912899, 40.022949363098697 ], [ -75.105670396846506, 40.022952897303597 ], [ -75.105438540520396, 40.023010874383097 ], [ -75.105183863241294, 40.023398336503597 ], [ -75.105089393362405, 40.0235170368178 ], [ -75.104916105424607, 40.023608978321199 ], [ -75.104810311244904, 40.023612344056502 ], [ -75.104628814625499, 40.023552474855798 ], [ -75.104491574884804, 40.023487915106102 ], [ -75.104385002239695, 40.023404876940099 ], [ -75.104293838039396, 40.023310681182799 ], [ -75.104227911587998, 40.023209389134003 ], [ -75.104201127993207, 40.023128189103602 ], [ -75.104194890207694, 40.023032112464598 ], [ -75.104208600405002, 40.022936493633502 ], [ -75.104098688329699, 40.0228111675641 ], [ -75.103902450422495, 40.022595590654603 ], [ -75.103771693745799, 40.022492807099397 ], [ -75.103653005201494, 40.022336578335199 ], [ -75.103588272929301, 40.0222046161118 ], [ -75.103361413973602, 40.021750420219703 ], [ -75.103269829786996, 40.0215391733323 ], [ -75.1031967697742, 40.021364809121401 ], [ -75.103157870533295, 40.021210418861699 ], [ -75.103147544618196, 40.021091222895897 ], [ -75.103171826347193, 40.020980499639599 ], [ -75.103248718238206, 40.020928548801997 ], [ -75.103368940964302, 40.020858004575103 ], [ -75.103450821119395, 40.020737503581202 ], [ -75.103499616930804, 40.020569698090199 ], [ -75.103548391884303, 40.020401970492003 ], [ -75.103594918766007, 40.020241969681997 ], [ -75.103658758667905, 40.0198846497535 ], [ -75.103698814665606, 40.019667386925398 ], [ -75.103739171273105, 40.019536014745299 ], [ -75.1038371977548, 40.019438732206403 ], [ -75.103994906472195, 40.019386925931897 ], [ -75.104178075849802, 40.019354605267999 ], [ -75.104910613906, 40.019355103015101 ], [ -75.105142390121699, 40.019337131255497 ], [ -75.105337658021199, 40.019288707564598 ], [ -75.105490738318693, 40.019212690059597 ], [ -75.105583383278102, 40.0191230031025 ], [ -75.105672774172007, 40.018973858618402 ], [ -75.105758007044699, 40.018847299100003 ], [ -75.105861875290401, 40.0187892100857 ], [ -75.106029336686404, 40.018697305384599 ], [ -75.106295871558999, 40.018586259494299 ], [ -75.106541828342898, 40.018498680583903 ], [ -75.106725169865697, 40.018419740518297 ], [ -75.106888079853704, 40.018360489550098 ], [ -75.107028460037398, 40.0182906390393 ], [ -75.107133505034199, 40.018202335579097 ], [ -75.107252431025898, 40.018094190924799 ], [ -75.107404259750695, 40.017898601408 ], [ -75.107451045061893, 40.017791316464503 ], [ -75.107503702471107, 40.017617384884602 ], [ -75.107550249831803, 40.017431973191897 ], [ -75.107541621126501, 40.017232690788703 ], [ -75.107498676239899, 40.017072939808202 ], [ -75.107437104402806, 40.016970720782602 ], [ -75.107336531609405, 40.016860045356502 ], [ -75.107215135389396, 40.016779129181899 ], [ -75.107070799836606, 40.016701922418903 ], [ -75.107747424595303, 40.0165899419532 ], [ -75.107958453264104, 40.016500517559997 ], [ -75.1090269008306, 40.016296064347799 ], [ -75.111362269412297, 40.015876135236198 ], [ -75.113199479073302, 40.015541712629101 ], [ -75.117478665053198, 40.015792282546997 ], [ -75.117573950701797, 40.015591323936903 ], [ -75.119442235967497, 40.013035134454498 ], [ -75.121471163724095, 40.010162465729003 ], [ -75.123326339979798, 40.007565004409003 ], [ -75.123394962135507, 40.007426689034403 ], [ -75.123428654781804, 40.007221464343999 ], [ -75.123951088870598, 40.004823103427498 ], [ -75.1241399204565, 40.004838394502798 ], [ -75.124480510974195, 40.004864201200697 ], [ -75.124821364313405, 40.004888458621203 ], [ -75.125162435369106, 40.004911363056202 ], [ -75.125503680071404, 40.004933114425398 ], [ -75.125845053288202, 40.004953909922101 ], [ -75.126186513229101, 40.004973951321098 ], [ -75.126528014909198, 40.004993432215699 ], [ -75.126869516441602, 40.005012557082701 ], [ -75.127210969337199, 40.005031519435803 ], [ -75.127552349520201, 40.005050426848797 ], [ -75.127874693541102, 40.005067219843198 ], [ -75.128235486429006, 40.005084631400102 ], [ -75.128577252783003, 40.005099769275297 ], [ -75.128919117183202, 40.005113736134199 ], [ -75.129261052203105, 40.0051266349682 ], [ -75.129603035031394, 40.005138570676102 ], [ -75.129945035834893, 40.005149647997101 ], [ -75.130287027262995, 40.005159968123202 ], [ -75.130629107603696, 40.005168501623302 ], [ -75.130971442745903, 40.005172860961899 ], [ -75.131313854496895, 40.005173320489902 ], [ -75.131656148658394, 40.005170265922899 ], [ -75.131951943082598, 40.005165236297202 ], [ -75.131595062813801, 40.006785307385897 ], [ -75.131577327630296, 40.0069263745781 ], [ -75.1312907225592, 40.008273519946897 ], [ -75.131224059135803, 40.008398059042399 ], [ -75.130771100188795, 40.010437969416699 ], [ -75.130588353877002, 40.011334292559702 ], [ -75.130396334508205, 40.012212714998299 ], [ -75.130322744447497, 40.0125285093564 ], [ -75.129957444752705, 40.014224986087001 ], [ -75.129913887813203, 40.014389735683302 ], [ -75.129859205594499, 40.014597621146798 ], [ -75.129698032293703, 40.015033217093098 ], [ -75.129546261837106, 40.015636902811799 ], [ -75.129507846085204, 40.015812401714697 ], [ -75.129504562006701, 40.0158974736229 ], [ -75.129585969898599, 40.015970124141298 ], [ -75.128169591145806, 40.017284089880199 ], [ -75.127737733984105, 40.017815520177898 ], [ -75.127281846041996, 40.018559267394799 ], [ -75.127171911793198, 40.018728324234601 ], [ -75.128414072360897, 40.0188962638981 ], [ -75.128291188080894, 40.019320326178899 ], [ -75.128174485704804, 40.0197532063778 ], [ -75.128059197070797, 40.020175843473098 ], [ -75.127939283868798, 40.020590255739997 ], [ -75.127827300078806, 40.021017823742 ], [ -75.127724312493498, 40.021443495004704 ], [ -75.127668985694001, 40.021686156216298 ], [ -75.127590111138602, 40.021944604426501 ], [ -75.127997380865395, 40.021998083585999 ], [ -75.128331743817498, 40.022045589912203 ], [ -75.128840564938599, 40.0221036073048 ], [ -75.130679235372, 40.022334501536903 ], [ -75.131657108589494, 40.022474625913098 ], [ -75.132668338099606, 40.022613389249699 ], [ -75.133519834429293, 40.022707694114501 ], [ -75.135175406409601, 40.022897459318003 ], [ -75.135685105632604, 40.022961963380901 ], [ -75.136069036904203, 40.023001949928101 ], [ -75.135941590407398, 40.0230591254156 ], [ -75.135491951722003, 40.023231347059003 ], [ -75.135003493688998, 40.023384436392099 ], [ -75.134332071707405, 40.023563765876098 ], [ -75.133287367791795, 40.023793626707601 ], [ -75.132561233777906, 40.023943069285998 ], [ -75.131169368276105, 40.024136367721603 ], [ -75.130437296750003, 40.024283916371999 ], [ -75.128290396218404, 40.024735085954198 ], [ -75.127732003333705, 40.024854660165303 ], [ -75.125465748516604, 40.025193590269801 ], [ -75.124473163586302, 40.025331548584603 ], [ -75.123528533790093, 40.025472396367 ], [ -75.122282185315498, 40.0256595881255 ], [ -75.117175844895399, 40.026395264383098 ], [ -75.113237020183604, 40.026974393471299 ], [ -75.112849181614706, 40.027046241779999 ], [ -75.112814440348103, 40.026888321544398 ] ] ] } },
{ "type": "Feature", "properties": { "OBJECTID": 57, "ES_ID": "7220", "ES_NAME": "Carnell, Laura H", "MS_ID": "7110", "MS_NAME": "Harding, Warren G", "HS_ID": "7120", "HS_NAME": "Fels, Samuel", "GR_ID_K": "7220", "GR_ID_01": "7220", "GR_ID_02": "7220", "GR_ID_03": "7220", "GR_ID_04": "7220", "GR_ID_05": "7220", "GR_ID_06": "7110", "GR_ID_07": "7110", "GR_ID_08": "7110", "GR_ID_09": "7120", "GR_ID_10": "7120", "GR_ID_11": "7120", "GR_ID_12": "7120", "ES_GRADE": "K-5", "MS_GRADE": "6-8", "HS_GRADE": "9-12", "Shape__Area": 3802693.578125, "Shape__Length": 9779.1473773999096 }, "geometry": { "type": "Polygon", "coordinates": [ [ [ -75.085696856007004, 40.047859946994798 ], [ -75.084068510767494, 40.046972320299197 ], [ -75.083653498678601, 40.046732628850897 ], [ -75.083417623955199, 40.046608446421502 ], [ -75.083002708968394, 40.0463795807377 ], [ -75.082346262657495, 40.046000605196198 ], [ -75.080354269354402, 40.044914256146903 ], [ -75.078568062441803, 40.043913331666502 ], [ -75.076562631965999, 40.0427720416547 ], [ -75.075555218174799, 40.042213399262799 ], [ -75.075456433611905, 40.042163224196003 ], [ -75.075035451909898, 40.0419492300475 ], [ -75.075454316262494, 40.041486168255197 ], [ -75.075837461968405, 40.041104193369499 ], [ -75.076240033655196, 40.040694680485799 ], [ -75.076654189617003, 40.040266898816903 ], [ -75.076822718869494, 40.040083442638903 ], [ -75.077004177490593, 40.039894093371998 ], [ -75.077397554022198, 40.039473496209901 ], [ -75.077831676138203, 40.039010324621898 ], [ -75.078013103205393, 40.038835623155499 ], [ -75.078212746584398, 40.038626941664603 ], [ -75.0783913893126, 40.038442487798498 ], [ -75.078623152207797, 40.038214783032799 ], [ -75.078823806972906, 40.0379972875878 ], [ -75.079001725344597, 40.037805151756302 ], [ -75.079160858688297, 40.037630559095398 ], [ -75.079315402551003, 40.037479480264402 ], [ -75.079548846383204, 40.037230850174197 ], [ -75.079838936232406, 40.036930806841802 ], [ -75.080250975179496, 40.036518686207501 ], [ -75.080602872414602, 40.036139904192197 ], [ -75.080983375914897, 40.035722224030899 ], [ -75.0813806036968, 40.035321997878398 ], [ -75.081577128295805, 40.035119540387299 ], [ -75.081760445894602, 40.034933298110801 ], [ -75.081960165870001, 40.034727056000101 ], [ -75.082181997159694, 40.034495130381401 ], [ -75.082925243342103, 40.033731392946301 ], [ -75.083373598707993, 40.0332525328106 ], [ -75.084020138512898, 40.032547936580002 ], [ -75.084174016727701, 40.032322066297503 ], [ -75.084275399263802, 40.032181158061 ], [ -75.084136966211005, 40.031976528548697 ], [ -75.084099156244704, 40.031889642289897 ], [ -75.084091681513002, 40.031829934485302 ], [ -75.084328849476094, 40.031771154967899 ], [ -75.084518617064205, 40.0317055983271 ], [ -75.084722414271695, 40.031633517279197 ], [ -75.084928055284905, 40.031550529252797 ], [ -75.0851250841026, 40.031458109000297 ], [ -75.0852715094925, 40.031388367481597 ], [ -75.085474333460894, 40.031281768127997 ], [ -75.085606640670903, 40.0312045408008 ], [ -75.086046268405099, 40.0309388657735 ], [ -75.086736978963899, 40.030520805165402 ], [ -75.0870457846178, 40.030340554700601 ], [ -75.087806226046396, 40.029924386826899 ], [ -75.088534723075099, 40.029520321715303 ], [ -75.089563323135707, 40.0289585790239 ], [ -75.090393563257706, 40.028508700939 ], [ -75.093773359177405, 40.026637830632602 ], [ -75.094069903422294, 40.026478543822698 ], [ -75.094393673484603, 40.026346077164803 ], [ -75.094954440392598, 40.026205092533999 ], [ -75.095270377760798, 40.026156416140203 ], [ -75.095585221035194, 40.026135702445501 ], [ -75.096053711451901, 40.0261430307635 ], [ -75.096479498374194, 40.026194856471697 ], [ -75.096831702634304, 40.026280211940403 ], [ -75.097255758350897, 40.026419216670199 ], [ -75.097592111629893, 40.026579158840804 ], [ -75.099066447274097, 40.027506160531402 ], [ -75.098811034710806, 40.027748534360803 ], [ -75.098699560254104, 40.027862265383 ], [ -75.098327166344603, 40.028214623440498 ], [ -75.097910115244403, 40.028627946551097 ], [ -75.096807137282198, 40.027956543450401 ], [ -75.096653600731898, 40.027859148917898 ], [ -75.096553604644001, 40.027795716832799 ], [ -75.0962385903632, 40.027605273735098 ], [ -75.095313942627598, 40.028556216991703 ], [ -75.093207005664695, 40.030713670105101 ], [ -75.093544913439104, 40.031204690250597 ], [ -75.093792446002695, 40.031521274489698 ], [ -75.094352620453506, 40.032215863770404 ], [ -75.094120195750307, 40.032464809012502 ], [ -75.093923447353504, 40.032656608101902 ], [ -75.093736108017197, 40.032851847496801 ], [ -75.0935002962635, 40.033081650941803 ], [ -75.093276775297099, 40.033314000749399 ], [ -75.093089352112699, 40.033494790028101 ], [ -75.0976883310326, 40.035727429970301 ], [ -75.090355135226702, 40.042992658317701 ], [ -75.088978387146994, 40.044341589717803 ], [ -75.088315638912206, 40.045523211930103 ], [ -75.087950085517093, 40.046352922053202 ], [ -75.087637879932103, 40.047051924341901 ], [ -75.086977290718906, 40.048576460412399 ], [ -75.085696856007004, 40.047859946994798 ] ] ] } },
{ "type": "Feature", "properties": { "OBJECTID": 58, "ES_ID": "3421", "ES_NAME": "Universal Institute Charter School at Creighton", "MS_ID": "3421", "MS_NAME": "Universal Institute Charter School at Creighton", "HS_ID": "7120", "HS_NAME": "Fels, Samuel", "GR_ID_K": "3421", "GR_ID_01": "3421", "GR_ID_02": "3421", "GR_ID_03": "3421", "GR_ID_04": "3421", "GR_ID_05": "3421", "GR_ID_06": "3421", "GR_ID_07": "3421", "GR_ID_08": "3421", "GR_ID_09": "7120", "GR_ID_10": "7120", "GR_ID_11": "7120", "GR_ID_12": "7120", "ES_GRADE": "K-8", "MS_GRADE": "K-8", "HS_GRADE": "9-12", "Shape__Area": 3931621.19140625, "Shape__Length": 9843.7048722776308 }, "geometry": { "type": "Polygon", "coordinates": [ [ [ -75.110504071164897, 40.043524361119601 ], [ -75.109934582715894, 40.0432073410295 ], [ -75.108273560857896, 40.042222813196702 ], [ -75.106732448611595, 40.041329197220598 ], [ -75.1056242809412, 40.0406760340218 ], [ -75.104634981644907, 40.040082918248899 ], [ -75.103165022232204, 40.0392056055721 ], [ -75.101575511197893, 40.038302552889803 ], [ -75.099388546206796, 40.036770789887498 ], [ -75.098425241620006, 40.036100675813103 ], [ -75.0976883310326, 40.035727429970301 ], [ -75.093089352112699, 40.033494790028101 ], [ -75.093276775297099, 40.033314000749399 ], [ -75.0935002962635, 40.033081650941803 ], [ -75.093736108017197, 40.032851847496801 ], [ -75.093923447353504, 40.032656608101902 ], [ -75.094120195750307, 40.032464809012502 ], [ -75.094352620453506, 40.032215863770404 ], [ -75.093792446002695, 40.031521274489698 ], [ -75.093544913439104, 40.031204690250597 ], [ -75.093207005664695, 40.030713670105101 ], [ -75.095313942627598, 40.028556216991703 ], [ -75.0962385903632, 40.027605273735098 ], [ -75.096553604644001, 40.027795716832799 ], [ -75.096653600731898, 40.027859148917898 ], [ -75.096807137282198, 40.027956543450401 ], [ -75.097910115244403, 40.028627946551097 ], [ -75.098327166344603, 40.028214623440498 ], [ -75.098699560254104, 40.027862265383 ], [ -75.098811034710806, 40.027748534360803 ], [ -75.099066447274097, 40.027506160531402 ], [ -75.101288810997502, 40.0289801668455 ], [ -75.101563430251801, 40.029191883525201 ], [ -75.101960630450407, 40.029350045690201 ], [ -75.102424772915896, 40.029501268303903 ], [ -75.104810311244904, 40.023612344056502 ], [ -75.104916105424607, 40.023608978321199 ], [ -75.105089393362405, 40.0235170368178 ], [ -75.105183863241294, 40.023398336503597 ], [ -75.105438540520396, 40.023010874383097 ], [ -75.105670396846506, 40.022952897303597 ], [ -75.105850220912899, 40.022949363098697 ], [ -75.106054230760407, 40.022965572948699 ], [ -75.1061372126929, 40.023013530749502 ], [ -75.1063130038265, 40.023113511702697 ], [ -75.106464308433004, 40.023201417100701 ], [ -75.106601101548307, 40.023277475763599 ], [ -75.106738493422, 40.023338197163298 ], [ -75.106862416239494, 40.023360237044997 ], [ -75.107046003189396, 40.023324170215098 ], [ -75.107211434441894, 40.023241637147002 ], [ -75.107374742037393, 40.023149461697002 ], [ -75.107516013876406, 40.023110502945599 ], [ -75.107686312016895, 40.023095235076497 ], [ -75.107783300050997, 40.023039906151901 ], [ -75.107924571462704, 40.023000945997602 ], [ -75.108037414328095, 40.022922957602098 ], [ -75.108091162898504, 40.022824423 ], [ -75.108080380374204, 40.022716729661703 ], [ -75.108168961580603, 40.022620916505801 ], [ -75.108471235209194, 40.022420652881998 ], [ -75.108615190458195, 40.022312682414302 ], [ -75.108797548814906, 40.0222439681881 ], [ -75.109084328113497, 40.022185328397597 ], [ -75.109370361080707, 40.022145859092802 ], [ -75.109688914865103, 40.022168533071302 ], [ -75.109816780729105, 40.022217521081998 ], [ -75.1099754596286, 40.022244192416203 ], [ -75.110183413851203, 40.022287347165602 ], [ -75.110435946775894, 40.022339200318697 ], [ -75.110702248306097, 40.022422067472696 ], [ -75.110853558225301, 40.022509967118602 ], [ -75.110942941651999, 40.022650164619499 ], [ -75.110991832200696, 40.022804781420703 ], [ -75.111003066496096, 40.022900974098697 ], [ -75.111032755898606, 40.023035962167398 ], [ -75.111103533887004, 40.0231411963562 ], [ -75.111188234620698, 40.023262362585001 ], [ -75.111254839781395, 40.023357645310803 ], [ -75.111333206561397, 40.023524451721201 ], [ -75.111374510454795, 40.023617495994202 ], [ -75.111364604916702, 40.023743900969201 ], [ -75.111403227343402, 40.023905956584102 ], [ -75.111467150981795, 40.024187550222997 ], [ -75.111523931472206, 40.024396071037103 ], [ -75.111552877388107, 40.024550228375702 ], [ -75.111552947445006, 40.024676862554202 ], [ -75.111519003078499, 40.024779690296903 ], [ -75.111458257536, 40.024929870374798 ], [ -75.111397062203196, 40.025220102517103 ], [ -75.111382764388793, 40.025331055718198 ], [ -75.111369471393502, 40.025480405075797 ], [ -75.111458934268796, 40.025618686476001 ], [ -75.111625658641302, 40.025695426611598 ], [ -75.111846612290194, 40.025725445982602 ], [ -75.112014828688103, 40.025763845851003 ], [ -75.112197410870195, 40.025817924492102 ], [ -75.112399194792602, 40.025891632193897 ], [ -75.112541733305804, 40.025948628027997 ], [ -75.112643032359699, 40.026039213055299 ], [ -75.1126987053227, 40.026147936703197 ], [ -75.112738971001804, 40.026267818949002 ], [ -75.112763007666899, 40.026419945756601 ], [ -75.112783992872593, 40.0266506677726 ], [ -75.112814440348103, 40.026888321544398 ], [ -75.112849181614706, 40.027046241779999 ], [ -75.112884600160996, 40.027328569189201 ], [ -75.112892022249795, 40.027466133116398 ], [ -75.112886537960605, 40.027608516716398 ], [ -75.112794869040798, 40.027719613420302 ], [ -75.112629433699595, 40.027802153612797 ], [ -75.112421012396894, 40.027899056260402 ], [ -75.112288963077404, 40.027957420453802 ], [ -75.112122598044706, 40.0279996472416 ], [ -75.112017272097603, 40.028012577829699 ], [ -75.111887160680396, 40.028021101473001 ], [ -75.111766721262299, 40.028037520333399 ], [ -75.1116543224488, 40.028104011114998 ], [ -75.111504478061505, 40.028234875150801 ], [ -75.111395127206507, 40.028351320341898 ], [ -75.111290315070505, 40.028479380380503 ], [ -75.111201208859598, 40.028588615584098 ], [ -75.111085827202402, 40.028731782537797 ], [ -75.111016817848096, 40.028837643720401 ], [ -75.110965224919298, 40.029009136962301 ], [ -75.110935221325306, 40.029138917549098 ], [ -75.110901414858702, 40.029366461706402 ], [ -75.110884879069204, 40.029534923939799 ], [ -75.110920005815302, 40.029658526226903 ], [ -75.110997634826106, 40.029844502250697 ], [ -75.111048172862297, 40.029956946160702 ], [ -75.111119918269793, 40.030165810907 ], [ -75.111139936562296, 40.030292900731297 ], [ -75.111132184754894, 40.030492264710801 ], [ -75.111139096273206, 40.030699639686702 ], [ -75.111155313345506, 40.030924495812599 ], [ -75.111147791533298, 40.030989557550299 ], [ -75.111132805511701, 40.031051970849099 ], [ -75.111112053247695, 40.031138393849297 ], [ -75.111085990735205, 40.031295125637598 ], [ -75.111067303377396, 40.031390628002498 ], [ -75.111061936528003, 40.031528648793497 ], [ -75.111051880167494, 40.031658887757303 ], [ -75.111020531537093, 40.031823172143497 ], [ -75.110988735483801, 40.031998958701998 ], [ -75.110982473914902, 40.032159982949203 ], [ -75.110935716885606, 40.0323354266202 ], [ -75.110882703583201, 40.032543341095099 ], [ -75.110862591006295, 40.032803819004201 ], [ -75.110834224481394, 40.032891424850902 ], [ -75.110786206336897, 40.0329709050337 ], [ -75.110742279961499, 40.033073505048698 ], [ -75.110733564726402, 40.033169237433803 ], [ -75.110757824189307, 40.033315613099298 ], [ -75.110832004201299, 40.033489069340398 ], [ -75.110867684012305, 40.0335714026983 ], [ -75.110964075779293, 40.033788507841599 ], [ -75.111061375405797, 40.033997112708299 ], [ -75.111111526542402, 40.0341046369929 ], [ -75.111186111334106, 40.034240658163696 ], [ -75.111320546826207, 40.034378054336102 ], [ -75.111479474946094, 40.034527522765501 ], [ -75.111644433753796, 40.0346502697993 ], [ -75.111848102522899, 40.034804603825997 ], [ -75.112002640987001, 40.034938623414 ], [ -75.112110798954603, 40.035109948789398 ], [ -75.112178536134294, 40.035293779169798 ], [ -75.112231831604802, 40.035463845282898 ], [ -75.112296741246993, 40.035591966665898 ], [ -75.112350930102295, 40.035739031024903 ], [ -75.112465571765, 40.0358721318714 ], [ -75.112594876120795, 40.036013246060399 ], [ -75.112719491128601, 40.0361465756461 ], [ -75.112863611448901, 40.036291867188901 ], [ -75.113057459799904, 40.036442135017801 ], [ -75.113162766745603, 40.036512140675001 ], [ -75.113266720968099, 40.036581246584099 ], [ -75.1133818836974, 40.036700927660597 ], [ -75.1134971247387, 40.036818693920601 ], [ -75.1136158612603, 40.036974912408397 ], [ -75.113743680752094, 40.037154363228197 ], [ -75.113814179779396, 40.037267263805298 ], [ -75.113864428956603, 40.037387374536799 ], [ -75.113923759711199, 40.037530716759903 ], [ -75.114023886976298, 40.037909072591297 ], [ -75.114049643296099, 40.038017108666899 ], [ -75.114090365187906, 40.038125488182096 ], [ -75.114104956384097, 40.038263967860601 ], [ -75.114100339811699, 40.038382818430598 ], [ -75.114117795732099, 40.038511769692498 ], [ -75.114204488911, 40.038657658848301 ], [ -75.114250496224201, 40.038758485517199 ], [ -75.114251909277399, 40.038850612983602 ], [ -75.1142816614216, 40.038997730892099 ], [ -75.114349214785904, 40.039083746156898 ], [ -75.114461243212006, 40.039242421772499 ], [ -75.114532036718401, 40.039494396927502 ], [ -75.114552373502406, 40.039594112743899 ], [ -75.114540549880203, 40.039688079128297 ], [ -75.114534820997207, 40.0398355866119 ], [ -75.114464247609902, 40.039969041396503 ], [ -75.114380145980405, 40.040029938552401 ], [ -75.114217180071194, 40.040227240134499 ], [ -75.114120764835903, 40.040394655273403 ], [ -75.114009966912604, 40.0405114808948 ], [ -75.113923667331207, 40.0406288686506 ], [ -75.113853457694802, 40.040752907590303 ], [ -75.113782758855194, 40.040889501911998 ], [ -75.113727664654505, 40.041045301161603 ], [ -75.113649287107904, 40.041169153428903 ], [ -75.113595896048807, 40.041281012502402 ], [ -75.113492043428707, 40.041429410551302 ], [ -75.113320417847405, 40.041639076162802 ], [ -75.113057371463199, 40.041887481074198 ], [ -75.112871237352493, 40.042049695491201 ], [ -75.112775866975895, 40.042148146328003 ], [ -75.112714600840505, 40.042294260658103 ], [ -75.112643898173602, 40.042430852468101 ], [ -75.112571977658305, 40.042598829752698 ], [ -75.112534674244202, 40.042717340651301 ], [ -75.112470430104395, 40.0428980598913 ], [ -75.112370346776501, 40.043159629028601 ], [ -75.112333774670702, 40.043259309841801 ], [ -75.112288547111802, 40.043371356740202 ], [ -75.112194075898202, 40.043488555686601 ], [ -75.112107527733698, 40.043612218486501 ], [ -75.111987576415899, 40.0437539618381 ], [ -75.111853000397801, 40.043851392664799 ], [ -75.111735002859703, 40.043942922137099 ], [ -75.111567513590302, 40.044045876874598 ], [ -75.111512002189997, 40.044086064477497 ], [ -75.110504071164897, 40.043524361119601 ] ] ] } },
{ "type": "Feature", "properties": { "OBJECTID": 59, "ES_ID": "3422", "ES_NAME": "Phila Charter for Arts at HR Edmunds", "MS_ID": "3422", "MS_NAME": "Phila Charter for Arts at HR Edmunds", "HS_ID": "7010", "HS_NAME": "Frankford HS", "GR_ID_K": "3422", "GR_ID_01": "3422", "GR_ID_02": "3422", "GR_ID_03": "3422", "GR_ID_04": "3422", "GR_ID_05": "3422", "GR_ID_06": "3422", "GR_ID_07": "3422", "GR_ID_08": "3422", "GR_ID_09": "7010", "GR_ID_10": "7010", "GR_ID_11": "7010", "GR_ID_12": "7010", "ES_GRADE": "K-8", "MS_GRADE": "K-8", "HS_GRADE": "9-12", "Shape__Area": 2673839.53515625, "Shape__Length": 7248.8002885497899 }, "geometry": { "type": "Polygon", "coordinates": [ [ [ -75.084113422008102, 40.0316272757482 ], [ -75.084200492302401, 40.031447773684498 ], [ -75.084107665083295, 40.031405078546399 ], [ -75.0836849278203, 40.031163262862798 ], [ -75.083362555986696, 40.030978857391702 ], [ -75.082637477969001, 40.030572413785798 ], [ -75.080868683501393, 40.029565130584302 ], [ -75.080789106773693, 40.029525683407499 ], [ -75.080286675567905, 40.0292402544925 ], [ -75.079986933171796, 40.029069508628702 ], [ -75.079695013775904, 40.028903405795099 ], [ -75.079082766025607, 40.028561805106797 ], [ -75.078475683616901, 40.028217261235199 ], [ -75.077863964860498, 40.027878963867202 ], [ -75.077216458644898, 40.027500984524899 ], [ -75.076775954410806, 40.0273908014615 ], [ -75.075638969732594, 40.027089906362598 ], [ -75.075490740493294, 40.0270808318216 ], [ -75.0753689416198, 40.027047181355101 ], [ -75.075144043971605, 40.026857753273198 ], [ -75.074946853147296, 40.026700545316601 ], [ -75.073366166058406, 40.025378219144102 ], [ -75.073966075935303, 40.025082340360498 ], [ -75.0756248548321, 40.024083954246201 ], [ -75.076843699271393, 40.023267066273498 ], [ -75.0775043899596, 40.022817457907898 ], [ -75.078165881751403, 40.022370911895301 ], [ -75.078882900876195, 40.021891010731203 ], [ -75.079126400123499, 40.0217145662929 ], [ -75.079415937893501, 40.021396654760402 ], [ -75.079921304188701, 40.020842359236298 ], [ -75.080427784526805, 40.0203120894652 ], [ -75.080926347421496, 40.019764922915599 ], [ -75.081502195569797, 40.019145099382399 ], [ -75.081996493799394, 40.018589441675601 ], [ -75.082643979888402, 40.017906938672802 ], [ -75.083510446655197, 40.018374869876197 ], [ -75.084060976874994, 40.018667796896104 ], [ -75.0843266867804, 40.018813782555704 ], [ -75.085060982063595, 40.019225689870197 ], [ -75.087284808392596, 40.020494288185098 ], [ -75.088622056459599, 40.021251718267301 ], [ -75.089171454990904, 40.0205618647813 ], [ -75.089721382598995, 40.019884747409002 ], [ -75.091495596749795, 40.021036249195198 ], [ -75.092926376865094, 40.021969220969602 ], [ -75.0937722423201, 40.022517304507197 ], [ -75.0949603298168, 40.0232690939458 ], [ -75.095538205457302, 40.024137809612697 ], [ -75.095884587880903, 40.0247651809686 ], [ -75.097046696577905, 40.025887385662998 ], [ -75.097607110946399, 40.026382850943797 ], [ -75.097592111629893, 40.026579158840804 ], [ -75.097255758350897, 40.026419216670199 ], [ -75.096831702634304, 40.026280211940403 ], [ -75.096479498374194, 40.026194856471697 ], [ -75.096053711451901, 40.0261430307635 ], [ -75.095585221035194, 40.026135702445501 ], [ -75.095270377760798, 40.026156416140203 ], [ -75.094954440392598, 40.026205092533999 ], [ -75.094393673484603, 40.026346077164803 ], [ -75.094069903422294, 40.026478543822698 ], [ -75.093773359177405, 40.026637830632602 ], [ -75.090393563257706, 40.028508700939 ], [ -75.089563323135707, 40.0289585790239 ], [ -75.088534723075099, 40.029520321715303 ], [ -75.087806226046396, 40.029924386826899 ], [ -75.0870457846178, 40.030340554700601 ], [ -75.086736978963899, 40.030520805165402 ], [ -75.086046268405099, 40.0309388657735 ], [ -75.085606640670903, 40.0312045408008 ], [ -75.085474333460894, 40.031281768127997 ], [ -75.0852715094925, 40.031388367481597 ], [ -75.0851250841026, 40.031458109000297 ], [ -75.084928055284905, 40.031550529252797 ], [ -75.084722414271695, 40.031633517279197 ], [ -75.084518617064205, 40.0317055983271 ], [ -75.084328849476094, 40.031771154967899 ], [ -75.084091681513002, 40.031829934485302 ], [ -75.084113422008102, 40.0316272757482 ] ] ] } },
{ "type": "Feature", "properties": { "OBJECTID": 60, "ES_ID": "4220", "ES_NAME": "Blaine, James G", "MS_ID": "4220", "MS_NAME": "Blaine, James G", "HS_ID": "4140", "HS_NAME": "Strawberry Mansion HS", "GR_ID_K": "4220", "GR_ID_01": "4220", "GR_ID_02": "4220", "GR_ID_03": "4220", "GR_ID_04": "4220", "GR_ID_05": "4220", "GR_ID_06": "4220", "GR_ID_07": "4220", "GR_ID_08": "4220", "GR_ID_09": "4140", "GR_ID_10": "4140", "GR_ID_11": "4140", "GR_ID_12": "5180", "ES_GRADE": "K-8", "MS_GRADE": "K-8", "HS_GRADE": "9-11", "Shape__Area": 4199202.76953125, "Shape__Length": 7877.5760300298398 }, "geometry": { "type": "Polygon", "coordinates": [ [ [ -75.1856012020599, 39.9917085502085 ], [ -75.185462310579794, 39.991394029530298 ], [ -75.185148839594603, 39.9909004785478 ], [ -75.184929500435302, 39.990603275247501 ], [ -75.184406796918296, 39.9899389142495 ], [ -75.183702172695305, 39.989269598443201 ], [ -75.183603108653301, 39.989168937326198 ], [ -75.183125743178195, 39.988739497534098 ], [ -75.182722007772, 39.988340048348498 ], [ -75.182396144458394, 39.988051479956603 ], [ -75.180806766991395, 39.986799967399698 ], [ -75.180260534931705, 39.986354649922198 ], [ -75.179524888832901, 39.985797195188901 ], [ -75.179794059890199, 39.985618276439801 ], [ -75.180052038044806, 39.985445354069 ], [ -75.180309346376106, 39.985271834997903 ], [ -75.180566154808005, 39.985097871701903 ], [ -75.180822634605605, 39.984923612179898 ], [ -75.1810789521152, 39.984749210626198 ], [ -75.1813088502456, 39.984592793365401 ], [ -75.181591773496905, 39.984400576745003 ], [ -75.181848321512604, 39.9842263850488 ], [ -75.182104438732395, 39.9840518110517 ], [ -75.182360243018394, 39.983876959207599 ], [ -75.182615865868698, 39.983701945086501 ], [ -75.182871444394493, 39.983526890689802 ], [ -75.182931637442707, 39.983485695883601 ], [ -75.183127108754206, 39.983351916060201 ], [ -75.183383000707096, 39.983177144201697 ], [ -75.183639248207697, 39.983002691501198 ], [ -75.183895990709701, 39.982828680007799 ], [ -75.184153359577607, 39.982655228885299 ], [ -75.184411494265703, 39.982482460180002 ], [ -75.1846705249351, 39.982310493927699 ], [ -75.184879099498502, 39.982173073958002 ], [ -75.184930397422093, 39.982139275751997 ], [ -75.185190623158903, 39.981968375759102 ], [ -75.185451149014597, 39.981797743203899 ], [ -75.185711949992196, 39.981627357703502 ], [ -75.185973005809998, 39.981457198079703 ], [ -75.186234286891803, 39.981287241144898 ], [ -75.186495770615196, 39.981117465668902 ], [ -75.186724575288807, 39.980969151586301 ], [ -75.187019253087399, 39.980778375922299 ], [ -75.187281201977598, 39.980609017287499 ], [ -75.187543257166993, 39.980439755062697 ], [ -75.187805394896202, 39.980270567092397 ], [ -75.188067591371905, 39.980101432121799 ], [ -75.188329822902602, 39.979932326195303 ], [ -75.188592064422494, 39.979763230733099 ], [ -75.188854292172095, 39.979594123580597 ], [ -75.189081552169696, 39.979447516703999 ], [ -75.189378606538199, 39.979255788184297 ], [ -75.189640646771196, 39.979086516558802 ], [ -75.189902574683501, 39.978917144549001 ], [ -75.190310820695998, 39.978652734775103 ], [ -75.190572374756698, 39.978483030409699 ], [ -75.190834114554406, 39.978313489998001 ], [ -75.191095981105207, 39.9781440626681 ], [ -75.191357918766101, 39.977974702128101 ], [ -75.191619871062798, 39.977805353058002 ], [ -75.191747444124104, 39.977722849108403 ], [ -75.191881780045506, 39.977635968214599 ], [ -75.192143591410101, 39.977466496832299 ], [ -75.192405250954096, 39.977296885445398 ], [ -75.192666696046601, 39.977127086707803 ], [ -75.192927874790797, 39.976957048107302 ], [ -75.193125314164703, 39.976828126243802 ], [ -75.193188728133507, 39.976786720576499 ], [ -75.193449202973895, 39.976616052478398 ], [ -75.193709248313695, 39.976444998529999 ], [ -75.193953739902199, 39.976283864555697 ], [ -75.194223186431699, 39.976603964926703 ], [ -75.195011616903699, 39.977159255850701 ], [ -75.196164970466, 39.977793417763003 ], [ -75.197682202240699, 39.978534717596901 ], [ -75.199691448956699, 39.979400137494601 ], [ -75.201494330354905, 39.980374146182399 ], [ -75.203221802174099, 39.981643620230599 ], [ -75.204022213687296, 39.982864203397703 ], [ -75.204292970686595, 39.983492846313403 ], [ -75.204395136219603, 39.984202655286097 ], [ -75.204231491490404, 39.985132981604799 ], [ -75.203881471027401, 39.985642301442397 ], [ -75.203608857840393, 39.986038976018001 ], [ -75.202681855775694, 39.986966514037199 ], [ -75.200813643320103, 39.988708045135901 ], [ -75.199667215495097, 39.989842949159602 ], [ -75.197561971365701, 39.991705616326797 ], [ -75.196738227033507, 39.992636311331196 ], [ -75.194935532288198, 39.994096179371198 ], [ -75.186151134961605, 39.992671590509097 ], [ -75.185811938270305, 39.992084692792197 ], [ -75.1856012020599, 39.9917085502085 ] ] ] } },
{ "type": "Feature", "properties": { "OBJECTID": 61, "ES_ID": "4240", "ES_NAME": "Cassidy, Lewis C", "MS_ID": "4240", "MS_NAME": "Cassidy, Lewis C", "HS_ID": "4020", "HS_NAME": "Overbrook High", "GR_ID_K": "4240", "GR_ID_01": "4240", "GR_ID_02": "4240", "GR_ID_03": "4240", "GR_ID_04": "4240", "GR_ID_05": "4240", "GR_ID_06": "4240", "GR_ID_07": "4240", "GR_ID_08": "4240", "GR_ID_09": "4020", "GR_ID_10": "4020", "GR_ID_11": "4020", "GR_ID_12": "4020", "ES_GRADE": "K-8", "MS_GRADE": "K-8", "HS_GRADE": "9-12", "Shape__Area": 3027245.140625, "Shape__Length": 8085.2002271655501 }, "geometry": { "type": "Polygon", "coordinates": [ [ [ -75.246092980672799, 39.978309644597303 ], [ -75.245543084680506, 39.975339544962502 ], [ -75.245250036881203, 39.973787725219303 ], [ -75.244952915215194, 39.972194536477097 ], [ -75.244887437161097, 39.971863315981601 ], [ -75.244865362023702, 39.971783705318103 ], [ -75.245160894059694, 39.970368957058497 ], [ -75.245475711713695, 39.968845871345501 ], [ -75.245793742942496, 39.967327440296998 ], [ -75.246110802483003, 39.9658063619204 ], [ -75.247170956171502, 39.965936765952897 ], [ -75.247466149656105, 39.964489443913799 ], [ -75.247449172821703, 39.9643999907886 ], [ -75.247566857813993, 39.963647669881198 ], [ -75.247687022070195, 39.963786665628398 ], [ -75.247781176538396, 39.9638851233222 ], [ -75.247905692062801, 39.963988943502102 ], [ -75.248059558707297, 39.964083999021803 ], [ -75.248617684782303, 39.964361865043998 ], [ -75.248969985873401, 39.964503570149901 ], [ -75.249467344792194, 39.964730727562603 ], [ -75.249882959298503, 39.964937293399998 ], [ -75.250024660555596, 39.965030907103497 ], [ -75.250180176254304, 39.9650813217647 ], [ -75.250316262844606, 39.965078406753001 ], [ -75.250449542097002, 39.965027231022901 ], [ -75.250607938415598, 39.964957791397197 ], [ -75.2507602305798, 39.9648882194995 ], [ -75.250916061150704, 39.964846938996402 ], [ -75.251077713171995, 39.964855162058797 ], [ -75.2512036169434, 39.964921389687703 ], [ -75.251285825084295, 39.965012528531297 ], [ -75.251344384143096, 39.965081991646102 ], [ -75.251340970848403, 39.965174794115498 ], [ -75.251371491310707, 39.965258928312799 ], [ -75.251465163243907, 39.965329155994503 ], [ -75.251605931896805, 39.965365139847798 ], [ -75.251710177204899, 39.9653556526766 ], [ -75.251814678127403, 39.965339118024602 ], [ -75.251925117085605, 39.965327414828799 ], [ -75.252096705359506, 39.965314691200298 ], [ -75.252337513614407, 39.965289367331103 ], [ -75.252638030563602, 39.965260638504098 ], [ -75.252846087551305, 39.9652534097876 ], [ -75.252974757177597, 39.965244453940102 ], [ -75.253079431483599, 39.965223219653502 ], [ -75.253224145392096, 39.965193449327202 ], [ -75.253317330741197, 39.965235450370599 ], [ -75.253410771782399, 39.9652704012478 ], [ -75.253585041917802, 39.965309463186998 ], [ -75.2537153851775, 39.965338161949198 ], [ -75.253939257444998, 39.9653994640314 ], [ -75.254096156833498, 39.965412281680699 ], [ -75.254225371249206, 39.965346905496297 ], [ -75.254322080876094, 39.965251430984701 ], [ -75.254382839045306, 39.965136362680902 ], [ -75.254459137216898, 39.965055726688902 ], [ -75.254546701694807, 39.965001200389203 ], [ -75.254634695168605, 39.9649349272444 ], [ -75.254741354493902, 39.964859652739896 ], [ -75.254940129134596, 39.9647722754002 ], [ -75.255115400432103, 39.964700845942097 ], [ -75.255269532040998, 39.964664225816499 ], [ -75.255411017590006, 39.964639085749397 ], [ -75.255546740748997, 39.964604416608204 ], [ -75.2556890898246, 39.9645557827617 ], [ -75.255834560078696, 39.964463717734198 ], [ -75.255894106179596, 39.964381542693403 ], [ -75.255969627861703, 39.964322048604402 ], [ -75.256085273022705, 39.9642516740928 ], [ -75.256195412124598, 39.9641647187253 ], [ -75.256283749112001, 39.964089044612599 ], [ -75.256385419019907, 39.963983095954497 ], [ -75.256588820052698, 39.963811169391803 ], [ -75.256689630385395, 39.963728713109703 ], [ -75.256784175188301, 39.963691971921499 ], [ -75.256943159554496, 39.963689547585297 ], [ -75.257129381128806, 39.963735917716903 ], [ -75.257296143626405, 39.963771282671402 ], [ -75.257455299375806, 39.963764159085301 ], [ -75.257545739810197, 39.963714396222699 ], [ -75.257670067970494, 39.9636571388831 ], [ -75.257826194344901, 39.963607625944199 ], [ -75.257936776135097, 39.963633541829402 ], [ -75.258006273034695, 39.963717345772302 ], [ -75.258015433998906, 39.963863323792602 ], [ -75.258016454260698, 39.964002072964597 ], [ -75.257979398600199, 39.964137642674501 ], [ -75.257946747378398, 39.964278010297498 ], [ -75.2579942999851, 39.964397783496402 ], [ -75.258091807983703, 39.964446927446403 ], [ -75.258233396994896, 39.964460582744103 ], [ -75.258375501865302, 39.964460142291898 ], [ -75.258492513082103, 39.964519114838602 ], [ -75.258549656260897, 39.964627339041201 ], [ -75.258617100881594, 39.9647463672 ], [ -75.258697595560704, 39.964884490405197 ], [ -75.2587156960915, 39.964974231730601 ], [ -75.258718354784705, 39.9650683418295 ], [ -75.258714773205199, 39.965249313166602 ], [ -75.258707629412299, 39.9653608436697 ], [ -75.258740779622798, 39.965456789802097 ], [ -75.258784615408203, 39.965552970630696 ], [ -75.258866963725296, 39.965640579479199 ], [ -75.258976860078405, 39.965685288429498 ], [ -75.259080156031303, 39.965701639535297 ], [ -75.259217468835104, 39.965706970196699 ], [ -75.259336633966896, 39.965707207207799 ], [ -75.259414599601698, 39.965747695234903 ], [ -75.259430206270295, 39.9658220997269 ], [ -75.259441553388299, 39.965929330259399 ], [ -75.259554350490006, 39.966019951083503 ], [ -75.259651022909694, 39.966050265567702 ], [ -75.259780939525001, 39.966090705086799 ], [ -75.259911113408606, 39.9661240980058 ], [ -75.260067046412402, 39.966205073225701 ], [ -75.260312299831, 39.966266826668701 ], [ -75.260492829499398, 39.966322967685301 ], [ -75.260550454273698, 39.966388300700103 ], [ -75.260648812376104, 39.966516371126602 ], [ -75.260706478426002, 39.9665969154264 ], [ -75.260769605250999, 39.966693903158102 ], [ -75.260834821021803, 39.966816589990501 ], [ -75.260856954732205, 39.966956998942997 ], [ -75.260870941360395, 39.967071577330302 ], [ -75.260891413308201, 39.967174636719498 ], [ -75.260961195865605, 39.967255442813503 ], [ -75.261025729469793, 39.9673967723703 ], [ -75.261054604063304, 39.967518669839798 ], [ -75.261106384909496, 39.967594422736802 ], [ -75.261133256186497, 39.967688291151497 ], [ -75.261091789936799, 39.967827320488801 ], [ -75.261014665129096, 39.967946919573798 ], [ -75.260929944670906, 39.968108332660599 ], [ -75.260937619373806, 39.968229770276501 ], [ -75.260945635579802, 39.9683418882749 ], [ -75.260932280982402, 39.968458206204197 ], [ -75.260846580907, 39.968563625939701 ], [ -75.260726797176503, 39.968689295619598 ], [ -75.260740955897802, 39.968799213334499 ], [ -75.260768509080606, 39.968874439873701 ], [ -75.260722607579794, 39.968969062314898 ], [ -75.260591904835906, 39.969061845003999 ], [ -75.260480653743599, 39.969120067826402 ], [ -75.260374908503394, 39.9691107764572 ], [ -75.260294416530101, 39.969074048247997 ], [ -75.260171182489998, 39.969045720466802 ], [ -75.260065988488805, 39.969104073424397 ], [ -75.260027719281794, 39.969238508299298 ], [ -75.260023192235195, 39.969362013885203 ], [ -75.260031548771494, 39.969464809629599 ], [ -75.260059186839598, 39.969537706434302 ], [ -75.260050994018798, 39.969595832478497 ], [ -75.260001464974593, 39.969706700944499 ], [ -75.2599805916999, 39.970028084462101 ], [ -75.260006265336003, 39.970154578057098 ], [ -75.260065209101001, 39.9703657503347 ], [ -75.260064944625398, 39.970538324308997 ], [ -75.260043527408797, 39.970626480733898 ], [ -75.259973137288299, 39.970727568601298 ], [ -75.259855312874606, 39.970799640586598 ], [ -75.259720341900604, 39.970843353855102 ], [ -75.259532050024703, 39.970853260618398 ], [ -75.259398616620103, 39.970855028953899 ], [ -75.259271581369404, 39.970847607182698 ], [ -75.259101803863402, 39.9708485862825 ], [ -75.258997973406395, 39.970869653514903 ], [ -75.2588444872125, 39.9709222935642 ], [ -75.258378691246705, 39.971143063084703 ], [ -75.258088484027496, 39.9712043939411 ], [ -75.257917337760503, 39.971242656019903 ], [ -75.257762823973806, 39.971323257043501 ], [ -75.257558995164402, 39.971426109707103 ], [ -75.257433741254303, 39.971535332354001 ], [ -75.257410439105897, 39.971674755116503 ], [ -75.257359827955099, 39.971897542382102 ], [ -75.257307434463399, 39.972003683170001 ], [ -75.257308361323396, 39.9721436331372 ], [ -75.257294094384804, 39.972367209871699 ], [ -75.257258504080099, 39.972511030097799 ], [ -75.2571973157049, 39.972691608681302 ], [ -75.257188180524395, 39.972775367954299 ], [ -75.257182536367793, 39.972929166630699 ], [ -75.2571355141948, 39.973054081716 ], [ -75.2570696367777, 39.9731972439386 ], [ -75.257050824415501, 39.973379453929702 ], [ -75.257047890581902, 39.973459393477903 ], [ -75.2570311567234, 39.973584966526801 ], [ -75.256970822029103, 39.9737422423742 ], [ -75.256949057670695, 39.973839719617402 ], [ -75.256955760473105, 39.9740700381004 ], [ -75.256956163510296, 39.974141633105802 ], [ -75.256954061370195, 39.974281516376102 ], [ -75.2569156120272, 39.974420610895301 ], [ -75.256934268291801, 39.974738188530097 ], [ -75.256914625891696, 39.974942991685701 ], [ -75.256860006709502, 39.9751097196065 ], [ -75.256824927228706, 39.975239558482201 ], [ -75.256813737281206, 39.9753792443111 ], [ -75.256880957436195, 39.975529962488601 ], [ -75.256995512939696, 39.975877610000701 ], [ -75.257105723271295, 39.976178519703502 ], [ -75.257147857484796, 39.9763520148298 ], [ -75.257262857232007, 39.9765224274026 ], [ -75.2572950994481, 39.976635071065402 ], [ -75.257284766590203, 39.9767514543502 ], [ -75.2572152212596, 39.976829236998498 ], [ -75.257211971409106, 39.9769177885331 ], [ -75.257280561119501, 39.977031221730002 ], [ -75.257350178466595, 39.9771166906988 ], [ -75.257406653555705, 39.9772298606715 ], [ -75.257408264835902, 39.977351167808301 ], [ -75.257411415414595, 39.977430529526302 ], [ -75.257480690102099, 39.9775253197936 ], [ -75.257651240937804, 39.977668953736199 ], [ -75.257701277690998, 39.977737418128903 ], [ -75.255925671747903, 39.978131084865304 ], [ -75.255459915069096, 39.978306661834999 ], [ -75.255026116958007, 39.978477767298699 ], [ -75.254821162776693, 39.978558077253197 ], [ -75.254473580422399, 39.978712489407997 ], [ -75.254255398918801, 39.9788445618004 ], [ -75.253932154531697, 39.979076273154497 ], [ -75.2537188059177, 39.979287006956397 ], [ -75.253499067579796, 39.979542722042297 ], [ -75.253293314364001, 39.979886291946798 ], [ -75.253107396070703, 39.980189765657002 ], [ -75.252860469519007, 39.980499530417397 ], [ -75.252546452608897, 39.980779158028902 ], [ -75.252212337261398, 39.981021599638801 ], [ -75.251777092923007, 39.981253733689798 ], [ -75.251444549737101, 39.981417609530503 ], [ -75.251066457912302, 39.981610195612198 ], [ -75.250198149703195, 39.980589954722603 ], [ -75.249999981624498, 39.980351767963498 ], [ -75.249728603687004, 39.980040931970002 ], [ -75.249459164315098, 39.979719403114203 ], [ -75.249228894044194, 39.979458748398898 ], [ -75.248946476822496, 39.979115881079302 ], [ -75.248780547143198, 39.978929358243199 ], [ -75.248701122200004, 39.978823749217199 ], [ -75.248630070046801, 39.978716997268798 ], [ -75.248536356642603, 39.978546983789897 ], [ -75.248431226974205, 39.978304669122998 ], [ -75.248373654785496, 39.978128368711502 ], [ -75.248337281285501, 39.977978156363299 ], [ -75.247957143136802, 39.978095959188003 ], [ -75.247412357784398, 39.9781614322115 ], [ -75.246092980672799, 39.978309644597303 ] ] ] } },
{ "type": "Feature", "properties": { "OBJECTID": 62, "ES_ID": "3420", "ES_NAME": "Mastery Charter School at Cleveland", "MS_ID": "3420", "MS_NAME": "Mastery Charter School at Cleveland", "HS_ID": "3416", "HS_NAME": "Mastery Charter School at Gratz", "GR_ID_K": "3420", "GR_ID_01": "3420", "GR_ID_02": "3420", "GR_ID_03": "3420", "GR_ID_04": "3420", "GR_ID_05": "3420", "GR_ID_06": "3420", "GR_ID_07": "3420", "GR_ID_08": "3420", "GR_ID_09": "3416", "GR_ID_10": "3416", "GR_ID_11": "3416", "GR_ID_12": "3416", "ES_GRADE": "K-8", "MS_GRADE": "K-8", "HS_GRADE": "7-12", "Shape__Area": 2173548.546875, "Shape__Length": 6852.2443599818398 }, "geometry": { "type": "Polygon", "coordinates": [ [ [ -75.154069800013701, 40.016331677768001 ], [ -75.153686315182597, 40.016275242500797 ], [ -75.153354976118493, 40.016210062287499 ], [ -75.153248711138204, 40.016183380293199 ], [ -75.153029235809697, 40.016128273127698 ], [ -75.152706802043497, 40.0160394695123 ], [ -75.152389849458004, 40.015939833494102 ], [ -75.152080687752104, 40.015826459331301 ], [ -75.151778365258295, 40.015702661118297 ], [ -75.151492259218102, 40.015558853448503 ], [ -75.151217815570405, 40.015400987308801 ], [ -75.150943155647298, 40.015243721973299 ], [ -75.150781938840694, 40.015148247992798 ], [ -75.150338322282295, 40.015314430646796 ], [ -75.150150214379394, 40.015349837090902 ], [ -75.149933994279607, 40.015334788417 ], [ -75.150041396182402, 40.014827780800701 ], [ -75.1500727380852, 40.014689751620303 ], [ -75.150098271049004, 40.014577304174303 ], [ -75.150215508464996, 40.013924819001403 ], [ -75.150247429645802, 40.013771154007898 ], [ -75.150396907011796, 40.0131752221995 ], [ -75.150575570563106, 40.012379619412897 ], [ -75.150885615912799, 40.010846462311797 ], [ -75.1514300822584, 40.010912686324602 ], [ -75.151801357677499, 40.010959403689398 ], [ -75.152543415551705, 40.011058286504102 ], [ -75.152880445327497, 40.009456126505299 ], [ -75.153672132187793, 40.009562169031703 ], [ -75.154467311767505, 40.009663801539901 ], [ -75.154803259801099, 40.008089853132297 ], [ -75.1555791111969, 40.008189777267702 ], [ -75.156379400171403, 40.008293790973298 ], [ -75.156540900765904, 40.007536557357597 ], [ -75.156713148291701, 40.0067993130194 ], [ -75.158280764392103, 40.007003426518402 ], [ -75.158604436800601, 40.005507267786399 ], [ -75.159382978158803, 40.005604517234303 ], [ -75.160181797532104, 40.005701632233603 ], [ -75.160398859126403, 40.004686675744601 ], [ -75.160497677515906, 40.004224602160498 ], [ -75.161244725413994, 40.004315592145097 ], [ -75.162061577319506, 40.004419438723197 ], [ -75.162663534883393, 40.004503938283897 ], [ -75.163944331790006, 40.004664894498703 ], [ -75.163790702056502, 40.005399793932298 ], [ -75.163631069102706, 40.006161476698203 ], [ -75.165231706244498, 40.006363533332099 ], [ -75.166838049961399, 40.006574333860797 ], [ -75.166944050904704, 40.0066025761462 ], [ -75.167066437592098, 40.006725154632001 ], [ -75.167532287281304, 40.007237201785898 ], [ -75.168178432557596, 40.007937268678504 ], [ -75.168490186599698, 40.008308323576401 ], [ -75.169023089546897, 40.008910900964104 ], [ -75.169143196095803, 40.0088419415424 ], [ -75.169190854323602, 40.008894521081402 ], [ -75.169386629054301, 40.009110490420298 ], [ -75.169582412259999, 40.009326454180098 ], [ -75.1697782060766, 40.0095424178147 ], [ -75.169974002514607, 40.0097583757385 ], [ -75.170123615382707, 40.009923395646503 ], [ -75.169992785714498, 40.009988679584701 ], [ -75.169705731612197, 40.010132109516697 ], [ -75.169418735642694, 40.010275611244303 ], [ -75.169131742835205, 40.0104191204614 ], [ -75.168844703005007, 40.010562570265698 ], [ -75.168557565899704, 40.010705895555098 ], [ -75.168270276550402, 40.010849032022001 ], [ -75.167939517804299, 40.0110152094394 ], [ -75.167779475954006, 40.0110956116404 ], [ -75.167652939208807, 40.0111591821275 ], [ -75.167366352715902, 40.011303144939198 ], [ -75.167079761564295, 40.011447105155497 ], [ -75.166793164720005, 40.011591059148898 ], [ -75.166506564387603, 40.011735010573098 ], [ -75.1662199630114, 40.011878956780102 ], [ -75.165933353464197, 40.012022900312402 ], [ -75.1656467451119, 40.012166841380903 ], [ -75.165360134373799, 40.012310781706901 ], [ -75.1650735212841, 40.012454720390203 ], [ -75.164786907013706, 40.012598657457197 ], [ -75.164500293698296, 40.012742598362003 ], [ -75.164213678031302, 40.012886537624098 ], [ -75.163927065729496, 40.013030478976297 ], [ -75.163640453280493, 40.013174422339603 ], [ -75.163353844162302, 40.013318368693099 ], [ -75.163067235964704, 40.0134623197848 ], [ -75.162780632268607, 40.013606273893402 ], [ -75.162494031800406, 40.013750233693003 ], [ -75.162207435730707, 40.013894199210299 ], [ -75.161903162742107, 40.014047053256697 ], [ -75.161634256786499, 40.014182147397797 ], [ -75.161347677321501, 40.014326132847998 ], [ -75.1610611021175, 40.014470127616903 ], [ -75.160774535960599, 40.014614129109503 ], [ -75.160487973995899, 40.014758141721302 ], [ -75.160201424487596, 40.014902163836901 ], [ -75.1599148803421, 40.0150461970983 ], [ -75.159628347413303, 40.015190241637598 ], [ -75.159341823291001, 40.0153342992026 ], [ -75.159056713283704, 40.015480235071799 ], [ -75.158774521926105, 40.015629923985401 ], [ -75.158480781726894, 40.015763813552397 ], [ -75.1581700625498, 40.015874721646597 ], [ -75.1578552188803, 40.015978841259198 ], [ -75.157730426654794, 40.016019803461603 ], [ -75.157539896199793, 40.016082344632899 ], [ -75.157219884365801, 40.016175192175297 ], [ -75.156889998663203, 40.016244209221298 ], [ -75.156555624819504, 40.016302594681299 ], [ -75.156067975574899, 40.016361562247802 ], [ -75.155728257387096, 40.016391445261597 ], [ -75.155386179220599, 40.0164050979891 ], [ -75.155043501801103, 40.016406557107899 ], [ -75.154701738895895, 40.016394393571503 ], [ -75.154360969563697, 40.016365932247602 ], [ -75.154069800013701, 40.016331677768001 ] ] ] } },
{ "type": "Feature", "properties": { "OBJECTID": 63, "ES_ID": "4270", "ES_NAME": "Dick, William", "MS_ID": "4270", "MS_NAME": "Dick, William", "HS_ID": "4140", "HS_NAME": "Strawberry Mansion HS", "GR_ID_K": "4270", "GR_ID_01": "4270", "GR_ID_02": "4270", "GR_ID_03": "4270", "GR_ID_04": "4270", "GR_ID_05": "4270", "GR_ID_06": "4270", "GR_ID_07": "4270", "GR_ID_08": "4270", "GR_ID_09": "4140", "GR_ID_10": "4140", "GR_ID_11": "4140", "GR_ID_12": "6030", "ES_GRADE": "K-8", "MS_GRADE": "K-8", "HS_GRADE": "9-11", "Shape__Area": 1038673.9921875, "Shape__Length": 5326.7623718061504 }, "geometry": { "type": "Polygon", "coordinates": [ [ [ -75.166100605652602, 39.985975235496298 ], [ -75.166755670673695, 39.986065034984499 ], [ -75.167320999731999, 39.986130669898102 ], [ -75.167977810510195, 39.986212059121897 ], [ -75.168781284186807, 39.986315347221598 ], [ -75.169577395819999, 39.986415464647401 ], [ -75.170398747174104, 39.986521033584701 ], [ -75.171179080143702, 39.986615707046198 ], [ -75.171293817081306, 39.9860845760264 ], [ -75.171396210847305, 39.9856131814036 ], [ -75.171513733498898, 39.985100029461698 ], [ -75.1718507287911, 39.983608194127697 ], [ -75.172426144857297, 39.983673981294601 ], [ -75.1726417880772, 39.983714318732297 ], [ -75.172890669957397, 39.983743822316796 ], [ -75.173444964329803, 39.983808984076603 ], [ -75.173995073371103, 39.983884494635099 ], [ -75.174466540938994, 39.983945259569701 ], [ -75.175028891937501, 39.984023425726598 ], [ -75.174797617142502, 39.985076175593697 ], [ -75.1746961007414, 39.985515720885402 ], [ -75.175273135596896, 39.985606367881203 ], [ -75.175219228109896, 39.985861509129101 ], [ -75.175611159048003, 39.986283223148497 ], [ -75.176091317526996, 39.9868082908026 ], [ -75.175412801510404, 39.987165107508297 ], [ -75.176784456689603, 39.987346990201502 ], [ -75.176497200635595, 39.987495671417797 ], [ -75.1762131459692, 39.987642461329003 ], [ -75.175928949377706, 39.987789099615298 ], [ -75.175644621088296, 39.9879355946142 ], [ -75.175360166885099, 39.988081948256301 ], [ -75.175075595825007, 39.988228168852999 ], [ -75.1747909088744, 39.988374261831297 ], [ -75.174506116294197, 39.988520234628503 ], [ -75.174313473823602, 39.988618075707997 ], [ -75.174221225039005, 39.988666089201999 ], [ -75.173979315635705, 39.988802494776202 ], [ -75.173651169650796, 39.988957482037002 ], [ -75.173366019256207, 39.989103028714602 ], [ -75.173080796151893, 39.989248482976997 ], [ -75.172795543865007, 39.989393901663703 ], [ -75.172510587676499, 39.989539726367497 ], [ -75.1722947442004, 39.989650670095401 ], [ -75.172225972074799, 39.989686019358601 ], [ -75.171941659347794, 39.989832724830798 ], [ -75.171747216145704, 39.989933398254898 ], [ -75.171657233989393, 39.989979772183702 ], [ -75.171373780627306, 39.990127163258599 ], [ -75.1710901333268, 39.990274785368499 ], [ -75.170806680022494, 39.990422602178803 ], [ -75.170523368208805, 39.9905705773714 ], [ -75.1702398815126, 39.990718620943298 ], [ -75.169956363815302, 39.990866707295197 ], [ -75.169673218027199, 39.991014776106297 ], [ -75.169389012423395, 39.991163173615703 ], [ -75.169106312286303, 39.991310638412898 ], [ -75.168822528486402, 39.991458319643399 ], [ -75.168539175765503, 39.991605782839002 ], [ -75.168440762163399, 39.991656588722101 ], [ -75.168254805280398, 39.991752930541402 ], [ -75.167970501169606, 39.9918997474864 ], [ -75.167685970785698, 39.992046166722403 ], [ -75.167400948126001, 39.992192129102897 ], [ -75.167115454179907, 39.992337575629499 ], [ -75.166829680791594, 39.992482482684501 ], [ -75.166543659104804, 39.992626770776504 ], [ -75.166257009004099, 39.9927703935046 ], [ -75.165969691133, 39.992913276995701 ], [ -75.165681853068904, 39.993055391229902 ], [ -75.165393391740295, 39.993196674415202 ], [ -75.165104401297796, 39.9933370845173 ], [ -75.164814456143702, 39.993476538964501 ], [ -75.164523870575294, 39.993614997976103 ], [ -75.164232517463503, 39.993752416335397 ], [ -75.163940340660204, 39.993888730601299 ], [ -75.163751968163695, 39.993975480939 ], [ -75.163210528860006, 39.993332317189903 ], [ -75.162851954520804, 39.993489314438797 ], [ -75.1629435722636, 39.993052657743 ], [ -75.163185657417202, 39.991899732908799 ], [ -75.1635035822286, 39.990410662917498 ], [ -75.1638443903243, 39.988915857550197 ], [ -75.164186859563998, 39.987320149897002 ], [ -75.1649789923827, 39.987430333260299 ], [ -75.1657652142205, 39.987523074016501 ], [ -75.166100605652602, 39.985975235496298 ] ] ] } },
{ "type": "Feature", "properties": { "OBJECTID": 64, "ES_ID": "4280", "ES_NAME": "Gompers, Samuel", "MS_ID": "4280", "MS_NAME": "Gompers, Samuel", "HS_ID": "4020", "HS_NAME": "Overbrook High", "GR_ID_K": "4280", "GR_ID_01": "4280", "GR_ID_02": "4280", "GR_ID_03": "4280", "GR_ID_04": "4280", "GR_ID_05": "4280", "GR_ID_06": "4280", "GR_ID_07": "4280", "GR_ID_08": "4280", "GR_ID_09": "4020", "GR_ID_10": "4020", "GR_ID_11": "4020", "GR_ID_12": "4020", "ES_GRADE": "K-8", "MS_GRADE": "K-8", "HS_GRADE": "9-12", "Shape__Area": 3077170.8125, "Shape__Length": 8730.0020458534509 }, "geometry": { "type": "Polygon", "coordinates": [ [ [ -75.227382543948295, 40.000548533889301 ], [ -75.227140059580407, 40.000180686538698 ], [ -75.226985601235697, 39.999945719627199 ], [ -75.226835460447106, 39.999709255319097 ], [ -75.226693668104105, 39.9994696937664 ], [ -75.226565612639803, 39.9992253460507 ], [ -75.226453439126999, 39.998976807181599 ], [ -75.226350485614304, 39.998725700310402 ], [ -75.226254334403805, 39.998472897634699 ], [ -75.226164218973494, 39.998219005810398 ], [ -75.226087877186202, 39.997962444344999 ], [ -75.226016837737305, 39.997704822695901 ], [ -75.225942104737697, 39.997447936077997 ], [ -75.225868717147094, 39.997190829404502 ], [ -75.225797349750493, 39.9969331868502 ], [ -75.225729317090199, 39.996674940919704 ], [ -75.225686518204299, 39.9964143702557 ], [ -75.225671023952103, 39.9961511915686 ], [ -75.225666725262897, 39.995887767130803 ], [ -75.225667601528002, 39.995624579027698 ], [ -75.225671895542902, 39.995361342645403 ], [ -75.225676352825303, 39.9950980936337 ], [ -75.225678216903702, 39.994834865078502 ], [ -75.225679188222003, 39.994571639413202 ], [ -75.225679852699798, 39.994308411502701 ], [ -75.225680159943195, 39.9940451820409 ], [ -75.225680073471196, 39.993781955631299 ], [ -75.225679546569907, 39.993518728543499 ], [ -75.225678215966397, 39.993255504501299 ], [ -75.225675549780604, 39.9929922853227 ], [ -75.225672389283005, 39.992729066082298 ], [ -75.225669655221097, 39.992465846305997 ], [ -75.225668181715207, 39.9922026236151 ], [ -75.225666890307906, 39.991939386906402 ], [ -75.225665579214194, 39.991676144356099 ], [ -75.225665050119403, 39.991478113357097 ], [ -75.226574849146104, 39.991525274397098 ], [ -75.228090180953501, 39.991610915105902 ], [ -75.229799820576304, 39.991691525505601 ], [ -75.231062959453496, 39.991773499447199 ], [ -75.232316686496304, 39.991824128102998 ], [ -75.233675785122102, 39.991891636574202 ], [ -75.233599295347602, 39.991213423370098 ], [ -75.233530367250196, 39.990662627869497 ], [ -75.2333878978489, 39.990227606022501 ], [ -75.233244418671205, 39.989808343640497 ], [ -75.235647444799, 39.9893175707859 ], [ -75.237657296902995, 39.988913307776897 ], [ -75.237564945663294, 39.988471807638099 ], [ -75.237491230978193, 39.988005655111202 ], [ -75.237394928367706, 39.987580504204999 ], [ -75.237330390300798, 39.987211393935503 ], [ -75.237252648782103, 39.986815408019702 ], [ -75.237178282551199, 39.986448612445898 ], [ -75.2371105596538, 39.986019325147801 ], [ -75.237032715212393, 39.985628312946602 ], [ -75.237024897213502, 39.985414637708701 ], [ -75.237064607658596, 39.985193766224498 ], [ -75.237243380131503, 39.984849379441897 ], [ -75.238050444000095, 39.983551752791499 ], [ -75.238615190642804, 39.982611218345397 ], [ -75.238731589244594, 39.982654914638303 ], [ -75.239040332763693, 39.982768356575399 ], [ -75.239350034545197, 39.982880299546999 ], [ -75.239660383865498, 39.982991227790599 ], [ -75.239971068804394, 39.9831016264217 ], [ -75.240281781930094, 39.983211986063203 ], [ -75.240592209095198, 39.9833227890853 ], [ -75.240902041678098, 39.983434526992298 ], [ -75.241210965478402, 39.983547683961703 ], [ -75.241518792430099, 39.983662595564297 ], [ -75.241826468276898, 39.983778105780203 ], [ -75.242133685609602, 39.983894546666399 ], [ -75.242439705163804, 39.984012780542301 ], [ -75.242743792233497, 39.9841336734384 ], [ -75.243045206271404, 39.984258091265197 ], [ -75.243343217438095, 39.984386895669203 ], [ -75.243637885460203, 39.984520659209601 ], [ -75.243929181224104, 39.984659378572303 ], [ -75.244216571430101, 39.984803001594003 ], [ -75.244499511939594, 39.984951483988702 ], [ -75.244777463620096, 39.9851047725749 ], [ -75.2450494341671, 39.985263922415797 ], [ -75.245315498028205, 39.985429392881898 ], [ -75.245577162681897, 39.985599405013303 ], [ -75.245835937060804, 39.9857721717594 ], [ -75.246093339712999, 39.985945899057398 ], [ -75.246350883035007, 39.986119563044703 ], [ -75.246442342745993, 39.9861832759929 ], [ -75.246605101288395, 39.986296656053199 ], [ -75.246847848376504, 39.986482097351299 ], [ -75.247073735043699, 39.986679036480801 ], [ -75.247290240505706, 39.986882628920398 ], [ -75.247500710276896, 39.987090451020897 ], [ -75.247707662854296, 39.987300589958799 ], [ -75.2479136086815, 39.9875111291122 ], [ -75.248121117492801, 39.987720577499999 ], [ -75.248329917934896, 39.987929592328399 ], [ -75.248537331620298, 39.988139434267701 ], [ -75.248740648776106, 39.988351357017002 ], [ -75.248937158273094, 39.988566618769902 ], [ -75.249124121313002, 39.988786496957196 ], [ -75.249299560876693, 39.989012002711803 ], [ -75.249466052296398, 39.989241905579 ], [ -75.249627198022196, 39.989474438846898 ], [ -75.249786592474607, 39.989707832002701 ], [ -75.250003784589794, 39.990018933716001 ], [ -75.250098957309604, 39.990145251340103 ], [ -75.249191485682999, 39.990571741066397 ], [ -75.248013008666504, 39.991125578826797 ], [ -75.245686195267496, 39.992219025842999 ], [ -75.243790781087299, 39.993109684302198 ], [ -75.2416531140465, 39.994114109520403 ], [ -75.239026912020194, 39.995345039583398 ], [ -75.237361725937802, 39.996125479090097 ], [ -75.235287918214496, 39.997097368804504 ], [ -75.2342453470485, 39.997588507073402 ], [ -75.233230782612097, 39.998056511717799 ], [ -75.232153113580196, 39.998558951679101 ], [ -75.230889528213893, 39.999148046863503 ], [ -75.229455226591796, 39.999820262514199 ], [ -75.228741667296802, 40.000155488573199 ], [ -75.228377659488302, 40.000326492500399 ], [ -75.227480061539794, 40.000748161632202 ], [ -75.227382543948295, 40.000548533889301 ] ] ] } },
{ "type": "Feature", "properties": { "OBJECTID": 65, "ES_ID": "4300", "ES_NAME": "Heston, Edward", "MS_ID": "4300", "MS_NAME": "Heston, Edward", "HS_ID": "4020", "HS_NAME": "Overbrook High", "GR_ID_K": "4300", "GR_ID_01": "4300", "GR_ID_02": "4300", "GR_ID_03": "4300", "GR_ID_04": "4300", "GR_ID_05": "4300", "GR_ID_06": "4300", "GR_ID_07": "4300", "GR_ID_08": "4300", "GR_ID_09": "4020", "GR_ID_10": "4020", "GR_ID_11": "4020", "GR_ID_12": "4020", "ES_GRADE": "K-8", "MS_GRADE": "K-8", "HS_GRADE": "9-12", "Shape__Area": 1581538.60546875, "Shape__Length": 6272.4468513230204 }, "geometry": { "type": "Polygon", "coordinates": [ [ [ -75.224068729772299, 39.981517555691902 ], [ -75.223792636933595, 39.981529195924601 ], [ -75.223677038776003, 39.981518433329498 ], [ -75.223548203793499, 39.981483892904301 ], [ -75.223160073932704, 39.981390377504098 ], [ -75.222491526598901, 39.981145877823998 ], [ -75.221455296429198, 39.980758583468997 ], [ -75.219473927337802, 39.980025546395801 ], [ -75.221983665547199, 39.975791534696398 ], [ -75.2224770857609, 39.9752211674503 ], [ -75.222987041822194, 39.974601502063102 ], [ -75.223040877143404, 39.974534546855601 ], [ -75.222948344340693, 39.973993432774797 ], [ -75.222830654608103, 39.973327863737701 ], [ -75.222711303213998, 39.972658608875498 ], [ -75.222616327537693, 39.972129217534203 ], [ -75.223674695323894, 39.971903837049901 ], [ -75.225386603052598, 39.971540410172899 ], [ -75.225714452244603, 39.971472967917499 ], [ -75.225844162438506, 39.971439824599102 ], [ -75.226569554120999, 39.971353097662004 ], [ -75.227233654985, 39.971283117939699 ], [ -75.227991287762606, 39.971199062297799 ], [ -75.228738119486806, 39.971116733953302 ], [ -75.229276678170905, 39.971054516659599 ], [ -75.229703613481803, 39.971009043680802 ], [ -75.230133095731802, 39.970959672385803 ], [ -75.230667720061106, 39.970903781820397 ], [ -75.230957841287605, 39.9724391886134 ], [ -75.231196673587704, 39.973718829032798 ], [ -75.231493274685704, 39.975314035499501 ], [ -75.231785091525794, 39.976861322688798 ], [ -75.232774295735197, 39.976755282086202 ], [ -75.233692941843103, 39.976651992667399 ], [ -75.2338100527124, 39.977277370779703 ], [ -75.233837992403394, 39.977428776645098 ], [ -75.233918015408904, 39.977832439904098 ], [ -75.234016548660506, 39.978370938276399 ], [ -75.234083841917794, 39.978742103593 ], [ -75.234171293266499, 39.979186931027698 ], [ -75.234173771256707, 39.979272401486497 ], [ -75.234143668295303, 39.979611513116403 ], [ -75.234047958430494, 39.980411196022402 ], [ -75.233960900592507, 39.980805431557499 ], [ -75.233841894944504, 39.980761138839803 ], [ -75.233533731666299, 39.980646759113597 ], [ -75.233225417882196, 39.980532612198203 ], [ -75.2329169732145, 39.980418674195903 ], [ -75.232608404313098, 39.980304923627699 ], [ -75.232299733141403, 39.980191336647501 ], [ -75.231990969827194, 39.980077892753897 ], [ -75.231682130483307, 39.9799645679729 ], [ -75.231373230019301, 39.979851339205098 ], [ -75.231064280937701, 39.9797381851007 ], [ -75.230755298082002, 39.979625084361203 ], [ -75.230446298836597, 39.979512010338098 ], [ -75.230137296774998, 39.979398944408402 ], [ -75.229828303297793, 39.979285863396498 ], [ -75.229519333316304, 39.979172744204 ], [ -75.229210407593399, 39.979059563861398 ], [ -75.228901532815996, 39.978946299990902 ], [ -75.2285927262038, 39.978832930446401 ], [ -75.228284003839406, 39.9787194321557 ], [ -75.227975379432294, 39.978605782895997 ], [ -75.228227958259396, 39.978785784388698 ], [ -75.2284745429547, 39.978969135945398 ], [ -75.228680363445804, 39.979176793136403 ], [ -75.228841755982799, 39.979412420238504 ], [ -75.228949453264406, 39.979660258158802 ], [ -75.228969477505601, 39.979925322538698 ], [ -75.228947375635897, 39.980188516371598 ], [ -75.228895080786401, 39.980449705350097 ], [ -75.228796689030801, 39.980710305108197 ], [ -75.228153531546297, 39.980472741292601 ], [ -75.227701632486102, 39.980309748017 ], [ -75.227209412847699, 39.980126819493798 ], [ -75.226716333633107, 39.979946732369399 ], [ -75.226388801733705, 39.980466567070103 ], [ -75.225986857016593, 39.981111515822001 ], [ -75.226115876580494, 39.981318765240097 ], [ -75.226205315321096, 39.981617239528397 ], [ -75.225165500238504, 39.981346003015801 ], [ -75.224068729772299, 39.981517555691902 ] ] ] } },
{ "type": "Feature", "properties": { "OBJECTID": 66, "ES_ID": "4360", "ES_NAME": "Kenderton", "MS_ID": "4360", "MS_NAME": "Kenderton", "HS_ID": "3416", "HS_NAME": "Mastery Charter School at Gratz", "GR_ID_K": "4360", "GR_ID_01": "4360", "GR_ID_02": "4360", "GR_ID_03": "4360", "GR_ID_04": "4360", "GR_ID_05": "4360", "GR_ID_06": "4360", "GR_ID_07": "4360", "GR_ID_08": "4360", "GR_ID_09": "3416", "GR_ID_10": "3416", "GR_ID_11": "3416", "GR_ID_12": "3416", "ES_GRADE": "K-8", "MS_GRADE": "K-8", "HS_GRADE": "7-12", "Shape__Area": 1458783.20703125, "Shape__Length": 6626.5879799688701 }, "geometry": { "type": "Polygon", "coordinates": [ [ [ -75.151801357677499, 40.010959403689398 ], [ -75.1514300822584, 40.010912686324602 ], [ -75.150885615912799, 40.010846462311797 ], [ -75.151093326083796, 40.009943685255998 ], [ -75.151248688416899, 40.009288307764798 ], [ -75.151371422652502, 40.008736639488397 ], [ -75.151455656282096, 40.008312744446499 ], [ -75.1516052769081, 40.007674638009497 ], [ -75.151923331488007, 40.006176598902698 ], [ -75.152237939514507, 40.004699034290503 ], [ -75.152552519442196, 40.003190913969902 ], [ -75.152928293066395, 40.001602017153701 ], [ -75.153273552111202, 40.000014039279399 ], [ -75.153377413557607, 39.999543791904998 ], [ -75.153432205594697, 39.999330977253301 ], [ -75.153518534878202, 39.9989517568428 ], [ -75.1535679488114, 39.998732993610702 ], [ -75.153611215595106, 39.9985246719841 ], [ -75.153788539750394, 39.9977261915664 ], [ -75.154116091864395, 39.997607536024198 ], [ -75.154425770988297, 39.997495446619403 ], [ -75.154735481073402, 39.997383408460003 ], [ -75.155045212342699, 39.997271401502402 ], [ -75.155354951369702, 39.9971594092247 ], [ -75.155664688239099, 39.997047415184198 ], [ -75.155974410832101, 39.996935399284901 ], [ -75.156284108165707, 39.996823342357203 ], [ -75.156593766777902, 39.996711228780001 ], [ -75.156706282970703, 39.996670457058002 ], [ -75.156903379265501, 39.996599037662897 ], [ -75.157212932166104, 39.9964867533849 ], [ -75.157522412189195, 39.996374355824102 ], [ -75.157831960547895, 39.9962618283475 ], [ -75.158138424782194, 39.996144750564703 ], [ -75.158446148232002, 39.996029151954701 ], [ -75.158754774616, 39.995914760466299 ], [ -75.159105737669904, 39.9957957590847 ], [ -75.158929617241498, 39.996648469572598 ], [ -75.158715386287895, 39.997660230225897 ], [ -75.158583231454202, 39.998214309567501 ], [ -75.158602296248603, 39.998336377220397 ], [ -75.158998592716202, 39.998836192169101 ], [ -75.158624429449901, 39.9990354829403 ], [ -75.158813997750201, 39.999265337080899 ], [ -75.158997795876402, 39.999487310995796 ], [ -75.159182109840501, 39.999708999795303 ], [ -75.159367172333802, 39.9999302924967 ], [ -75.159563280499, 40.000146237911103 ], [ -75.159773075834096, 40.000354759272803 ], [ -75.159992256757207, 40.000556860496403 ], [ -75.160222427062095, 40.000751837974498 ], [ -75.160466567018901, 40.0009369332817 ], [ -75.160722798745297, 40.001111312880703 ], [ -75.160981901741707, 40.0012831220617 ], [ -75.161242270117896, 40.001453918489297 ], [ -75.161503773121197, 40.001623782099799 ], [ -75.161766285816896, 40.001792793863402 ], [ -75.162029676212498, 40.001961035493203 ], [ -75.162293816963697, 40.002128589709002 ], [ -75.1625585795897, 40.002295538305603 ], [ -75.162823835712501, 40.002461960377801 ], [ -75.163089453378205, 40.002627967377798 ], [ -75.163355470449901, 40.002793980029303 ], [ -75.163622511099604, 40.0029592987879 ], [ -75.163684750033099, 40.0029971731649 ], [ -75.163852849519202, 40.0030181100405 ], [ -75.164288311061597, 40.003081214027702 ], [ -75.164235264644603, 40.003325182692798 ], [ -75.164168420277704, 40.003632599072702 ], [ -75.164105540951397, 40.003921781694899 ], [ -75.163944331790006, 40.004664894498703 ], [ -75.162663534883393, 40.004503938283897 ], [ -75.162061577319506, 40.004419438723197 ], [ -75.161244725413994, 40.004315592145097 ], [ -75.160497677515906, 40.004224602160498 ], [ -75.160398859126403, 40.004686675744601 ], [ -75.160181797532104, 40.005701632233603 ], [ -75.159382978158803, 40.005604517234303 ], [ -75.158604436800601, 40.005507267786399 ], [ -75.158280764392103, 40.007003426518402 ], [ -75.156713148291701, 40.0067993130194 ], [ -75.156540900765904, 40.007536557357597 ], [ -75.156379400171403, 40.008293790973298 ], [ -75.1555791111969, 40.008189777267702 ], [ -75.154803259801099, 40.008089853132297 ], [ -75.154467311767505, 40.009663801539901 ], [ -75.153672132187793, 40.009562169031703 ], [ -75.152880445327497, 40.009456126505299 ], [ -75.152543415551705, 40.011058286504102 ], [ -75.151801357677499, 40.010959403689398 ] ] ] } },
{ "type": "Feature", "properties": { "OBJECTID": 67, "ES_ID": "4320", "ES_NAME": "Lamberton, Robert E", "MS_ID": "4320", "MS_NAME": "Lamberton, Robert E", "HS_ID": "4020", "HS_NAME": "Overbrook High", "GR_ID_K": "4320", "GR_ID_01": "4320", "GR_ID_02": "4320", "GR_ID_03": "4320", "GR_ID_04": "4320", "GR_ID_05": "4320", "GR_ID_06": "4320", "GR_ID_07": "4320", "GR_ID_08": "4320", "GR_ID_09": "4020", "GR_ID_10": "4020", "GR_ID_11": "4020", "GR_ID_12": "4020", "ES_GRADE": "K-8", "MS_GRADE": "K-8", "HS_GRADE": "9-12", "Shape__Area": 4257067.19921875, "Shape__Length": 9286.1069655511201 }, "geometry": { "type": "Polygon", "coordinates": [ [ [ -75.257820317060506, 39.9834347542049 ], [ -75.257801327529606, 39.9833068015771 ], [ -75.257793836919006, 39.9831882094349 ], [ -75.257758099641407, 39.983032564345599 ], [ -75.257739539872503, 39.982731532197 ], [ -75.257789544530297, 39.982659738033803 ], [ -75.257909877845705, 39.982607691679597 ], [ -75.257995713427405, 39.982527565573101 ], [ -75.2580008961651, 39.982350179848098 ], [ -75.258030296667599, 39.982292514388398 ], [ -75.258118399441997, 39.982287430270198 ], [ -75.258251600002097, 39.982292654953 ], [ -75.258308434186802, 39.982230920628197 ], [ -75.258323969747096, 39.982137972319698 ], [ -75.258370652888402, 39.982022378161801 ], [ -75.258338064397606, 39.981919055325001 ], [ -75.258318960863093, 39.981778711728097 ], [ -75.258371531294003, 39.981667909806497 ], [ -75.258469661889606, 39.981637390214303 ], [ -75.258567450495406, 39.981616191044203 ], [ -75.258642201696105, 39.9815618425976 ], [ -75.258767985008504, 39.981438636553797 ], [ -75.258877130870104, 39.981273091322798 ], [ -75.258986447170102, 39.981102884382899 ], [ -75.258981632235901, 39.980986172223197 ], [ -75.258853819970597, 39.980834141197001 ], [ -75.258855577714698, 39.980703578452101 ], [ -75.258798584510799, 39.980604390415003 ], [ -75.258716504247502, 39.980527979838001 ], [ -75.258609677679701, 39.980465025235198 ], [ -75.258533313089401, 39.980398067428098 ], [ -75.258439629513603, 39.980307411494103 ], [ -75.258412929111799, 39.980208881805297 ], [ -75.258386228820498, 39.980110351209703 ], [ -75.258340498628201, 39.980034729522103 ], [ -75.258259786238995, 39.9799210338672 ], [ -75.258208852872698, 39.979821977973501 ], [ -75.258160484478694, 39.979653012414097 ], [ -75.258092574597697, 39.979520937841102 ], [ -75.258085074732506, 39.979394838471599 ], [ -75.258133295283301, 39.979237298975299 ], [ -75.258195208522196, 39.979119703851602 ], [ -75.258122132045898, 39.979045820947398 ], [ -75.258038221685993, 39.978936719175799 ], [ -75.257941682042699, 39.978841337241001 ], [ -75.257921212191206, 39.978738278285803 ], [ -75.257927710209003, 39.978561175185703 ], [ -75.257914152502707, 39.978434945145501 ], [ -75.257858873757101, 39.978289151433898 ], [ -75.257803936100402, 39.978134036264599 ], [ -75.257791917812199, 39.977965859885103 ], [ -75.257755155061901, 39.9778111393789 ], [ -75.257701277690998, 39.977737418128903 ], [ -75.257651240937804, 39.977668953736199 ], [ -75.257480690102099, 39.9775253197936 ], [ -75.257411415414595, 39.977430529526302 ], [ -75.257408264835902, 39.977351167808301 ], [ -75.257406653555705, 39.9772298606715 ], [ -75.257350178466595, 39.9771166906988 ], [ -75.257280561119501, 39.977031221730002 ], [ -75.257211971409106, 39.9769177885331 ], [ -75.2572152212596, 39.976829236998498 ], [ -75.257284766590203, 39.9767514543502 ], [ -75.2572950994481, 39.976635071065402 ], [ -75.257262857232007, 39.9765224274026 ], [ -75.257147857484796, 39.9763520148298 ], [ -75.257105723271295, 39.976178519703502 ], [ -75.256995512939696, 39.975877610000701 ], [ -75.256880957436195, 39.975529962488601 ], [ -75.256813737281206, 39.9753792443111 ], [ -75.256824927228706, 39.975239558482201 ], [ -75.256860006709502, 39.9751097196065 ], [ -75.256914625891696, 39.974942991685701 ], [ -75.256934268291801, 39.974738188530097 ], [ -75.2569156120272, 39.974420610895301 ], [ -75.256954061370195, 39.974281516376102 ], [ -75.256956163510296, 39.974141633105802 ], [ -75.256955760473105, 39.9740700381004 ], [ -75.256949057670695, 39.973839719617402 ], [ -75.256970822029103, 39.9737422423742 ], [ -75.2570311567234, 39.973584966526801 ], [ -75.257047890581902, 39.973459393477903 ], [ -75.257050824415501, 39.973379453929702 ], [ -75.2570696367777, 39.9731972439386 ], [ -75.2571355141948, 39.973054081716 ], [ -75.257182536367793, 39.972929166630699 ], [ -75.257188180524395, 39.972775367954299 ], [ -75.2571973157049, 39.972691608681302 ], [ -75.257258504080099, 39.972511030097799 ], [ -75.257294094384804, 39.972367209871699 ], [ -75.257308361323396, 39.9721436331372 ], [ -75.257307434463399, 39.972003683170001 ], [ -75.257359827955099, 39.971897542382102 ], [ -75.257410439105897, 39.971674755116503 ], [ -75.257433741254303, 39.971535332354001 ], [ -75.257558995164402, 39.971426109707103 ], [ -75.257762823973806, 39.971323257043501 ], [ -75.257917337760503, 39.971242656019903 ], [ -75.258088484027496, 39.9712043939411 ], [ -75.258378691246705, 39.971143063084703 ], [ -75.2588444872125, 39.9709222935642 ], [ -75.258997973406395, 39.970869653514903 ], [ -75.259101803863402, 39.9708485862825 ], [ -75.259271581369404, 39.970847607182698 ], [ -75.259398616620103, 39.970855028953899 ], [ -75.259532050024703, 39.970853260618398 ], [ -75.259720341900604, 39.970843353855102 ], [ -75.259855312874606, 39.970799640586598 ], [ -75.259973137288299, 39.970727568601298 ], [ -75.260043527408797, 39.970626480733898 ], [ -75.260064944625398, 39.970538324308997 ], [ -75.260065209101001, 39.9703657503347 ], [ -75.260006265336003, 39.970154578057098 ], [ -75.2599805916999, 39.970028084462101 ], [ -75.260001464974593, 39.969706700944499 ], [ -75.260050994018798, 39.969595832478497 ], [ -75.260059186839598, 39.969537706434302 ], [ -75.260031548771494, 39.969464809629599 ], [ -75.260023192235195, 39.969362013885203 ], [ -75.260027719281794, 39.969238508299298 ], [ -75.260065988488805, 39.969104073424397 ], [ -75.260171182489998, 39.969045720466802 ], [ -75.260294416530101, 39.969074048247997 ], [ -75.260374908503394, 39.9691107764572 ], [ -75.260480653743599, 39.969120067826402 ], [ -75.260591904835906, 39.969061845003999 ], [ -75.260722607579794, 39.968969062314898 ], [ -75.260768509080606, 39.968874439873701 ], [ -75.260740955897802, 39.968799213334499 ], [ -75.260726797176503, 39.968689295619598 ], [ -75.260846580907, 39.968563625939701 ], [ -75.260932280982402, 39.968458206204197 ], [ -75.260945635579802, 39.9683418882749 ], [ -75.260937619373806, 39.968229770276501 ], [ -75.260929944670906, 39.968108332660599 ], [ -75.261014665129096, 39.967946919573798 ], [ -75.261091789936799, 39.967827320488801 ], [ -75.261133256186497, 39.967688291151497 ], [ -75.261106384909496, 39.967594422736802 ], [ -75.261054604063304, 39.967518669839798 ], [ -75.261025729469793, 39.9673967723703 ], [ -75.260961195865605, 39.967255442813503 ], [ -75.260891413308201, 39.967174636719498 ], [ -75.260870941360395, 39.967071577330302 ], [ -75.260856954732205, 39.966956998942997 ], [ -75.260834821021803, 39.966816589990501 ], [ -75.260769605250999, 39.966693903158102 ], [ -75.260706478426002, 39.9665969154264 ], [ -75.260648812376104, 39.966516371126602 ], [ -75.260550454273698, 39.966388300700103 ], [ -75.260492829499398, 39.966322967685301 ], [ -75.260625041448804, 39.966280856172297 ], [ -75.260792256943802, 39.966284483900097 ], [ -75.260935599025501, 39.966251431460201 ], [ -75.261028901413795, 39.966207594254399 ], [ -75.261141063037499, 39.966118302182203 ], [ -75.261252370665403, 39.966021053782598 ], [ -75.261389146504001, 39.966010792106303 ], [ -75.261465187865497, 39.966062712848498 ], [ -75.261550003116795, 39.966125407723297 ], [ -75.261664193364894, 39.966168455649203 ], [ -75.261776676327401, 39.9661955883331 ], [ -75.2618952891291, 39.966180522736899 ], [ -75.262015822007797, 39.966144329054103 ], [ -75.262100704714598, 39.966080022695799 ], [ -75.262119094512897, 39.966016036882102 ], [ -75.262153195254399, 39.965961212384599 ], [ -75.262262026626203, 39.9658737256077 ], [ -75.262365337660995, 39.965770897770099 ], [ -75.262442606269204, 39.965664090507303 ], [ -75.262538068683398, 39.965623826306903 ], [ -75.262650904798093, 39.965641265774202 ], [ -75.262804084457002, 39.965652524027199 ], [ -75.262942278948401, 39.965603483054899 ], [ -75.263063470219905, 39.965517914068698 ], [ -75.263171920091494, 39.965467346055199 ], [ -75.263281949094207, 39.965498836223603 ], [ -75.2633864956249, 39.965554902621598 ], [ -75.263501734828196, 39.965600614943902 ], [ -75.263617554694804, 39.9656304661424 ], [ -75.263735625124099, 39.965614503052997 ], [ -75.263894378084302, 39.965551796070201 ], [ -75.264005760895003, 39.9654836513104 ], [ -75.264096850561998, 39.965406248827001 ], [ -75.264244383663595, 39.965321248442301 ], [ -75.264375300072899, 39.965251763290702 ], [ -75.264527429963294, 39.965197730842597 ], [ -75.2646458135995, 39.9651888301496 ], [ -75.264760279701306, 39.965193073667997 ], [ -75.264921702313401, 39.965198334090701 ], [ -75.265061426386893, 39.965201360224199 ], [ -75.265255740511805, 39.965216151368701 ], [ -75.265420711209302, 39.965249710421901 ], [ -75.265549811843599, 39.965386564579603 ], [ -75.265658990673202, 39.965535335252902 ], [ -75.265747007497396, 39.965636019692496 ], [ -75.265807919621096, 39.965725536946003 ], [ -75.265860188808006, 39.9658007530928 ], [ -75.265924166707293, 39.965869167980102 ], [ -75.266051265598904, 39.965935421055697 ], [ -75.266196447345095, 39.965977369397898 ], [ -75.266357630766606, 39.966020547789498 ], [ -75.266547526831999, 39.966030831631599 ], [ -75.266754068776095, 39.966024718876596 ], [ -75.266912507014993, 39.966017563851601 ], [ -75.267026523727694, 39.966034142462398 ], [ -75.267179336646294, 39.9660868394635 ], [ -75.267295614079003, 39.966166968204703 ], [ -75.267378918576796, 39.966220235889097 ], [ -75.267505987957705, 39.966275591949497 ], [ -75.267637086758, 39.966295185717101 ], [ -75.267781787190302, 39.966350352577898 ], [ -75.267912581609707, 39.966409626058002 ], [ -75.268132763521905, 39.966500822187797 ], [ -75.268395128633799, 39.966598220806802 ], [ -75.268489726147095, 39.966644365439201 ], [ -75.268570193268502, 39.966700788280697 ], [ -75.268703898186004, 39.966805986633702 ], [ -75.2687749457602, 39.9668692603409 ], [ -75.268849737190806, 39.966955547738401 ], [ -75.268919627563704, 39.967050546149899 ], [ -75.269019125803794, 39.967244966034002 ], [ -75.269064622312598, 39.967317388883401 ], [ -75.269165438493701, 39.9673816005958 ], [ -75.269317005738699, 39.967405749729899 ], [ -75.269473447922294, 39.967390611173698 ], [ -75.269551213009507, 39.967364069824598 ], [ -75.269644031132202, 39.967333442598203 ], [ -75.269742949667204, 39.967324115809703 ], [ -75.2698316082638, 39.967344552853 ], [ -75.269942615207697, 39.967412218675499 ], [ -75.270019307858504, 39.9675250037834 ], [ -75.270057269773801, 39.967662528016199 ], [ -75.270087899577703, 39.967765497762599 ], [ -75.270143275931403, 39.967881349425802 ], [ -75.270194454229596, 39.967986528262301 ], [ -75.270300381163196, 39.968193432954202 ], [ -75.270397865126796, 39.968349001664699 ], [ -75.270420058037899, 39.968463254917097 ], [ -75.270477063528901, 39.9685659115354 ], [ -75.270609397009096, 39.9686669639879 ], [ -75.270748119002604, 39.968676723276602 ], [ -75.270877814256593, 39.968640719164299 ], [ -75.271017432857704, 39.968615511361499 ], [ -75.271141630920795, 39.968635834884601 ], [ -75.271243459803998, 39.968672430659801 ], [ -75.271370581188805, 39.968706928303 ], [ -75.271492812465695, 39.968718388316098 ], [ -75.271593476012697, 39.9687240899705 ], [ -75.271700688603005, 39.9687387536231 ], [ -75.271835217975607, 39.9687901663521 ], [ -75.271925194940096, 39.968868840999399 ], [ -75.272007335965299, 39.968973804659299 ], [ -75.272089307933697, 39.969020553803198 ], [ -75.272199184911798, 39.969056442241602 ], [ -75.272346476364604, 39.969103721414299 ], [ -75.272507896151595, 39.969140720677501 ], [ -75.272627698506298, 39.969187405957101 ], [ -75.272773649895598, 39.969239947117103 ], [ -75.273008426659501, 39.969308515881501 ], [ -75.273235368479604, 39.969309005168 ], [ -75.273456211907501, 39.969288195568097 ], [ -75.273572022572296, 39.969287166776098 ], [ -75.273684010063405, 39.969296639218598 ], [ -75.273812035693894, 39.969306457650603 ], [ -75.273914733153205, 39.969319256741997 ], [ -75.274015395453404, 39.969324956221598 ], [ -75.274152904010506, 39.969326159162101 ], [ -75.274328306763294, 39.9693255342304 ], [ -75.274490156237405, 39.969319325158601 ], [ -75.274851383515298, 39.9692993367008 ], [ -75.275058172064902, 39.9693024735314 ], [ -75.275199709878095, 39.969334630720802 ], [ -75.275296028969606, 39.969396681116102 ], [ -75.275381627324194, 39.969548461620398 ], [ -75.275458321604702, 39.9697873634369 ], [ -75.275496357844602, 39.969938998402299 ], [ -75.275570045038904, 39.970134619608302 ], [ -75.275609341341706, 39.970220136903997 ], [ -75.275680890877794, 39.970285620743901 ], [ -75.275821239691496, 39.9703190750215 ], [ -75.276007428146698, 39.970321326215903 ], [ -75.276218365149802, 39.970336456822501 ], [ -75.276305187033699, 39.970360378291197 ], [ -75.276393889941303, 39.9704112390936 ], [ -75.2764552826727, 39.970503844714798 ], [ -75.276510264634396, 39.970599399779601 ], [ -75.276632626180003, 39.970819882403298 ], [ -75.276662892294397, 39.970972453131097 ], [ -75.276560782666905, 39.9710851275252 ], [ -75.276478624355306, 39.9711587652411 ], [ -75.276555830096598, 39.971252594614498 ], [ -75.2767270021249, 39.9712580473511 ], [ -75.276863641805903, 39.9712045475734 ], [ -75.277075553492097, 39.971114303267598 ], [ -75.277169099432896, 39.971095152416098 ], [ -75.277305054304094, 39.9710919086098 ], [ -75.277424299346606, 39.971106825189601 ], [ -75.277557415539903, 39.971150043064902 ], [ -75.277659806672801, 39.971218615575999 ], [ -75.277698446991494, 39.9712750126034 ], [ -75.277685507752693, 39.971352346280597 ], [ -75.277539314094994, 39.971417460266402 ], [ -75.277528417287797, 39.971545198370499 ], [ -75.2775945891173, 39.971624678968901 ], [ -75.277660532702996, 39.971660596597097 ], [ -75.277768067360896, 39.971687772438003 ], [ -75.277889330071503, 39.971702398615697 ], [ -75.277995632904606, 39.971741932609802 ], [ -75.278299265132404, 39.971937090285898 ], [ -75.278355498326803, 39.9720224010333 ], [ -75.278452032984404, 39.972115784941302 ], [ -75.278539734551003, 39.972194562799501 ], [ -75.278635573208206, 39.972307154913601 ], [ -75.278700032652907, 39.9724238769994 ], [ -75.278727044824507, 39.972539792592102 ], [ -75.278762295108393, 39.9726438700866 ], [ -75.278781081935506, 39.972728372366099 ], [ -75.278785989536203, 39.972851019767901 ], [ -75.278797661568504, 39.972959395321098 ], [ -75.278812716367497, 39.973060636761602 ], [ -75.278833663349701, 39.973171615864302 ], [ -75.278861811473703, 39.973256320617203 ], [ -75.278936595257704, 39.973346833648897 ], [ -75.278973232559693, 39.973455746767797 ], [ -75.279001555662404, 39.973535649407602 ], [ -75.279067138891804, 39.973664408239898 ], [ -75.279111393348799, 39.973821541914297 ], [ -75.279126447669, 39.9739227823856 ], [ -75.279173757931204, 39.973995884141303 ], [ -75.279243959400702, 39.974040647312499 ], [ -75.2793611464257, 39.974081614397001 ], [ -75.279468620724501, 39.974131983933098 ], [ -75.279603744647801, 39.974194961394801 ], [ -75.279808110524002, 39.9743291111578 ], [ -75.279957356114707, 39.9744332408901 ], [ -75.280041549429797, 39.974536970359203 ], [ -75.280087504890304, 39.974633069843698 ], [ -75.280133419834002, 39.974744586939103 ], [ -75.280195374455303, 39.974844433728897 ], [ -75.280306752755905, 39.975000895093302 ], [ -75.279430614933005, 39.975445834732199 ], [ -75.277679962064994, 39.976346116160002 ], [ -75.276381590319303, 39.977013776974403 ], [ -75.276146682744297, 39.977118820672104 ], [ -75.275297403689805, 39.977498583967098 ], [ -75.2735747893975, 39.978268835500998 ], [ -75.273032086398999, 39.978510155589198 ], [ -75.272268822943502, 39.978849542588797 ], [ -75.271424993424404, 39.979226738801202 ], [ -75.269272213248897, 39.980179608426702 ], [ -75.267480177878696, 39.9809743326893 ], [ -75.266259664876401, 39.981515573999197 ], [ -75.265593673626597, 39.981810900755498 ], [ -75.264772085220599, 39.982175217210603 ], [ -75.2643847942566, 39.982346949765102 ], [ -75.263717367592903, 39.982642894415797 ], [ -75.262186238455698, 39.983490336501802 ], [ -75.260731324329498, 39.984290142433501 ], [ -75.259511410165203, 39.984960731727902 ], [ -75.258957336473799, 39.985265300007804 ], [ -75.258740355096407, 39.985149182369099 ], [ -75.258565526644404, 39.985072507393703 ], [ -75.258450198637604, 39.984988013943202 ], [ -75.258418038472598, 39.984896215997203 ], [ -75.258421711904305, 39.984796086066098 ], [ -75.258390553714307, 39.984676980194102 ], [ -75.258298558905096, 39.984602103905502 ], [ -75.2581605676897, 39.984489788446503 ], [ -75.258082076514995, 39.984369653902803 ], [ -75.258004922747105, 39.984213109678102 ], [ -75.257975267406906, 39.984053041343799 ], [ -75.257886949273896, 39.983878033929201 ], [ -75.257867792436997, 39.983754633983501 ], [ -75.257873804739404, 39.983590784700603 ], [ -75.257820317060506, 39.9834347542049 ] ] ] } },
{ "type": "Feature", "properties": { "OBJECTID": 68, "ES_ID": "4370", "ES_NAME": "Overbrook Elementary", "MS_ID": "4370", "MS_NAME": "Overbrook Elementary", "HS_ID": "4020", "HS_NAME": "Overbrook High", "GR_ID_K": "4370", "GR_ID_01": "4370", "GR_ID_02": "4370", "GR_ID_03": "4370", "GR_ID_04": "4370", "GR_ID_05": "4370", "GR_ID_06": "4370", "GR_ID_07": "4370", "GR_ID_08": "4370", "GR_ID_09": "4020", "GR_ID_10": "4020", "GR_ID_11": "4020", "GR_ID_12": "4020", "ES_GRADE": "K-8", "MS_GRADE": "K-8", "HS_GRADE": "9-12", "Shape__Area": 2355667.55859375, "Shape__Length": 7360.6548202297499 }, "geometry": { "type": "Polygon", "coordinates": [ [ [ -75.250003784589794, 39.990018933716001 ], [ -75.249786592474607, 39.989707832002701 ], [ -75.249627198022196, 39.989474438846898 ], [ -75.249466052296398, 39.989241905579 ], [ -75.249299560876693, 39.989012002711803 ], [ -75.249124121313002, 39.988786496957196 ], [ -75.248937158273094, 39.988566618769902 ], [ -75.248740648776106, 39.988351357017002 ], [ -75.248537331620298, 39.988139434267701 ], [ -75.248329917934896, 39.987929592328399 ], [ -75.248121117492801, 39.987720577499999 ], [ -75.2479136086815, 39.9875111291122 ], [ -75.247707662854296, 39.987300589958799 ], [ -75.247500710276896, 39.987090451020897 ], [ -75.247290240505706, 39.986882628920398 ], [ -75.247073735043699, 39.986679036480801 ], [ -75.246847848376504, 39.986482097351299 ], [ -75.246605101288395, 39.986296656053199 ], [ -75.246442342745993, 39.9861832759929 ], [ -75.246350883035007, 39.986119563044703 ], [ -75.246093339712999, 39.985945899057398 ], [ -75.245835937060804, 39.9857721717594 ], [ -75.245577162681897, 39.985599405013303 ], [ -75.245315498028205, 39.985429392881898 ], [ -75.2450494341671, 39.985263922415797 ], [ -75.244777463620096, 39.9851047725749 ], [ -75.244499511939594, 39.984951483988702 ], [ -75.244216571430101, 39.984803001594003 ], [ -75.243929181224104, 39.984659378572303 ], [ -75.243637885460203, 39.984520659209601 ], [ -75.243343217438095, 39.984386895669203 ], [ -75.243045206271404, 39.984258091265197 ], [ -75.242743792233497, 39.9841336734384 ], [ -75.242439705163804, 39.984012780542301 ], [ -75.242133685609602, 39.983894546666399 ], [ -75.241826468276898, 39.983778105780203 ], [ -75.241518792430099, 39.983662595564297 ], [ -75.241210965478402, 39.983547683961703 ], [ -75.240902041678098, 39.983434526992298 ], [ -75.240592209095198, 39.9833227890853 ], [ -75.240281781930094, 39.983211986063203 ], [ -75.239971068804394, 39.9831016264217 ], [ -75.239660383865498, 39.982991227790599 ], [ -75.239350034545197, 39.982880299546999 ], [ -75.239040332763693, 39.982768356575399 ], [ -75.238731589244594, 39.982654914638303 ], [ -75.238615190642804, 39.982611218345397 ], [ -75.238747316881103, 39.982391170327297 ], [ -75.239045404216895, 39.981960014099499 ], [ -75.239338228709201, 39.981456817532099 ], [ -75.239419623717794, 39.981292263018098 ], [ -75.239476684374196, 39.981124028965702 ], [ -75.239469632654107, 39.980923712695002 ], [ -75.239381516402503, 39.980433428568297 ], [ -75.239305394958507, 39.980025060195203 ], [ -75.2392606426979, 39.979763682275603 ], [ -75.239191012246707, 39.979424283597702 ], [ -75.239127638512102, 39.979079033745798 ], [ -75.2399616849778, 39.9789800964978 ], [ -75.240791566058704, 39.978896704310998 ], [ -75.241577501962695, 39.978808515515396 ], [ -75.242357749735106, 39.978721244046 ], [ -75.243248395273, 39.978618787833298 ], [ -75.244141505673099, 39.9785264850197 ], [ -75.245043021967007, 39.978420123118298 ], [ -75.246092980672799, 39.978309644597303 ], [ -75.247412357784398, 39.9781614322115 ], [ -75.247957143136802, 39.978095959188003 ], [ -75.248337281285501, 39.977978156363299 ], [ -75.248373654785496, 39.978128368711502 ], [ -75.248431226974205, 39.978304669122998 ], [ -75.248536356642603, 39.978546983789897 ], [ -75.248630070046801, 39.978716997268798 ], [ -75.248701122200004, 39.978823749217199 ], [ -75.248780547143198, 39.978929358243199 ], [ -75.248946476822496, 39.979115881079302 ], [ -75.249228894044194, 39.979458748398898 ], [ -75.249459164315098, 39.979719403114203 ], [ -75.249728603687004, 39.980040931970002 ], [ -75.249999981624498, 39.980351767963498 ], [ -75.250198149703195, 39.980589954722603 ], [ -75.251066457912302, 39.981610195612198 ], [ -75.251444549737101, 39.981417609530503 ], [ -75.251777092923007, 39.981253733689798 ], [ -75.252212337261398, 39.981021599638801 ], [ -75.252546452608897, 39.980779158028902 ], [ -75.252860469519007, 39.980499530417397 ], [ -75.253107396070703, 39.980189765657002 ], [ -75.253293314364001, 39.979886291946798 ], [ -75.253499067579796, 39.979542722042297 ], [ -75.2537188059177, 39.979287006956397 ], [ -75.253932154531697, 39.979076273154497 ], [ -75.254255398918801, 39.9788445618004 ], [ -75.254473580422399, 39.978712489407997 ], [ -75.254821162776693, 39.978558077253197 ], [ -75.255026116958007, 39.978477767298699 ], [ -75.255459915069096, 39.978306661834999 ], [ -75.255925671747903, 39.978131084865304 ], [ -75.257701277690998, 39.977737418128903 ], [ -75.257755155061901, 39.9778111393789 ], [ -75.257791917812199, 39.977965859885103 ], [ -75.257803936100402, 39.978134036264599 ], [ -75.257858873757101, 39.978289151433898 ], [ -75.257914152502707, 39.978434945145501 ], [ -75.257927710209003, 39.978561175185703 ], [ -75.257921212191206, 39.978738278285803 ], [ -75.257941682042699, 39.978841337241001 ], [ -75.258038221685993, 39.978936719175799 ], [ -75.258122132045898, 39.979045820947398 ], [ -75.258195208522196, 39.979119703851602 ], [ -75.258133295283301, 39.979237298975299 ], [ -75.258085074732506, 39.979394838471599 ], [ -75.258092574597697, 39.979520937841102 ], [ -75.258160484478694, 39.979653012414097 ], [ -75.258208852872698, 39.979821977973501 ], [ -75.258259786238995, 39.9799210338672 ], [ -75.258340498628201, 39.980034729522103 ], [ -75.258386228820498, 39.980110351209703 ], [ -75.258412929111799, 39.980208881805297 ], [ -75.258439629513603, 39.980307411494103 ], [ -75.258533313089401, 39.980398067428098 ], [ -75.258609677679701, 39.980465025235198 ], [ -75.258716504247502, 39.980527979838001 ], [ -75.258798584510799, 39.980604390415003 ], [ -75.258855577714698, 39.980703578452101 ], [ -75.258853819970597, 39.980834141197001 ], [ -75.258981632235901, 39.980986172223197 ], [ -75.258986447170102, 39.981102884382899 ], [ -75.258877130870104, 39.981273091322798 ], [ -75.258767985008504, 39.981438636553797 ], [ -75.258642201696105, 39.9815618425976 ], [ -75.258567450495406, 39.981616191044203 ], [ -75.258469661889606, 39.981637390214303 ], [ -75.258371531294003, 39.981667909806497 ], [ -75.258318960863093, 39.981778711728097 ], [ -75.258338064397606, 39.981919055325001 ], [ -75.258370652888402, 39.982022378161801 ], [ -75.258323969747096, 39.982137972319698 ], [ -75.258308434186802, 39.982230920628197 ], [ -75.258251600002097, 39.982292654953 ], [ -75.258118399441997, 39.982287430270198 ], [ -75.258030296667599, 39.982292514388398 ], [ -75.2580008961651, 39.982350179848098 ], [ -75.257995713427405, 39.982527565573101 ], [ -75.257909877845705, 39.982607691679597 ], [ -75.257789544530297, 39.982659738033803 ], [ -75.257739539872503, 39.982731532197 ], [ -75.257758099641407, 39.983032564345599 ], [ -75.257793836919006, 39.9831882094349 ], [ -75.257801327529606, 39.9833068015771 ], [ -75.257820317060506, 39.9834347542049 ], [ -75.257873804739404, 39.983590784700603 ], [ -75.257867792436997, 39.983754633983501 ], [ -75.257886949273896, 39.983878033929201 ], [ -75.257975267406906, 39.984053041343799 ], [ -75.258004922747105, 39.984213109678102 ], [ -75.258082076514995, 39.984369653902803 ], [ -75.2581605676897, 39.984489788446503 ], [ -75.258298558905096, 39.984602103905502 ], [ -75.258390553714307, 39.984676980194102 ], [ -75.258421711904305, 39.984796086066098 ], [ -75.258418038472598, 39.984896215997203 ], [ -75.258450198637604, 39.984988013943202 ], [ -75.258565526644404, 39.985072507393703 ], [ -75.258740355096407, 39.985149182369099 ], [ -75.258957336473799, 39.985265300007804 ], [ -75.258729336177893, 39.985390627765199 ], [ -75.258569540081197, 39.985521172942697 ], [ -75.258502733751101, 39.9855757488587 ], [ -75.256897868125193, 39.986766319011799 ], [ -75.256298406707501, 39.987209867584198 ], [ -75.256120912252499, 39.987321089838602 ], [ -75.255699221065896, 39.987518732197302 ], [ -75.254002441896802, 39.9883139621586 ], [ -75.251469772931301, 39.989501668814597 ], [ -75.250823379463796, 39.989804781684001 ], [ -75.250098957309604, 39.990145251340103 ], [ -75.250003784589794, 39.990018933716001 ] ] ] } },
{ "type": "Feature", "properties": { "OBJECTID": 69, "ES_ID": "4380", "ES_NAME": "Peirce, Thomas M", "MS_ID": "4350", "MS_NAME": "Rhodes, E Washington", "HS_ID": "4140", "HS_NAME": "Strawberry Mansion HS", "GR_ID_K": "4380", "GR_ID_01": "4380", "GR_ID_02": "4380", "GR_ID_03": "4380", "GR_ID_04": "4380", "GR_ID_05": "4380", "GR_ID_06": "4380", "GR_ID_07": "4350", "GR_ID_08": "4350", "GR_ID_09": "4140", "GR_ID_10": "4140", "GR_ID_11": "4140", "GR_ID_12": "6030", "ES_GRADE": "K-6", "MS_GRADE": "K-8", "HS_GRADE": "9-11", "Shape__Area": 1742753.109375, "Shape__Length": 6151.2752035802596 }, "geometry": { "type": "Polygon", "coordinates": [ [ [ -75.164288311061597, 40.003081214027702 ], [ -75.163852849519202, 40.0030181100405 ], [ -75.163684750033099, 40.0029971731649 ], [ -75.163622511099604, 40.0029592987879 ], [ -75.163355470449901, 40.002793980029303 ], [ -75.163089453378205, 40.002627967377798 ], [ -75.162823835712501, 40.002461960377801 ], [ -75.1625585795897, 40.002295538305603 ], [ -75.162293816963697, 40.002128589709002 ], [ -75.162029676212498, 40.001961035493203 ], [ -75.161766285816896, 40.001792793863402 ], [ -75.161503773121197, 40.001623782099799 ], [ -75.161242270117896, 40.001453918489297 ], [ -75.160981901741707, 40.0012831220617 ], [ -75.160722798745297, 40.001111312880703 ], [ -75.160466567018901, 40.0009369332817 ], [ -75.160222427062095, 40.000751837974498 ], [ -75.159992256757207, 40.000556860496403 ], [ -75.159773075834096, 40.000354759272803 ], [ -75.159563280499, 40.000146237911103 ], [ -75.159367172333802, 39.9999302924967 ], [ -75.159182109840501, 39.999708999795303 ], [ -75.158997795876402, 39.999487310995796 ], [ -75.158813997750201, 39.999265337080899 ], [ -75.158624429449901, 39.9990354829403 ], [ -75.158998592716202, 39.998836192169101 ], [ -75.158602296248603, 39.998336377220397 ], [ -75.158583231454202, 39.998214309567501 ], [ -75.158715386287895, 39.997660230225897 ], [ -75.158929617241498, 39.996648469572598 ], [ -75.159105737669904, 39.9957957590847 ], [ -75.159373915081602, 39.995688491864598 ], [ -75.159684016708894, 39.995576064823403 ], [ -75.159994194192194, 39.995463740493797 ], [ -75.160304050714103, 39.995351234211697 ], [ -75.160460617597806, 39.995294225288198 ], [ -75.160614153685501, 39.995238320010102 ], [ -75.160923131687994, 39.995124649796502 ], [ -75.161231556978194, 39.995009993211603 ], [ -75.161538957986096, 39.9948940594102 ], [ -75.161633799630806, 39.994857720178899 ], [ -75.161845340933397, 39.9947765926524 ], [ -75.162150286019298, 39.994657296058499 ], [ -75.162453443912497, 39.994535898668701 ], [ -75.162755225489803, 39.994412131344902 ], [ -75.163054723795199, 39.9942857231758 ], [ -75.163352266869893, 39.9941563959501 ], [ -75.163647279782197, 39.994023865523602 ], [ -75.163751968163695, 39.993975480939 ], [ -75.163940340660204, 39.993888730601299 ], [ -75.164232517463503, 39.993752416335397 ], [ -75.164523870575294, 39.993614997976103 ], [ -75.164814456143702, 39.993476538964501 ], [ -75.165104401297796, 39.9933370845173 ], [ -75.165393391740295, 39.993196674415202 ], [ -75.165681853068904, 39.993055391229902 ], [ -75.165969691133, 39.992913276995701 ], [ -75.166257009004099, 39.9927703935046 ], [ -75.166543659104804, 39.992626770776504 ], [ -75.166829680791594, 39.992482482684501 ], [ -75.167115454179907, 39.992337575629499 ], [ -75.167400948126001, 39.992192129102897 ], [ -75.167685970785698, 39.992046166722403 ], [ -75.167970501169606, 39.9918997474864 ], [ -75.168254805280398, 39.991752930541402 ], [ -75.168440762163399, 39.991656588722101 ], [ -75.168539175765503, 39.991605782839002 ], [ -75.168822528486402, 39.991458319643399 ], [ -75.169106312286303, 39.991310638412898 ], [ -75.169389012423395, 39.991163173615703 ], [ -75.170786148439106, 39.991343857706603 ], [ -75.170200606825304, 39.991646592199601 ], [ -75.170081771120707, 39.991706919184203 ], [ -75.170024312354798, 39.992015053773599 ], [ -75.169844227397704, 39.992763411687598 ], [ -75.169737340538802, 39.993281021803398 ], [ -75.169639160348694, 39.993688336267603 ], [ -75.169523369801198, 39.9942488244467 ], [ -75.171117869395104, 39.994453530485202 ], [ -75.1709999778205, 39.994977864585898 ], [ -75.170905145766298, 39.995417482658901 ], [ -75.172492576998195, 39.995629010943397 ], [ -75.174083638097599, 39.9958314973887 ], [ -75.174040244136407, 39.996032589115799 ], [ -75.173951177372203, 39.9964416150383 ], [ -75.173848565364196, 39.996920623092898 ], [ -75.173770835377596, 39.9972703626391 ], [ -75.173694353826207, 39.997625711035603 ], [ -75.173603830833002, 39.998044445821897 ], [ -75.173285416493897, 39.999525775002802 ], [ -75.172959284003397, 40.001041211991797 ], [ -75.172391548310401, 40.0009694205553 ], [ -75.171913889623497, 40.000892360955802 ], [ -75.171350649810094, 40.000829958334499 ], [ -75.170772914463498, 40.000759615487397 ], [ -75.170633300143194, 40.000746098010097 ], [ -75.170304460208598, 40.000699333663398 ], [ -75.169757442457595, 40.000631224777798 ], [ -75.169203424964394, 40.000555303588598 ], [ -75.168726727371705, 40.000494847961903 ], [ -75.168181279599594, 40.000418341415902 ], [ -75.1676131020089, 40.0003518844251 ], [ -75.167377943735303, 40.0003192916679 ], [ -75.167137114950506, 40.000291697610798 ], [ -75.166565573905999, 40.000208845045897 ], [ -75.166530240642203, 40.000411853023699 ], [ -75.166411440542603, 40.000942506925703 ], [ -75.166239721327102, 40.001693146210997 ], [ -75.166092303808895, 40.002444198938598 ], [ -75.165898385692799, 40.0032785082551 ], [ -75.164288311061597, 40.003081214027702 ] ] ] } },
{ "type": "Feature", "properties": { "OBJECTID": 70, "ES_ID": "4350", "ES_NAME": "Rhodes, E Washington", "MS_ID": "4350", "MS_NAME": "Rhodes, E Washington", "HS_ID": "4140", "HS_NAME": "Strawberry Mansion HS", "GR_ID_K": "4350", "GR_ID_01": "4350", "GR_ID_02": "4350", "GR_ID_03": "4350", "GR_ID_04": "4350", "GR_ID_05": "4350", "GR_ID_06": "4350", "GR_ID_07": "4350", "GR_ID_08": "4350", "GR_ID_09": "4140", "GR_ID_10": "4140", "GR_ID_11": "4140", "GR_ID_12": "6030", "ES_GRADE": "K-8", "MS_GRADE": "K-8", "HS_GRADE": "9-11", "Shape__Area": 3095613.41796875, "Shape__Length": 8781.0216513573105 }, "geometry": { "type": "Polygon", "coordinates": [ [ [ -75.169190854323602, 40.008894521081402 ], [ -75.169143196095803, 40.0088419415424 ], [ -75.169023089546897, 40.008910900964104 ], [ -75.168490186599698, 40.008308323576401 ], [ -75.168178432557596, 40.007937268678504 ], [ -75.167532287281304, 40.007237201785898 ], [ -75.167066437592098, 40.006725154632001 ], [ -75.166944050904704, 40.0066025761462 ], [ -75.166838049961399, 40.006574333860797 ], [ -75.165231706244498, 40.006363533332099 ], [ -75.163631069102706, 40.006161476698203 ], [ -75.163790702056502, 40.005399793932298 ], [ -75.163944331790006, 40.004664894498703 ], [ -75.164105540951397, 40.003921781694899 ], [ -75.164168420277704, 40.003632599072702 ], [ -75.164235264644603, 40.003325182692798 ], [ -75.164288311061597, 40.003081214027702 ], [ -75.165898385692799, 40.0032785082551 ], [ -75.166092303808895, 40.002444198938598 ], [ -75.166239721327102, 40.001693146210997 ], [ -75.166411440542603, 40.000942506925703 ], [ -75.166530240642203, 40.000411853023699 ], [ -75.166565573905999, 40.000208845045897 ], [ -75.167137114950506, 40.000291697610798 ], [ -75.167377943735303, 40.0003192916679 ], [ -75.1676131020089, 40.0003518844251 ], [ -75.168181279599594, 40.000418341415902 ], [ -75.168726727371705, 40.000494847961903 ], [ -75.169203424964394, 40.000555303588598 ], [ -75.169757442457595, 40.000631224777798 ], [ -75.170304460208598, 40.000699333663398 ], [ -75.170633300143194, 40.000746098010097 ], [ -75.170772914463498, 40.000759615487397 ], [ -75.171350649810094, 40.000829958334499 ], [ -75.171913889623497, 40.000892360955802 ], [ -75.172391548310401, 40.0009694205553 ], [ -75.172959284003397, 40.001041211991797 ], [ -75.173285416493897, 39.999525775002802 ], [ -75.173661186019203, 39.9995787712731 ], [ -75.173833071491501, 39.999596784567501 ], [ -75.174138997034504, 39.999638986371203 ], [ -75.174315308956693, 39.999662463788397 ], [ -75.174624532319498, 39.999699956608403 ], [ -75.174870167932298, 39.999720486933803 ], [ -75.175295176924607, 39.999786566709297 ], [ -75.175516303643604, 39.999815360534299 ], [ -75.1759271163086, 39.999878303904303 ], [ -75.176302860988798, 39.999930661976002 ], [ -75.177888816851905, 40.000129643147602 ], [ -75.185804174312395, 40.001242626474301 ], [ -75.185914328957097, 40.001140621261598 ], [ -75.186014187920804, 40.001061098622401 ], [ -75.186399388050503, 40.000744498566497 ], [ -75.186586616534896, 40.000603337852503 ], [ -75.186710212090802, 40.000520710009397 ], [ -75.186847084426503, 40.0004266969082 ], [ -75.186951998541701, 40.000373500304804 ], [ -75.187198262300498, 40.000295427121301 ], [ -75.187343337196793, 40.000269597463003 ], [ -75.187513825974193, 40.0002588681768 ], [ -75.187745203317107, 40.000262216316997 ], [ -75.188115431042803, 40.000279563158898 ], [ -75.188290576087695, 40.000282355345099 ], [ -75.188450324527196, 40.0002810807431 ], [ -75.188562854933096, 40.000264301996097 ], [ -75.188817506631395, 40.000213600457499 ], [ -75.189579614029995, 39.999904885015198 ], [ -75.190521656871496, 39.999650877228397 ], [ -75.191740075902402, 39.999557742275698 ], [ -75.191564424895304, 40.000799393199401 ], [ -75.191421225713398, 40.002890535539201 ], [ -75.191537141684904, 40.004209152919998 ], [ -75.191755650438296, 40.005247040050598 ], [ -75.1920258538821, 40.005889851716297 ], [ -75.192109954325105, 40.0059997994505 ], [ -75.192488287773202, 40.0064943940841 ], [ -75.1921600119678, 40.006535452184302 ], [ -75.191823191418493, 40.006582371019803 ], [ -75.191601405031705, 40.006613440316698 ], [ -75.191486423951602, 40.006629546847499 ], [ -75.191149714076602, 40.006677046443002 ], [ -75.190812602140696, 40.006722641281797 ], [ -75.190474580605198, 40.006763913454698 ], [ -75.190135700972206, 40.006801114580597 ], [ -75.189796737008194, 40.006837900172897 ], [ -75.188757560796702, 40.006886427680499 ], [ -75.187518570894198, 40.006944271618401 ], [ -75.183100889225202, 40.007150412548199 ], [ -75.182594566738004, 40.007174109604598 ], [ -75.182252868001299, 40.007189868841898 ], [ -75.181911166330295, 40.007205576544003 ], [ -75.181569470107704, 40.007221351831497 ], [ -75.181227792532596, 40.007237310329103 ], [ -75.180886147870794, 40.007253570388499 ], [ -75.180544543292896, 40.007270252004901 ], [ -75.180202994400801, 40.007287469055399 ], [ -75.179861643951, 40.007307454736498 ], [ -75.179497616196699, 40.007338343871503 ], [ -75.179182580614807, 40.007373350004002 ], [ -75.178844328558796, 40.007414060425504 ], [ -75.178505317050906, 40.007450495574602 ], [ -75.178181688661198, 40.0074835459463 ], [ -75.177826754333196, 40.007520415310097 ], [ -75.1774880336704, 40.007558327148899 ], [ -75.177149494700103, 40.007597895423899 ], [ -75.176811716198799, 40.007640820703102 ], [ -75.176475658865002, 40.007690225809199 ], [ -75.176142050890405, 40.007749338288797 ], [ -75.175810258192001, 40.007814451604503 ], [ -75.175480566363305, 40.0078852315958 ], [ -75.175153515895502, 40.007963026604301 ], [ -75.174827518899505, 40.008043485192502 ], [ -75.174503131547496, 40.008127574017898 ], [ -75.174181979580197, 40.008218456981901 ], [ -75.173864335111702, 40.008316742094799 ], [ -75.173546959816903, 40.008415627959003 ], [ -75.173230594198202, 40.008516442168897 ], [ -75.172901544653598, 40.008636930039799 ], [ -75.172617765023801, 40.0087504142585 ], [ -75.172316756476505, 40.008876065687303 ], [ -75.172016562780996, 40.009002660889102 ], [ -75.171719854287801, 40.009134055803699 ], [ -75.171430708425902, 40.0092748804352 ], [ -75.171142595746602, 40.009416975474402 ], [ -75.170854799469097, 40.009559468865397 ], [ -75.170567268233896, 40.0097022936827 ], [ -75.170279945862703, 40.009845386496302 ], [ -75.170123615382707, 40.009923395646503 ], [ -75.169974002514607, 40.0097583757385 ], [ -75.1697782060766, 40.0095424178147 ], [ -75.169582412259999, 40.009326454180098 ], [ -75.169386629054301, 40.009110490420298 ], [ -75.169190854323602, 40.008894521081402 ] ] ] } },
{ "type": "Feature", "properties": { "OBJECTID": 71, "ES_ID": "4440", "ES_NAME": "Allen, Ethel D", "MS_ID": "4440", "MS_NAME": "Allen, Ethel D", "HS_ID": "4140", "HS_NAME": "Strawberry Mansion HS", "GR_ID_K": "4440", "GR_ID_01": "4440", "GR_ID_02": "4440", "GR_ID_03": "4440", "GR_ID_04": "4440", "GR_ID_05": "4440", "GR_ID_06": "4440", "GR_ID_07": "4440", "GR_ID_08": "4440", "GR_ID_09": "4140", "GR_ID_10": "4140", "GR_ID_11": "4140", "GR_ID_12": "6030", "ES_GRADE": "K-8", "MS_GRADE": "K-8", "HS_GRADE": "9-11", "Shape__Area": 2039590.48046875, "Shape__Length": 6692.0980462057396 }, "geometry": { "type": "Polygon", "coordinates": [ [ [ -75.177888816851905, 40.000129643147602 ], [ -75.176302860988798, 39.999930661976002 ], [ -75.1759271163086, 39.999878303904303 ], [ -75.175516303643604, 39.999815360534299 ], [ -75.175295176924607, 39.999786566709297 ], [ -75.174870167932298, 39.999720486933803 ], [ -75.174624532319498, 39.999699956608403 ], [ -75.174315308956693, 39.999662463788397 ], [ -75.174138997034504, 39.999638986371203 ], [ -75.173833071491501, 39.999596784567501 ], [ -75.173661186019203, 39.9995787712731 ], [ -75.173285416493897, 39.999525775002802 ], [ -75.173603830833002, 39.998044445821897 ], [ -75.173694353826207, 39.997625711035603 ], [ -75.173770835377596, 39.9972703626391 ], [ -75.173848565364196, 39.996920623092898 ], [ -75.173951177372203, 39.9964416150383 ], [ -75.174040244136407, 39.996032589115799 ], [ -75.174549257390296, 39.996095312498603 ], [ -75.175573049549399, 39.996227542920003 ], [ -75.175654716206907, 39.996210861373598 ], [ -75.177064474401206, 39.996381649967297 ], [ -75.177135324352804, 39.996029823508302 ], [ -75.177219957644496, 39.995658413419299 ], [ -75.1773050777321, 39.995248188715102 ], [ -75.177629168591693, 39.993754457336401 ], [ -75.178189562688203, 39.993820604910702 ], [ -75.1786535216457, 39.993879829448701 ], [ -75.179249804735505, 39.993972963635997 ], [ -75.179846693582704, 39.994041467415002 ], [ -75.180315498183404, 39.994107435917897 ], [ -75.180891996545995, 39.994176618412503 ], [ -75.181434608554895, 39.994253750682901 ], [ -75.181904854242205, 39.994305724259299 ], [ -75.182465810282295, 39.994374631240497 ], [ -75.182782755214205, 39.992890358953801 ], [ -75.182853381682307, 39.992567947143499 ], [ -75.182874410900794, 39.9925075272239 ], [ -75.182949088219402, 39.992140747442598 ], [ -75.183034480351495, 39.991724923820499 ], [ -75.183103777912805, 39.991396016531603 ], [ -75.184702065286402, 39.991597191793097 ], [ -75.1856012020599, 39.9917085502085 ], [ -75.185811938270305, 39.992084692792197 ], [ -75.186151134961605, 39.992671590509097 ], [ -75.194935532288198, 39.994096179371198 ], [ -75.193913856890603, 39.995341185977601 ], [ -75.193874937253099, 39.995388613258697 ], [ -75.192491304529895, 39.997197412861603 ], [ -75.192101535808405, 39.998264198020401 ], [ -75.191740075902402, 39.999557742275698 ], [ -75.190521656871496, 39.999650877228397 ], [ -75.189579614029995, 39.999904885015198 ], [ -75.188817506631395, 40.000213600457499 ], [ -75.188562854933096, 40.000264301996097 ], [ -75.188450324527196, 40.0002810807431 ], [ -75.188290576087695, 40.000282355345099 ], [ -75.188115431042803, 40.000279563158898 ], [ -75.187745203317107, 40.000262216316997 ], [ -75.187513825974193, 40.0002588681768 ], [ -75.187343337196793, 40.000269597463003 ], [ -75.187198262300498, 40.000295427121301 ], [ -75.186951998541701, 40.000373500304804 ], [ -75.186847084426503, 40.0004266969082 ], [ -75.186710212090802, 40.000520710009397 ], [ -75.186586616534896, 40.000603337852503 ], [ -75.186399388050503, 40.000744498566497 ], [ -75.186014187920804, 40.001061098622401 ], [ -75.185914328957097, 40.001140621261598 ], [ -75.185804174312395, 40.001242626474301 ], [ -75.177888816851905, 40.000129643147602 ] ] ] } },
{ "type": "Feature", "properties": { "OBJECTID": 72, "ES_ID": "4460", "ES_NAME": "Duckrey, Tanner", "MS_ID": "4460", "MS_NAME": "Duckrey, Tanner", "HS_ID": "3416", "HS_NAME": "Mastery Charter School at Gratz", "GR_ID_K": "4460", "GR_ID_01": "4460", "GR_ID_02": "4460", "GR_ID_03": "4460", "GR_ID_04": "4460", "GR_ID_05": "4460", "GR_ID_06": "4460", "GR_ID_07": "4460", "GR_ID_08": "4460", "GR_ID_09": "3416", "GR_ID_10": "3416", "GR_ID_11": "3416", "GR_ID_12": "3416", "ES_GRADE": "K-8", "MS_GRADE": "K-8", "HS_GRADE": "7-12", "Shape__Area": 1644305.0546875, "Shape__Length": 6586.2455418470599 }, "geometry": { "type": "Polygon", "coordinates": [ [ [ -75.154712093861804, 39.993414768187399 ], [ -75.154951851285304, 39.992362142289203 ], [ -75.155272835348896, 39.990862374970298 ], [ -75.155501669434599, 39.989802482362798 ], [ -75.155594876684702, 39.989378559993398 ], [ -75.155937668148198, 39.987886627540099 ], [ -75.156278142182103, 39.986292707102798 ], [ -75.156615680443394, 39.984708103696498 ], [ -75.156917548943497, 39.983229041671201 ], [ -75.157257244599506, 39.981702892322097 ], [ -75.158898779469993, 39.981923112135298 ], [ -75.160472521044198, 39.9821377222069 ], [ -75.160148490022905, 39.983636969990997 ], [ -75.160053646878595, 39.984078330918699 ], [ -75.159957389390996, 39.9845133788832 ], [ -75.159813889772806, 39.985157446208397 ], [ -75.1613851451242, 39.985348567564401 ], [ -75.162953019946798, 39.985551802483002 ], [ -75.163616892018297, 39.985644295478799 ], [ -75.163750210187899, 39.985666267928003 ], [ -75.164520113548505, 39.9857686755918 ], [ -75.1653194481257, 39.985871026336497 ], [ -75.166100605652602, 39.985975235496298 ], [ -75.1657652142205, 39.987523074016501 ], [ -75.1649789923827, 39.987430333260299 ], [ -75.164186859563998, 39.987320149897002 ], [ -75.1638443903243, 39.988915857550197 ], [ -75.1635035822286, 39.990410662917498 ], [ -75.163185657417202, 39.991899732908799 ], [ -75.1629435722636, 39.993052657743 ], [ -75.162851954520804, 39.993489314438797 ], [ -75.163210528860006, 39.993332317189903 ], [ -75.163751968163695, 39.993975480939 ], [ -75.163647279782197, 39.994023865523602 ], [ -75.163352266869893, 39.9941563959501 ], [ -75.163054723795199, 39.9942857231758 ], [ -75.162755225489803, 39.994412131344902 ], [ -75.162453443912497, 39.994535898668701 ], [ -75.162150286019298, 39.994657296058499 ], [ -75.161845340933397, 39.9947765926524 ], [ -75.161633799630806, 39.994857720178899 ], [ -75.161538957986096, 39.9948940594102 ], [ -75.161231556978194, 39.995009993211603 ], [ -75.160923131687994, 39.995124649796502 ], [ -75.160614153685501, 39.995238320010102 ], [ -75.160460617597806, 39.995294225288198 ], [ -75.160304050714103, 39.995351234211697 ], [ -75.159994194192194, 39.995463740493797 ], [ -75.159684016708894, 39.995576064823403 ], [ -75.159373915081602, 39.995688491864598 ], [ -75.159105737669904, 39.9957957590847 ], [ -75.158754774616, 39.995914760466299 ], [ -75.158446148232002, 39.996029151954701 ], [ -75.158138424782194, 39.996144750564703 ], [ -75.157831960547895, 39.9962618283475 ], [ -75.157522412189195, 39.996374355824102 ], [ -75.157212932166104, 39.9964867533849 ], [ -75.156903379265501, 39.996599037662897 ], [ -75.156706282970703, 39.996670457058002 ], [ -75.156593766777902, 39.996711228780001 ], [ -75.156284108165707, 39.996823342357203 ], [ -75.155974410832101, 39.996935399284901 ], [ -75.155664688239099, 39.997047415184198 ], [ -75.155354951369702, 39.9971594092247 ], [ -75.155045212342699, 39.997271401502402 ], [ -75.154735481073402, 39.997383408460003 ], [ -75.154425770988297, 39.997495446619403 ], [ -75.154116091864395, 39.997607536024198 ], [ -75.153788539750394, 39.9977261915664 ], [ -75.153987224681202, 39.996791166274001 ], [ -75.154144459387894, 39.996000804309901 ], [ -75.154255728283403, 39.995534830704003 ], [ -75.154321149509499, 39.995231199197299 ], [ -75.154394400579406, 39.994880363773397 ], [ -75.154590655497699, 39.993947639833301 ], [ -75.154640373739397, 39.993728636262802 ], [ -75.154657528970105, 39.9936530719282 ], [ -75.154712093861804, 39.993414768187399 ] ] ] } },
{ "type": "Feature", "properties": { "OBJECTID": 73, "ES_ID": "4470", "ES_NAME": "Wright, Richard", "MS_ID": "4350", "MS_NAME": "Rhodes, E Washington", "HS_ID": "4140", "HS_NAME": "Strawberry Mansion HS", "GR_ID_K": "4470", "GR_ID_01": "4470", "GR_ID_02": "4470", "GR_ID_03": "4470", "GR_ID_04": "4470", "GR_ID_05": "4470", "GR_ID_06": "4350", "GR_ID_07": "4350", "GR_ID_08": "4350", "GR_ID_09": "4140", "GR_ID_10": "4140", "GR_ID_11": "4140", "GR_ID_12": "6030", "ES_GRADE": "K-5", "MS_GRADE": "K-8", "HS_GRADE": "9-11", "Shape__Area": 1526884.4453125, "Shape__Length": 5806.05673812242 }, "geometry": { "type": "Polygon", "coordinates": [ [ [ -75.175654716206907, 39.996210861373598 ], [ -75.175573049549399, 39.996227542920003 ], [ -75.174549257390296, 39.996095312498603 ], [ -75.174040244136407, 39.996032589115799 ], [ -75.174083638097599, 39.9958314973887 ], [ -75.172492576998195, 39.995629010943397 ], [ -75.170905145766298, 39.995417482658901 ], [ -75.1709999778205, 39.994977864585898 ], [ -75.171117869395104, 39.994453530485202 ], [ -75.169523369801198, 39.9942488244467 ], [ -75.169639160348694, 39.993688336267603 ], [ -75.169737340538802, 39.993281021803398 ], [ -75.169844227397704, 39.992763411687598 ], [ -75.170024312354798, 39.992015053773599 ], [ -75.170081771120707, 39.991706919184203 ], [ -75.170200606825304, 39.991646592199601 ], [ -75.170786148439106, 39.991343857706603 ], [ -75.169389012423395, 39.991163173615703 ], [ -75.169673218027199, 39.991014776106297 ], [ -75.169956363815302, 39.990866707295197 ], [ -75.1702398815126, 39.990718620943298 ], [ -75.170523368208805, 39.9905705773714 ], [ -75.170806680022494, 39.990422602178803 ], [ -75.1710901333268, 39.990274785368499 ], [ -75.171373780627306, 39.990127163258599 ], [ -75.171657233989393, 39.989979772183702 ], [ -75.171747216145704, 39.989933398254898 ], [ -75.171941659347794, 39.989832724830798 ], [ -75.172225972074799, 39.989686019358601 ], [ -75.1722947442004, 39.989650670095401 ], [ -75.172510587676499, 39.989539726367497 ], [ -75.172795543865007, 39.989393901663703 ], [ -75.173080796151893, 39.989248482976997 ], [ -75.173366019256207, 39.989103028714602 ], [ -75.173651169650796, 39.988957482037002 ], [ -75.173979315635705, 39.988802494776202 ], [ -75.174221225039005, 39.988666089201999 ], [ -75.174313473823602, 39.988618075707997 ], [ -75.174506116294197, 39.988520234628503 ], [ -75.1747909088744, 39.988374261831297 ], [ -75.175075595825007, 39.988228168852999 ], [ -75.175360166885099, 39.988081948256301 ], [ -75.175644621088296, 39.9879355946142 ], [ -75.175928949377706, 39.987789099615298 ], [ -75.1762131459692, 39.987642461329003 ], [ -75.176497200635595, 39.987495671417797 ], [ -75.176784456689603, 39.987346990201502 ], [ -75.177064869793497, 39.987201614777703 ], [ -75.177348469580096, 39.987054334206398 ], [ -75.177631902576806, 39.986906878030901 ], [ -75.177915161965203, 39.9867592406938 ], [ -75.178197734995294, 39.986610826851397 ], [ -75.178474473300398, 39.986455862807297 ], [ -75.178745280761405, 39.986294782540597 ], [ -75.179011658087504, 39.986129651490998 ], [ -75.179274662477297, 39.985961224990298 ], [ -75.179524888832901, 39.985797195188901 ], [ -75.180260534931705, 39.986354649922198 ], [ -75.180806766991395, 39.986799967399698 ], [ -75.182396144458394, 39.988051479956603 ], [ -75.182722007772, 39.988340048348498 ], [ -75.183125743178195, 39.988739497534098 ], [ -75.183603108653301, 39.989168937326198 ], [ -75.183702172695305, 39.989269598443201 ], [ -75.184406796918296, 39.9899389142495 ], [ -75.184929500435302, 39.990603275247501 ], [ -75.185148839594603, 39.9909004785478 ], [ -75.185462310579794, 39.991394029530298 ], [ -75.1856012020599, 39.9917085502085 ], [ -75.184702065286402, 39.991597191793097 ], [ -75.183103777912805, 39.991396016531603 ], [ -75.183034480351495, 39.991724923820499 ], [ -75.182949088219402, 39.992140747442598 ], [ -75.182874410900794, 39.9925075272239 ], [ -75.182853381682307, 39.992567947143499 ], [ -75.182782755214205, 39.992890358953801 ], [ -75.182465810282295, 39.994374631240497 ], [ -75.181904854242205, 39.994305724259299 ], [ -75.181434608554895, 39.994253750682901 ], [ -75.180891996545995, 39.994176618412503 ], [ -75.180315498183404, 39.994107435917897 ], [ -75.179846693582704, 39.994041467415002 ], [ -75.179249804735505, 39.993972963635997 ], [ -75.1786535216457, 39.993879829448701 ], [ -75.178189562688203, 39.993820604910702 ], [ -75.177629168591693, 39.993754457336401 ], [ -75.1773050777321, 39.995248188715102 ], [ -75.177219957644496, 39.995658413419299 ], [ -75.177135324352804, 39.996029823508302 ], [ -75.177064474401206, 39.996381649967297 ], [ -75.175654716206907, 39.996210861373598 ] ] ] } },
{ "type": "Feature", "properties": { "OBJECTID": 74, "ES_ID": "4530", "ES_NAME": "Gideon, Edward", "MS_ID": "4530", "MS_NAME": "Gideon, Edward", "HS_ID": "4140", "HS_NAME": "Strawberry Mansion HS", "GR_ID_K": "4530", "GR_ID_01": "4530", "GR_ID_02": "4530", "GR_ID_03": "4530", "GR_ID_04": "4530", "GR_ID_05": "4530", "GR_ID_06": "4530", "GR_ID_07": "4530", "GR_ID_08": "4530", "GR_ID_09": "4140", "GR_ID_10": "4140", "GR_ID_11": "4140", "GR_ID_12": "6030", "ES_GRADE": "K-8", "MS_GRADE": "K-8", "HS_GRADE": "9-11", "Shape__Area": 499346.578125, "Shape__Length": 4048.47653509259 }, "geometry": { "type": "Polygon", "coordinates": [ [ [ -75.175412801510404, 39.987165107508297 ], [ -75.176091317526996, 39.9868082908026 ], [ -75.175611159048003, 39.986283223148497 ], [ -75.175219228109896, 39.985861509129101 ], [ -75.175273135596896, 39.985606367881203 ], [ -75.1746961007414, 39.985515720885402 ], [ -75.174797617142502, 39.985076175593697 ], [ -75.175028891937501, 39.984023425726598 ], [ -75.175315260804396, 39.982721271519203 ], [ -75.175346276456196, 39.982526727871601 ], [ -75.175912676471299, 39.982590515029003 ], [ -75.176369680247006, 39.982659795842501 ], [ -75.176935364063795, 39.982722163476403 ], [ -75.177479536131898, 39.982792514718902 ], [ -75.177979416791601, 39.982862159080298 ], [ -75.178537748845102, 39.982928958155497 ], [ -75.179059229610502, 39.982999402496503 ], [ -75.179467524915495, 39.983058225399603 ], [ -75.1799541035614, 39.983117257373102 ], [ -75.180530709447794, 39.983189731296498 ], [ -75.180965027353395, 39.983247635745101 ], [ -75.181483605157894, 39.9833111851325 ], [ -75.181581588651298, 39.983322792634702 ], [ -75.181909727106799, 39.981796658416698 ], [ -75.182022500338505, 39.981305322797702 ], [ -75.182110311977297, 39.980902925927197 ], [ -75.182218550018106, 39.980383018565703 ], [ -75.182808465437603, 39.980451619352102 ], [ -75.183282861673206, 39.980515411615599 ], [ -75.183841156148105, 39.980594307463598 ], [ -75.184425303292301, 39.9806780303811 ], [ -75.185500396548093, 39.980814006263103 ], [ -75.186325020078897, 39.980924285476398 ], [ -75.186724575288807, 39.980969151586301 ], [ -75.186495770615196, 39.981117465668902 ], [ -75.186234286891803, 39.981287241144898 ], [ -75.185973005809998, 39.981457198079703 ], [ -75.185711949992196, 39.981627357703502 ], [ -75.185451149014597, 39.981797743203899 ], [ -75.185190623158903, 39.981968375759102 ], [ -75.184930397422093, 39.982139275751997 ], [ -75.184879099498502, 39.982173073958002 ], [ -75.1846705249351, 39.982310493927699 ], [ -75.184411494265703, 39.982482460180002 ], [ -75.184153359577607, 39.982655228885299 ], [ -75.183895990709701, 39.982828680007799 ], [ -75.183639248207697, 39.983002691501198 ], [ -75.183383000707096, 39.983177144201697 ], [ -75.183127108754206, 39.983351916060201 ], [ -75.182931637442707, 39.983485695883601 ], [ -75.182871444394493, 39.983526890689802 ], [ -75.182615865868698, 39.983701945086501 ], [ -75.182360243018394, 39.983876959207599 ], [ -75.182104438732395, 39.9840518110517 ], [ -75.181848321512604, 39.9842263850488 ], [ -75.181591773496905, 39.984400576745003 ], [ -75.1813088502456, 39.984592793365401 ], [ -75.1810789521152, 39.984749210626198 ], [ -75.180822634605605, 39.984923612179898 ], [ -75.180566154808005, 39.985097871701903 ], [ -75.180309346376106, 39.985271834997903 ], [ -75.180052038044806, 39.985445354069 ], [ -75.179794059890199, 39.985618276439801 ], [ -75.179524888832901, 39.985797195188901 ], [ -75.179274662477297, 39.985961224990298 ], [ -75.179011658087504, 39.986129651490998 ], [ -75.178745280761405, 39.986294782540597 ], [ -75.178474473300398, 39.986455862807297 ], [ -75.178197734995294, 39.986610826851397 ], [ -75.177915161965203, 39.9867592406938 ], [ -75.177631902576806, 39.986906878030901 ], [ -75.177348469580096, 39.987054334206398 ], [ -75.177064869793497, 39.987201614777703 ], [ -75.176784456689603, 39.987346990201502 ], [ -75.175412801510404, 39.987165107508297 ] ] ] } },
{ "type": "Feature", "properties": { "OBJECTID": 75, "ES_ID": "4560", "ES_NAME": "Kelley, William D", "MS_ID": "4560", "MS_NAME": "Kelley, William D", "HS_ID": "4140", "HS_NAME": "Strawberry Mansion HS", "GR_ID_K": "4560", "GR_ID_01": "4560", "GR_ID_02": "4560", "GR_ID_03": "4560", "GR_ID_04": "4560", "GR_ID_05": "4560", "GR_ID_06": "4560", "GR_ID_07": "4560", "GR_ID_08": "4560", "GR_ID_09": "4140", "GR_ID_10": "4140", "GR_ID_11": "4140", "GR_ID_12": "5180", "ES_GRADE": "K-8", "MS_GRADE": "K-8", "HS_GRADE": "9-11", "Shape__Area": 723715.8671875, "Shape__Length": 4648.8614942416398 }, "geometry": { "type": "Polygon", "coordinates": [ [ [ -75.175912676471299, 39.982590515029003 ], [ -75.175346276456196, 39.982526727871601 ], [ -75.175315260804396, 39.982721271519203 ], [ -75.1749942951772, 39.9824691744139 ], [ -75.173910642414896, 39.981677124932602 ], [ -75.173974109596699, 39.9813716592028 ], [ -75.174101152275298, 39.980785835916897 ], [ -75.174203568839999, 39.980286894079299 ], [ -75.174293376329501, 39.9798468350779 ], [ -75.174396480032399, 39.9793893371019 ], [ -75.172802746639306, 39.979169837287301 ], [ -75.172820598225698, 39.979081832575403 ], [ -75.172873067294006, 39.979060175588998 ], [ -75.172933056501293, 39.9790345382875 ], [ -75.1729647537218, 39.978993791763898 ], [ -75.172993534615401, 39.978839543997502 ], [ -75.173005223717595, 39.978776895947099 ], [ -75.173001636940597, 39.978757649954296 ], [ -75.172996294782294, 39.9787289831946 ], [ -75.172961972252196, 39.978701255943797 ], [ -75.172904288288706, 39.978687258997297 ], [ -75.172969902585905, 39.978416248059403 ], [ -75.173129529055203, 39.977759770162102 ], [ -75.173407727213799, 39.977792760584997 ], [ -75.173857579990894, 39.977846090571198 ], [ -75.174705662575505, 39.977946591532401 ], [ -75.176302635189501, 39.9781481683019 ], [ -75.177106203826199, 39.978261084422599 ], [ -75.177890661451599, 39.978364068057303 ], [ -75.178696299619403, 39.9784770778801 ], [ -75.179484608890306, 39.9785656764832 ], [ -75.179863550349694, 39.978615428329697 ], [ -75.180187294631693, 39.9786581475933 ], [ -75.180319254426806, 39.978674612250501 ], [ -75.180908796396807, 39.978748658722402 ], [ -75.181461967373096, 39.978822699904399 ], [ -75.181928571683301, 39.978887743645501 ], [ -75.182528778398193, 39.978965814522702 ], [ -75.183117656260293, 39.979038896730103 ], [ -75.183584142317599, 39.979091553853998 ], [ -75.184139748598994, 39.979168481853797 ], [ -75.184702033252904, 39.979233464871903 ], [ -75.185730414267098, 39.979370159094003 ], [ -75.187320397991996, 39.979590045182 ], [ -75.188592064422494, 39.979763230733099 ], [ -75.188329822902602, 39.979932326195303 ], [ -75.188067591371905, 39.980101432121799 ], [ -75.187805394896202, 39.980270567092397 ], [ -75.187543257166993, 39.980439755062697 ], [ -75.187281201977598, 39.980609017287499 ], [ -75.187019253087399, 39.980778375922299 ], [ -75.186724575288807, 39.980969151586301 ], [ -75.186325020078897, 39.980924285476398 ], [ -75.185500396548093, 39.980814006263103 ], [ -75.184425303292301, 39.9806780303811 ], [ -75.183841156148105, 39.980594307463598 ], [ -75.183282861673206, 39.980515411615599 ], [ -75.182808465437603, 39.980451619352102 ], [ -75.182218550018106, 39.980383018565703 ], [ -75.182110311977297, 39.980902925927197 ], [ -75.182022500338505, 39.981305322797702 ], [ -75.181909727106799, 39.981796658416698 ], [ -75.181581588651298, 39.983322792634702 ], [ -75.181483605157894, 39.9833111851325 ], [ -75.180965027353395, 39.983247635745101 ], [ -75.180530709447794, 39.983189731296498 ], [ -75.1799541035614, 39.983117257373102 ], [ -75.179467524915495, 39.983058225399603 ], [ -75.179059229610502, 39.982999402496503 ], [ -75.178537748845102, 39.982928958155497 ], [ -75.177979416791601, 39.982862159080298 ], [ -75.177479536131898, 39.982792514718902 ], [ -75.176935364063795, 39.982722163476403 ], [ -75.176369680247006, 39.982659795842501 ], [ -75.175912676471299, 39.982590515029003 ] ] ] } },
{ "type": "Feature", "properties": { "OBJECTID": 76, "ES_ID": "4570", "ES_NAME": "Meade, General George G", "MS_ID": "4570", "MS_NAME": "Meade, General George G", "HS_ID": "5180", "HS_NAME": "Vaux Big Picture High School", "GR_ID_K": "4570", "GR_ID_01": "4570", "GR_ID_02": "4570", "GR_ID_03": "4570", "GR_ID_04": "4570", "GR_ID_05": "4570", "GR_ID_06": "4570", "GR_ID_07": "4570", "GR_ID_08": "4570", "GR_ID_09": "5180", "GR_ID_10": "5180", "GR_ID_11": "5180", "GR_ID_12": "2010", "ES_GRADE": "K-8", "MS_GRADE": "K-8", "HS_GRADE": "9-11", "Shape__Area": 1752669.1015625, "Shape__Length": 6375.9905758846598 }, "geometry": { "type": "Polygon", "coordinates": [ [ [ -75.160472521044198, 39.9821377222069 ], [ -75.158898779469993, 39.981923112135298 ], [ -75.157257244599506, 39.981702892322097 ], [ -75.157584568056393, 39.980232265485 ], [ -75.157917396816899, 39.978716933988302 ], [ -75.1582413947243, 39.977289520964497 ], [ -75.1582296998441, 39.977225179172201 ], [ -75.158528769257302, 39.975859615140998 ], [ -75.158785066675307, 39.974491809781497 ], [ -75.159059474464499, 39.9732141984287 ], [ -75.159239411870601, 39.972393339153797 ], [ -75.159443737371902, 39.9714763925559 ], [ -75.1597050624638, 39.9702111809749 ], [ -75.159855187173306, 39.970229697930002 ], [ -75.160562490978293, 39.970328956288903 ], [ -75.161406309795098, 39.970437700766098 ], [ -75.162983040166907, 39.970632270592297 ], [ -75.164556934155399, 39.970826012207901 ], [ -75.165313104150499, 39.970919513233 ], [ -75.165619961962307, 39.971200071389298 ], [ -75.165780574247407, 39.971348561136502 ], [ -75.165974666445805, 39.971616965677804 ], [ -75.166273881549202, 39.9720457119179 ], [ -75.166541448119304, 39.972389666523597 ], [ -75.167221922351601, 39.973406776437102 ], [ -75.167733730657304, 39.974328877639699 ], [ -75.168056806063404, 39.9748790618615 ], [ -75.168147098554201, 39.975043094039897 ], [ -75.168265222984502, 39.9752682662483 ], [ -75.169146677505793, 39.975176633002398 ], [ -75.170403485476101, 39.975047451763203 ], [ -75.172094111423903, 39.974863972801302 ], [ -75.171982880197305, 39.975406153737502 ], [ -75.171972898755598, 39.975471873774502 ], [ -75.171914237900495, 39.975780425260901 ], [ -75.171816282727804, 39.976173197344501 ], [ -75.171737329419699, 39.976514817769001 ], [ -75.171729870304901, 39.976541198545902 ], [ -75.171673148070994, 39.976847404012602 ], [ -75.171597467887906, 39.977188560002197 ], [ -75.171530084529195, 39.977546934235598 ], [ -75.171435554880901, 39.977925640738597 ], [ -75.171356263444494, 39.978259898400303 ], [ -75.171309577982797, 39.9785142047294 ], [ -75.171296096375997, 39.978587316380001 ], [ -75.171216067500694, 39.978961625476202 ], [ -75.170602153923198, 39.978888012905202 ], [ -75.170290309724194, 39.9788544107927 ], [ -75.169976236449301, 39.978288171036802 ], [ -75.169778720972701, 39.977966350789103 ], [ -75.169679699898495, 39.978405822195597 ], [ -75.169604884260295, 39.978761490271602 ], [ -75.167733747051003, 39.9785164115494 ], [ -75.167629794283599, 39.978994442976997 ], [ -75.167532245558505, 39.979414036272999 ], [ -75.167422086264295, 39.979934261173199 ], [ -75.166637303904693, 39.97982336442 ], [ -75.165852477061904, 39.9797233337924 ], [ -75.165513206074905, 39.981253132132103 ], [ -75.164726461060894, 39.981154079907597 ], [ -75.163937576337105, 39.981047204564497 ], [ -75.163158430938495, 39.980950922078598 ], [ -75.162361859955595, 39.9808462087896 ], [ -75.162056052401695, 39.982338820472599 ], [ -75.161257381091602, 39.9822311431084 ], [ -75.160472521044198, 39.9821377222069 ] ] ] } },
{ "type": "Feature", "properties": { "OBJECTID": 77, "ES_ID": "5170", "ES_NAME": "deBurgos, Julia", "MS_ID": "5170", "MS_NAME": "deBurgos, Julia", "HS_ID": "5020", "HS_NAME": "Edison, Thomas A", "GR_ID_K": "5170", "GR_ID_01": "5170", "GR_ID_02": "5170", "GR_ID_03": "5170", "GR_ID_04": "5170", "GR_ID_05": "5170", "GR_ID_06": "5170", "GR_ID_07": "5170", "GR_ID_08": "5170", "GR_ID_09": "5020", "GR_ID_10": "5020", "GR_ID_11": "5020", "GR_ID_12": "5020", "ES_GRADE": "K-8", "MS_GRADE": "K-8", "HS_GRADE": "9-12", "Shape__Area": 689434.44921875, "Shape__Length": 4119.8120798618902 }, "geometry": { "type": "Polygon", "coordinates": [ [ [ -75.133898185290903, 39.9959768111692 ], [ -75.133359114769405, 39.995914148694197 ], [ -75.132834979117206, 39.995846418034702 ], [ -75.132909586282196, 39.995479356709403 ], [ -75.132982128937897, 39.995165780856397 ], [ -75.133045585209601, 39.994850738180801 ], [ -75.133150045270199, 39.994353509647603 ], [ -75.133471364576806, 39.9928591168282 ], [ -75.133806248251403, 39.9912689301581 ], [ -75.134335631283406, 39.991339398738504 ], [ -75.1348709065375, 39.991417042406198 ], [ -75.135468139964004, 39.9914885578211 ], [ -75.136161721102496, 39.991574090157897 ], [ -75.137350299302398, 39.991738498411799 ], [ -75.137845636108395, 39.991797352581102 ], [ -75.138353940075106, 39.991860931772898 ], [ -75.139263155828203, 39.991978655990003 ], [ -75.139710756737202, 39.992037654261701 ], [ -75.140199766512794, 39.9920960019925 ], [ -75.140865504736894, 39.9921832936122 ], [ -75.141513843563303, 39.992264895119703 ], [ -75.142176006320796, 39.992352486149898 ], [ -75.143000758714606, 39.992458940377702 ], [ -75.143832237973498, 39.992559491899797 ], [ -75.1444687832781, 39.992642043181 ], [ -75.145112242147206, 39.992724821678898 ], [ -75.1456049014336, 39.992792760891803 ], [ -75.146091364756302, 39.992857674143302 ], [ -75.145985009644207, 39.993398125482301 ], [ -75.145911319896896, 39.993724693778901 ], [ -75.145839853389901, 39.994046636182098 ], [ -75.145751463543803, 39.9944486584575 ], [ -75.145241624861001, 39.994378107493802 ], [ -75.144944030307201, 39.994341599548498 ], [ -75.144761066996693, 39.994319154514798 ], [ -75.144125075121494, 39.994234768891999 ], [ -75.143478558569598, 39.994147741297702 ], [ -75.141833316457706, 39.993939047427197 ], [ -75.141498436120898, 39.995431163695898 ], [ -75.140839399840701, 39.995344523497799 ], [ -75.1401927071513, 39.995260309964401 ], [ -75.139522595596603, 39.995173963550201 ], [ -75.139201482626802, 39.9966706330557 ], [ -75.138696191398097, 39.996603948191101 ], [ -75.1382719736593, 39.996546535564804 ], [ -75.137810545768005, 39.996488275489298 ], [ -75.137351833870596, 39.996430540286902 ], [ -75.136847990661295, 39.996361291523797 ], [ -75.136348767466203, 39.996297921281901 ], [ -75.135511885382897, 39.996188104683497 ], [ -75.134995134251795, 39.996126099781598 ], [ -75.134446693364197, 39.996059023915002 ], [ -75.133898185290903, 39.9959768111692 ] ] ] } },
{ "type": "Feature", "properties": { "OBJECTID": 78, "ES_ID": "5200", "ES_NAME": "Adaire, Alexander", "MS_ID": "5200", "MS_NAME": "Adaire, Alexander", "HS_ID": "5160", "HS_NAME": "Penn Treaty HS", "GR_ID_K": "5200", "GR_ID_01": "5200", "GR_ID_02": "5200", "GR_ID_03": "5200", "GR_ID_04": "5200", "GR_ID_05": "5200", "GR_ID_06": "5200", "GR_ID_07": "5200", "GR_ID_08": "5200", "GR_ID_09": "5160", "GR_ID_10": "5160", "GR_ID_11": "5160", "GR_ID_12": "5160", "ES_GRADE": "K-8", "MS_GRADE": "K-8", "HS_GRADE": "6-12", "Shape__Area": 4049567.46484375, "Shape__Length": 9415.5033923747797 }, "geometry": { "type": "Polygon", "coordinates": [ [ [ -75.133019003191293, 39.980128662912897 ], [ -75.131778849053902, 39.979373859385397 ], [ -75.130922519601597, 39.978872806526603 ], [ -75.130451209372495, 39.978598232325403 ], [ -75.1299542385416, 39.978311358706897 ], [ -75.1295121399409, 39.978056235597599 ], [ -75.128631211309596, 39.977542727606398 ], [ -75.127571452860195, 39.9769276511282 ], [ -75.1274037761778, 39.976854753691804 ], [ -75.127070761399395, 39.976631656545401 ], [ -75.126962653526604, 39.9765713855139 ], [ -75.126544064685604, 39.976329302190699 ], [ -75.126138152126302, 39.976091214843699 ], [ -75.125301637958202, 39.975600860022197 ], [ -75.125204559189797, 39.975567299999497 ], [ -75.124712619697107, 39.975257428898303 ], [ -75.124322854894999, 39.975012122107799 ], [ -75.123845192055995, 39.974703593732798 ], [ -75.1233933603841, 39.974412511871897 ], [ -75.1226900634814, 39.973963798974602 ], [ -75.122594095551307, 39.973756651042301 ], [ -75.12211880516, 39.973537729846903 ], [ -75.121764653297305, 39.973362238371102 ], [ -75.121273825839395, 39.973396645046897 ], [ -75.120684970815304, 39.973425630993198 ], [ -75.120411331472994, 39.973395340080003 ], [ -75.1202432024253, 39.973332755337204 ], [ -75.120088635830996, 39.973251793832297 ], [ -75.119620604422906, 39.9729595116073 ], [ -75.120233401236604, 39.972396614641099 ], [ -75.121212049687699, 39.971497630652699 ], [ -75.119903235876095, 39.970628715619497 ], [ -75.117581481317501, 39.969604946147697 ], [ -75.114033564660502, 39.968040355626997 ], [ -75.114414310866806, 39.9678746326842 ], [ -75.115386119588806, 39.967451635609798 ], [ -75.116038419467998, 39.967167702952899 ], [ -75.116865286706897, 39.966807776832098 ], [ -75.118119147188096, 39.966261964474199 ], [ -75.119669782343195, 39.965576131781297 ], [ -75.121633501918097, 39.964624703524201 ], [ -75.124027411749097, 39.963447187980599 ], [ -75.1277765802961, 39.961530328400798 ], [ -75.129089668613901, 39.960717209329097 ], [ -75.135704307128506, 39.962056061268598 ], [ -75.136298283567399, 39.962460710147603 ], [ -75.1367586796989, 39.962775639273403 ], [ -75.137172602496406, 39.962828916584499 ], [ -75.138084670970102, 39.9629457131444 ], [ -75.137786300192701, 39.963922687122199 ], [ -75.137639314882307, 39.964286658300999 ], [ -75.137546958609505, 39.964469377089202 ], [ -75.137499368498695, 39.964638523057602 ], [ -75.137484298548699, 39.964734489481202 ], [ -75.137450491245801, 39.964993220935597 ], [ -75.137683312678504, 39.965121368608798 ], [ -75.138034845486999, 39.965519926941901 ], [ -75.138289528250198, 39.965851903233599 ], [ -75.138441047107904, 39.966049405589501 ], [ -75.1387353579142, 39.966492932981701 ], [ -75.138829266417801, 39.966604377844298 ], [ -75.139874773281903, 39.967995127746001 ], [ -75.140464686614393, 39.969079115143302 ], [ -75.140553166799194, 39.969243661123997 ], [ -75.140668436536203, 39.969661624381501 ], [ -75.139581386227206, 39.969524101763199 ], [ -75.139000565345995, 39.9694154942948 ], [ -75.1385000558939, 39.969320385391804 ], [ -75.138007811996403, 39.969227432970001 ], [ -75.137766276225904, 39.969177548173903 ], [ -75.137255284016007, 39.969083854797503 ], [ -75.136793268530795, 39.968998887302803 ], [ -75.136226379058698, 39.968890873002202 ], [ -75.135776996873702, 39.970347939374399 ], [ -75.135310301676995, 39.971868567292603 ], [ -75.1349326636266, 39.973069312427299 ], [ -75.134558217725896, 39.974265612501902 ], [ -75.1343452604616, 39.974927036627903 ], [ -75.134335697167501, 39.975002239824299 ], [ -75.134220979837096, 39.975373664634397 ], [ -75.134005959344506, 39.976340566151499 ], [ -75.133836774394098, 39.977157124826903 ], [ -75.133512146395901, 39.978651437611497 ], [ -75.133192415639201, 39.980143819681501 ], [ -75.133019003191293, 39.980128662912897 ] ] ] } },
{ "type": "Feature", "properties": { "OBJECTID": 79, "ES_ID": "8390", "ES_NAME": "Fitzpatrick, Aloysius L", "MS_ID": "8390", "MS_NAME": "Fitzpatrick, Aloysius L", "HS_ID": "8030", "HS_NAME": "Washington, George", "GR_ID_K": "8390", "GR_ID_01": "8390", "GR_ID_02": "8390", "GR_ID_03": "8390", "GR_ID_04": "8390", "GR_ID_05": "8390", "GR_ID_06": "8390", "GR_ID_07": "8390", "GR_ID_08": "8390", "GR_ID_09": "8030", "GR_ID_10": "8030", "GR_ID_11": "8030", "GR_ID_12": "8030", "ES_GRADE": "K-8", "MS_GRADE": "K-8", "HS_GRADE": "9-12", "Shape__Area": 20644714.355468798, "Shape__Length": 22785.8694912174 }, "geometry": { "type": "Polygon", "coordinates": [ [ [ -75.001369619013204, 40.1045701473154 ], [ -75.001341956122801, 40.104481483901203 ], [ -74.999807681290804, 40.103246084970998 ], [ -74.999012783648297, 40.1025860835461 ], [ -74.998735133151897, 40.1023183208058 ], [ -74.998387980809099, 40.1018589915695 ], [ -74.998168532452695, 40.101615177524103 ], [ -74.997240444062101, 40.100759592589398 ], [ -74.996575973889605, 40.100148178858802 ], [ -74.995465783483098, 40.099175440760298 ], [ -74.994688712613197, 40.098523849213898 ], [ -74.991267513015401, 40.095787303431003 ], [ -74.988454340332794, 40.0978087800016 ], [ -74.988258232457198, 40.097973752880002 ], [ -74.988017282464696, 40.098206327242302 ], [ -74.987814274291594, 40.098411533776101 ], [ -74.987542235655198, 40.0986668095345 ], [ -74.987285725266503, 40.098859401334501 ], [ -74.986864586448306, 40.099155696811003 ], [ -74.986677018187294, 40.099288090762897 ], [ -74.985815435089407, 40.098566776280002 ], [ -74.984315480112301, 40.097307748531897 ], [ -74.984108162111596, 40.097114643147798 ], [ -74.980020104123, 40.093719362376 ], [ -74.978037556900702, 40.092064043415597 ], [ -74.977194980700304, 40.091344866910397 ], [ -74.975222471479597, 40.089862275669198 ], [ -74.973355285294602, 40.088512737981198 ], [ -74.972262078073399, 40.087731838621004 ], [ -74.971630266680407, 40.087259198762503 ], [ -74.971387796172394, 40.087063763738897 ], [ -74.971176850418203, 40.0869217741581 ], [ -74.970571224230198, 40.0863940929843 ], [ -74.970189813199795, 40.086031290393002 ], [ -74.969891342502606, 40.085717576339803 ], [ -74.968667410185404, 40.084340732624199 ], [ -74.967554792745304, 40.083084393736598 ], [ -74.966822617843803, 40.082224571869503 ], [ -74.966664911765704, 40.082022455426397 ], [ -74.966469285609307, 40.081747773338599 ], [ -74.966342119222404, 40.081550438263903 ], [ -74.966183595220599, 40.081257474919902 ], [ -74.966080763912601, 40.081040398948403 ], [ -74.965955203766299, 40.080732422584902 ], [ -74.965828605809804, 40.080381437019497 ], [ -74.965680107804403, 40.079912596472703 ], [ -74.965627218807597, 40.079635011832401 ], [ -74.964879949378997, 40.0774008551017 ], [ -74.964812261658906, 40.077173535385299 ], [ -74.964933596418007, 40.077188410666103 ], [ -74.965042631090796, 40.0772040942609 ], [ -74.965149766927496, 40.077214318087698 ], [ -74.9652559330804, 40.077224448033 ], [ -74.965442100876203, 40.077242314765201 ], [ -74.965736826152195, 40.077262811327799 ], [ -74.966031962410796, 40.077273299855698 ], [ -74.966184146531305, 40.077271978248397 ], [ -74.966298961184094, 40.077228013551398 ], [ -74.966490060375904, 40.077125793083702 ], [ -74.966597696301505, 40.077044924683399 ], [ -74.966670867645306, 40.076956544526197 ], [ -74.9667510229377, 40.076698041487603 ], [ -74.966775508631798, 40.076525006747403 ], [ -74.966822217227701, 40.076446001938301 ], [ -74.966941919164, 40.0763887974976 ], [ -74.967269363104194, 40.076353319482401 ], [ -74.967552838556699, 40.076330131682703 ], [ -74.967808890563603, 40.076339670324401 ], [ -74.968283420506296, 40.076321107773403 ], [ -74.968745745421998, 40.076282211642699 ], [ -74.968893858215907, 40.076274109222098 ], [ -74.969084573312699, 40.076287072884497 ], [ -74.969296964378898, 40.076407407159799 ], [ -74.969481627708205, 40.076461962280703 ], [ -74.969628579592495, 40.0764822118851 ], [ -74.969787821713396, 40.076467699721803 ], [ -74.969901624777606, 40.0763953259763 ], [ -74.9700125031206, 40.0763412443184 ], [ -74.970110766940394, 40.076276842000702 ], [ -74.970251904482893, 40.076226830552997 ], [ -74.970369143363598, 40.076229666339401 ], [ -74.970511888963898, 40.076246476411796 ], [ -74.970693853030099, 40.076260893626802 ], [ -74.970838920297794, 40.076220994624201 ], [ -74.970942070246906, 40.076143353196898 ], [ -74.971054862068101, 40.076042571040901 ], [ -74.971171997367094, 40.075941893810203 ], [ -74.9712619831231, 40.075867272263601 ], [ -74.971348996207496, 40.0757591895673 ], [ -74.971382671149598, 40.075679866096202 ], [ -74.971416139712105, 40.0756055493869 ], [ -74.971398256796505, 40.075511623616499 ], [ -74.971350114590095, 40.075413629527802 ], [ -74.971290447041298, 40.075278624549597 ], [ -74.971233348976895, 40.0751870916922 ], [ -74.971237449180904, 40.075087019603998 ], [ -74.971250232115693, 40.074987159269298 ], [ -74.971281342024, 40.074864368285397 ], [ -74.971320043677096, 40.074768471328802 ], [ -74.971367562222895, 40.074669450880997 ], [ -74.971452797047306, 40.074604731563298 ], [ -74.971593656748595, 40.0745613914968 ], [ -74.971620286627797, 40.074441831492699 ], [ -74.971576554672495, 40.074342271721299 ], [ -74.971488106192794, 40.074273353883903 ], [ -74.971271852650602, 40.074141241475701 ], [ -74.971080697036598, 40.074033111168198 ], [ -74.971028760604398, 40.073921667659 ], [ -74.971037475718305, 40.073815029323001 ], [ -74.971106435501298, 40.073723205331 ], [ -74.971200349726004, 40.073658695204102 ], [ -74.9715396379098, 40.073439846194603 ], [ -74.971733761690004, 40.073369411889601 ], [ -74.971874206421504, 40.073336077821097 ], [ -74.972014654493293, 40.073302744566099 ], [ -74.972130005133394, 40.073245431564899 ], [ -74.972220535067294, 40.073157466841899 ], [ -74.972272805867703, 40.073048542831799 ], [ -74.972298203296504, 40.072959002742799 ], [ -74.972332833125606, 40.072856331033101 ], [ -74.972414218144607, 40.072460956371202 ], [ -74.972435276304196, 40.072371310472199 ], [ -74.972501868692405, 40.072231013928601 ], [ -74.972575437071995, 40.072132619982398 ], [ -74.972656050731004, 40.072074467816499 ], [ -74.972798133734798, 40.072001104350399 ], [ -74.972918234853097, 40.071933887322302 ], [ -74.973063701258695, 40.071883979095396 ], [ -74.973213512248705, 40.0718341738717 ], [ -74.973381920312207, 40.071754768899602 ], [ -74.973502769125901, 40.071669204620797 ], [ -74.973585634566604, 40.071556011151699 ], [ -74.973606689652001, 40.071466366805403 ], [ -74.973625572333702, 40.071376669968899 ], [ -74.973669961748897, 40.0713009441655 ], [ -74.973808178724894, 40.0712158001174 ], [ -74.973977129488503, 40.071123051761703 ], [ -74.974119343264803, 40.071046350531503 ], [ -74.974259922023606, 40.071009678458203 ], [ -74.974417593420497, 40.070980096913203 ], [ -74.974612048493, 40.0709013166598 ], [ -74.974801888850095, 40.070829106078001 ], [ -74.974900002544203, 40.070768033888399 ], [ -74.974981566801304, 40.070686529357999 ], [ -74.975041558205504, 40.070601163546101 ], [ -74.975071706272203, 40.070501721363399 ], [ -74.975101713076398, 40.070405615130902 ], [ -74.975122710009103, 40.070264213457797 ], [ -74.975098061808396, 40.070069955629997 ], [ -74.975106361781599, 40.069973324305501 ], [ -74.9751659429119, 40.069897967541301 ], [ -74.975251030505007, 40.069836580532801 ], [ -74.975349005922496, 40.069778843128397 ], [ -74.975459597345306, 40.069731428368598 ], [ -74.975582259058797, 40.069707677806697 ], [ -74.9757239245764, 40.069644318931999 ], [ -74.975968589905307, 40.069506648243703 ], [ -74.976185019315807, 40.069421720825197 ], [ -74.976402266712, 40.069316776557002 ], [ -74.976609467344105, 40.069244980367301 ], [ -74.976733625737097, 40.069184535307599 ], [ -74.9768286910586, 40.0690916685218 ], [ -74.976872812435602, 40.0689691903087 ], [ -74.9769120459503, 40.068859949783501 ], [ -74.977007335771802, 40.068655232140799 ], [ -74.9770792813394, 40.068490016272399 ], [ -74.977153520789301, 40.068374942602603 ], [ -74.977204962916602, 40.0682860318961 ], [ -74.977271063091607, 40.068157405189297 ], [ -74.977330232385896, 40.068092052847803 ], [ -74.977460438084904, 40.0679900154229 ], [ -74.977628691800206, 40.067913939301597 ], [ -74.977858684626995, 40.067815979586399 ], [ -74.978009846358404, 40.067732810944399 ], [ -74.978161143940298, 40.067646308727703 ], [ -74.978372268420898, 40.067584622269202 ], [ -74.978617990849898, 40.067527107462801 ], [ -74.978882714361603, 40.067429981621302 ], [ -74.979093566151604, 40.0673749651191 ], [ -74.979183124200503, 40.067310344694697 ], [ -74.979413384103296, 40.067205709682398 ], [ -74.979582054845196, 40.067066199261298 ], [ -74.979713742654397, 40.066980891055799 ], [ -74.979793467334105, 40.066890990583801 ], [ -74.979842128329395, 40.066763612681001 ], [ -74.979910122908095, 40.066641708998702 ], [ -74.980049343089604, 40.066531538608203 ], [ -74.980165901431405, 40.066444194615002 ], [ -74.980268890827404, 40.0663698799816 ], [ -74.980379338207598, 40.066325796586298 ], [ -74.980515288203904, 40.066295683421899 ], [ -74.980677424160305, 40.066262861858597 ], [ -74.980753955442395, 40.066197927214702 ], [ -74.980858577984904, 40.066083583600097 ], [ -74.980923172292904, 40.065991648079503 ], [ -74.980968647222099, 40.065835810205101 ], [ -74.980947976453805, 40.065703421685399 ], [ -74.980922352120402, 40.0655859400079 ], [ -74.980969772956698, 40.065517450004698 ], [ -74.980931997449204, 40.065442490690202 ], [ -74.980769901710403, 40.065211622871402 ], [ -74.9806937649725, 40.0650926461878 ], [ -74.980672060427807, 40.065017855149399 ], [ -74.981062270458693, 40.064933982418601 ], [ -74.982357208558398, 40.064681864494702 ], [ -74.982421967655995, 40.065357585841397 ], [ -74.982415670191898, 40.065745465815198 ], [ -74.982367132716504, 40.066117685101403 ], [ -74.9823040579994, 40.066429779127198 ], [ -74.981953078444207, 40.067572057610697 ], [ -74.981830900803601, 40.067979378965703 ], [ -74.981729069746194, 40.068420585803302 ], [ -74.981650699168696, 40.068819420060898 ], [ -74.981566631824407, 40.0695315285219 ], [ -74.981416096943093, 40.070998084345199 ], [ -74.981349192566299, 40.071502526925002 ], [ -74.981260144830898, 40.071792943964297 ], [ -74.981176527236499, 40.071994228325799 ], [ -74.982879384194902, 40.073270804037698 ], [ -74.983177304512907, 40.073477582050103 ], [ -74.983660688532396, 40.0737960745059 ], [ -74.984634051739803, 40.074344618734898 ], [ -74.985416064793398, 40.074765510450199 ], [ -74.985751359775307, 40.074929422930502 ], [ -74.985996547801406, 40.075028829570698 ], [ -74.986288601996193, 40.075116003564801 ], [ -74.9865717915728, 40.0752074176051 ], [ -74.986888002406502, 40.0753419245709 ], [ -74.987165126983996, 40.075511113709503 ], [ -74.987384980801906, 40.075663342348797 ], [ -74.987570664017298, 40.075834700567498 ], [ -74.988274079874401, 40.076475217836098 ], [ -74.988853403702706, 40.077003291167202 ], [ -74.989221691138795, 40.077305874913698 ], [ -74.990005425885201, 40.077984967394798 ], [ -74.991184099080698, 40.078988455930002 ], [ -74.9913801436917, 40.078851509063497 ], [ -74.991497480846405, 40.078747014100699 ], [ -74.991616584928295, 40.0785991265017 ], [ -74.991751956577005, 40.078366881366499 ], [ -74.9918871834805, 40.078161043729402 ], [ -74.992023312509602, 40.077921580937797 ], [ -74.992146253477003, 40.077679247907902 ], [ -74.9922658792796, 40.077393287651603 ], [ -74.992375790898606, 40.077064170169798 ], [ -74.992491451764494, 40.076639005495799 ], [ -74.994643835062206, 40.076974405265297 ], [ -74.994922520697799, 40.077039842360499 ], [ -74.995283863156004, 40.077158463061501 ], [ -74.995445472595506, 40.076895742637198 ], [ -74.995566423939096, 40.076702220568301 ], [ -74.995721446672704, 40.076396196294901 ], [ -74.995873898327403, 40.076013625232001 ], [ -74.995894876479099, 40.075879081961297 ], [ -74.995920349538096, 40.075736154785098 ], [ -74.995928318081496, 40.075539926477902 ], [ -74.995923669034696, 40.075311501732102 ], [ -74.997404793455104, 40.073883921526097 ], [ -74.997669842021097, 40.0736302492056 ], [ -74.998030706577694, 40.0732315038547 ], [ -74.998107032467999, 40.073160390603903 ], [ -74.998365725394606, 40.072853556859002 ], [ -74.998544245612905, 40.072670075081803 ], [ -74.998649421764199, 40.072570429895897 ], [ -74.998950020507905, 40.072526547175798 ], [ -74.999537180024802, 40.0718798322564 ], [ -75.002256418652294, 40.0733656167085 ], [ -75.002341586476305, 40.073089199792797 ], [ -75.002468247608704, 40.072761251116901 ], [ -75.002622760550807, 40.072492030829103 ], [ -75.0028315401143, 40.072189270840497 ], [ -75.003042916117295, 40.0719156038843 ], [ -75.003303372795898, 40.071643110635598 ], [ -75.003609131979601, 40.0713716995757 ], [ -75.003943916579203, 40.071130013581097 ], [ -75.004231516886094, 40.0709336534402 ], [ -75.004835272088997, 40.0705822592383 ], [ -75.007271778508994, 40.069170936848003 ], [ -75.011332396156902, 40.071188145713897 ], [ -75.013129415606102, 40.072080774724398 ], [ -75.014090446257399, 40.072651746833799 ], [ -75.015066788186601, 40.073187528176298 ], [ -75.016838206670798, 40.074179292985797 ], [ -75.017052892367602, 40.074299486321102 ], [ -75.017146504475406, 40.0743518951165 ], [ -75.0217511090204, 40.076964544076603 ], [ -75.023716337042501, 40.078003834079098 ], [ -75.025380190174403, 40.078952512296198 ], [ -75.028451474458294, 40.080687486661901 ], [ -75.028607655198002, 40.080779190817204 ], [ -75.026986153467007, 40.082424662969501 ], [ -75.026776747528103, 40.0826686949814 ], [ -75.024898637224197, 40.084610551307698 ], [ -75.0247752478477, 40.084727266758598 ], [ -75.024164634627596, 40.085360232285304 ], [ -75.020774944972302, 40.088877789682002 ], [ -75.020599025741703, 40.089053460383703 ], [ -75.0186008833073, 40.091117892774299 ], [ -75.016721338303597, 40.093066655785499 ], [ -75.015226690115995, 40.0946351590148 ], [ -75.015031904535704, 40.094821128000902 ], [ -75.013736620742193, 40.0960967311564 ], [ -75.013432756066607, 40.096360053749997 ], [ -75.013065492313302, 40.096655648596702 ], [ -75.0119477627116, 40.097507788700902 ], [ -75.010241389015306, 40.098635588462301 ], [ -75.009547850489398, 40.099135982005997 ], [ -75.008358442584793, 40.099968305183097 ], [ -75.006092426050103, 40.101522407936997 ], [ -75.004908724893497, 40.102330374260497 ], [ -75.003086192726002, 40.103590645066703 ], [ -75.002091935508105, 40.104277855620801 ], [ -75.001499633332898, 40.104687233392497 ], [ -75.001369619013204, 40.1045701473154 ] ] ] } },
{ "type": "Feature", "properties": { "OBJECTID": 80, "ES_ID": "8400", "ES_NAME": "Frank, Anne", "MS_ID": "8160", "MS_NAME": "Baldi, CCA", "HS_ID": "8030", "HS_NAME": "Washington, George", "GR_ID_K": "8400", "GR_ID_01": "8400", "GR_ID_02": "8400", "GR_ID_03": "8400", "GR_ID_04": "8400", "GR_ID_05": "8400", "GR_ID_06": "8160", "GR_ID_07": "8160", "GR_ID_08": "8160", "GR_ID_09": "8030", "GR_ID_10": "8030", "GR_ID_11": "8030", "GR_ID_12": "8030", "ES_GRADE": "K-5", "MS_GRADE": "6-8", "HS_GRADE": "9-12", "Shape__Area": 16961482.535156298, "Shape__Length": 23298.1154853267 }, "geometry": { "type": "Polygon", "coordinates": [ [ [ -75.001798483811299, 40.104939821742001 ], [ -75.001648062765497, 40.1048106011012 ], [ -75.001499633332898, 40.104687233392497 ], [ -75.002091935508105, 40.104277855620801 ], [ -75.003086192726002, 40.103590645066703 ], [ -75.004908724893497, 40.102330374260497 ], [ -75.006092426050103, 40.101522407936997 ], [ -75.008358442584793, 40.099968305183097 ], [ -75.009547850489398, 40.099135982005997 ], [ -75.010241389015306, 40.098635588462301 ], [ -75.0119477627116, 40.097507788700902 ], [ -75.013065492313302, 40.096655648596702 ], [ -75.013432756066607, 40.096360053749997 ], [ -75.013736620742193, 40.0960967311564 ], [ -75.015031904535704, 40.094821128000902 ], [ -75.015226690115995, 40.0946351590148 ], [ -75.016721338303597, 40.093066655785499 ], [ -75.0186008833073, 40.091117892774299 ], [ -75.020599025741703, 40.089053460383703 ], [ -75.020774944972302, 40.088877789682002 ], [ -75.024164634627596, 40.085360232285304 ], [ -75.0247752478477, 40.084727266758598 ], [ -75.024898637224197, 40.084610551307698 ], [ -75.026776747528103, 40.0826686949814 ], [ -75.026986153467007, 40.082424662969501 ], [ -75.028607655198002, 40.080779190817204 ], [ -75.029362739842497, 40.079973636225802 ], [ -75.030246727247899, 40.079067205632001 ], [ -75.032653298309597, 40.076572008123001 ], [ -75.033458067028604, 40.075741646861999 ], [ -75.033946423936101, 40.0752339506585 ], [ -75.034842041796495, 40.074316119774402 ], [ -75.036882317369503, 40.072217280183501 ], [ -75.037977639834395, 40.071086794531098 ], [ -75.038952804955699, 40.070064801861399 ], [ -75.039374479022797, 40.069563434949998 ], [ -75.039529236827505, 40.069366659419799 ], [ -75.039902289214794, 40.068724591006102 ], [ -75.040273390226105, 40.067928601376899 ], [ -75.041050307247801, 40.066202462882103 ], [ -75.041175372208301, 40.065924586474999 ], [ -75.041335247998802, 40.065982879712003 ], [ -75.041471922140204, 40.066026759556202 ], [ -75.0418145279275, 40.066135953466997 ], [ -75.042148782840002, 40.066232534871197 ], [ -75.042524740330407, 40.066317428259197 ], [ -75.042893215356997, 40.0663831337719 ], [ -75.0431201136862, 40.066483520947898 ], [ -75.0433210349061, 40.066614973940297 ], [ -75.043510181673199, 40.066834854814303 ], [ -75.043680829710894, 40.067104988173497 ], [ -75.043784306396603, 40.067405221066799 ], [ -75.043864769590996, 40.068075568278203 ], [ -75.043889138824298, 40.068291567675601 ], [ -75.043861453074598, 40.068778791333798 ], [ -75.043763655645407, 40.069162987687498 ], [ -75.043577496595404, 40.069488077285001 ], [ -75.043026873939198, 40.0704730355802 ], [ -75.042854155018205, 40.070874474888001 ], [ -75.042763423519602, 40.071081426734899 ], [ -75.042490158142002, 40.071315758814599 ], [ -75.042086476745297, 40.071718090368698 ], [ -75.041814470271603, 40.071920769716399 ], [ -75.041476041017106, 40.0721345543582 ], [ -75.041363109917199, 40.072277622879596 ], [ -75.041322820744199, 40.072460418854803 ], [ -75.041389898125402, 40.072639409366801 ], [ -75.041613784245996, 40.072815758592697 ], [ -75.041855919279797, 40.072948186862902 ], [ -75.042343098424197, 40.073140244300099 ], [ -75.042731781792597, 40.073320474966998 ], [ -75.042998386709996, 40.073459813379898 ], [ -75.043382622963094, 40.0735448961711 ], [ -75.043675212923404, 40.073653163200703 ], [ -75.043890362015105, 40.073841975254503 ], [ -75.043880511786, 40.0740888486893 ], [ -75.043813488827695, 40.074321704341401 ], [ -75.043582327693997, 40.074740776148197 ], [ -75.043483605734295, 40.074941205132198 ], [ -75.043473048670506, 40.075020467742597 ], [ -75.043448276846405, 40.075206486116599 ], [ -75.043506111940104, 40.075410602196101 ], [ -75.043818408956099, 40.075851977392801 ], [ -75.043984126476303, 40.076039623239602 ], [ -75.044202726921597, 40.0763489021315 ], [ -75.0443771885693, 40.076524080884802 ], [ -75.044611936873807, 40.0767223541908 ], [ -75.044744368378602, 40.076830520391503 ], [ -75.044829454793799, 40.076971915435401 ], [ -75.044895283457805, 40.077182554090697 ], [ -75.044963638471302, 40.077329893157398 ], [ -75.045056715029801, 40.077477813143602 ], [ -75.045183508780099, 40.077607517194501 ], [ -75.045351001391893, 40.077750853056102 ], [ -75.045616619421295, 40.0779155053728 ], [ -75.045955897163296, 40.078094560726001 ], [ -75.046313171823201, 40.078236023222203 ], [ -75.046720393393002, 40.078365987102899 ], [ -75.047072206851396, 40.078437623590098 ], [ -75.047433269498498, 40.078484130925098 ], [ -75.047781130466106, 40.078447958377403 ], [ -75.048185412622303, 40.078444792036301 ], [ -75.048834006691607, 40.078520228100601 ], [ -75.049410075591098, 40.078552774819997 ], [ -75.049738936650598, 40.078579511489501 ], [ -75.049960921713406, 40.078597397482199 ], [ -75.050158943517104, 40.078595713426601 ], [ -75.050391691358399, 40.078550493444297 ], [ -75.050650166024994, 40.078480532636 ], [ -75.050968087416607, 40.0783676142837 ], [ -75.051229836638399, 40.078215361773204 ], [ -75.051508315280003, 40.078057163550397 ], [ -75.051687659757803, 40.077902973313897 ], [ -75.051867254021701, 40.077742454326398 ], [ -75.051987906494602, 40.077612229420303 ], [ -75.052130006128095, 40.0775648778895 ], [ -75.052344757534101, 40.077557246716303 ], [ -75.052633164569301, 40.077564016233801 ], [ -75.052914593507694, 40.077538939595399 ], [ -75.053254709667797, 40.077489897503398 ], [ -75.053463485463496, 40.077425100462897 ], [ -75.053624832981399, 40.077308501073901 ], [ -75.053779322496496, 40.077156892643998 ], [ -75.053870029687104, 40.076949932205402 ], [ -75.053931359507004, 40.076444489720899 ], [ -75.053967909777498, 40.076147554379503 ], [ -75.053997160067894, 40.076034190757099 ], [ -75.054149002615205, 40.075949049395298 ], [ -75.054315566364195, 40.075908605308001 ], [ -75.054561510998397, 40.075946053959399 ], [ -75.054794550091799, 40.076097139274303 ], [ -75.054986412256298, 40.076253810866099 ], [ -75.055174869109905, 40.076492663168899 ], [ -75.055347098121302, 40.076724798478899 ], [ -75.055377949626305, 40.076792519061797 ], [ -75.055422961239401, 40.0768913143962 ], [ -75.055506559799596, 40.0770706830126 ], [ -75.0558041556028, 40.077261403810802 ], [ -75.056241835715198, 40.077455408283797 ], [ -75.056534466504303, 40.077563644439202 ], [ -75.056777653188306, 40.077670719327202 ], [ -75.057039580298493, 40.077721208421799 ], [ -75.057302516593595, 40.077746377784202 ], [ -75.057519027177804, 40.077694426063502 ], [ -75.0576898628713, 40.077546365400799 ], [ -75.057898435048799, 40.077278801782697 ], [ -75.058125496308094, 40.076960984463398 ], [ -75.058352806746896, 40.076636834631898 ], [ -75.058600108879006, 40.0762244511183 ], [ -75.058693063308795, 40.0759605136953 ], [ -75.058777145184806, 40.075712211488202 ], [ -75.0590486138816, 40.075522151669098 ], [ -75.059451417066001, 40.075347838432101 ], [ -75.059902155010107, 40.075212662747496 ], [ -75.060459757507303, 40.075086321633201 ], [ -75.061064540040405, 40.075018106130599 ], [ -75.061702531715696, 40.074944327297501 ], [ -75.062209686743103, 40.074842142238403 ], [ -75.062610721987099, 40.074712128889097 ], [ -75.063045468442894, 40.074563894894503 ], [ -75.063262716781196, 40.074492941541699 ], [ -75.063476454211497, 40.0745106106476 ], [ -75.063620258083603, 40.074628020882798 ], [ -75.063711116296105, 40.074832896438302 ], [ -75.063823683431906, 40.075114312000103 ], [ -75.063946875785106, 40.075335782536797 ], [ -75.063920365984501, 40.075588602703803 ], [ -75.063813713349901, 40.075782526260603 ], [ -75.063649129787294, 40.0759814317123 ], [ -75.063348939074402, 40.0762722060608 ], [ -75.063048746888796, 40.076562981447999 ], [ -75.062739057758705, 40.076885211094101 ], [ -75.062517536866096, 40.077063776172402 ], [ -75.062322993851296, 40.077185947479997 ], [ -75.062174420144004, 40.077188808882497 ], [ -75.061960674686304, 40.077171135558103 ], [ -75.061762907082894, 40.077166509650397 ], [ -75.061604587340895, 40.077207160047799 ], [ -75.0615266619062, 40.077300376435602 ], [ -75.061487176884995, 40.077464189527497 ], [ -75.061518215045893, 40.077721521852197 ], [ -75.061631781509504, 40.077977621157601 ], [ -75.061706907605299, 40.078163120978502 ], [ -75.0617937897254, 40.078260194360098 ], [ -75.061897149767802, 40.0783576512857 ], [ -75.061982775583701, 40.078486374889799 ], [ -75.062068905896098, 40.0786024370544 ], [ -75.062062633587999, 40.078760690968501 ], [ -75.062038374630902, 40.078956540097003 ], [ -75.061997635394107, 40.079152003769302 ], [ -75.061841024611397, 40.079357428612099 ], [ -75.061678933607396, 40.079493028507599 ], [ -75.061519855569003, 40.079552668672598 ], [ -75.061329568885, 40.079567224681803 ], [ -75.061146773383399, 40.079600964044801 ], [ -75.060995931894496, 40.0796607944012 ], [ -75.060826604047705, 40.079770881989901 ], [ -75.060639286936606, 40.079918561595498 ], [ -75.060436741474803, 40.080034206565301 ], [ -75.060235454238097, 40.080118199059299 ], [ -75.059925027544594, 40.080250326692898 ], [ -75.059623091642706, 40.080376314337499 ], [ -75.059411047723202, 40.080523415007598 ], [ -75.059164784889703, 40.080701393938199 ], [ -75.058992731774296, 40.080954776583901 ], [ -75.058972177159603, 40.081024838913798 ], [ -75.058822236106494, 40.081277242439597 ], [ -75.058656584983794, 40.081421793313098 ], [ -75.058479240200995, 40.081525124886802 ], [ -75.058315617347603, 40.081618540808599 ], [ -75.058107224157396, 40.081664841150896 ], [ -75.057887341009902, 40.081664809721197 ], [ -75.057686820713499, 40.081680586145403 ], [ -75.057530662680605, 40.081753702327902 ], [ -75.057397479332494, 40.081919485604999 ], [ -75.057306936641197, 40.0821860728038 ], [ -75.057359744065494, 40.082366450158098 ], [ -75.057433739783903, 40.082516613584303 ], [ -75.057625938826206, 40.082710493037602 ], [ -75.057866567119206, 40.0828594415661 ], [ -75.058141292802205, 40.0829887146487 ], [ -75.058405548870496, 40.083046085468403 ], [ -75.058705928541897, 40.083032647861003 ], [ -75.059038785594097, 40.0830404415819 ], [ -75.059303244330707, 40.083092697134298 ], [ -75.059464800957997, 40.083219317532297 ], [ -75.059446175354495, 40.083520859874099 ], [ -75.059422918248998, 40.083771110025701 ], [ -75.059399663244406, 40.084021362023897 ], [ -75.059406548349401, 40.0843516519421 ], [ -75.059424452472598, 40.084572156288502 ], [ -75.059454859928806, 40.084813427722104 ], [ -75.059539135786906, 40.085040603630198 ], [ -75.059656899381295, 40.085263446288899 ], [ -75.059806128283199, 40.085533090201999 ], [ -75.059921865092704, 40.085807067050901 ], [ -75.060036169139593, 40.086033200884899 ], [ -75.059974376318706, 40.086075560710398 ], [ -75.059100910681195, 40.086678845790402 ], [ -75.058722202547699, 40.0870921971851 ], [ -75.058282147195101, 40.0877919878724 ], [ -75.057696410127903, 40.088699471247701 ], [ -75.057069800060205, 40.089706294966497 ], [ -75.056460654339503, 40.090244242333803 ], [ -75.055689135336195, 40.090762122385698 ], [ -75.054242918968299, 40.091660421572399 ], [ -75.053909226088706, 40.091882895125202 ], [ -75.053598589256197, 40.092153890122098 ], [ -75.053015522114904, 40.092677581021199 ], [ -75.052940655712206, 40.092744228178901 ], [ -75.052642976530507, 40.0930092255795 ], [ -75.0521025821145, 40.093519468829903 ], [ -75.051488512763001, 40.094100277374501 ], [ -75.050754632223004, 40.094789181988197 ], [ -75.048430578196403, 40.0970849347705 ], [ -75.047118613938295, 40.098386497699799 ], [ -75.046214189372606, 40.0988025165666 ], [ -75.0455336279486, 40.099122577009297 ], [ -75.043598619086595, 40.100032554058203 ], [ -75.043212766692207, 40.100238129926097 ], [ -75.042616239080402, 40.100513411336799 ], [ -75.039859479437695, 40.101844563295103 ], [ -75.038565574136896, 40.102469903964199 ], [ -75.036971973440103, 40.103193001184401 ], [ -75.034975710969604, 40.104172904675501 ], [ -75.034400357061799, 40.104437699966702 ], [ -75.032999753812504, 40.105119178751799 ], [ -75.028886329494298, 40.102552349488001 ], [ -75.027914749908902, 40.101958239887303 ], [ -75.027637861078603, 40.101774988085701 ], [ -75.026969978892396, 40.101515354936801 ], [ -75.025658168166601, 40.101151400095802 ], [ -75.024066615008607, 40.1007468491145 ], [ -75.0239287762803, 40.100711979834799 ], [ -75.009787595158699, 40.111457118772698 ], [ -75.001798483811299, 40.104939821742001 ] ] ] } },
{ "type": "Feature", "properties": { "OBJECTID": 81, "ES_ID": "8410", "ES_NAME": "Pollock, Robert B", "MS_ID": "8140", "MS_NAME": "Meehan, Austin", "HS_ID": "8010", "HS_NAME": "Lincoln, Abraham", "GR_ID_K": "8410", "GR_ID_01": "8410", "GR_ID_02": "8410", "GR_ID_03": "8410", "GR_ID_04": "8410", "GR_ID_05": "8410", "GR_ID_06": "8410", "GR_ID_07": "8410", "GR_ID_08": "8140", "GR_ID_09": "8010", "GR_ID_10": "8010", "GR_ID_11": "8010", "GR_ID_12": "8010", "ES_GRADE": "K-7", "MS_GRADE": "8", "HS_GRADE": "9-12", "Shape__Area": 8934728.26171875, "Shape__Length": 14467.425106851 }, "geometry": { "type": "Polygon", "coordinates": [ [ [ -75.028451474458294, 40.080687486661901 ], [ -75.025380190174403, 40.078952512296198 ], [ -75.023716337042501, 40.078003834079098 ], [ -75.0217511090204, 40.076964544076603 ], [ -75.017146504475406, 40.0743518951165 ], [ -75.017052892367602, 40.074299486321102 ], [ -75.016838206670798, 40.074179292985797 ], [ -75.015066788186601, 40.073187528176298 ], [ -75.014090446257399, 40.072651746833799 ], [ -75.013129415606102, 40.072080774724398 ], [ -75.011332396156902, 40.071188145713897 ], [ -75.011402911912199, 40.071087686724503 ], [ -75.011457294441698, 40.070964554619302 ], [ -75.0115322560344, 40.070875656674197 ], [ -75.011665913025098, 40.070760740885099 ], [ -75.011738556460202, 40.070661242481698 ], [ -75.011822488335, 40.070486091601197 ], [ -75.011938478953397, 40.0703327938432 ], [ -75.012074195580894, 40.070234798120602 ], [ -75.012164674262294, 40.070169468177497 ], [ -75.012279132797303, 40.070054094308297 ], [ -75.012349711949895, 40.069937674947603 ], [ -75.012404007954203, 40.069816649766402 ], [ -75.012485385990999, 40.069704705458797 ], [ -75.012645421412898, 40.069548238473097 ], [ -75.0127821569384, 40.069424959109298 ], [ -75.012857709107905, 40.069321311496402 ], [ -75.012926245986904, 40.069255457438601 ], [ -75.013001118729207, 40.069168665879602 ], [ -75.013043252221706, 40.069076875723198 ], [ -75.0130964399021, 40.068983240366698 ], [ -75.0131451641723, 40.068864190647297 ], [ -75.013207002991805, 40.068760216207501 ], [ -75.013289761144804, 40.0686820479985 ], [ -75.013415802232203, 40.068619672587303 ], [ -75.013570902910999, 40.068585404681301 ], [ -75.013614501946606, 40.0685252845023 ], [ -75.013631761165598, 40.068369633080202 ], [ -75.013659820627197, 40.068218457603699 ], [ -75.013664070536393, 40.068113111538601 ], [ -75.013656330106997, 40.0680327879708 ], [ -75.013687154056299, 40.0679491639983 ], [ -75.013769485716296, 40.067881529506998 ], [ -75.0139112974677, 40.067836400553702 ], [ -75.014016185185795, 40.067822026613399 ], [ -75.014139564936599, 40.0677574786151 ], [ -75.014252146518103, 40.067688454646898 ], [ -75.014304736622606, 40.067609566600403 ], [ -75.0143477171369, 40.067496706919002 ], [ -75.014400284458404, 40.0673503326299 ], [ -75.014391672201199, 40.067223591076797 ], [ -75.014293753611597, 40.067065198341403 ], [ -75.014236653331295, 40.066983698732699 ], [ -75.014161121707701, 40.066882780357197 ], [ -75.014143431680907, 40.066776911903297 ], [ -75.014187880048198, 40.066695721590001 ], [ -75.014285983270298, 40.066645333699697 ], [ -75.014423498410096, 40.0665705769065 ], [ -75.014555017815894, 40.066508330781303 ], [ -75.014691766522105, 40.066452536226301 ], [ -75.014854664051001, 40.066428997405801 ], [ -75.014985248273405, 40.066389927186201 ], [ -75.015086008335203, 40.066341710352503 ], [ -75.015220013464202, 40.066285849884899 ], [ -75.015316308094498, 40.066212219459999 ], [ -75.015381563499602, 40.0660914538744 ], [ -75.015453153647897, 40.065949749751603 ], [ -75.015494602286793, 40.065874814819097 ], [ -75.015586769420395, 40.065767343139299 ], [ -75.015657679339597, 40.065642494126699 ], [ -75.015744312667195, 40.065399918468799 ], [ -75.015751276927304, 40.065227150443498 ], [ -75.015767596141103, 40.065094675979203 ], [ -75.015887609265405, 40.064977321634601 ], [ -75.016008046558696, 40.064849433086799 ], [ -75.016167892575297, 40.064697174964401 ], [ -75.016210698281796, 40.064588529279099 ], [ -75.016241346521198, 40.064509118388798 ], [ -75.016404298085902, 40.064415983777003 ], [ -75.016572393876004, 40.064331407025698 ], [ -75.016667835236603, 40.0642788454197 ], [ -75.016780916676794, 40.064197177497299 ], [ -75.016893489627904, 40.064128151828299 ], [ -75.017045640638003, 40.064030541586597 ], [ -75.017146734096599, 40.0639738952869 ], [ -75.017308664550598, 40.063906043167002 ], [ -75.017498355431101, 40.063830414415399 ], [ -75.0176684272855, 40.063764863894299 ], [ -75.017798357759901, 40.063605565919502 ], [ -75.017891707413895, 40.063468594808498 ], [ -75.0179513016746, 40.063351911154001 ], [ -75.018005581210204, 40.063230884154002 ], [ -75.018047873955894, 40.063134878318003 ], [ -75.018166437182501, 40.0630533394528 ], [ -75.018284151613699, 40.0629928704383 ], [ -75.018423293505194, 40.062945563369098 ], [ -75.018553953789706, 40.062904382630201 ], [ -75.018664374026301, 40.062820540317801 ], [ -75.018743528825993, 40.0627633720622 ], [ -75.018850442452901, 40.062698426993499 ], [ -75.019001569509498, 40.062626097948602 ], [ -75.019107296345695, 40.062590649379104 ], [ -75.019230492106303, 40.062530309713203 ], [ -75.019320444736493, 40.062477615557697 ], [ -75.019406099324399, 40.0623952933555 ], [ -75.019480447388204, 40.062321138091797 ], [ -75.019549649190907, 40.062238425692598 ], [ -75.019645933379195, 40.062164791623701 ], [ -75.019739729104302, 40.062084772025898 ], [ -75.019830075700895, 40.061954055332201 ], [ -75.019923756954299, 40.061808655796199 ], [ -75.019988153166906, 40.061708956680299 ], [ -75.020024279719607, 40.061629675973798 ], [ -75.020081833743106, 40.0615635570135 ], [ -75.020194738148504, 40.0614860995654 ], [ -75.0203322351514, 40.061411335653702 ], [ -75.020495627245793, 40.061375148278103 ], [ -75.020581505068293, 40.061287207070599 ], [ -75.020704357567297, 40.061167104184101 ], [ -75.020818955929897, 40.061047507934397 ], [ -75.020946500500699, 40.060947198940902 ], [ -75.020999417775002, 40.060859881091602 ], [ -75.021052842330207, 40.060759920831501 ], [ -75.021124752863898, 40.060609785467797 ], [ -75.021168566356906, 40.0604758532224 ], [ -75.021244349991207, 40.060365879766003 ], [ -75.021369604394906, 40.060322458214998 ], [ -75.021503763159998, 40.060262375710501 ], [ -75.021571151183096, 40.0601564205217 ], [ -75.021642382014804, 40.060023140109998 ], [ -75.021759040288202, 40.059920463295903 ], [ -75.021849464827994, 40.059787638538999 ], [ -75.021898082389797, 40.059670692408801 ], [ -75.021969396780193, 40.059535305330499 ], [ -75.022015271420699, 40.059418294029697 ], [ -75.022083166192502, 40.059299696172502 ], [ -75.022147555679993, 40.059199995805102 ], [ -75.022272438129093, 40.059097514682499 ], [ -75.022431409404206, 40.058966316908403 ], [ -75.022568275246599, 40.0588388120091 ], [ -75.022686654952906, 40.058761482255797 ], [ -75.022781575528697, 40.058721557023397 ], [ -75.022882148093998, 40.058677547129498 ], [ -75.022977068437299, 40.0586376217354 ], [ -75.023094770957897, 40.058577146879202 ], [ -75.023184883555004, 40.0585202358372 ], [ -75.023258715119795, 40.058458719582397 ], [ -75.023360472527798, 40.058385213408002 ], [ -75.023467376009606, 40.058320264056903 ], [ -75.023645399366401, 40.058261221051701 ], [ -75.023806124346194, 40.058222855622098 ], [ -75.023939091444902, 40.058192267935702 ], [ -75.024007860302405, 40.058120086943703 ], [ -75.024132314674503, 40.0580281379046 ], [ -75.024206312988198, 40.057962407187297 ], [ -75.024258714635593, 40.057887729268899 ], [ -75.024323608679097, 40.057775386228599 ], [ -75.024316873861594, 40.057669779511599 ], [ -75.024281755577405, 40.057519212521001 ], [ -75.024261564901906, 40.057406959346402 ], [ -75.024249177178106, 40.057305436346702 ], [ -75.024271046288703, 40.057170983356897 ], [ -75.024288024162004, 40.057021652324998 ], [ -75.024220206879093, 40.0569335771429 ], [ -75.024106063971004, 40.056905561039301 ], [ -75.023909665707095, 40.056875593979498 ], [ -75.023734440328994, 40.056865109750802 ], [ -75.023615576096205, 40.056818001274699 ], [ -75.023521442301004, 40.056701884709497 ], [ -75.023453201784207, 40.0566243431551 ], [ -75.023401244197203, 40.056551406739899 ], [ -75.023359653993495, 40.056446922587902 ], [ -75.023300038130799, 40.056338110832698 ], [ -75.023195277007503, 40.056213306055 ], [ -75.023068241821306, 40.056096408168798 ], [ -75.022924586824104, 40.055983333470301 ], [ -75.022843570912698, 40.055882290573898 ], [ -75.022819085267301, 40.055740410205502 ], [ -75.022860859493207, 40.055657044956398 ], [ -75.022965662109698, 40.055507689403797 ], [ -75.022991322919097, 40.055415505040799 ], [ -75.022962994916398, 40.055300949934399 ], [ -75.022954435000301, 40.055195299745002 ], [ -75.023020054300204, 40.055125550455401 ], [ -75.023088567756801, 40.0550445309363 ], [ -75.023298710226399, 40.054800665008301 ], [ -75.023299441045594, 40.054714215207099 ], [ -75.023260568020405, 40.054588865737003 ], [ -75.023307876683305, 40.054436035935197 ], [ -75.023445155106103, 40.054297995850398 ], [ -75.023425644187398, 40.054168887212299 ], [ -75.023280469585302, 40.054093737393401 ], [ -75.022493831671994, 40.053864170968303 ], [ -75.022363752522395, 40.053823122002498 ], [ -75.022229545540796, 40.053748231210101 ], [ -75.022098450164194, 40.053732464879502 ], [ -75.021920037321095, 40.053664959724898 ], [ -75.021639134355496, 40.053552842717401 ], [ -75.0215200231913, 40.053512052348303 ], [ -75.021312330094204, 40.053490248022698 ], [ -75.021089202700594, 40.053442769610697 ], [ -75.020936513552698, 40.053418053299303 ], [ -75.020827862454894, 40.053390165122302 ], [ -75.020771103694997, 40.053300241029703 ], [ -75.0207163804902, 40.053159751090398 ], [ -75.020697837384802, 40.0530749526962 ], [ -75.020712533608105, 40.052982508286803 ], [ -75.020770757652897, 40.052899534568503 ], [ -75.020830508365094, 40.052778635561197 ], [ -75.020880138537606, 40.052636406864899 ], [ -75.020918971338403, 40.0524897038039 ], [ -75.020891665130094, 40.052349864343 ], [ -75.020825244723, 40.052142090351701 ], [ -75.021070986317795, 40.052073240394201 ], [ -75.021348409628004, 40.051940434841697 ], [ -75.021486314105999, 40.051791643443998 ], [ -75.021608504875203, 40.051623471801399 ], [ -75.021823341561799, 40.0514068104115 ], [ -75.022027902395607, 40.051240592676599 ], [ -75.022233477851799, 40.0510490555735 ], [ -75.022588465294703, 40.050832550702196 ], [ -75.022874626441606, 40.050687279345198 ], [ -75.0240072139636, 40.0502009371505 ], [ -75.024609931346404, 40.049974464906803 ], [ -75.025021927561895, 40.049775148579101 ], [ -75.025489797269401, 40.049621506855203 ], [ -75.0258974658433, 40.049529796136497 ], [ -75.026326033846104, 40.049455166147503 ], [ -75.027018580122004, 40.049328276733 ], [ -75.027503914905594, 40.049355621414797 ], [ -75.027730989947699, 40.049449707116899 ], [ -75.027906863636304, 40.049586933529397 ], [ -75.028023052140895, 40.049773434278798 ], [ -75.028114275184706, 40.049965677780399 ], [ -75.028249474922603, 40.050089266546003 ], [ -75.028403945964996, 40.050143614221703 ], [ -75.028658273799195, 40.050174985090301 ], [ -75.028963545151697, 40.050169542980498 ], [ -75.029219905352804, 40.050150271017401 ], [ -75.0296482233299, 40.0501604146285 ], [ -75.0300919992969, 40.050196266586497 ], [ -75.030781105525094, 40.050282278594999 ], [ -75.031161814150906, 40.050337755130002 ], [ -75.031388723132295, 40.050370818219299 ], [ -75.031559808042104, 40.050395748792504 ], [ -75.031824403129207, 40.0503766649841 ], [ -75.032025890900599, 40.050286391888598 ], [ -75.032156236531407, 40.050175639366401 ], [ -75.032401375108094, 40.049968967656298 ], [ -75.032505164336499, 40.049641945512498 ], [ -75.032606162499505, 40.049384555555903 ], [ -75.032736861824901, 40.049106642866803 ], [ -75.032761654138795, 40.049001732167604 ], [ -75.032759248051406, 40.048855946084103 ], [ -75.032753423073999, 40.048589692984798 ], [ -75.032830723490704, 40.048306396591897 ], [ -75.033013073595498, 40.048076275401201 ], [ -75.033120531139005, 40.047863389497799 ], [ -75.033188578483902, 40.047605220693001 ], [ -75.033206193564794, 40.047371202142998 ], [ -75.033250291649495, 40.047093457374402 ], [ -75.033328603223595, 40.046784841602502 ], [ -75.033464316924906, 40.046483918589999 ], [ -75.033620936560993, 40.046278532010199 ], [ -75.033807965062493, 40.046137225442799 ], [ -75.034093323522001, 40.046010914084299 ], [ -75.034407826782299, 40.045980333218402 ], [ -75.034779223318694, 40.0459701040295 ], [ -75.035172292362006, 40.0460364193884 ], [ -75.035546606314298, 40.046159315111801 ], [ -75.035885698708, 40.046338401399701 ], [ -75.036241772503502, 40.046505215418399 ], [ -75.036586068450802, 40.0467604559798 ], [ -75.036931378311493, 40.0469903745959 ], [ -75.0371950838678, 40.047199357296002 ], [ -75.037407601508505, 40.047451482196102 ], [ -75.037678280667393, 40.047692308463397 ], [ -75.037894089854603, 40.047862142244 ], [ -75.038232692109005, 40.048053882062803 ], [ -75.038482967933106, 40.048186510232398 ], [ -75.038955636000196, 40.0483243883371 ], [ -75.039232902156201, 40.048400627846497 ], [ -75.039574291387098, 40.048522732101702 ], [ -75.039987283090298, 40.048709885527799 ], [ -75.039938262754106, 40.048905147419298 ], [ -75.039870239745596, 40.0491633211033 ], [ -75.039812889987701, 40.049773397999701 ], [ -75.039853607766503, 40.050198875340001 ], [ -75.039827272070895, 40.050445360098003 ], [ -75.0397731903048, 40.050767224562499 ], [ -75.039692880462496, 40.051126484665097 ], [ -75.0396403160495, 40.051410366831199 ], [ -75.039499817199101, 40.051831568685998 ], [ -75.0392673149437, 40.052285448577699 ], [ -75.039129551472399, 40.052549734355701 ], [ -75.039097657765794, 40.052610919112901 ], [ -75.039052315251496, 40.052920318062498 ], [ -75.039052458464894, 40.053123075993 ], [ -75.039004186499497, 40.0532993448602 ], [ -75.038888755501901, 40.053505710714397 ], [ -75.038754824900096, 40.053762331222003 ], [ -75.038571719996597, 40.054011452121301 ], [ -75.038406103240604, 40.054235641656398 ], [ -75.037856652670996, 40.054986166048799 ], [ -75.037663025710202, 40.055292062993999 ], [ -75.037493606388907, 40.055611201789802 ], [ -75.037225585349304, 40.055921677779203 ], [ -75.037017503645899, 40.056176542872898 ], [ -75.036631756300295, 40.056750351447398 ], [ -75.036445597100197, 40.057075430619101 ], [ -75.036345613713706, 40.057307503853998 ], [ -75.036308113721006, 40.057626589743897 ], [ -75.036344725964199, 40.0578657034429 ], [ -75.036354385895294, 40.057947167737701 ], [ -75.0363599704948, 40.058185388175701 ], [ -75.036351614393396, 40.058394281690902 ], [ -75.036286993937495, 40.058772919066598 ], [ -75.036228703482095, 40.058993304622 ], [ -75.036168133519496, 40.059270661179099 ], [ -75.036120240842706, 40.059643358307902 ], [ -75.036027363999295, 40.060315955864397 ], [ -75.035960073259901, 40.060555137306501 ], [ -75.035871107379705, 40.060717774136698 ], [ -75.035863256048202, 40.0609140062599 ], [ -75.035946531122704, 40.061099719502501 ], [ -75.036079491589206, 40.061280269187399 ], [ -75.036229181630304, 40.061454879448398 ], [ -75.036342878761502, 40.061704671051899 ], [ -75.036382939051293, 40.061940051915201 ], [ -75.036451647777, 40.062283822863101 ], [ -75.0365472264875, 40.062574369759801 ], [ -75.036646729447895, 40.062766801817702 ], [ -75.036908216842207, 40.063032755131204 ], [ -75.037129781126396, 40.063266085123402 ], [ -75.037352862259397, 40.063461434206502 ], [ -75.0375048385079, 40.063579072641403 ], [ -75.037655548663395, 40.0637283583292 ], [ -75.037887126972294, 40.063917571592697 ], [ -75.038151407405493, 40.064113891474598 ], [ -75.038383748743001, 40.064284113108499 ], [ -75.038696704676894, 40.064500588037198 ], [ -75.038922833906298, 40.064619972420097 ], [ -75.039186108188304, 40.064841609890799 ], [ -75.0394416523595, 40.065050392887997 ], [ -75.039762221753307, 40.065282885711703 ], [ -75.039995834532505, 40.065421452044703 ], [ -75.040196238398593, 40.065565571794401 ], [ -75.040496777306203, 40.065680371542001 ], [ -75.040952080966704, 40.065843172703701 ], [ -75.041046010407797, 40.065877420433303 ], [ -75.041175372208301, 40.065924586474999 ], [ -75.041050307247801, 40.066202462882103 ], [ -75.040273390226105, 40.067928601376899 ], [ -75.039902289214794, 40.068724591006102 ], [ -75.039529236827505, 40.069366659419799 ], [ -75.039374479022797, 40.069563434949998 ], [ -75.038952804955699, 40.070064801861399 ], [ -75.037977639834395, 40.071086794531098 ], [ -75.036882317369503, 40.072217280183501 ], [ -75.034842041796495, 40.074316119774402 ], [ -75.033946423936101, 40.0752339506585 ], [ -75.033458067028604, 40.075741646861999 ], [ -75.032653298309597, 40.076572008123001 ], [ -75.030246727247899, 40.079067205632001 ], [ -75.029362739842497, 40.079973636225802 ], [ -75.028607655198002, 40.080779190817204 ], [ -75.028451474458294, 40.080687486661901 ] ] ] } },
{ "type": "Feature", "properties": { "OBJECTID": 82, "ES_ID": "8420", "ES_NAME": "Decatur, Stephen", "MS_ID": "8420", "MS_NAME": "Decatur, Stephen", "HS_ID": "8030", "HS_NAME": "Washington, George", "GR_ID_K": "8420", "GR_ID_01": "8420", "GR_ID_02": "8420", "GR_ID_03": "8420", "GR_ID_04": "8420", "GR_ID_05": "8420", "GR_ID_06": "8420", "GR_ID_07": "8420", "GR_ID_08": "8420", "GR_ID_09": "8030", "GR_ID_10": "8030", "GR_ID_11": "8030", "GR_ID_12": "8030", "ES_GRADE": "K-8", "MS_GRADE": "K-8", "HS_GRADE": "9-12", "Shape__Area": 13897391.2460938, "Shape__Length": 18351.245580008599 }, "geometry": { "type": "Polygon", "coordinates": [ [ [ -74.974613580840895, 40.119918623461402 ], [ -74.974537648798005, 40.119857294202703 ], [ -74.974428252012999, 40.1198053131046 ], [ -74.9742888688709, 40.119793242656598 ], [ -74.974077075237105, 40.119795385611198 ], [ -74.973609401209302, 40.119814569262601 ], [ -74.973367868470305, 40.119804383531097 ], [ -74.973112407840603, 40.1197880571779 ], [ -74.972992787976693, 40.119801131848199 ], [ -74.972820911707302, 40.119820924243299 ], [ -74.972673535167601, 40.119796324059102 ], [ -74.972560437003096, 40.119696364463799 ], [ -74.972507421796806, 40.1195601264318 ], [ -74.972430132294903, 40.1195089206837 ], [ -74.9722406088177, 40.119428881849998 ], [ -74.972057471335404, 40.119308365069898 ], [ -74.971934694778597, 40.119213975693 ], [ -74.971860123446902, 40.119142519710302 ], [ -74.971786505546802, 40.119047865264797 ], [ -74.971711485783302, 40.1188951327429 ], [ -74.971604465190893, 40.118808379962502 ], [ -74.971495964982907, 40.1187346505166 ], [ -74.971297909248904, 40.118586201068702 ], [ -74.971208484545102, 40.1184621426207 ], [ -74.971142955355404, 40.1183546248905 ], [ -74.971021464846302, 40.118113697631003 ], [ -74.970915597433404, 40.117929744854401 ], [ -74.970844128203595, 40.117759682521303 ], [ -74.9707521043197, 40.117652974910698 ], [ -74.9706152949407, 40.117532123732801 ], [ -74.970452826014807, 40.117391787348097 ], [ -74.970348321302495, 40.1171977091591 ], [ -74.970269455913893, 40.1170927699239 ], [ -74.970180139055898, 40.117012247448599 ], [ -74.970035701405195, 40.116962319011598 ], [ -74.969892421849707, 40.116976268178497 ], [ -74.969777101749102, 40.1170228198785 ], [ -74.969620441375795, 40.116994361629096 ], [ -74.969480669385305, 40.116922777255297 ], [ -74.969326559007797, 40.1168552008427 ], [ -74.969204007551596, 40.116824664486998 ], [ -74.969087690560499, 40.116849424249097 ], [ -74.968918147758998, 40.116881601842699 ], [ -74.968686928596, 40.116942764289398 ], [ -74.968441239849, 40.117034047752199 ], [ -74.968321311408602, 40.1171008029715 ], [ -74.968218019948296, 40.117176666687797 ], [ -74.968126300721096, 40.117223788610502 ], [ -74.968036226485495, 40.1172999710274 ], [ -74.967891910496803, 40.117408220287999 ], [ -74.967733721916304, 40.117532093477301 ], [ -74.967541423838, 40.117658046157501 ], [ -74.967485193904395, 40.117807606695102 ], [ -74.9674631562808, 40.117883984287403 ], [ -74.967355149375194, 40.117936515293103 ], [ -74.967123941159599, 40.117951235612601 ], [ -74.966951372274096, 40.1180109117184 ], [ -74.966722752053101, 40.118054717357097 ], [ -74.966534319447305, 40.118086434317597 ], [ -74.9663854826495, 40.118120562012301 ], [ -74.966080885997698, 40.118242342230999 ], [ -74.965921236705498, 40.118309584131701 ], [ -74.965774407179595, 40.118340856402703 ], [ -74.965593687246994, 40.118414843109697 ], [ -74.965431912198497, 40.1184878384787 ], [ -74.965334219085406, 40.118565286918603 ], [ -74.965261907623898, 40.118623032598798 ], [ -74.965149357116402, 40.118671098494602 ], [ -74.964994632934093, 40.118664448958498 ], [ -74.964837085278603, 40.118634512027299 ], [ -74.964734657864, 40.118597202030799 ], [ -74.964628988817694, 40.118546755096702 ], [ -74.964535482977098, 40.118476285340499 ], [ -74.964489366347806, 40.118402609476902 ], [ -74.964509078396901, 40.118244911127199 ], [ -74.964489237542296, 40.1181297881161 ], [ -74.964418479097802, 40.117988763033203 ], [ -74.964334276828396, 40.117829996312999 ], [ -74.964282073203506, 40.117628471254598 ], [ -74.964207219629301, 40.117403179529703 ], [ -74.964137002614706, 40.117321256910898 ], [ -74.963998806221795, 40.117231246378097 ], [ -74.9638309053244, 40.117131400698803 ], [ -74.963736272294597, 40.117088474795402 ], [ -74.963576371664203, 40.117046871413102 ], [ -74.963411315992204, 40.116992805405602 ], [ -74.963295255515007, 40.116896393966101 ], [ -74.963221191324493, 40.116766895535299 ], [ -74.963175553218207, 40.116682728678697 ], [ -74.963151550616203, 40.116506900208798 ], [ -74.963142225149099, 40.1163659114642 ], [ -74.963156455545004, 40.1162037255271 ], [ -74.963134072974199, 40.116104504883303 ], [ -74.963115465914399, 40.116005373935899 ], [ -74.963112156116395, 40.115879041839897 ], [ -74.963147594110595, 40.115798635764001 ], [ -74.963250094002504, 40.115650200317603 ], [ -74.963324179683198, 40.115503250465103 ], [ -74.963395929891604, 40.1152981987305 ], [ -74.963414372407001, 40.115217380709403 ], [ -74.963349734312501, 40.115134549278302 ], [ -74.963249358041296, 40.115001511682898 ], [ -74.963146187855003, 40.114775531892597 ], [ -74.963101642486905, 40.114617726111298 ], [ -74.963249517858102, 40.114468937928997 ], [ -74.963457743153995, 40.114208420370097 ], [ -74.963670430431307, 40.114000253833701 ], [ -74.964001641999005, 40.113690475016703 ], [ -74.964091973519103, 40.113562057844099 ], [ -74.964139216205595, 40.113470328113301 ], [ -74.964157069827493, 40.113380789573696 ], [ -74.964138166422799, 40.113288907940799 ], [ -74.9640226813693, 40.113017643637498 ], [ -74.963920162833205, 40.112637857422897 ], [ -74.963879175469003, 40.112439506110199 ], [ -74.963884226766595, 40.112201636518598 ], [ -74.963880703819697, 40.112011450226497 ], [ -74.963850412684906, 40.111920742403797 ], [ -74.9637848101017, 40.11174646501 ], [ -74.9637772949648, 40.111653408520503 ], [ -74.963796571509704, 40.111552293293499 ], [ -74.963852417881796, 40.111481089546302 ], [ -74.963935891153298, 40.111381529878003 ], [ -74.964046529950707, 40.111218777528599 ], [ -74.964105594426997, 40.1110692890325 ], [ -74.964121450376695, 40.110959383825801 ], [ -74.9641214897281, 40.110866510404399 ], [ -74.964040831319707, 40.110713635530999 ], [ -74.963903176887399, 40.110568084757297 ], [ -74.963839373313306, 40.110464958134699 ], [ -74.963841061091301, 40.110377928450198 ], [ -74.963813153050296, 40.110229233081597 ], [ -74.963746889388801, 40.110094120897898 ], [ -74.963710595021993, 40.109965537835997 ], [ -74.963710513372305, 40.109875564716397 ], [ -74.963771922372302, 40.109760959637498 ], [ -74.963891525627304, 40.109610034120799 ], [ -74.963978533173304, 40.109516365714903 ], [ -74.964075318732696, 40.109460663859203 ], [ -74.964235108710398, 40.109435512909897 ], [ -74.964409846386303, 40.109506499715003 ], [ -74.964509338955594, 40.109476984257498 ], [ -74.964602825549093, 40.109409593538899 ], [ -74.964680152557094, 40.1093214948148 ], [ -74.964738499202696, 40.109189401869301 ], [ -74.964765206800706, 40.109091368882098 ], [ -74.964810319740806, 40.109005391155002 ], [ -74.964906824579899, 40.108910501431602 ], [ -74.965088829087705, 40.108804621594302 ], [ -74.965206238955105, 40.108660897112699 ], [ -74.965387240938199, 40.108395364112198 ], [ -74.965516632850196, 40.108235967057901 ], [ -74.965581502169897, 40.108153085139101 ], [ -74.965585668263003, 40.108073659260903 ], [ -74.965504100854901, 40.107988967278899 ], [ -74.965432390114501, 40.1078943570758 ], [ -74.965368947605398, 40.107782532066402 ], [ -74.965295843460297, 40.107629839180298 ], [ -74.965212483372795, 40.107450778461299 ], [ -74.965123682415197, 40.107312217907499 ], [ -74.965018226722506, 40.107210983524602 ], [ -74.964726538311595, 40.107180699645703 ], [ -74.964421752537206, 40.107147195341902 ], [ -74.9641957875332, 40.107127208609398 ], [ -74.963958492205805, 40.107106945968901 ], [ -74.963710707690694, 40.107066114863898 ], [ -74.963517334092501, 40.106988868641999 ], [ -74.963336598917707, 40.106880004320502 ], [ -74.963250027815207, 40.106779227755098 ], [ -74.963213723994798, 40.106659104380398 ], [ -74.963270058234997, 40.106567843214798 ], [ -74.963389475928807, 40.106515555089302 ], [ -74.963466089253501, 40.106488426284599 ], [ -74.963596261458804, 40.1064480458665 ], [ -74.963659297186695, 40.106385722683903 ], [ -74.9636709023615, 40.106287324809998 ], [ -74.963617756200193, 40.106108994109903 ], [ -74.9636930935404, 40.105977312561301 ], [ -74.963786576120498, 40.105909922489801 ], [ -74.963907801157703, 40.105811279650297 ], [ -74.963963763094796, 40.1057371745827 ], [ -74.963945874958597, 40.1056206478587 ], [ -74.963797696382599, 40.105547400464303 ], [ -74.963592760710597, 40.105475680569199 ], [ -74.963399631254305, 40.105392637038499 ], [ -74.963184561756293, 40.105291647226402 ], [ -74.962964881385702, 40.105210860802799 ], [ -74.962693632016297, 40.1051433363927 ], [ -74.962556188698699, 40.10508485938 ], [ -74.962499468464202, 40.1049935129586 ], [ -74.962429316288194, 40.104861206052099 ], [ -74.962433369943696, 40.1047626260589 ], [ -74.9624679897655, 40.104656079214998 ], [ -74.962539730709196, 40.104519956310099 ], [ -74.962378441117195, 40.104352064799897 ], [ -74.962092148968594, 40.104144861946402 ], [ -74.961993083768306, 40.104026365369897 ], [ -74.961767328415206, 40.103817727324 ], [ -74.961565025028094, 40.1036822165267 ], [ -74.961402825584102, 40.103582505494003 ], [ -74.961228701567606, 40.1034970158452 ], [ -74.961141888955197, 40.103443648808501 ], [ -74.961020159503505, 40.103329426774401 ], [ -74.960989995285004, 40.103235820480798 ], [ -74.9609952438677, 40.103108244093399 ], [ -74.961024892890705, 40.1030306015207 ], [ -74.961089781744505, 40.102785476207899 ], [ -74.961199241618999, 40.102605285735599 ], [ -74.961202743966595, 40.102428327814302 ], [ -74.961235135760404, 40.102283997517802 ], [ -74.961290660364597, 40.102128617126397 ], [ -74.961282167463693, 40.101990550500602 ], [ -74.9611782072474, 40.101876290141703 ], [ -74.961101780272102, 40.101804779543599 ], [ -74.9610617184414, 40.101676103947597 ], [ -74.961125790872899, 40.101404838505303 ], [ -74.961226604790696, 40.101296997235799 ], [ -74.9613948036625, 40.101158862715302 ], [ -74.9614779088799, 40.101068003124098 ], [ -74.961643403084906, 40.100903681446802 ], [ -74.961701509900294, 40.100777388894798 ], [ -74.961744275289007, 40.100656528041597 ], [ -74.961768401789996, 40.100529410399901 ], [ -74.961800791510001, 40.100385079025401 ], [ -74.961847133766895, 40.100177235087898 ], [ -74.9618542494282, 40.100096141672701 ], [ -74.961890196481804, 40.099911265360902 ], [ -74.961932722471303, 40.099796204260599 ], [ -74.961995776487001, 40.099687443907897 ], [ -74.962020357398899, 40.099595165527099 ], [ -74.961986060163298, 40.099510165400098 ], [ -74.961918138914797, 40.099415644518402 ], [ -74.961815998960006, 40.099326095674499 ], [ -74.961739217542799, 40.099263285711402 ], [ -74.961680139137201, 40.099183489135697 ], [ -74.961758412250404, 40.0990721965955 ], [ -74.9620710911923, 40.098775034329002 ], [ -74.962078344927704, 40.098644605985299 ], [ -74.961908385435294, 40.098504074162904 ], [ -74.961724257632198, 40.0983864172794 ], [ -74.961606899069906, 40.098299404133101 ], [ -74.961588062968303, 40.098206071803197 ], [ -74.961660315837193, 40.098103339489199 ], [ -74.961775031450202, 40.0980248568194 ], [ -74.961810482387094, 40.097898013840201 ], [ -74.961788823318699, 40.097781395117401 ], [ -74.961723488356995, 40.097715959464303 ], [ -74.961619562440902, 40.097669903313701 ], [ -74.961414654048397, 40.097598179527601 ], [ -74.961190987831699, 40.097523097045702 ], [ -74.961060276149993, 40.097485098526199 ], [ -74.960924479421493, 40.097478901521001 ], [ -74.960791261864799, 40.097501790519097 ], [ -74.960679746489106, 40.097548424824502 ], [ -74.960569184142003, 40.097571863281097 ], [ -74.960463350526098, 40.0975721957088 ], [ -74.960078294167403, 40.097469977522799 ], [ -74.959734292243098, 40.097380362160003 ], [ -74.959626950657693, 40.097325515076903 ], [ -74.959476213951305, 40.0972231758265 ], [ -74.959375707699195, 40.097185909485397 ], [ -74.9587672010734, 40.096907140916102 ], [ -74.958516015063196, 40.0968167559395 ], [ -74.958252376576695, 40.096702967131201 ], [ -74.958168286994706, 40.0966341715122 ], [ -74.958095606895199, 40.0965177635169 ], [ -74.957996618291801, 40.096397815028197 ], [ -74.957653073347302, 40.096113747881802 ], [ -74.957354888005497, 40.095967191733003 ], [ -74.957209318706404, 40.095923022131799 ], [ -74.957059020958496, 40.095901957259798 ], [ -74.956899739170495, 40.095915500448697 ], [ -74.956640621656405, 40.0959672514334 ], [ -74.956462580789406, 40.095977436712602 ], [ -74.956286691582406, 40.095935431467097 ], [ -74.9561871448944, 40.095874964856598 ], [ -74.956092294458699, 40.095746408101903 ], [ -74.956114362280303, 40.095623595350098 ], [ -74.955838117392005, 40.095265698514403 ], [ -74.955760079079795, 40.095141901393703 ], [ -74.955761262677598, 40.0950214843038 ], [ -74.955880868685796, 40.094732706289101 ], [ -74.956008777556804, 40.094471701086398 ], [ -74.956235175915396, 40.094021537099799 ], [ -74.956392588460403, 40.093732226752202 ], [ -74.956403531613802, 40.093558352678201 ], [ -74.956402672234404, 40.093395800320103 ], [ -74.956382456317797, 40.0932443869903 ], [ -74.956374404872804, 40.093072952744301 ], [ -74.956454735944106, 40.092865937539202 ], [ -74.956691710827499, 40.092479880048401 ], [ -74.956823936492995, 40.092297344601398 ], [ -74.956942567760294, 40.092169620894197 ], [ -74.957065450273305, 40.092030392718797 ], [ -74.957117202015496, 40.091874922536697 ], [ -74.957198698702797, 40.091685348485797 ], [ -74.957286889044695, 40.0915626913702 ], [ -74.957442834794705, 40.091354608514798 ], [ -74.957473322170998, 40.091256670649102 ], [ -74.957643844871896, 40.091153426754602 ], [ -74.957815414727804, 40.090841238834003 ], [ -74.957960774984898, 40.090569047126699 ], [ -74.957979933570101, 40.090470833965597 ], [ -74.957964759178495, 40.090380492127601 ], [ -74.957909254928296, 40.090260147911799 ], [ -74.957824025314196, 40.0901274730331 ], [ -74.957793870205805, 40.090033865791099 ], [ -74.957790857176903, 40.089923503704199 ], [ -74.957859987384793, 40.0898047353949 ], [ -74.958030626407904, 40.0896985914829 ], [ -74.958113445577894, 40.089568547893499 ], [ -74.958117265933694, 40.089475764178196 ], [ -74.958116259863999, 40.089362549394401 ], [ -74.958155228628399, 40.0892880335889 ], [ -74.958243112141901, 40.089172624743497 ], [ -74.958230505497795, 40.089019944953002 ], [ -74.958182044086001, 40.088728535199998 ], [ -74.958010865170095, 40.088251295692999 ], [ -74.957869941184995, 40.0879112009994 ], [ -74.957714350663807, 40.087652014164902 ], [ -74.957609694826004, 40.087211219230497 ], [ -74.957624625194498, 40.087078074128797 ], [ -74.958017924947796, 40.086840929458397 ], [ -74.958027714360497, 40.086603175260599 ], [ -74.958034497073896, 40.0864843440228 ], [ -74.958026321663795, 40.086315810153501 ], [ -74.958065966183895, 40.086178912257999 ], [ -74.958203874247701, 40.086041497049003 ], [ -74.958225539227001, 40.085882395109003 ], [ -74.958216215962594, 40.085649981381003 ], [ -74.958252135998904, 40.085282257329297 ], [ -74.958298836881895, 40.085065717126703 ], [ -74.958341120995797, 40.084956454371699 ], [ -74.958627825324797, 40.084600626044903 ], [ -74.958679946318199, 40.084390020280402 ], [ -74.958589874812205, 40.0842833485531 ], [ -74.958422637165398, 40.084215436492698 ], [ -74.9583660629023, 40.0841211867289 ], [ -74.958373535617795, 40.0840313949668 ], [ -74.9584034812449, 40.083946503948198 ], [ -74.958592992342503, 40.083932241917999 ], [ -74.958722408068795, 40.0839092637435 ], [ -74.958903563970196, 40.083730814328703 ], [ -74.958965912054595, 40.0835930176994 ], [ -74.958984612482297, 40.083459964929197 ], [ -74.958944686012302, 40.083328389006198 ], [ -74.958907819541196, 40.083214301555003 ], [ -74.959018761007499, 40.083089293532097 ], [ -74.959135029260807, 40.082926683142503 ], [ -74.959154781840098, 40.082813971540503 ], [ -74.959132057016106, 40.082723447363698 ], [ -74.959039286295194, 40.0825905900289 ], [ -74.959000986840607, 40.082511297056598 ], [ -74.959077597026393, 40.082394161473097 ], [ -74.959269858003196, 40.0823781594572 ], [ -74.959666835025601, 40.082322498177298 ], [ -74.959744102290003, 40.082311665330899 ], [ -74.959859728158904, 40.082256425183303 ], [ -74.959954971296199, 40.082145545229999 ], [ -74.960011514444901, 40.082056945540202 ], [ -74.960050765459599, 40.081929767335502 ], [ -74.960073760650502, 40.0817934243453 ], [ -74.960078426563797, 40.081680012089699 ], [ -74.960079713695905, 40.0815431430293 ], [ -74.960061429648306, 40.0814592235999 ], [ -74.960041963779105, 40.081298477763603 ], [ -74.960107424152397, 40.081186540416098 ], [ -74.960181157426604, 40.081084819304401 ], [ -74.960627618394994, 40.080798484335602 ], [ -74.960815900048701, 40.080659475781502 ], [ -74.960883917980098, 40.080591006672698 ], [ -74.960986812809494, 40.080520044533003 ], [ -74.961099489500896, 40.080422608225199 ], [ -74.961274037234205, 40.080194782867402 ], [ -74.961406549975294, 40.080037725936499 ], [ -74.961523980839502, 40.079930386454201 ], [ -74.961636107142894, 40.079846292932103 ], [ -74.9617433509368, 40.0797727585825 ], [ -74.961894570979794, 40.079670148275902 ], [ -74.961987065023607, 40.079609389038197 ], [ -74.962107554603804, 40.079480420824403 ], [ -74.962132032918305, 40.0793608095073 ], [ -74.962156896835097, 40.079126011493301 ], [ -74.962200505087907, 40.079016881462103 ], [ -74.962270438478598, 40.078901712131099 ], [ -74.962334112673702, 40.078833137769401 ], [ -74.962388247748706, 40.078782174165099 ], [ -74.962488537657293, 40.078671602146798 ], [ -74.962534519821304, 40.078557520514202 ], [ -74.962500238154604, 40.078439823279901 ], [ -74.9624315145076, 40.078261188056601 ], [ -74.962424315773305, 40.078119105053403 ], [ -74.962445659513904, 40.078022791519999 ], [ -74.962514084447506, 40.077944315069999 ], [ -74.962630001774897, 40.077873668353298 ], [ -74.963184388674506, 40.077392937266801 ], [ -74.963287457860204, 40.077211791416602 ], [ -74.9633954404311, 40.077122585873902 ], [ -74.963506462146, 40.077065176237397 ], [ -74.963637690847193, 40.077044984212399 ], [ -74.963780709474804, 40.077055129599799 ], [ -74.964324173654205, 40.077051610227201 ], [ -74.964812261658906, 40.077173535385299 ], [ -74.964879949378997, 40.0774008551017 ], [ -74.965627218807597, 40.079635011832401 ], [ -74.965680107804403, 40.079912596472703 ], [ -74.965828605809804, 40.080381437019497 ], [ -74.965955203766299, 40.080732422584902 ], [ -74.966080763912601, 40.081040398948403 ], [ -74.966183595220599, 40.081257474919902 ], [ -74.966342119222404, 40.081550438263903 ], [ -74.966469285609307, 40.081747773338599 ], [ -74.966664911765704, 40.082022455426397 ], [ -74.966822617843803, 40.082224571869503 ], [ -74.967554792745304, 40.083084393736598 ], [ -74.968667410185404, 40.084340732624199 ], [ -74.969891342502606, 40.085717576339803 ], [ -74.970189813199795, 40.086031290393002 ], [ -74.970571224230198, 40.0863940929843 ], [ -74.971176850418203, 40.0869217741581 ], [ -74.971387796172394, 40.087063763738897 ], [ -74.971630266680407, 40.087259198762503 ], [ -74.972262078073399, 40.087731838621004 ], [ -74.973355285294602, 40.088512737981198 ], [ -74.975222471479597, 40.089862275669198 ], [ -74.977194980700304, 40.091344866910397 ], [ -74.978037556900702, 40.092064043415597 ], [ -74.980020104123, 40.093719362376 ], [ -74.984108162111596, 40.097114643147798 ], [ -74.984315480112301, 40.097307748531897 ], [ -74.985815435089407, 40.098566776280002 ], [ -74.986677018187294, 40.099288090762897 ], [ -74.988074896128396, 40.100458341731297 ], [ -74.988921211151705, 40.1012047056917 ], [ -74.990036906587207, 40.102127089857397 ], [ -74.992179939779703, 40.103971670905104 ], [ -74.994437827497094, 40.105860238594403 ], [ -74.994710007375701, 40.106129595321903 ], [ -74.996397553335299, 40.107529902912397 ], [ -74.996691169783205, 40.107783940824703 ], [ -74.996825415100304, 40.107909465642201 ], [ -74.996681115117397, 40.108008608622796 ], [ -74.995500488574905, 40.108807147880498 ], [ -74.990722603815897, 40.112109566345403 ], [ -74.989623595271496, 40.112855830582802 ], [ -74.987778997369801, 40.1141361211955 ], [ -74.984978276263803, 40.116056192670598 ], [ -74.9837686319065, 40.116953695802003 ], [ -74.983297033904606, 40.117261773919097 ], [ -74.981476879440507, 40.118685018122598 ], [ -74.9799670226665, 40.119742805769697 ], [ -74.979852123378294, 40.119647318248198 ], [ -74.979738367208498, 40.119540095622902 ], [ -74.979601126687697, 40.119429403862298 ], [ -74.979470540261005, 40.119387076659301 ], [ -74.979284837295594, 40.119352127411602 ], [ -74.979133648676594, 40.1193513868228 ], [ -74.979009600883003, 40.119380322501002 ], [ -74.978892397470602, 40.1194268387978 ], [ -74.978800799025805, 40.119494287475902 ], [ -74.978647034363306, 40.119544999054902 ], [ -74.978479830379698, 40.119508318257402 ], [ -74.978368249204394, 40.119463545508303 ], [ -74.978244319419005, 40.1194895817831 ], [ -74.977976975613998, 40.119602131514903 ], [ -74.977738259919803, 40.119661680742198 ], [ -74.977647727508597, 40.119703031405002 ], [ -74.977568986013097, 40.119802713904498 ], [ -74.977521083442497, 40.120026488732996 ], [ -74.977384166344805, 40.120069625012697 ], [ -74.977248083267398, 40.120069247091401 ], [ -74.977143697409801, 40.120033351861402 ], [ -74.977042446119, 40.119967060734602 ], [ -74.976930627943901, 40.119928083745201 ], [ -74.976796195678205, 40.119933549766102 ], [ -74.976613074727396, 40.119974118353099 ], [ -74.976400201918594, 40.120048799816097 ], [ -74.976138047008405, 40.120149862098202 ], [ -74.976067395873599, 40.120213459108697 ], [ -74.976030377436501, 40.120286574404503 ], [ -74.976049705685099, 40.120414742623304 ], [ -74.975932319320194, 40.120465603735099 ], [ -74.975774410916301, 40.120421163413603 ], [ -74.975729561041405, 40.120293103883697 ], [ -74.9756729610679, 40.120198139096402 ], [ -74.975567863580096, 40.120179641987697 ], [ -74.975391354265199, 40.120197149468801 ], [ -74.9752277068593, 40.120223675853197 ], [ -74.975102190433702, 40.120219195508298 ], [ -74.974973671200104, 40.120172559095202 ], [ -74.974807220280894, 40.1200829236545 ], [ -74.974689391836193, 40.120006071701901 ], [ -74.974613580840895, 40.119918623461402 ] ] ] } },
{ "type": "Feature", "properties": { "OBJECTID": 83, "ES_ID": "8430", "ES_NAME": "Greenberg, Joseph", "MS_ID": "8430", "MS_NAME": "Greenberg, Joseph", "HS_ID": "8030", "HS_NAME": "Washington, George", "GR_ID_K": "8430", "GR_ID_01": "8430", "GR_ID_02": "8430", "GR_ID_03": "8430", "GR_ID_04": "8430", "GR_ID_05": "8430", "GR_ID_06": "8430", "GR_ID_07": "8430", "GR_ID_08": "8430", "GR_ID_09": "8030", "GR_ID_10": "8030", "GR_ID_11": "8030", "GR_ID_12": "8030", "ES_GRADE": "K-8", "MS_GRADE": "K-8", "HS_GRADE": "9-12", "Shape__Area": 9100138.44140625, "Shape__Length": 15119.969482201301 }, "geometry": { "type": "Polygon", "coordinates": [ [ [ -75.047807012438895, 40.112252055231401 ], [ -75.0449732298881, 40.110587969343001 ], [ -75.041247520908499, 40.108399885557603 ], [ -75.040023216402702, 40.107675542629799 ], [ -75.039838227781999, 40.107575501792702 ], [ -75.039461800330699, 40.107371930539699 ], [ -75.038845164096102, 40.1071212151354 ], [ -75.038217705963106, 40.106960263025101 ], [ -75.037785931962304, 40.106882322198302 ], [ -75.037157766680807, 40.106841313158 ], [ -75.036488606450106, 40.106832516081496 ], [ -75.036066669512394, 40.106794032582897 ], [ -75.035647699752303, 40.1066814558068 ], [ -75.035362563186098, 40.1065663347513 ], [ -75.035223821069593, 40.106506010670302 ], [ -75.034762478110693, 40.106225492582404 ], [ -75.033899816774294, 40.105698246040099 ], [ -75.032999753812504, 40.105119178751799 ], [ -75.034400357061799, 40.104437699966702 ], [ -75.034975710969604, 40.104172904675501 ], [ -75.036971973440103, 40.103193001184401 ], [ -75.038565574136896, 40.102469903964199 ], [ -75.039859479437695, 40.101844563295103 ], [ -75.042616239080402, 40.100513411336799 ], [ -75.043212766692207, 40.100238129926097 ], [ -75.043598619086595, 40.100032554058203 ], [ -75.0455336279486, 40.099122577009297 ], [ -75.046214189372606, 40.0988025165666 ], [ -75.047118613938295, 40.098386497699799 ], [ -75.048430578196403, 40.0970849347705 ], [ -75.050754632223004, 40.094789181988197 ], [ -75.051488512763001, 40.094100277374501 ], [ -75.0521025821145, 40.093519468829903 ], [ -75.052642976530507, 40.0930092255795 ], [ -75.052940655712206, 40.092744228178901 ], [ -75.053015522114904, 40.092677581021199 ], [ -75.053598589256197, 40.092153890122098 ], [ -75.053909226088706, 40.091882895125202 ], [ -75.054242918968299, 40.091660421572399 ], [ -75.055689135336195, 40.090762122385698 ], [ -75.056460654339503, 40.090244242333803 ], [ -75.057069800060205, 40.089706294966497 ], [ -75.057696410127903, 40.088699471247701 ], [ -75.058282147195101, 40.0877919878724 ], [ -75.058722202547699, 40.0870921971851 ], [ -75.059100910681195, 40.086678845790402 ], [ -75.059974376318706, 40.086075560710398 ], [ -75.060036169139593, 40.086033200884899 ], [ -75.060116757896907, 40.085977955382099 ], [ -75.0624219651434, 40.084401380475697 ], [ -75.065476646933305, 40.082309627204602 ], [ -75.066971178537401, 40.081266704995102 ], [ -75.067091742551, 40.081182570805503 ], [ -75.067926734030607, 40.080609275621299 ], [ -75.0682779477293, 40.080354771902897 ], [ -75.068466457251205, 40.080173596531701 ], [ -75.069218300801097, 40.079450148391601 ], [ -75.069832660839793, 40.078831779280101 ], [ -75.070382338915195, 40.078299090869798 ], [ -75.071010398457005, 40.077691387381101 ], [ -75.0730162746449, 40.078790351382402 ], [ -75.073706988352896, 40.079191452980503 ], [ -75.074637459095001, 40.079700006727201 ], [ -75.075170221752202, 40.080000173923899 ], [ -75.076261202378902, 40.080614833595099 ], [ -75.0771247071674, 40.081089252957 ], [ -75.0778705906407, 40.081510412454399 ], [ -75.0788467588023, 40.082057386982797 ], [ -75.081689357163597, 40.083629409991097 ], [ -75.081190903483702, 40.084125936836998 ], [ -75.077804131861001, 40.085778700678901 ], [ -75.076286787775004, 40.087349936795803 ], [ -75.076212765716903, 40.087426588082302 ], [ -75.071235373724207, 40.092580100090501 ], [ -75.070710564087307, 40.0931234217704 ], [ -75.069457858707807, 40.094420267762203 ], [ -75.067176343078003, 40.096782017761598 ], [ -75.065671793089393, 40.098339360192497 ], [ -75.064935368369504, 40.0991015930693 ], [ -75.064244738036805, 40.099815787413 ], [ -75.063746776471902, 40.1003307267015 ], [ -75.0635668563217, 40.100523383758201 ], [ -75.062822101885999, 40.101291219366601 ], [ -75.061418764959299, 40.102737981803699 ], [ -75.060317383028504, 40.103876775183103 ], [ -75.059554711775903, 40.104665324883896 ], [ -75.059229762898795, 40.105001293000498 ], [ -75.058425917615494, 40.105831983387901 ], [ -75.058293026507499, 40.105924905342803 ], [ -75.055335358396704, 40.107994736616099 ], [ -75.054271489656699, 40.108739201757899 ], [ -75.0529750546375, 40.109646374258404 ], [ -75.048559023197797, 40.112728137638499 ], [ -75.047807012438895, 40.112252055231401 ] ] ] } },
{ "type": "Feature", "properties": { "OBJECTID": 84, "ES_ID": "7390", "ES_NAME": "Morrison, Andrew J", "MS_ID": "7390", "MS_NAME": "Morrison, Andrew J", "HS_ID": "3414", "HS_NAME": "Aspira Olney Charter High School", "GR_ID_K": "7390", "GR_ID_01": "7390", "GR_ID_02": "7390", "GR_ID_03": "7390", "GR_ID_04": "7390", "GR_ID_05": "7390", "GR_ID_06": "7390", "GR_ID_07": "7390", "GR_ID_08": "7390", "GR_ID_09": "3414", "GR_ID_10": "3414", "GR_ID_11": "3414", "GR_ID_12": "3414", "ES_GRADE": "K-8", "MS_GRADE": "K-8", "HS_GRADE": "9-12", "Shape__Area": 1085969.828125, "Shape__Length": 4402.0477856408197 }, "geometry": { "type": "Polygon", "coordinates": [ [ [ -75.129969479425398, 40.034438953051001 ], [ -75.129100700967598, 40.0341567312298 ], [ -75.128139886620602, 40.033835745309297 ], [ -75.127061806440395, 40.033486031695404 ], [ -75.125984909557502, 40.0331306681922 ], [ -75.125349252273196, 40.032916408603299 ], [ -75.124189865444606, 40.032560820395403 ], [ -75.124263293065297, 40.031687913853197 ], [ -75.124367400103196, 40.0309628471053 ], [ -75.124532203334695, 40.0301960826149 ], [ -75.124703524312494, 40.029407228719897 ], [ -75.125095910741194, 40.027419394027298 ], [ -75.125104241929805, 40.027342957610202 ], [ -75.1252017041502, 40.026842947144402 ], [ -75.125276069515493, 40.026320070493099 ], [ -75.125388839368298, 40.025657054695401 ], [ -75.125414660148294, 40.025514480831703 ], [ -75.125465748516604, 40.025193590269801 ], [ -75.127732003333705, 40.024854660165303 ], [ -75.128290396218404, 40.024735085954198 ], [ -75.130437296750003, 40.024283916371999 ], [ -75.131169368276105, 40.024136367721603 ], [ -75.132561233777906, 40.023943069285998 ], [ -75.133287367791795, 40.023793626707601 ], [ -75.133262880371305, 40.023904859605103 ], [ -75.133209648836896, 40.024153645498501 ], [ -75.133170265872593, 40.024308269226601 ], [ -75.133012634776804, 40.0250058905619 ], [ -75.132841210588495, 40.025792414040097 ], [ -75.132511879322806, 40.027283432066497 ], [ -75.132354945496999, 40.028029079653997 ], [ -75.132177256338807, 40.028781301777201 ], [ -75.131832361555098, 40.0303304273802 ], [ -75.131610815192104, 40.031362369243602 ], [ -75.131509934074998, 40.031876346817697 ], [ -75.131395944700202, 40.032361343165803 ], [ -75.131292489114301, 40.032827621168401 ], [ -75.131165238672395, 40.033401124379601 ], [ -75.130882579473095, 40.034753957960902 ], [ -75.129969479425398, 40.034438953051001 ] ] ] } },
{ "type": "Feature", "properties": { "OBJECTID": 85, "ES_ID": "5320", "ES_NAME": "Hartranft, John F", "MS_ID": "5320", "MS_NAME": "Hartranft, John F", "HS_ID": "5700", "HS_NAME": "Kensington Campus", "GR_ID_K": "5320", "GR_ID_01": "5320", "GR_ID_02": "5320", "GR_ID_03": "5320", "GR_ID_04": "5320", "GR_ID_05": "5320", "GR_ID_06": "5320", "GR_ID_07": "5320", "GR_ID_08": "5320", "GR_ID_09": "5700", "GR_ID_10": "5700", "GR_ID_11": "5700", "GR_ID_12": "5700", "ES_GRADE": "K-8", "MS_GRADE": "K-8", "HS_GRADE": "9-12", "Shape__Area": 1230949.12890625, "Shape__Length": 5216.8294769839704 }, "geometry": { "type": "Polygon", "coordinates": [ [ [ -75.146091364756302, 39.992857674143302 ], [ -75.1456049014336, 39.992792760891803 ], [ -75.145112242147206, 39.992724821678898 ], [ -75.1444687832781, 39.992642043181 ], [ -75.143832237973498, 39.992559491899797 ], [ -75.143000758714606, 39.992458940377702 ], [ -75.142176006320796, 39.992352486149898 ], [ -75.142523627978207, 39.990763702517299 ], [ -75.142849660626197, 39.989266345464998 ], [ -75.143171495836498, 39.9877758573015 ], [ -75.143503043094697, 39.9862848637243 ], [ -75.143644077348, 39.985642124119003 ], [ -75.143846976061596, 39.984692083867699 ], [ -75.144156737352702, 39.9847334499798 ], [ -75.144382897821998, 39.9847635043064 ], [ -75.144657417508995, 39.984799985524099 ], [ -75.145447006281103, 39.984904892524703 ], [ -75.146105203336404, 39.9849876276554 ], [ -75.146785248990696, 39.985072779129901 ], [ -75.147276641904099, 39.9851332908095 ], [ -75.147768797478804, 39.985199749976701 ], [ -75.148261002271695, 39.985262103980197 ], [ -75.1485521997718, 39.985301233442598 ], [ -75.149344369253299, 39.985401520798398 ], [ -75.1494746465833, 39.985418516061202 ], [ -75.150916548922396, 39.985606605127202 ], [ -75.151704124611101, 39.985709782314402 ], [ -75.152487476812595, 39.985811018576896 ], [ -75.153278107668797, 39.985908724450397 ], [ -75.154064879843503, 39.986012652789498 ], [ -75.154941551888797, 39.9861275284903 ], [ -75.155409513591806, 39.986188948388197 ], [ -75.156278142182103, 39.986292707102798 ], [ -75.155937668148198, 39.987886627540099 ], [ -75.155594876684702, 39.989378559993398 ], [ -75.155501669434599, 39.989802482362798 ], [ -75.155272835348896, 39.990862374970298 ], [ -75.155071497036602, 39.990847193097203 ], [ -75.153971740670002, 39.990705503980003 ], [ -75.153072034180099, 39.990586669048199 ], [ -75.152873983974601, 39.990560950893503 ], [ -75.151493047161196, 39.990381625097903 ], [ -75.150923844090102, 39.990313128233097 ], [ -75.150481086596699, 39.990256121409502 ], [ -75.149917999111494, 39.990178869458198 ], [ -75.149360872091094, 39.990101178521499 ], [ -75.148899890043793, 39.9900454600388 ], [ -75.148342751331398, 39.989980022224302 ], [ -75.147813081189497, 39.989914471008198 ], [ -75.147545520403696, 39.989873051354401 ], [ -75.147604523499894, 39.989969454925301 ], [ -75.148029167147698, 39.9905708632932 ], [ -75.148154906725196, 39.990733602400098 ], [ -75.148308726612896, 39.990977674114603 ], [ -75.148347991490297, 39.991078043046201 ], [ -75.148380207705898, 39.991225723340897 ], [ -75.148310325054993, 39.9915131830017 ], [ -75.148083791578998, 39.9923843784429 ], [ -75.147888805352594, 39.993087953815198 ], [ -75.1468841317364, 39.992958194619497 ], [ -75.146091364756302, 39.992857674143302 ] ] ] } },
{ "type": "Feature", "properties": { "OBJECTID": 86, "ES_ID": "5330", "ES_NAME": "Hunter, William H", "MS_ID": "5330", "MS_NAME": "Hunter, William H", "HS_ID": "5700", "HS_NAME": "Kensington Campus", "GR_ID_K": "5330", "GR_ID_01": "5330", "GR_ID_02": "5330", "GR_ID_03": "5330", "GR_ID_04": "5330", "GR_ID_05": "5330", "GR_ID_06": "5330", "GR_ID_07": "5330", "GR_ID_08": "5330", "GR_ID_09": "5700", "GR_ID_10": "5700", "GR_ID_11": "5700", "GR_ID_12": "5700", "ES_GRADE": "K-8", "MS_GRADE": "K-8", "HS_GRADE": "9-12", "Shape__Area": 810218.86328125, "Shape__Length": 3913.23299164843 }, "geometry": { "type": "Polygon", "coordinates": [ [ [ -75.135468139964004, 39.9914885578211 ], [ -75.1348709065375, 39.991417042406198 ], [ -75.134335631283406, 39.991339398738504 ], [ -75.133806248251403, 39.9912689301581 ], [ -75.133350047710394, 39.9912104838643 ], [ -75.132895436361295, 39.991153161314202 ], [ -75.132422293439305, 39.991092507623897 ], [ -75.131962119932794, 39.991039270391603 ], [ -75.131439886699397, 39.990969597204 ], [ -75.130900661071095, 39.990899125710399 ], [ -75.131242652214596, 39.989305166360602 ], [ -75.131560711284607, 39.9878084918141 ], [ -75.131678658525104, 39.9872389828978 ], [ -75.131833761607595, 39.986528179359098 ], [ -75.131909152277899, 39.986315771400299 ], [ -75.131909988555805, 39.986150515420597 ], [ -75.132210308650798, 39.984750666359197 ], [ -75.132547694693102, 39.983176001840398 ], [ -75.132883346992202, 39.981640725026601 ], [ -75.133412572606403, 39.981707444160399 ], [ -75.133925169374294, 39.981778640998499 ], [ -75.134872423557695, 39.9818965423366 ], [ -75.135783247431604, 39.982018554366597 ], [ -75.136316456367894, 39.982085596696102 ], [ -75.136851391811504, 39.982156315071997 ], [ -75.137445746916001, 39.982232135464201 ], [ -75.138140758102097, 39.982321721699201 ], [ -75.137802624705401, 39.983916512403702 ], [ -75.137463502191494, 39.985501585764297 ], [ -75.137140462565696, 39.986998253889297 ], [ -75.136837448484101, 39.9884949826439 ], [ -75.136645086505695, 39.989379187026898 ], [ -75.136574841498401, 39.989662486787097 ], [ -75.136510140095893, 39.989978355003103 ], [ -75.136161721102496, 39.991574090157897 ], [ -75.135468139964004, 39.9914885578211 ] ] ] } },
{ "type": "Feature", "properties": { "OBJECTID": 87, "ES_ID": "5340", "ES_NAME": "Ludlow, James R", "MS_ID": "5340", "MS_NAME": "Ludlow, James R", "HS_ID": "5160", "HS_NAME": "Penn Treaty HS", "GR_ID_K": "5340", "GR_ID_01": "5340", "GR_ID_02": "5340", "GR_ID_03": "5340", "GR_ID_04": "5340", "GR_ID_05": "5340", "GR_ID_06": "5340", "GR_ID_07": "5340", "GR_ID_08": "5340", "GR_ID_09": "5160", "GR_ID_10": "5160", "GR_ID_11": "5160", "GR_ID_12": "5160", "ES_GRADE": "K-8", "MS_GRADE": "K-8", "HS_GRADE": "6-12", "Shape__Area": 1969643.6328125, "Shape__Length": 7129.4830128399999 }, "geometry": { "type": "Polygon", "coordinates": [ [ [ -75.143142234717203, 39.978375465322799 ], [ -75.143027852484096, 39.978241968262203 ], [ -75.142618055021003, 39.976759251588703 ], [ -75.142379840866496, 39.975867420262603 ], [ -75.142200347511903, 39.975220968275103 ], [ -75.142075198410794, 39.9746865686486 ], [ -75.142121203278506, 39.974595900900503 ], [ -75.142303955470993, 39.973739754219302 ], [ -75.142479103196195, 39.972897381454899 ], [ -75.142583600136305, 39.972397664851599 ], [ -75.142840471912294, 39.971203304584598 ], [ -75.143097126594597, 39.9699638338002 ], [ -75.142372464418699, 39.969875175067997 ], [ -75.141519944313501, 39.969767368750198 ], [ -75.140668436536203, 39.969661624381501 ], [ -75.140553166799194, 39.969243661123997 ], [ -75.140464686614393, 39.969079115143302 ], [ -75.139874773281903, 39.967995127746001 ], [ -75.138829266417801, 39.966604377844298 ], [ -75.1387353579142, 39.966492932981701 ], [ -75.138441047107904, 39.966049405589501 ], [ -75.138289528250198, 39.965851903233599 ], [ -75.138034845486999, 39.965519926941901 ], [ -75.137683312678504, 39.965121368608798 ], [ -75.137450491245801, 39.964993220935597 ], [ -75.137484298548699, 39.964734489481202 ], [ -75.137499368498695, 39.964638523057602 ], [ -75.137546958609505, 39.964469377089202 ], [ -75.137639314882307, 39.964286658300999 ], [ -75.137786300192701, 39.963922687122199 ], [ -75.138084670970102, 39.9629457131444 ], [ -75.138277258035203, 39.962325693129799 ], [ -75.1392237819515, 39.962548479413599 ], [ -75.139298559864699, 39.962566078662903 ], [ -75.139603979887198, 39.962638419839998 ], [ -75.139787551775001, 39.962681899903998 ], [ -75.140063150911701, 39.9627459702672 ], [ -75.139756665855302, 39.963700389908396 ], [ -75.139933735478195, 39.963785853593599 ], [ -75.140708187142707, 39.964147776917002 ], [ -75.1416331598423, 39.964581806328198 ], [ -75.142531431384796, 39.9649945283223 ], [ -75.143379288960503, 39.965388947663001 ], [ -75.144004308565201, 39.965679101428101 ], [ -75.144588096722302, 39.965953547655303 ], [ -75.144907839122894, 39.966104677564203 ], [ -75.145759595010105, 39.966501997299702 ], [ -75.145893082372496, 39.966556232970703 ], [ -75.146506547049896, 39.9668508938842 ], [ -75.147149608403794, 39.9671359187194 ], [ -75.147912264115007, 39.9673343870274 ], [ -75.148692004910899, 39.967525746422503 ], [ -75.149560270078993, 39.967741633153402 ], [ -75.150517415394603, 39.9679804449095 ], [ -75.150975324636505, 39.968087036163901 ], [ -75.151464778277699, 39.968184275554997 ], [ -75.152002469161005, 39.9683072497239 ], [ -75.153021003153398, 39.968558351431099 ], [ -75.1529088914657, 39.969075205638099 ], [ -75.152785269495197, 39.969632478455999 ], [ -75.152693361278097, 39.970064020879398 ], [ -75.152576314581196, 39.9705797693222 ], [ -75.152451892396002, 39.971153231305401 ], [ -75.152190135971296, 39.972327662719103 ], [ -75.152025299877707, 39.973114353828201 ], [ -75.151918459158196, 39.973597903359398 ], [ -75.151618838241006, 39.974968623214501 ], [ -75.150950402236802, 39.974881510394802 ], [ -75.150233339150205, 39.974790538468099 ], [ -75.150042716249501, 39.974766352168402 ], [ -75.149553784928202, 39.974702518613398 ], [ -75.149060963780101, 39.974637313537997 ], [ -75.148754571075798, 39.976061267369801 ], [ -75.148450693672501, 39.977455052004103 ], [ -75.1481134298499, 39.979007036249698 ], [ -75.147327151593203, 39.978904972005097 ], [ -75.146586748030302, 39.978809564509099 ], [ -75.146216815859503, 39.9787643325161 ], [ -75.145794409017299, 39.978710903091901 ], [ -75.145012778807597, 39.9786066631465 ], [ -75.144648759566294, 39.978557219150701 ], [ -75.144061273327907, 39.978479444339399 ], [ -75.143758068503402, 39.978440620230003 ], [ -75.143142234717203, 39.978375465322799 ] ] ] } },
{ "type": "Feature", "properties": { "OBJECTID": 88, "ES_ID": "5350", "ES_NAME": "McKinley, William", "MS_ID": "5350", "MS_NAME": "McKinley, William", "HS_ID": "5700", "HS_NAME": "Kensington Campus", "GR_ID_K": "5350", "GR_ID_01": "5350", "GR_ID_02": "5350", "GR_ID_03": "5350", "GR_ID_04": "5350", "GR_ID_05": "5350", "GR_ID_06": "5350", "GR_ID_07": "5350", "GR_ID_08": "5350", "GR_ID_09": "5700", "GR_ID_10": "5700", "GR_ID_11": "5700", "GR_ID_12": "5700", "ES_GRADE": "K-8", "MS_GRADE": "K-8", "HS_GRADE": "9-12", "Shape__Area": 986377.6875, "Shape__Length": 4866.0841031664204 }, "geometry": { "type": "Polygon", "coordinates": [ [ [ -75.137463502191494, 39.985501585764297 ], [ -75.137802624705401, 39.983916512403702 ], [ -75.138140758102097, 39.982321721699201 ], [ -75.1388126082159, 39.982408744006598 ], [ -75.1389198255998, 39.9824214226457 ], [ -75.139366741564999, 39.982482426424703 ], [ -75.139870382684194, 39.982545503362701 ], [ -75.140372516608096, 39.9826110351258 ], [ -75.140688691464803, 39.981131688956701 ], [ -75.140823420640302, 39.980537058757399 ], [ -75.141023655185705, 39.979626884733001 ], [ -75.141513017857406, 39.9796897519456 ], [ -75.141938899933805, 39.979749056998998 ], [ -75.142110061550198, 39.979770473396201 ], [ -75.142869485420803, 39.979860686958098 ], [ -75.143035111694104, 39.979011054599397 ], [ -75.143142234717203, 39.978375465322799 ], [ -75.143758068503402, 39.978440620230003 ], [ -75.144061273327907, 39.978479444339399 ], [ -75.144648759566294, 39.978557219150701 ], [ -75.145012778807597, 39.9786066631465 ], [ -75.145794409017299, 39.978710903091901 ], [ -75.146216815859503, 39.9787643325161 ], [ -75.146586748030302, 39.978809564509099 ], [ -75.147327151593203, 39.978904972005097 ], [ -75.1481134298499, 39.979007036249698 ], [ -75.147784286326896, 39.9805040776656 ], [ -75.147456903650095, 39.9819956233586 ], [ -75.147947998000404, 39.982058346005601 ], [ -75.148440161514898, 39.982119658145102 ], [ -75.149444621085195, 39.982250151234403 ], [ -75.150014912583501, 39.9823242779078 ], [ -75.149688100259795, 39.983816789761399 ], [ -75.149505756052704, 39.984638320475703 ], [ -75.149435019237302, 39.984970504118301 ], [ -75.149344369253299, 39.985401520798398 ], [ -75.1485521997718, 39.985301233442598 ], [ -75.148261002271695, 39.985262103980197 ], [ -75.147768797478804, 39.985199749976701 ], [ -75.147276641904099, 39.9851332908095 ], [ -75.146785248990696, 39.985072779129901 ], [ -75.146105203336404, 39.9849876276554 ], [ -75.145447006281103, 39.984904892524703 ], [ -75.144657417508995, 39.984799985524099 ], [ -75.144382897821998, 39.9847635043064 ], [ -75.144156737352702, 39.9847334499798 ], [ -75.143846976061596, 39.984692083867699 ], [ -75.143644077348, 39.985642124119003 ], [ -75.143503043094697, 39.9862848637243 ], [ -75.142843401242203, 39.9862001745093 ], [ -75.142192632295504, 39.986116131783902 ], [ -75.141522446933195, 39.986025645038502 ], [ -75.141049370329497, 39.985967902022402 ], [ -75.140590269175107, 39.985904802845198 ], [ -75.140130427133599, 39.985849695057098 ], [ -75.139170262401606, 39.985725297196502 ], [ -75.138658631308104, 39.985659224729098 ], [ -75.138124216899598, 39.9855907690565 ], [ -75.137463502191494, 39.985501585764297 ] ] ] } },
{ "type": "Feature", "properties": { "OBJECTID": 89, "ES_ID": "5370", "ES_NAME": "Moffet, John", "MS_ID": "5160", "MS_NAME": "Penn Treaty HS", "HS_ID": "5160", "HS_NAME": "Penn Treaty HS", "GR_ID_K": "5370", "GR_ID_01": "5370", "GR_ID_02": "5370", "GR_ID_03": "5370", "GR_ID_04": "5370", "GR_ID_05": "5370", "GR_ID_06": "5160", "GR_ID_07": "5160", "GR_ID_08": "5160", "GR_ID_09": "5160", "GR_ID_10": "5160", "GR_ID_11": "5160", "GR_ID_12": "5160", "ES_GRADE": "K-5", "MS_GRADE": "6-12", "HS_GRADE": "6-12", "Shape__Area": 1646077.4140625, "Shape__Length": 5629.2464338774098 }, "geometry": { "type": "Polygon", "coordinates": [ [ [ -75.139870382684194, 39.982545503362701 ], [ -75.139366741564999, 39.982482426424703 ], [ -75.1389198255998, 39.9824214226457 ], [ -75.1388126082159, 39.982408744006598 ], [ -75.138140758102097, 39.982321721699201 ], [ -75.137445746916001, 39.982232135464201 ], [ -75.136851391811504, 39.982156315071997 ], [ -75.136316456367894, 39.982085596696102 ], [ -75.135783247431604, 39.982018554366597 ], [ -75.134872423557695, 39.9818965423366 ], [ -75.133925169374294, 39.981778640998499 ], [ -75.133412572606403, 39.981707444160399 ], [ -75.132883346992202, 39.981640725026601 ], [ -75.132881845999705, 39.981554935737201 ], [ -75.133192415639201, 39.980143819681501 ], [ -75.133512146395901, 39.978651437611497 ], [ -75.133836774394098, 39.977157124826903 ], [ -75.134005959344506, 39.976340566151499 ], [ -75.134220979837096, 39.975373664634397 ], [ -75.134335697167501, 39.975002239824299 ], [ -75.1343452604616, 39.974927036627903 ], [ -75.134558217725896, 39.974265612501902 ], [ -75.1349326636266, 39.973069312427299 ], [ -75.135310301676995, 39.971868567292603 ], [ -75.135776996873702, 39.970347939374399 ], [ -75.136226379058698, 39.968890873002202 ], [ -75.136793268530795, 39.968998887302803 ], [ -75.137255284016007, 39.969083854797503 ], [ -75.137766276225904, 39.969177548173903 ], [ -75.138007811996403, 39.969227432970001 ], [ -75.1385000558939, 39.969320385391804 ], [ -75.139000565345995, 39.9694154942948 ], [ -75.139581386227206, 39.969524101763199 ], [ -75.140668436536203, 39.969661624381501 ], [ -75.141519944313501, 39.969767368750198 ], [ -75.142372464418699, 39.969875175067997 ], [ -75.143097126594597, 39.9699638338002 ], [ -75.142840471912294, 39.971203304584598 ], [ -75.142583600136305, 39.972397664851599 ], [ -75.142479103196195, 39.972897381454899 ], [ -75.142303955470993, 39.973739754219302 ], [ -75.142121203278506, 39.974595900900503 ], [ -75.142075198410794, 39.9746865686486 ], [ -75.142200347511903, 39.975220968275103 ], [ -75.142379840866496, 39.975867420262603 ], [ -75.142618055021003, 39.976759251588703 ], [ -75.143027852484096, 39.978241968262203 ], [ -75.143142234717203, 39.978375465322799 ], [ -75.143035111694104, 39.979011054599397 ], [ -75.142869485420803, 39.979860686958098 ], [ -75.142110061550198, 39.979770473396201 ], [ -75.141938899933805, 39.979749056998998 ], [ -75.141513017857406, 39.9796897519456 ], [ -75.141023655185705, 39.979626884733001 ], [ -75.140823420640302, 39.980537058757399 ], [ -75.140688691464803, 39.981131688956701 ], [ -75.140372516608096, 39.9826110351258 ], [ -75.139870382684194, 39.982545503362701 ] ] ] } },
{ "type": "Feature", "properties": { "OBJECTID": 90, "ES_ID": "5390", "ES_NAME": "Potter-Thomas", "MS_ID": "5390", "MS_NAME": "Potter-Thomas", "HS_ID": "5020", "HS_NAME": "Edison, Thomas A", "GR_ID_K": "5390", "GR_ID_01": "5390", "GR_ID_02": "5390", "GR_ID_03": "5390", "GR_ID_04": "5390", "GR_ID_05": "5390", "GR_ID_06": "5390", "GR_ID_07": "5390", "GR_ID_08": "5390", "GR_ID_09": "5020", "GR_ID_10": "5020", "GR_ID_11": "5020", "GR_ID_12": "5020", "ES_GRADE": "K-8", "MS_GRADE": "K-8", "HS_GRADE": "9-12", "Shape__Area": 923167.10546875, "Shape__Length": 5103.43416163439 }, "geometry": { "type": "Polygon", "coordinates": [ [ [ -75.133238535658194, 39.999066913812499 ], [ -75.133353546406397, 39.998546506136499 ], [ -75.133435623551605, 39.998144176587203 ], [ -75.133580031372006, 39.997470794340302 ], [ -75.133728084928507, 39.996828046987702 ], [ -75.133799809538999, 39.996516668561398 ], [ -75.133898185290903, 39.9959768111692 ], [ -75.134446693364197, 39.996059023915002 ], [ -75.134995134251795, 39.996126099781598 ], [ -75.135511885382897, 39.996188104683497 ], [ -75.136348767466203, 39.996297921281901 ], [ -75.136847990661295, 39.996361291523797 ], [ -75.137351833870596, 39.996430540286902 ], [ -75.137810545768005, 39.996488275489298 ], [ -75.1382719736593, 39.996546535564804 ], [ -75.138696191398097, 39.996603948191101 ], [ -75.139201482626802, 39.9966706330557 ], [ -75.139522595596603, 39.995173963550201 ], [ -75.1401927071513, 39.995260309964401 ], [ -75.140839399840701, 39.995344523497799 ], [ -75.141498436120898, 39.995431163695898 ], [ -75.141833316457706, 39.993939047427197 ], [ -75.143478558569598, 39.994147741297702 ], [ -75.144125075121494, 39.994234768891999 ], [ -75.144761066996693, 39.994319154514798 ], [ -75.144944030307201, 39.994341599548498 ], [ -75.145241624861001, 39.994378107493802 ], [ -75.145751463543803, 39.9944486584575 ], [ -75.145606865428704, 39.995111363670802 ], [ -75.145429179322505, 39.995938256151298 ], [ -75.145314534726396, 39.996403129633897 ], [ -75.145239148182398, 39.996766431573398 ], [ -75.145099723459197, 39.997434100301902 ], [ -75.144768778477598, 39.998924865143998 ], [ -75.144465165390102, 40.000336933664201 ], [ -75.144175046060496, 40.000439764797797 ], [ -75.143348201418803, 40.000752091004003 ], [ -75.143799860597696, 40.001463929578101 ], [ -75.143650218249306, 40.001519468004297 ], [ -75.143340238582496, 40.001631061003302 ], [ -75.143029926806904, 40.001742122152898 ], [ -75.142719330428406, 40.001852726412999 ], [ -75.142415122386396, 40.001960598902798 ], [ -75.142097469059394, 40.0020728676011 ], [ -75.141786299109896, 40.002182553551201 ], [ -75.141475032055794, 40.002292086904497 ], [ -75.141163718943801, 40.002401541802797 ], [ -75.1408524013858, 40.002510993976401 ], [ -75.140541128154396, 40.002620515714703 ], [ -75.140229948811196, 40.002730189236601 ], [ -75.139888388062701, 40.002850904294803 ], [ -75.140070182169794, 40.001979756525401 ], [ -75.140779206519099, 40.0017039022757 ], [ -75.140636298457906, 40.001655130808402 ], [ -75.140150842794299, 40.001592010820602 ], [ -75.140231013987901, 40.001259159539899 ], [ -75.140404406858195, 40.0004860588434 ], [ -75.140480403698504, 40.000103027417701 ], [ -75.140500323248801, 40.0000026306151 ], [ -75.140321226116797, 39.999981069520601 ], [ -75.1399906096362, 39.999941270266497 ], [ -75.139529233499601, 39.999886060691601 ], [ -75.139072383472495, 39.999820744503999 ], [ -75.138527396575199, 39.999752253748497 ], [ -75.135654002738605, 39.999384918348902 ], [ -75.134414889421706, 39.9992167004891 ], [ -75.133832543985704, 39.999138552820298 ], [ -75.133238535658194, 39.999066913812499 ] ] ] } },
{ "type": "Feature", "properties": { "OBJECTID": 91, "ES_ID": "5400", "ES_NAME": "Richmond", "MS_ID": "3423", "MS_NAME": "Memphis St Charter at JP Jones", "HS_ID": "5700", "HS_NAME": "Kensington Campus", "GR_ID_K": "5400", "GR_ID_01": "5400", "GR_ID_02": "5400", "GR_ID_03": "5400", "GR_ID_04": "5400", "GR_ID_05": "5400", "GR_ID_06": "3423", "GR_ID_07": "3423", "GR_ID_08": "3423", "GR_ID_09": "5700", "GR_ID_10": "5700", "GR_ID_11": "5700", "GR_ID_12": "5700", "ES_GRADE": "K-5", "MS_GRADE": "5-8", "HS_GRADE": "9-12", "Shape__Area": 5978260.46484375, "Shape__Length": 11117.831521697401 }, "geometry": { "type": "Polygon", "coordinates": [ [ [ -75.108345817156007, 39.990765130857802 ], [ -75.1080466435494, 39.990434943688101 ], [ -75.107761906261203, 39.990113504545697 ], [ -75.107372401697404, 39.989678569608202 ], [ -75.107080481983601, 39.989346742837398 ], [ -75.106780848662297, 39.989014055532799 ], [ -75.106358137803497, 39.9885578031572 ], [ -75.105108156884796, 39.989206319026898 ], [ -75.104806093077002, 39.9893654525522 ], [ -75.103935516121297, 39.989830149603499 ], [ -75.103514901096403, 39.989344995363901 ], [ -75.103082397899399, 39.988855238509998 ], [ -75.102654135815499, 39.988382358557601 ], [ -75.102309766397099, 39.987983988702801 ], [ -75.101954156552395, 39.9875819957172 ], [ -75.101633568131504, 39.987220687633403 ], [ -75.101313728377505, 39.986855647545497 ], [ -75.100943923822697, 39.9864498176306 ], [ -75.100584573090202, 39.986034922753397 ], [ -75.100318523150406, 39.985736942824303 ], [ -75.100099298411095, 39.985486662023597 ], [ -75.099809838461695, 39.985163513204697 ], [ -75.099746082130295, 39.985089010259102 ], [ -75.099533659424907, 39.984850626738798 ], [ -75.099324343780395, 39.9846049999462 ], [ -75.099086220927205, 39.984334502834301 ], [ -75.099059159282902, 39.984261785022497 ], [ -75.099032478076595, 39.9841572072731 ], [ -75.098409840710403, 39.983397760813098 ], [ -75.098249066202698, 39.983201657890497 ], [ -75.098049422849598, 39.982958143296699 ], [ -75.097634881522893, 39.982486154603002 ], [ -75.097583962288098, 39.982416188196403 ], [ -75.097555696529597, 39.982322178597698 ], [ -75.097559483332205, 39.982229026934803 ], [ -75.0975918384284, 39.982149078863898 ], [ -75.097651100806104, 39.982070849216001 ], [ -75.097769568928101, 39.9819812138442 ], [ -75.099675318660005, 39.980978367645299 ], [ -75.097849740072206, 39.978886498639099 ], [ -75.097514917184995, 39.978515920164597 ], [ -75.093841342634704, 39.974381080031897 ], [ -75.094834402413099, 39.974185715033798 ], [ -75.096672996449698, 39.973811585790202 ], [ -75.097434141046406, 39.973646031267897 ], [ -75.0980468670449, 39.973512755243298 ], [ -75.098445264229795, 39.973426096182401 ], [ -75.099625339104705, 39.973155925986902 ], [ -75.101354130203006, 39.9727272123923 ], [ -75.103081432889596, 39.972259233116198 ], [ -75.106187139330203, 39.971224073493602 ], [ -75.108768694503894, 39.970230963284898 ], [ -75.110257766785693, 39.969653723648598 ], [ -75.111501421784794, 39.969147840532798 ], [ -75.114063595856294, 39.968064885022898 ], [ -75.119933271504905, 39.9706532435047 ], [ -75.1211457498502, 39.971411303286303 ], [ -75.121242086173098, 39.971522158194801 ], [ -75.120263437766098, 39.972421142438698 ], [ -75.119650640979899, 39.9729840395648 ], [ -75.120118671516195, 39.973276321640299 ], [ -75.120273238202103, 39.973357283104697 ], [ -75.120441368508196, 39.973419867830302 ], [ -75.120715006792594, 39.9734501586451 ], [ -75.121303862016404, 39.973421172544597 ], [ -75.1217946896016, 39.973386766640701 ], [ -75.122148841669599, 39.973562258023598 ], [ -75.122624133534202, 39.973781178221103 ], [ -75.122061210341997, 39.974345917424799 ], [ -75.121649433992701, 39.974741068180101 ], [ -75.121077341767105, 39.9753043314576 ], [ -75.120977739809007, 39.975393661689701 ], [ -75.120002748957305, 39.9759450351428 ], [ -75.119796088220994, 39.976402959030601 ], [ -75.118643183087201, 39.978913083976899 ], [ -75.118356324149701, 39.979550057415103 ], [ -75.117729141347695, 39.980938419724701 ], [ -75.1173869390649, 39.981515458347999 ], [ -75.1171858836708, 39.981744288454401 ], [ -75.116092135355103, 39.982989107644499 ], [ -75.115638023628506, 39.983585217724801 ], [ -75.116116779132199, 39.984132150549001 ], [ -75.114966864097198, 39.984730771358002 ], [ -75.113818842947097, 39.985337733909603 ], [ -75.1144041338721, 39.985997339444097 ], [ -75.115079374073105, 39.986764067842898 ], [ -75.115649723026394, 39.987402711434001 ], [ -75.115762252144194, 39.987542373343203 ], [ -75.115357622883096, 39.987770804493898 ], [ -75.115001160298704, 39.987970154693002 ], [ -75.114637965103498, 39.988175656455603 ], [ -75.114280169035595, 39.988376868759502 ], [ -75.113919608830102, 39.988583448824002 ], [ -75.113524558360595, 39.988802583410802 ], [ -75.113733131988994, 39.989141402605902 ], [ -75.113133164793595, 39.989445508656701 ], [ -75.111914063159503, 39.9900822312106 ], [ -75.111506676464899, 39.990305613245098 ], [ -75.111286994029598, 39.990063160159004 ], [ -75.111168404260695, 39.989931244751801 ], [ -75.110964821062794, 39.990045906519498 ], [ -75.110688684909704, 39.990201403065697 ], [ -75.110412529291395, 39.990356885012901 ], [ -75.110136358924294, 39.990512351568398 ], [ -75.109860171502902, 39.990667801778002 ], [ -75.109583971463707, 39.990823242050901 ], [ -75.109307758911697, 39.990978669686299 ], [ -75.109031534947405, 39.991134086511501 ], [ -75.108787242620807, 39.991271529362301 ], [ -75.108345817156007, 39.990765130857802 ] ] ] } },
{ "type": "Feature", "properties": { "OBJECTID": 92, "ES_ID": "5410", "ES_NAME": "Sheppard, Isaac", "MS_ID": "5170", "MS_NAME": "deBurgos, Julia", "HS_ID": "5020", "HS_NAME": "Edison, Thomas A", "GR_ID_K": "5410", "GR_ID_01": "5410", "GR_ID_02": "5410", "GR_ID_03": "5410", "GR_ID_04": "5410", "GR_ID_05": "5170", "GR_ID_06": "5170", "GR_ID_07": "5170", "GR_ID_08": "5170", "GR_ID_09": "5020", "GR_ID_10": "5020", "GR_ID_11": "5020", "GR_ID_12": "5020", "ES_GRADE": "K-4", "MS_GRADE": "K-8", "HS_GRADE": "9-12", "Shape__Area": 361134.65234375, "Shape__Length": 2727.2379179159898 }, "geometry": { "type": "Polygon", "coordinates": [ [ [ -75.132369135134596, 39.995785147404298 ], [ -75.132158496509803, 39.995727163485398 ], [ -75.131950516659998, 39.995592846414901 ], [ -75.131515522889103, 39.995320864773397 ], [ -75.131089878708494, 39.995043687666197 ], [ -75.130630487748704, 39.9947179763614 ], [ -75.130171002843198, 39.994394782039599 ], [ -75.129498741310996, 39.9938773075001 ], [ -75.129282221472806, 39.993707452139702 ], [ -75.128891205436105, 39.993380177915597 ], [ -75.128476852046603, 39.992969029766499 ], [ -75.127548254974698, 39.992094962963499 ], [ -75.127113082175399, 39.991725883910902 ], [ -75.126832249473395, 39.991412806264798 ], [ -75.126712496776193, 39.991309743674201 ], [ -75.126245801282806, 39.9908764795276 ], [ -75.126193086406403, 39.990822180590101 ], [ -75.125798448922097, 39.990469506052897 ], [ -75.125752295719707, 39.990394717093203 ], [ -75.125817242213103, 39.990329327769203 ], [ -75.125949953135205, 39.990239082165502 ], [ -75.127033281069203, 39.990395237172699 ], [ -75.1289771782088, 39.990649833110602 ], [ -75.130900661071095, 39.990899125710399 ], [ -75.131439886699397, 39.990969597204 ], [ -75.131962119932794, 39.991039270391603 ], [ -75.132422293439305, 39.991092507623897 ], [ -75.132895436361295, 39.991153161314202 ], [ -75.133350047710394, 39.9912104838643 ], [ -75.133806248251403, 39.9912689301581 ], [ -75.133471364576806, 39.9928591168282 ], [ -75.133150045270199, 39.994353509647603 ], [ -75.133045585209601, 39.994850738180801 ], [ -75.132982128937897, 39.995165780856397 ], [ -75.132909586282196, 39.995479356709403 ], [ -75.132834979117206, 39.995846418034702 ], [ -75.132369135134596, 39.995785147404298 ] ] ] } },
{ "type": "Feature", "properties": { "OBJECTID": 93, "ES_ID": "5420", "ES_NAME": "Welsh, John", "MS_ID": "5420", "MS_NAME": "Welsh, John", "HS_ID": "5700", "HS_NAME": "Kensington Campus", "GR_ID_K": "5420", "GR_ID_01": "5420", "GR_ID_02": "5420", "GR_ID_03": "5420", "GR_ID_04": "5420", "GR_ID_05": "5420", "GR_ID_06": "5420", "GR_ID_07": "5420", "GR_ID_08": "5420", "GR_ID_09": "5700", "GR_ID_10": "5700", "GR_ID_11": "5700", "GR_ID_12": "5700", "ES_GRADE": "K-8", "MS_GRADE": "K-8", "HS_GRADE": "9-12", "Shape__Area": 607828.140625, "Shape__Length": 3148.9311671487199 }, "geometry": { "type": "Polygon", "coordinates": [ [ [ -75.141513843563303, 39.992264895119703 ], [ -75.140865504736894, 39.9921832936122 ], [ -75.140199766512794, 39.9920960019925 ], [ -75.139710756737202, 39.992037654261701 ], [ -75.139263155828203, 39.991978655990003 ], [ -75.138353940075106, 39.991860931772898 ], [ -75.137845636108395, 39.991797352581102 ], [ -75.137350299302398, 39.991738498411799 ], [ -75.136161721102496, 39.991574090157897 ], [ -75.136510140095893, 39.989978355003103 ], [ -75.136574841498401, 39.989662486787097 ], [ -75.136645086505695, 39.989379187026898 ], [ -75.136837448484101, 39.9884949826439 ], [ -75.137140462565696, 39.986998253889297 ], [ -75.137463502191494, 39.985501585764297 ], [ -75.138124216899598, 39.9855907690565 ], [ -75.138658631308104, 39.985659224729098 ], [ -75.139170262401606, 39.985725297196502 ], [ -75.140130427133599, 39.985849695057098 ], [ -75.140590269175107, 39.985904802845198 ], [ -75.141049370329497, 39.985967902022402 ], [ -75.141522446933195, 39.986025645038502 ], [ -75.142192632295504, 39.986116131783902 ], [ -75.142843401242203, 39.9862001745093 ], [ -75.143503043094697, 39.9862848637243 ], [ -75.143171495836498, 39.9877758573015 ], [ -75.142849660626197, 39.989266345464998 ], [ -75.142523627978207, 39.990763702517299 ], [ -75.142176006320796, 39.992352486149898 ], [ -75.141513843563303, 39.992264895119703 ] ] ] } },
{ "type": "Feature", "properties": { "OBJECTID": 94, "ES_ID": "5440", "ES_NAME": "Willard, Frances", "MS_ID": "3423", "MS_NAME": "Memphis St Charter at JP Jones", "HS_ID": "5700", "HS_NAME": "Kensington Campus", "GR_ID_K": "5440", "GR_ID_01": "5440", "GR_ID_02": "5440", "GR_ID_03": "5440", "GR_ID_04": "5440", "GR_ID_05": "3423", "GR_ID_06": "3423", "GR_ID_07": "3423", "GR_ID_08": "3423", "GR_ID_09": "5700", "GR_ID_10": "5700", "GR_ID_11": "5700", "GR_ID_12": "5700", "ES_GRADE": "K-4", "MS_GRADE": "5-8", "HS_GRADE": "9-12", "Shape__Area": 1751793.8046875, "Shape__Length": 6313.08727425703 }, "geometry": { "type": "Polygon", "coordinates": [ [ [ -75.112214839735501, 39.995182347904397 ], [ -75.111372360344404, 39.9942205717321 ], [ -75.110261502351193, 39.992966341256803 ], [ -75.1097117736021, 39.992344061979097 ], [ -75.109529998208401, 39.992132713444001 ], [ -75.109342839398593, 39.991918819669003 ], [ -75.108757201935106, 39.9912469976761 ], [ -75.109001495369597, 39.991109555816301 ], [ -75.109277718132503, 39.990954139036198 ], [ -75.109553931858898, 39.990798710599698 ], [ -75.109830130696693, 39.990643270371997 ], [ -75.110106318087105, 39.990487820234499 ], [ -75.110382489558603, 39.990332354678301 ], [ -75.110658643975597, 39.990176872776303 ], [ -75.110934780132794, 39.990021375402002 ], [ -75.111138363307802, 39.989906713687397 ], [ -75.111256954145901, 39.9900386291527 ], [ -75.111476636359697, 39.990281083196699 ], [ -75.111884021870594, 39.990057700341502 ], [ -75.113103123311006, 39.989420979006297 ], [ -75.113703090424295, 39.989116873112202 ], [ -75.113494518226304, 39.988778052988998 ], [ -75.113889568649995, 39.988558918505397 ], [ -75.1142501276464, 39.988352338508101 ], [ -75.1146079236741, 39.988151126297701 ], [ -75.114971119999396, 39.987945624656803 ], [ -75.115327582508201, 39.987746275451101 ], [ -75.115732210588803, 39.987517843478898 ], [ -75.115619682708797, 39.987378182467303 ], [ -75.115049334278893, 39.986739537826203 ], [ -75.114374094625703, 39.9859728101504 ], [ -75.113788804203807, 39.985313204462201 ], [ -75.1149368240375, 39.984706242183599 ], [ -75.116086738956895, 39.9841076207748 ], [ -75.115607985003194, 39.983560688752 ], [ -75.116062095694204, 39.982964577863001 ], [ -75.117155845300701, 39.981719759885202 ], [ -75.117356899553201, 39.981490929804401 ], [ -75.117715206000497, 39.981901315221002 ], [ -75.118525175741595, 39.982834746894298 ], [ -75.1191376289365, 39.9834940738941 ], [ -75.119192121729597, 39.983558215791199 ], [ -75.119692611930404, 39.984121472263901 ], [ -75.120253820254007, 39.984764776549298 ], [ -75.120908401475305, 39.985489479401402 ], [ -75.121214415111396, 39.985830049755798 ], [ -75.121512509454703, 39.986174962817302 ], [ -75.122343312032299, 39.987040063989099 ], [ -75.122916279869699, 39.9874719367007 ], [ -75.123389745424603, 39.987925513761901 ], [ -75.124377449731199, 39.988831522851697 ], [ -75.125493539360093, 39.989845978741599 ], [ -75.124681177406103, 39.990288135218698 ], [ -75.1244343980959, 39.990422451448303 ], [ -75.1236895527516, 39.990845079613102 ], [ -75.122561598226298, 39.991437120348202 ], [ -75.121554441958693, 39.992009343288103 ], [ -75.120311759906002, 39.992681801325098 ], [ -75.119697016955499, 39.993025729577397 ], [ -75.118274822192006, 39.993813024543499 ], [ -75.118045645011193, 39.993935467274099 ], [ -75.115781477808895, 39.995176708054601 ], [ -75.114889916959001, 39.995659282996698 ], [ -75.114441101229005, 39.995912154463397 ], [ -75.113999566513201, 39.9961548269006 ], [ -75.113358031853494, 39.996526451094503 ], [ -75.113311342851404, 39.996417853273996 ], [ -75.112214839735501, 39.995182347904397 ] ] ] } },
{ "type": "Feature", "properties": { "OBJECTID": 95, "ES_ID": "5470", "ES_NAME": "Cramp, William", "MS_ID": "3406", "MS_NAME": "Aspira Charter School at John B Stetson", "HS_ID": "5020", "HS_NAME": "Edison, Thomas A", "GR_ID_K": "5470", "GR_ID_01": "5470", "GR_ID_02": "5470", "GR_ID_03": "5470", "GR_ID_04": "5470", "GR_ID_05": "5470", "GR_ID_06": "3406", "GR_ID_07": "3406", "GR_ID_08": "3406", "GR_ID_09": "5020", "GR_ID_10": "5020", "GR_ID_11": "5020", "GR_ID_12": "5020", "ES_GRADE": "K-5", "MS_GRADE": "5-8", "HS_GRADE": "9-12", "Shape__Area": 846065.61328125, "Shape__Length": 3673.7370080802202 }, "geometry": { "type": "Polygon", "coordinates": [ [ [ -75.127874693541102, 40.005067219843198 ], [ -75.127552349520201, 40.005050426848797 ], [ -75.127210969337199, 40.005031519435803 ], [ -75.126869516441602, 40.005012557082701 ], [ -75.126528014909198, 40.004993432215699 ], [ -75.126186513229101, 40.004973951321098 ], [ -75.125845053288202, 40.004953909922101 ], [ -75.125503680071404, 40.004933114425398 ], [ -75.125162435369106, 40.004911363056202 ], [ -75.124821364313405, 40.004888458621203 ], [ -75.124480510974195, 40.004864201200697 ], [ -75.1241399204565, 40.004838394502798 ], [ -75.123951088870598, 40.004823103427498 ], [ -75.124165535765101, 40.00383858184 ], [ -75.124413654927096, 40.002643823984897 ], [ -75.1247344658792, 40.001133289143802 ], [ -75.124827607207393, 40.000745888996398 ], [ -75.124954809733296, 40.000126372054503 ], [ -75.125061159250293, 39.999637446050102 ], [ -75.125383112127594, 39.998053074321298 ], [ -75.126103159563797, 39.998145560453501 ], [ -75.126414341011994, 39.998178027896898 ], [ -75.127339191952899, 39.998300357029599 ], [ -75.128630850610804, 39.998468331929999 ], [ -75.1292623218649, 39.9985484955047 ], [ -75.129805167700695, 39.9986227780959 ], [ -75.130323161304503, 39.9986867688798 ], [ -75.131251880839898, 39.998815925665099 ], [ -75.132174117154705, 39.998922585199701 ], [ -75.132704460723104, 39.998994902835904 ], [ -75.133238535658194, 39.999066913812499 ], [ -75.132898842241801, 40.0006524532551 ], [ -75.132580069216303, 40.002143666755998 ], [ -75.132257705847195, 40.0036408183853 ], [ -75.1320676877572, 40.004567827623802 ], [ -75.131951943082598, 40.005165236297202 ], [ -75.131656148658394, 40.005170265922899 ], [ -75.131313854496895, 40.005173320489902 ], [ -75.130971442745903, 40.005172860961899 ], [ -75.130629107603696, 40.005168501623302 ], [ -75.130287027262995, 40.005159968123202 ], [ -75.129945035834893, 40.005149647997101 ], [ -75.129603035031394, 40.005138570676102 ], [ -75.129261052203105, 40.0051266349682 ], [ -75.128919117183202, 40.005113736134199 ], [ -75.128577252783003, 40.005099769275297 ], [ -75.128235486429006, 40.005084631400102 ], [ -75.127874693541102, 40.005067219843198 ] ] ] } },
{ "type": "Feature", "properties": { "OBJECTID": 96, "ES_ID": "5480", "ES_NAME": "Kearny, General Philip", "MS_ID": "5480", "MS_NAME": "Kearny, General Philip", "HS_ID": "2010", "HS_NAME": "Franklin, Benjamin HS", "GR_ID_K": "5480", "GR_ID_01": "5480", "GR_ID_02": "5480", "GR_ID_03": "5480", "GR_ID_04": "5480", "GR_ID_05": "5480", "GR_ID_06": "5480", "GR_ID_07": "5480", "GR_ID_08": "5480", "GR_ID_09": "2010", "GR_ID_10": "2010", "GR_ID_11": "2010", "GR_ID_12": "2010", "ES_GRADE": "K-8", "MS_GRADE": "K-8", "HS_GRADE": "9-12", "Shape__Area": 3049069.5078125, "Shape__Length": 8617.0969965828208 }, "geometry": { "type": "Polygon", "coordinates": [ [ [ -75.152002469161005, 39.9683072497239 ], [ -75.151464778277699, 39.968184275554997 ], [ -75.150975324636505, 39.968087036163901 ], [ -75.150517415394603, 39.9679804449095 ], [ -75.149560270078993, 39.967741633153402 ], [ -75.148692004910899, 39.967525746422503 ], [ -75.147912264115007, 39.9673343870274 ], [ -75.147149608403794, 39.9671359187194 ], [ -75.146506547049896, 39.9668508938842 ], [ -75.145893082372496, 39.966556232970703 ], [ -75.145759595010105, 39.966501997299702 ], [ -75.144907839122894, 39.966104677564203 ], [ -75.144588096722302, 39.965953547655303 ], [ -75.144004308565201, 39.965679101428101 ], [ -75.143379288960503, 39.965388947663001 ], [ -75.142531431384796, 39.9649945283223 ], [ -75.1416331598423, 39.964581806328198 ], [ -75.140708187142707, 39.964147776917002 ], [ -75.139933735478195, 39.963785853593599 ], [ -75.139756665855302, 39.963700389908396 ], [ -75.140063150911701, 39.9627459702672 ], [ -75.139787551775001, 39.962681899903998 ], [ -75.139603979887198, 39.962638419839998 ], [ -75.139298559864699, 39.962566078662903 ], [ -75.1392237819515, 39.962548479413599 ], [ -75.138277258035203, 39.962325693129799 ], [ -75.138084670970102, 39.9629457131444 ], [ -75.137172602496406, 39.962828916584499 ], [ -75.1367586796989, 39.962775639273403 ], [ -75.136298283567399, 39.962460710147603 ], [ -75.135704307128506, 39.962056061268598 ], [ -75.129089668613901, 39.960717209329097 ], [ -75.130496984051803, 39.959603975433303 ], [ -75.130732428075206, 39.959327460431503 ], [ -75.130969446056497, 39.959049095072203 ], [ -75.131081602900196, 39.958917370979499 ], [ -75.131330218211502, 39.958577812490901 ], [ -75.131539836872307, 39.9582915124263 ], [ -75.131962132823901, 39.9575741033009 ], [ -75.132269788042606, 39.957051440390501 ], [ -75.132533860117405, 39.956579024612601 ], [ -75.132810286505503, 39.956028281065997 ], [ -75.139631855943193, 39.956896362332202 ], [ -75.139957386299201, 39.9569378699913 ], [ -75.1407194874716, 39.957036389153402 ], [ -75.141000562344203, 39.957072723580197 ], [ -75.141415116855399, 39.9571263097288 ], [ -75.142022799648998, 39.957204859760601 ], [ -75.142190346698996, 39.957226694338303 ], [ -75.142637583924895, 39.957282792161401 ], [ -75.1428054557812, 39.957220840809001 ], [ -75.143042472130105, 39.957168430027302 ], [ -75.143302139958394, 39.957135339591296 ], [ -75.143598748633195, 39.957118201597197 ], [ -75.143907057913907, 39.957143167610099 ], [ -75.144182284987195, 39.957177370093902 ], [ -75.145400800592896, 39.957328788362801 ], [ -75.145746224823, 39.957367791096097 ], [ -75.145944537746104, 39.957390182495502 ], [ -75.146088483711793, 39.957399792079002 ], [ -75.147205531413704, 39.957545903716401 ], [ -75.147349668225402, 39.957566008429197 ], [ -75.147845914361397, 39.957636069616399 ], [ -75.148462974329505, 39.957724531693401 ], [ -75.148862626065494, 39.957753770296797 ], [ -75.148879111974694, 39.957673570294503 ], [ -75.149128202742105, 39.9576837750176 ], [ -75.149527884642893, 39.957671234363197 ], [ -75.150175438676897, 39.957601543802397 ], [ -75.150656888117098, 39.957490865970897 ], [ -75.150895776714194, 39.957426672734798 ], [ -75.151142316345897, 39.957360425011501 ], [ -75.151490916808399, 39.957266586373798 ], [ -75.151651737588296, 39.957221257567902 ], [ -75.152063398135496, 39.957107827361298 ], [ -75.152292561502506, 39.9570495118504 ], [ -75.152561375508398, 39.956972820819203 ], [ -75.152774468954803, 39.9569234660772 ], [ -75.152896055867302, 39.9568930926633 ], [ -75.153348161809802, 39.956833512044902 ], [ -75.153786137837898, 39.956794664918 ], [ -75.154251110940606, 39.9567862236877 ], [ -75.154453452184498, 39.956786544452797 ], [ -75.155541541660398, 39.956932882786496 ], [ -75.155511403012994, 39.957059064648099 ], [ -75.155492858044994, 39.957136704113701 ], [ -75.155485250950093, 39.957214096283799 ], [ -75.155479262157101, 39.957289887901197 ], [ -75.155393409157398, 39.957685965039701 ], [ -75.155351921019601, 39.95787959455 ], [ -75.155330204546502, 39.957984072098803 ], [ -75.155263704373894, 39.958278323021197 ], [ -75.155183389181005, 39.958637064535402 ], [ -75.155096673698694, 39.958718609635397 ], [ -75.155137043802796, 39.958862804567801 ], [ -75.154967178321897, 39.959635107371703 ], [ -75.154846300625195, 39.960193556607699 ], [ -75.154721905706893, 39.960753483151301 ], [ -75.154635361291398, 39.961153176255202 ], [ -75.154543890807901, 39.961588550855602 ], [ -75.154514877177903, 39.961720213650501 ], [ -75.154425850366806, 39.962134861461998 ], [ -75.154313938565295, 39.962623966177603 ], [ -75.154183788805796, 39.963231888241303 ], [ -75.154097492888297, 39.963611122733198 ], [ -75.154016254666303, 39.963985418698698 ], [ -75.153866339818904, 39.9646693294561 ], [ -75.153743673792405, 39.965254337290801 ], [ -75.1545133660224, 39.965497179059703 ], [ -75.155262425281805, 39.965717822671202 ], [ -75.155047684503202, 39.966691198678397 ], [ -75.154818420411104, 39.967730389703902 ], [ -75.153279885419806, 39.967356861772799 ], [ -75.153151434213399, 39.9679530153889 ], [ -75.153021003153398, 39.968558351431099 ], [ -75.152002469161005, 39.9683072497239 ] ] ] } },
{ "type": "Feature", "properties": { "OBJECTID": 97, "ES_ID": "8240", "ES_NAME": "Disston, Hamilton", "MS_ID": "8240", "MS_NAME": "Disston, Hamilton", "HS_ID": "8010", "HS_NAME": "Lincoln, Abraham", "GR_ID_K": "8240", "GR_ID_01": "8240", "GR_ID_02": "8240", "GR_ID_03": "8240", "GR_ID_04": "8240", "GR_ID_05": "8240", "GR_ID_06": "8240", "GR_ID_07": "8240", "GR_ID_08": "8240", "GR_ID_09": "8010", "GR_ID_10": "8010", "GR_ID_11": "8010", "GR_ID_12": "8010", "ES_GRADE": "K-8", "MS_GRADE": "K-8", "HS_GRADE": "9-12", "Shape__Area": 4996250.47265625, "Shape__Length": 9474.3471785402508 }, "geometry": { "type": "Polygon", "coordinates": [ [ [ -75.044017853023604, 40.034028797206197 ], [ -75.043754182675897, 40.0337282284396 ], [ -75.043436499403995, 40.033366082414297 ], [ -75.042987846604802, 40.032850036907398 ], [ -75.042540112217594, 40.0323379649383 ], [ -75.042090648299293, 40.031825781793103 ], [ -75.041637937049103, 40.031308550837998 ], [ -75.041190829811399, 40.030795572415499 ], [ -75.040744566868, 40.030285864795701 ], [ -75.040290474624001, 40.0297750784991 ], [ -75.039844255819602, 40.029253739104 ], [ -75.039389740643401, 40.028743492165297 ], [ -75.038908970863403, 40.028194763032097 ], [ -75.038459447924694, 40.027681454601002 ], [ -75.038040214616203, 40.027197831995402 ], [ -75.037591349224599, 40.0266888964575 ], [ -75.037143613052294, 40.026173692717002 ], [ -75.036690113856096, 40.025659684450403 ], [ -75.036454582788096, 40.025368941179998 ], [ -75.036122243310103, 40.024939576567498 ], [ -75.035992021945106, 40.024830208909201 ], [ -75.035814758634004, 40.0245817527112 ], [ -75.035347838388105, 40.023959839195498 ], [ -75.035070021354301, 40.023565737930099 ], [ -75.034985355481297, 40.0235060110642 ], [ -75.034487398223803, 40.022891616193498 ], [ -75.034473839876995, 40.022816638737197 ], [ -75.034433213120195, 40.0227347741478 ], [ -75.033810907841897, 40.021914925200299 ], [ -75.033184975998793, 40.021040267456897 ], [ -75.029372581924406, 40.016297541318103 ], [ -75.029861197278294, 40.016232960702197 ], [ -75.032558868842798, 40.015820707475001 ], [ -75.034189815611697, 40.015534937002499 ], [ -75.0359341040038, 40.015130348246501 ], [ -75.038463049753403, 40.014349453229997 ], [ -75.040090510564596, 40.013732725427303 ], [ -75.043185192642994, 40.012309889478402 ], [ -75.045498764536305, 40.015399441826098 ], [ -75.046551203675804, 40.016362850154799 ], [ -75.046958826716306, 40.016674572729499 ], [ -75.047402367393303, 40.017003073351901 ], [ -75.047800949300907, 40.0173351797484 ], [ -75.048088239874303, 40.017509836683899 ], [ -75.048137687829197, 40.017593379637603 ], [ -75.048280571239701, 40.017698441411397 ], [ -75.048434148861901, 40.017815014131003 ], [ -75.048588827994394, 40.017946855605999 ], [ -75.048692338786196, 40.018036840431002 ], [ -75.048791998703706, 40.018150802502603 ], [ -75.048959797111706, 40.018342680848797 ], [ -75.049500387105297, 40.018938398517598 ], [ -75.050004917665603, 40.019520475117801 ], [ -75.050452413117299, 40.020035370559 ], [ -75.050907489446402, 40.020544406152801 ], [ -75.051322186369006, 40.021023675246703 ], [ -75.051776666744502, 40.021544432822999 ], [ -75.052256726494704, 40.022089109409698 ], [ -75.052484642552798, 40.022355300989602 ], [ -75.052705257517204, 40.0226014425484 ], [ -75.0529343989339, 40.022872896120099 ], [ -75.053154683075604, 40.023114113744697 ], [ -75.053375847234093, 40.0233710973881 ], [ -75.053607102969494, 40.023625010678899 ], [ -75.053832259912397, 40.023890375852503 ], [ -75.054057479449995, 40.024138659044198 ], [ -75.054498231161702, 40.024657319143003 ], [ -75.054968097126306, 40.025180463978799 ], [ -75.055400077254603, 40.025682166648203 ], [ -75.056297085382994, 40.026712971368603 ], [ -75.0556941874692, 40.027024122123997 ], [ -75.055144125807701, 40.027310532534003 ], [ -75.054545505089706, 40.027616445471502 ], [ -75.055087050376002, 40.028245544450698 ], [ -75.055587319390298, 40.028824723721399 ], [ -75.055636576397305, 40.028870172153901 ], [ -75.056048068264303, 40.029348635910601 ], [ -75.056080652575801, 40.029464159407802 ], [ -75.055663422766102, 40.029852278381398 ], [ -75.055418884018394, 40.0300956553059 ], [ -75.055271925747903, 40.030229442016598 ], [ -75.054802226581899, 40.030651711034999 ], [ -75.054057492801206, 40.031189895338798 ], [ -75.053970533476402, 40.031246442791797 ], [ -75.053513808388601, 40.031576648651402 ], [ -75.053355052289007, 40.031669759388599 ], [ -75.0532516889579, 40.031709604075502 ], [ -75.052859703511501, 40.031805483758497 ], [ -75.052688023218707, 40.031855117274297 ], [ -75.050975282991999, 40.032333908708203 ], [ -75.049912068308998, 40.032619588887101 ], [ -75.048673726729803, 40.032962980337402 ], [ -75.047721218354496, 40.033310822820297 ], [ -75.046773133427905, 40.033692204205003 ], [ -75.046659671232803, 40.033735087945999 ], [ -75.0458033805794, 40.034184561953403 ], [ -75.044929424391199, 40.034650635503503 ], [ -75.044673842561295, 40.034780288483503 ], [ -75.044017853023604, 40.034028797206197 ] ] ] } },
{ "type": "Feature", "properties": { "OBJECTID": 98, "ES_ID": "8250", "ES_NAME": "Forrest, Edwin", "MS_ID": "8140", "MS_NAME": "Meehan, Austin", "HS_ID": "8010", "HS_NAME": "Lincoln, Abraham", "GR_ID_K": "8250", "GR_ID_01": "8250", "GR_ID_02": "8250", "GR_ID_03": "8250", "GR_ID_04": "8250", "GR_ID_05": "8250", "GR_ID_06": "8130", "GR_ID_07": "8130", "GR_ID_08": "8140", "GR_ID_09": "8010", "GR_ID_10": "8010", "GR_ID_11": "8010", "GR_ID_12": "8010", "ES_GRADE": "K-5", "MS_GRADE": "8", "HS_GRADE": "9-12", "Shape__Area": 5468844.828125, "Shape__Length": 10248.7862417786 }, "geometry": { "type": "Polygon", "coordinates": [ [ [ -75.035004259729803, 40.038917830828296 ], [ -75.034426076411194, 40.039129796934198 ], [ -75.033429268228005, 40.039482644924803 ], [ -75.032614766848198, 40.039780913856198 ], [ -75.031710246312102, 40.040115529028903 ], [ -75.031343316565696, 40.040245968317002 ], [ -75.030845160821201, 40.040427044244602 ], [ -75.030058202083893, 40.039141999822299 ], [ -75.029322670161704, 40.037940157115102 ], [ -75.029680587949201, 40.037802745003297 ], [ -75.029157548579406, 40.036948264908098 ], [ -75.029136045284105, 40.036892002720897 ], [ -75.028892362794394, 40.036458175333301 ], [ -75.028577099459, 40.036005092406597 ], [ -75.028011982602607, 40.0350893016792 ], [ -75.0274705947337, 40.034197669822902 ], [ -75.027420496359497, 40.034139369706303 ], [ -75.026283092215493, 40.032849171899997 ], [ -75.025356310376097, 40.031704366856196 ], [ -75.023995486133799, 40.0300176955854 ], [ -75.020089299767506, 40.025197085995302 ], [ -75.014397679393994, 40.020180929736597 ], [ -75.015697566591797, 40.019502142064397 ], [ -75.016610177956196, 40.019082943042697 ], [ -75.017858685115698, 40.0185604608169 ], [ -75.019741585924805, 40.0178919516135 ], [ -75.021454768749507, 40.017500077120097 ], [ -75.0237731945316, 40.0170767921107 ], [ -75.026582886566004, 40.016666213669403 ], [ -75.029372581924406, 40.016297541318103 ], [ -75.033184975998793, 40.021040267456897 ], [ -75.033810907841897, 40.021914925200299 ], [ -75.034433213120195, 40.0227347741478 ], [ -75.034473839876995, 40.022816638737197 ], [ -75.034487398223803, 40.022891616193498 ], [ -75.034985355481297, 40.0235060110642 ], [ -75.035070021354301, 40.023565737930099 ], [ -75.035347838388105, 40.023959839195498 ], [ -75.035814758634004, 40.0245817527112 ], [ -75.035992021945106, 40.024830208909201 ], [ -75.036122243310103, 40.024939576567498 ], [ -75.036454582788096, 40.025368941179998 ], [ -75.036690113856096, 40.025659684450403 ], [ -75.037143613052294, 40.026173692717002 ], [ -75.037591349224599, 40.0266888964575 ], [ -75.038040214616203, 40.027197831995402 ], [ -75.038459447924694, 40.027681454601002 ], [ -75.038908970863403, 40.028194763032097 ], [ -75.039389740643401, 40.028743492165297 ], [ -75.039844255819602, 40.029253739104 ], [ -75.040290474624001, 40.0297750784991 ], [ -75.040744566868, 40.030285864795701 ], [ -75.041190829811399, 40.030795572415499 ], [ -75.041637937049103, 40.031308550837998 ], [ -75.042090648299293, 40.031825781793103 ], [ -75.042540112217594, 40.0323379649383 ], [ -75.042987846604802, 40.032850036907398 ], [ -75.043436499403995, 40.033366082414297 ], [ -75.043754182675897, 40.0337282284396 ], [ -75.044017853023604, 40.034028797206197 ], [ -75.044673842561295, 40.034780288483503 ], [ -75.044056268045097, 40.035105926036302 ], [ -75.043201900944993, 40.035553575999202 ], [ -75.042436259031405, 40.035970577235901 ], [ -75.041685649960897, 40.0363521770593 ], [ -75.040755248566796, 40.036802820102302 ], [ -75.039842512513005, 40.037137453243901 ], [ -75.038689580364107, 40.037560133297902 ], [ -75.036834613607198, 40.038245276637802 ], [ -75.036279656292706, 40.038450245124103 ], [ -75.035544733492202, 40.038719684900002 ], [ -75.035004259729803, 40.038917830828296 ] ] ] } },
{ "type": "Feature", "properties": { "OBJECTID": 99, "ES_ID": "8260", "ES_NAME": "Fox Chase", "MS_ID": "8160", "MS_NAME": "Baldi, CCA", "HS_ID": "8030", "HS_NAME": "Washington, George", "GR_ID_K": "8260", "GR_ID_01": "8260", "GR_ID_02": "8260", "GR_ID_03": "8260", "GR_ID_04": "8260", "GR_ID_05": "8260", "GR_ID_06": "8160", "GR_ID_07": "8160", "GR_ID_08": "8160", "GR_ID_09": "8030", "GR_ID_10": "8030", "GR_ID_11": "8030", "GR_ID_12": "8030", "ES_GRADE": "K-5", "MS_GRADE": "6-8", "HS_GRADE": "9-12", "Shape__Area": 7445493.39453125, "Shape__Length": 16307.395831375399 }, "geometry": { "type": "Polygon", "coordinates": [ [ [ -75.058992731774296, 40.080954776583901 ], [ -75.059164784889703, 40.080701393938199 ], [ -75.059411047723202, 40.080523415007598 ], [ -75.059623091642706, 40.080376314337499 ], [ -75.059925027544594, 40.080250326692898 ], [ -75.060235454238097, 40.080118199059299 ], [ -75.060436741474803, 40.080034206565301 ], [ -75.060639286936606, 40.079918561595498 ], [ -75.060826604047705, 40.079770881989901 ], [ -75.060995931894496, 40.0796607944012 ], [ -75.061146773383399, 40.079600964044801 ], [ -75.061329568885, 40.079567224681803 ], [ -75.061519855569003, 40.079552668672598 ], [ -75.061678933607396, 40.079493028507599 ], [ -75.061841024611397, 40.079357428612099 ], [ -75.061997635394107, 40.079152003769302 ], [ -75.062038374630902, 40.078956540097003 ], [ -75.062062633587999, 40.078760690968501 ], [ -75.062068905896098, 40.0786024370544 ], [ -75.061982775583701, 40.078486374889799 ], [ -75.061897149767802, 40.0783576512857 ], [ -75.0617937897254, 40.078260194360098 ], [ -75.061706907605299, 40.078163120978502 ], [ -75.061631781509504, 40.077977621157601 ], [ -75.061518215045893, 40.077721521852197 ], [ -75.061487176884995, 40.077464189527497 ], [ -75.0615266619062, 40.077300376435602 ], [ -75.061604587340895, 40.077207160047799 ], [ -75.061762907082894, 40.077166509650397 ], [ -75.061960674686304, 40.077171135558103 ], [ -75.062174420144004, 40.077188808882497 ], [ -75.062322993851296, 40.077185947479997 ], [ -75.062517536866096, 40.077063776172402 ], [ -75.062739057758705, 40.076885211094101 ], [ -75.063048746888796, 40.076562981447999 ], [ -75.063348939074402, 40.0762722060608 ], [ -75.063649129787294, 40.0759814317123 ], [ -75.063813713349901, 40.075782526260603 ], [ -75.063920365984501, 40.075588602703803 ], [ -75.063946875785106, 40.075335782536797 ], [ -75.063823683431906, 40.075114312000103 ], [ -75.063711116296105, 40.074832896438302 ], [ -75.063620258083603, 40.074628020882798 ], [ -75.063476454211497, 40.0745106106476 ], [ -75.063262716781196, 40.074492941541699 ], [ -75.063045468442894, 40.074563894894503 ], [ -75.062610721987099, 40.074712128889097 ], [ -75.062209686743103, 40.074842142238403 ], [ -75.061702531715696, 40.074944327297501 ], [ -75.061064540040405, 40.075018106130599 ], [ -75.060459757507303, 40.075086321633201 ], [ -75.059902155010107, 40.075212662747496 ], [ -75.059451417066001, 40.075347838432101 ], [ -75.0590486138816, 40.075522151669098 ], [ -75.058777145184806, 40.075712211488202 ], [ -75.058693063308795, 40.0759605136953 ], [ -75.058600108879006, 40.0762244511183 ], [ -75.058352806746896, 40.076636834631898 ], [ -75.058125496308094, 40.076960984463398 ], [ -75.057898435048799, 40.077278801782697 ], [ -75.0576898628713, 40.077546365400799 ], [ -75.057519027177804, 40.077694426063502 ], [ -75.057302516593595, 40.077746377784202 ], [ -75.057039580298493, 40.077721208421799 ], [ -75.056777653188306, 40.077670719327202 ], [ -75.056534466504303, 40.077563644439202 ], [ -75.056241835715198, 40.077455408283797 ], [ -75.0558041556028, 40.077261403810802 ], [ -75.055506559799596, 40.0770706830126 ], [ -75.055422961239401, 40.0768913143962 ], [ -75.055377949626305, 40.076792519061797 ], [ -75.055526717744399, 40.076679421864803 ], [ -75.057585364871798, 40.075114346023 ], [ -75.057824084715705, 40.074925477067197 ], [ -75.058061762974901, 40.074735777712398 ], [ -75.058298967192101, 40.074545694660799 ], [ -75.058536253013301, 40.074355678836 ], [ -75.058774184287202, 40.074166181349703 ], [ -75.059013320210894, 40.073977652298503 ], [ -75.059254222361304, 40.073790540929203 ], [ -75.059497454551803, 40.073605299239397 ], [ -75.059743619937194, 40.073422392757301 ], [ -75.059993240995595, 40.073242132840903 ], [ -75.060245997093602, 40.0730643236449 ], [ -75.060501450398306, 40.072888708015498 ], [ -75.060759160627896, 40.072715031448801 ], [ -75.061018692188298, 40.0725430395538 ], [ -75.061279609450906, 40.072372478844102 ], [ -75.061542497268604, 40.072203744133901 ], [ -75.061807931900205, 40.072037239942901 ], [ -75.062075668478599, 40.071872841587997 ], [ -75.062345467568605, 40.071710435327702 ], [ -75.062617081854398, 40.071549899129302 ], [ -75.062890257066897, 40.071391079262803 ], [ -75.063164518282306, 40.071233263601201 ], [ -75.063439918300006, 40.0710764813035 ], [ -75.063716708384106, 40.070921110365802 ], [ -75.063995133944502, 40.070767528644502 ], [ -75.064275443803496, 40.070616116776897 ], [ -75.064557887072695, 40.070467248195698 ], [ -75.0648430471865, 40.070321650143597 ], [ -75.065132381442794, 40.070180846972796 ], [ -75.0654250206955, 40.070043864142399 ], [ -75.065719787349806, 40.069909400946202 ], [ -75.066015505999502, 40.069776160345 ], [ -75.066311018052801, 40.0696428646269 ], [ -75.066606672994695, 40.0695098697567 ], [ -75.066903104008503, 40.0693778608928 ], [ -75.067200269846794, 40.069246813638998 ], [ -75.067498133877606, 40.069116705509202 ], [ -75.067829193003504, 40.0689727637766 ], [ -75.067358275994096, 40.068736446519097 ], [ -75.0658485279655, 40.067840190670601 ], [ -75.065028436495496, 40.067353330624599 ], [ -75.069881992350403, 40.061833431378297 ], [ -75.070312769203795, 40.062062864387499 ], [ -75.0705337198102, 40.062145242761801 ], [ -75.070862574328501, 40.062236078252504 ], [ -75.071285524220997, 40.062293461358301 ], [ -75.072143094108, 40.062383808129397 ], [ -75.072439690256999, 40.062433231362299 ], [ -75.072752864707297, 40.062529634704802 ], [ -75.072950178340506, 40.0626233377792 ], [ -75.073306660009607, 40.062821203742601 ], [ -75.073544993099404, 40.062944572073199 ], [ -75.075377709890802, 40.0639798784633 ], [ -75.075992914434295, 40.064351552079799 ], [ -75.0771576427734, 40.065052854019299 ], [ -75.077361761572405, 40.065440155081099 ], [ -75.0775092214149, 40.065692670689799 ], [ -75.077675296593995, 40.065975115414197 ], [ -75.077720417188601, 40.066044421140703 ], [ -75.077889120624505, 40.066235840650698 ], [ -75.078053308758896, 40.0663698614621 ], [ -75.078903359886596, 40.066844447308704 ], [ -75.080967422792995, 40.0679836155008 ], [ -75.082042654278595, 40.068060519308403 ], [ -75.083728366006795, 40.068183061120003 ], [ -75.084323813520299, 40.068311479659201 ], [ -75.084627130693306, 40.068377398362301 ], [ -75.085312075451796, 40.068521167059501 ], [ -75.0870782026375, 40.068573915193497 ], [ -75.087234416386593, 40.068399260805997 ], [ -75.089030581757797, 40.0666073733613 ], [ -75.090372343371897, 40.065284287916597 ], [ -75.091960362175499, 40.066208212038603 ], [ -75.093246249131099, 40.0669563184656 ], [ -75.096740031034997, 40.068988782989898 ], [ -75.094044358509294, 40.071641382717303 ], [ -75.093844276962997, 40.071838689672603 ], [ -75.089962427871896, 40.075669257333402 ], [ -75.089521705572693, 40.076104123974702 ], [ -75.089192509217497, 40.076416873479602 ], [ -75.087940064514896, 40.0776067059358 ], [ -75.086900803806301, 40.078654407854799 ], [ -75.085367247137398, 40.080116330623902 ], [ -75.083906441432802, 40.081498160183898 ], [ -75.082459630885694, 40.0828932235301 ], [ -75.081689357163597, 40.083629409991097 ], [ -75.0788467588023, 40.082057386982797 ], [ -75.0778705906407, 40.081510412454399 ], [ -75.0771247071674, 40.081089252957 ], [ -75.076261202378902, 40.080614833595099 ], [ -75.075170221752202, 40.080000173923899 ], [ -75.074637459095001, 40.079700006727201 ], [ -75.073706988352896, 40.079191452980503 ], [ -75.0730162746449, 40.078790351382402 ], [ -75.071010398457005, 40.077691387381101 ], [ -75.070382338915195, 40.078299090869798 ], [ -75.069832660839793, 40.078831779280101 ], [ -75.069218300801097, 40.079450148391601 ], [ -75.068466457251205, 40.080173596531701 ], [ -75.0682779477293, 40.080354771902897 ], [ -75.067926734030607, 40.080609275621299 ], [ -75.067091742551, 40.081182570805503 ], [ -75.066971178537401, 40.081266704995102 ], [ -75.065476646933305, 40.082309627204602 ], [ -75.0624219651434, 40.084401380475697 ], [ -75.060116757896907, 40.085977955382099 ], [ -75.060036169139593, 40.086033200884899 ], [ -75.059921865092704, 40.085807067050901 ], [ -75.059806128283199, 40.085533090201999 ], [ -75.059656899381295, 40.085263446288899 ], [ -75.059539135786906, 40.085040603630198 ], [ -75.059454859928806, 40.084813427722104 ], [ -75.059424452472598, 40.084572156288502 ], [ -75.059406548349401, 40.0843516519421 ], [ -75.059399663244406, 40.084021362023897 ], [ -75.059422918248998, 40.083771110025701 ], [ -75.059446175354495, 40.083520859874099 ], [ -75.059464800957997, 40.083219317532297 ], [ -75.059303244330707, 40.083092697134298 ], [ -75.059038785594097, 40.0830404415819 ], [ -75.058705928541897, 40.083032647861003 ], [ -75.058405548870496, 40.083046085468403 ], [ -75.058141292802205, 40.0829887146487 ], [ -75.057866567119206, 40.0828594415661 ], [ -75.057625938826206, 40.082710493037602 ], [ -75.057433739783903, 40.082516613584303 ], [ -75.057359744065494, 40.082366450158098 ], [ -75.057306936641197, 40.0821860728038 ], [ -75.057397479332494, 40.081919485604999 ], [ -75.057530662680605, 40.081753702327902 ], [ -75.057686820713499, 40.081680586145403 ], [ -75.057887341009902, 40.081664809721197 ], [ -75.058107224157396, 40.081664841150896 ], [ -75.058315617347603, 40.081618540808599 ], [ -75.058479240200995, 40.081525124886802 ], [ -75.058656584983794, 40.081421793313098 ], [ -75.058822236106494, 40.081277242439597 ], [ -75.058972177159603, 40.081024838913798 ], [ -75.058992731774296, 40.080954776583901 ] ] ] } },
{ "type": "Feature", "properties": { "OBJECTID": 100, "ES_ID": "8270", "ES_NAME": "Holme, Thomas", "MS_ID": "8140", "MS_NAME": "Meehan, Austin", "HS_ID": "8010", "HS_NAME": "Lincoln, Abraham", "GR_ID_K": "8270", "GR_ID_01": "8270", "GR_ID_02": "8270", "GR_ID_03": "8270", "GR_ID_04": "8270", "GR_ID_05": "8270", "GR_ID_06": "8270", "GR_ID_07": "8270", "GR_ID_08": "8140", "GR_ID_09": "8010", "GR_ID_10": "8010", "GR_ID_11": "8010", "GR_ID_12": "8010", "ES_GRADE": "K-7", "MS_GRADE": "8", "HS_GRADE": "9-12", "Shape__Area": 15081237.2148438, "Shape__Length": 16771.694098176002 }, "geometry": { "type": "Polygon", "coordinates": [ [ [ -75.007271778508994, 40.069170936848003 ], [ -75.002905378748494, 40.066691370031698 ], [ -75.0002049262106, 40.065160069853398 ], [ -74.999025458137197, 40.064489237489603 ], [ -74.998422534289801, 40.064146170985097 ], [ -74.995307210665999, 40.062373430137299 ], [ -74.994516409454306, 40.061923402737797 ], [ -74.994278704754194, 40.061790974182102 ], [ -74.993953964646494, 40.061637137654998 ], [ -74.993569475962403, 40.061502010985997 ], [ -74.993219470874493, 40.061405482151201 ], [ -74.992815754421798, 40.061340396307997 ], [ -74.992398840927606, 40.061277511664798 ], [ -74.991947448040406, 40.061176027844198 ], [ -74.991711113412904, 40.061104883835597 ], [ -74.991495239612107, 40.061014087247599 ], [ -74.991305147991497, 40.060933982307901 ], [ -74.991102779964095, 40.060833436221898 ], [ -74.990857136645204, 40.060668900249198 ], [ -74.990644028254195, 40.060510180263499 ], [ -74.990512256409602, 40.060446581860397 ], [ -74.990434294932001, 40.060405300336498 ], [ -74.989288651003903, 40.059384614197903 ], [ -74.987981882501799, 40.058224406503001 ], [ -74.985908545612702, 40.0563863931947 ], [ -74.985294888499496, 40.055837138992203 ], [ -74.985004747372102, 40.055584545939602 ], [ -74.984756058143006, 40.055366674127598 ], [ -74.984519679105404, 40.055157517649903 ], [ -74.984394051738605, 40.055025127998498 ], [ -74.984259106943696, 40.054912023822503 ], [ -74.984153277010293, 40.054836238950401 ], [ -74.984100501991804, 40.054791824306498 ], [ -74.984018601718006, 40.054716601004699 ], [ -74.9839674455025, 40.054635593227097 ], [ -74.983798041098595, 40.0542116596258 ], [ -74.982735242678402, 40.053023837317397 ], [ -74.982299149589196, 40.052528345704403 ], [ -74.981825429932599, 40.052055568945804 ], [ -74.981590926193206, 40.051832906223403 ], [ -74.981481617068596, 40.051727118437903 ], [ -74.9809330413282, 40.051222791162303 ], [ -74.980230174876993, 40.0505908367534 ], [ -74.976641675106904, 40.0474156227069 ], [ -74.978558311809905, 40.046785011578102 ], [ -74.979893754045506, 40.046348662689901 ], [ -74.980593040824701, 40.0459518959699 ], [ -74.981746684191194, 40.045072905939001 ], [ -74.982679441298302, 40.044077129479902 ], [ -74.983550052510907, 40.043040721282502 ], [ -74.984944491805095, 40.041777275438797 ], [ -74.986282164181603, 40.040950397874902 ], [ -74.9877089856396, 40.039966564137401 ], [ -74.989214452709206, 40.038664067244 ], [ -74.990469432045899, 40.037578233576902 ], [ -74.991386893046396, 40.036784396555099 ], [ -74.994072237568204, 40.034424763545701 ], [ -74.995924948848895, 40.032777466191902 ], [ -74.998995486068495, 40.035064858761203 ], [ -75.000321192329494, 40.036192430407198 ], [ -75.002508445009397, 40.038084418143399 ], [ -75.004839832022896, 40.040132300125101 ], [ -75.006975252898897, 40.0407490814043 ], [ -75.0101029100543, 40.041680527811501 ], [ -75.0113439707808, 40.042682044980999 ], [ -75.011395622542395, 40.042736854437898 ], [ -75.012469157913102, 40.043595735267203 ], [ -75.012710240563706, 40.043788911005301 ], [ -75.013424411687694, 40.043315228609202 ], [ -75.014704915561495, 40.044353956284702 ], [ -75.016379662330195, 40.045681538290999 ], [ -75.018565347091197, 40.047109632946203 ], [ -75.019984838513494, 40.0480220559065 ], [ -75.019994875717799, 40.048081267755499 ], [ -75.020056526420007, 40.0483932030453 ], [ -75.0200815769537, 40.048590216264998 ], [ -75.020126157560298, 40.048711662364802 ], [ -75.0201128268167, 40.048838068482397 ], [ -75.019993437897696, 40.048936609223198 ], [ -75.019883813875097, 40.048997363603299 ], [ -75.019585254312503, 40.049040957534203 ], [ -75.019355645508099, 40.049010154873002 ], [ -75.019032392400405, 40.048919492984602 ], [ -75.018749696156405, 40.048907044842103 ], [ -75.018535031680102, 40.048914612369302 ], [ -75.018333019135994, 40.049017522145398 ], [ -75.018163697424797, 40.049127546145399 ], [ -75.018032244920903, 40.049320839841698 ], [ -75.017882024861393, 40.049570711411803 ], [ -75.017790814375502, 40.049993062093499 ], [ -75.017758455858299, 40.050182376085402 ], [ -75.017741296634398, 40.050403731875498 ], [ -75.017691190173593, 40.050624304933599 ], [ -75.017590976456205, 40.051065446475697 ], [ -75.017552165458397, 40.051210255069201 ], [ -75.017546046824606, 40.051362176602801 ], [ -75.017672229253293, 40.051504573334398 ], [ -75.017864819639598, 40.051635875010803 ], [ -75.0181709426802, 40.051814230778902 ], [ -75.018387991720303, 40.0519524493929 ], [ -75.018638753930205, 40.052072462225603 ], [ -75.018899028411198, 40.052161019443403 ], [ -75.019186052588097, 40.052199522031898 ], [ -75.019523263744404, 40.052220209846901 ], [ -75.019984286504297, 40.052237502759702 ], [ -75.020423145617599, 40.052190906671299 ], [ -75.020825244723, 40.052142090351701 ], [ -75.020891665130094, 40.052349864343 ], [ -75.020918971338403, 40.0524897038039 ], [ -75.020880138537606, 40.052636406864899 ], [ -75.020830508365094, 40.052778635561197 ], [ -75.020770757652897, 40.052899534568503 ], [ -75.020712533608105, 40.052982508286803 ], [ -75.020697837384802, 40.0530749526962 ], [ -75.0207163804902, 40.053159751090398 ], [ -75.020771103694997, 40.053300241029703 ], [ -75.020827862454894, 40.053390165122302 ], [ -75.020936513552698, 40.053418053299303 ], [ -75.021089202700594, 40.053442769610697 ], [ -75.021312330094204, 40.053490248022698 ], [ -75.0215200231913, 40.053512052348303 ], [ -75.021639134355496, 40.053552842717401 ], [ -75.021920037321095, 40.053664959724898 ], [ -75.022098450164194, 40.053732464879502 ], [ -75.022229545540796, 40.053748231210101 ], [ -75.022363752522395, 40.053823122002498 ], [ -75.022493831671994, 40.053864170968303 ], [ -75.023280469585302, 40.054093737393401 ], [ -75.023425644187398, 40.054168887212299 ], [ -75.023445155106103, 40.054297995850398 ], [ -75.023307876683305, 40.054436035935197 ], [ -75.023260568020405, 40.054588865737003 ], [ -75.023299441045594, 40.054714215207099 ], [ -75.023298710226399, 40.054800665008301 ], [ -75.023088567756801, 40.0550445309363 ], [ -75.023020054300204, 40.055125550455401 ], [ -75.022954435000301, 40.055195299745002 ], [ -75.022962994916398, 40.055300949934399 ], [ -75.022991322919097, 40.055415505040799 ], [ -75.022965662109698, 40.055507689403797 ], [ -75.022860859493207, 40.055657044956398 ], [ -75.022819085267301, 40.055740410205502 ], [ -75.022843570912698, 40.055882290573898 ], [ -75.022924586824104, 40.055983333470301 ], [ -75.023068241821306, 40.056096408168798 ], [ -75.023195277007503, 40.056213306055 ], [ -75.023300038130799, 40.056338110832698 ], [ -75.023359653993495, 40.056446922587902 ], [ -75.023401244197203, 40.056551406739899 ], [ -75.023453201784207, 40.0566243431551 ], [ -75.023521442301004, 40.056701884709497 ], [ -75.023615576096205, 40.056818001274699 ], [ -75.023734440328994, 40.056865109750802 ], [ -75.023909665707095, 40.056875593979498 ], [ -75.024106063971004, 40.056905561039301 ], [ -75.024220206879093, 40.0569335771429 ], [ -75.024288024162004, 40.057021652324998 ], [ -75.024271046288703, 40.057170983356897 ], [ -75.024249177178106, 40.057305436346702 ], [ -75.024261564901906, 40.057406959346402 ], [ -75.024281755577405, 40.057519212521001 ], [ -75.024316873861594, 40.057669779511599 ], [ -75.024323608679097, 40.057775386228599 ], [ -75.024258714635593, 40.057887729268899 ], [ -75.024206312988198, 40.057962407187297 ], [ -75.024132314674503, 40.0580281379046 ], [ -75.024007860302405, 40.058120086943703 ], [ -75.023939091444902, 40.058192267935702 ], [ -75.023806124346194, 40.058222855622098 ], [ -75.023645399366401, 40.058261221051701 ], [ -75.023467376009606, 40.058320264056903 ], [ -75.023360472527798, 40.058385213408002 ], [ -75.023258715119795, 40.058458719582397 ], [ -75.023184883555004, 40.0585202358372 ], [ -75.023094770957897, 40.058577146879202 ], [ -75.022977068437299, 40.0586376217354 ], [ -75.022882148093998, 40.058677547129498 ], [ -75.022781575528697, 40.058721557023397 ], [ -75.022686654952906, 40.058761482255797 ], [ -75.022568275246599, 40.0588388120091 ], [ -75.022431409404206, 40.058966316908403 ], [ -75.022272438129093, 40.059097514682499 ], [ -75.022147555679993, 40.059199995805102 ], [ -75.022083166192502, 40.059299696172502 ], [ -75.022015271420699, 40.059418294029697 ], [ -75.021969396780193, 40.059535305330499 ], [ -75.021898082389797, 40.059670692408801 ], [ -75.021849464827994, 40.059787638538999 ], [ -75.021759040288202, 40.059920463295903 ], [ -75.021642382014804, 40.060023140109998 ], [ -75.021571151183096, 40.0601564205217 ], [ -75.021503763159998, 40.060262375710501 ], [ -75.021369604394906, 40.060322458214998 ], [ -75.021244349991207, 40.060365879766003 ], [ -75.021168566356906, 40.0604758532224 ], [ -75.021124752863898, 40.060609785467797 ], [ -75.021052842330207, 40.060759920831501 ], [ -75.020999417775002, 40.060859881091602 ], [ -75.020946500500699, 40.060947198940902 ], [ -75.020818955929897, 40.061047507934397 ], [ -75.020704357567297, 40.061167104184101 ], [ -75.020581505068293, 40.061287207070599 ], [ -75.020495627245793, 40.061375148278103 ], [ -75.0203322351514, 40.061411335653702 ], [ -75.020194738148504, 40.0614860995654 ], [ -75.020081833743106, 40.0615635570135 ], [ -75.020024279719607, 40.061629675973798 ], [ -75.019988153166906, 40.061708956680299 ], [ -75.019923756954299, 40.061808655796199 ], [ -75.019830075700895, 40.061954055332201 ], [ -75.019739729104302, 40.062084772025898 ], [ -75.019645933379195, 40.062164791623701 ], [ -75.019549649190907, 40.062238425692598 ], [ -75.019480447388204, 40.062321138091797 ], [ -75.019406099324399, 40.0623952933555 ], [ -75.019320444736493, 40.062477615557697 ], [ -75.019230492106303, 40.062530309713203 ], [ -75.019107296345695, 40.062590649379104 ], [ -75.019001569509498, 40.062626097948602 ], [ -75.018850442452901, 40.062698426993499 ], [ -75.018743528825993, 40.0627633720622 ], [ -75.018664374026301, 40.062820540317801 ], [ -75.018553953789706, 40.062904382630201 ], [ -75.018423293505194, 40.062945563369098 ], [ -75.018284151613699, 40.0629928704383 ], [ -75.018166437182501, 40.0630533394528 ], [ -75.018047873955894, 40.063134878318003 ], [ -75.018005581210204, 40.063230884154002 ], [ -75.0179513016746, 40.063351911154001 ], [ -75.017891707413895, 40.063468594808498 ], [ -75.017798357759901, 40.063605565919502 ], [ -75.0176684272855, 40.063764863894299 ], [ -75.017498355431101, 40.063830414415399 ], [ -75.017308664550598, 40.063906043167002 ], [ -75.017146734096599, 40.0639738952869 ], [ -75.017045640638003, 40.064030541586597 ], [ -75.016893489627904, 40.064128151828299 ], [ -75.016780916676794, 40.064197177497299 ], [ -75.016667835236603, 40.0642788454197 ], [ -75.016572393876004, 40.064331407025698 ], [ -75.016404298085902, 40.064415983777003 ], [ -75.016241346521198, 40.064509118388798 ], [ -75.016210698281796, 40.064588529279099 ], [ -75.016167892575297, 40.064697174964401 ], [ -75.016008046558696, 40.064849433086799 ], [ -75.015887609265405, 40.064977321634601 ], [ -75.015767596141103, 40.065094675979203 ], [ -75.015751276927304, 40.065227150443498 ], [ -75.015744312667195, 40.065399918468799 ], [ -75.015657679339597, 40.065642494126699 ], [ -75.015586769420395, 40.065767343139299 ], [ -75.015494602286793, 40.065874814819097 ], [ -75.015453153647897, 40.065949749751603 ], [ -75.015381563499602, 40.0660914538744 ], [ -75.015316308094498, 40.066212219459999 ], [ -75.015220013464202, 40.066285849884899 ], [ -75.015086008335203, 40.066341710352503 ], [ -75.014985248273405, 40.066389927186201 ], [ -75.014854664051001, 40.066428997405801 ], [ -75.014691766522105, 40.066452536226301 ], [ -75.014555017815894, 40.066508330781303 ], [ -75.014423498410096, 40.0665705769065 ], [ -75.014285983270298, 40.066645333699697 ], [ -75.014187880048198, 40.066695721590001 ], [ -75.014143431680907, 40.066776911903297 ], [ -75.014161121707701, 40.066882780357197 ], [ -75.014236653331295, 40.066983698732699 ], [ -75.014293753611597, 40.067065198341403 ], [ -75.014391672201199, 40.067223591076797 ], [ -75.014400284458404, 40.0673503326299 ], [ -75.0143477171369, 40.067496706919002 ], [ -75.014304736622606, 40.067609566600403 ], [ -75.014252146518103, 40.067688454646898 ], [ -75.014139564936599, 40.0677574786151 ], [ -75.014016185185795, 40.067822026613399 ], [ -75.0139112974677, 40.067836400553702 ], [ -75.013769485716296, 40.067881529506998 ], [ -75.013687154056299, 40.0679491639983 ], [ -75.013656330106997, 40.0680327879708 ], [ -75.013664070536393, 40.068113111538601 ], [ -75.013659820627197, 40.068218457603699 ], [ -75.013631761165598, 40.068369633080202 ], [ -75.013614501946606, 40.0685252845023 ], [ -75.013570902910999, 40.068585404681301 ], [ -75.013415802232203, 40.068619672587303 ], [ -75.013289761144804, 40.0686820479985 ], [ -75.013207002991805, 40.068760216207501 ], [ -75.0131451641723, 40.068864190647297 ], [ -75.0130964399021, 40.068983240366698 ], [ -75.013043252221706, 40.069076875723198 ], [ -75.013001118729207, 40.069168665879602 ], [ -75.012926245986904, 40.069255457438601 ], [ -75.012857709107905, 40.069321311496402 ], [ -75.0127821569384, 40.069424959109298 ], [ -75.012645421412898, 40.069548238473097 ], [ -75.012485385990999, 40.069704705458797 ], [ -75.012404007954203, 40.069816649766402 ], [ -75.012349711949895, 40.069937674947603 ], [ -75.012279132797303, 40.070054094308297 ], [ -75.012164674262294, 40.070169468177497 ], [ -75.012074195580894, 40.070234798120602 ], [ -75.011938478953397, 40.0703327938432 ], [ -75.011822488335, 40.070486091601197 ], [ -75.011738556460202, 40.070661242481698 ], [ -75.011665913025098, 40.070760740885099 ], [ -75.0115322560344, 40.070875656674197 ], [ -75.011457294441698, 40.070964554619302 ], [ -75.011402911912199, 40.071087686724503 ], [ -75.011332396156902, 40.071188145713897 ], [ -75.007271778508994, 40.069170936848003 ] ] ] } },
{ "type": "Feature", "properties": { "OBJECTID": 101, "ES_ID": "8300", "ES_NAME": "Mayfair", "MS_ID": "8300", "MS_NAME": "Mayfair", "HS_ID": "8010", "HS_NAME": "Lincoln, Abraham", "GR_ID_K": "8300", "GR_ID_01": "8300", "GR_ID_02": "8300", "GR_ID_03": "8300", "GR_ID_04": "8300", "GR_ID_05": "8300", "GR_ID_06": "8300", "GR_ID_07": "8300", "GR_ID_08": "8300", "GR_ID_09": "8010", "GR_ID_10": "8010", "GR_ID_11": "8010", "GR_ID_12": "8010", "ES_GRADE": "K-8", "MS_GRADE": "K-8", "HS_GRADE": "9-12", "Shape__Area": 1979333.8671875, "Shape__Length": 5938.4806569423599 }, "geometry": { "type": "Polygon", "coordinates": [ [ [ -75.048560983532695, 40.041154366209 ], [ -75.045808608994093, 40.039588497334698 ], [ -75.047408244338797, 40.0379015199143 ], [ -75.048561186685703, 40.036674653130603 ], [ -75.0469347758346, 40.035771640424301 ], [ -75.045975934820405, 40.035235650978599 ], [ -75.044929424391199, 40.034650635503503 ], [ -75.0458033805794, 40.034184561953403 ], [ -75.046659671232803, 40.033735087945999 ], [ -75.046773133427905, 40.033692204205003 ], [ -75.047721218354496, 40.033310822820297 ], [ -75.048673726729803, 40.032962980337402 ], [ -75.049912068308998, 40.032619588887101 ], [ -75.050975282991999, 40.032333908708203 ], [ -75.052688023218707, 40.031855117274297 ], [ -75.052859703511501, 40.031805483758497 ], [ -75.0532516889579, 40.031709604075502 ], [ -75.054804450602802, 40.032558794656502 ], [ -75.054871374904806, 40.032603785750702 ], [ -75.056510241037699, 40.0335113396129 ], [ -75.058125433015903, 40.034413811630799 ], [ -75.059763610341193, 40.035319929426002 ], [ -75.061141721543194, 40.036073909494803 ], [ -75.062383778940102, 40.036803448378997 ], [ -75.062504596148599, 40.0369025232322 ], [ -75.0621231847377, 40.037114926101303 ], [ -75.061827279480994, 40.037313585981003 ], [ -75.061412845426204, 40.037647845022697 ], [ -75.061066537887996, 40.037971266779799 ], [ -75.061012257103698, 40.038021960163697 ], [ -75.058796805014197, 40.0401097343589 ], [ -75.058557692080697, 40.040320804325397 ], [ -75.056711094000306, 40.042068461778499 ], [ -75.056124757889094, 40.042654355760099 ], [ -75.055612027163903, 40.0431964562747 ], [ -75.054929558094599, 40.043863758975803 ], [ -75.054603245622204, 40.044166008430501 ], [ -75.054290317571898, 40.044455891595497 ], [ -75.048560983532695, 40.041154366209 ] ] ] } },
{ "type": "Feature", "properties": { "OBJECTID": 102, "ES_ID": "8310", "ES_NAME": "Moore, J Hampton", "MS_ID": "8120", "MS_NAME": "Wilson, Woodrow", "HS_ID": "8020", "HS_NAME": "Northeast High", "GR_ID_K": "8310", "GR_ID_01": "8310", "GR_ID_02": "8310", "GR_ID_03": "8310", "GR_ID_04": "8310", "GR_ID_05": "8310", "GR_ID_06": "8120", "GR_ID_07": "8120", "GR_ID_08": "8120", "GR_ID_09": "8020", "GR_ID_10": "8020", "GR_ID_11": "8020", "GR_ID_12": "8020", "ES_GRADE": "K-5", "MS_GRADE": "6-8", "HS_GRADE": "9-12", "Shape__Area": 5422377.2265625, "Shape__Length": 11587.202852995501 }, "geometry": { "type": "Polygon", "coordinates": [ [ [ -75.089974078386504, 40.0578301660044 ], [ -75.088411613332994, 40.056949351346901 ], [ -75.086621991530293, 40.0559549396067 ], [ -75.086179193280699, 40.055703540984197 ], [ -75.0859601142635, 40.055576179679498 ], [ -75.085878202438806, 40.055511891587599 ], [ -75.085797451345798, 40.055433904859903 ], [ -75.084873409397403, 40.054890627466101 ], [ -75.084515687120899, 40.055300616914103 ], [ -75.084230195962803, 40.055604363245997 ], [ -75.083993638777798, 40.0558703656056 ], [ -75.0836571127507, 40.056222151797897 ], [ -75.082753812716504, 40.055731404170103 ], [ -75.081867782912397, 40.055223515113397 ], [ -75.080851617774897, 40.0546689348377 ], [ -75.079817509324101, 40.054093589891998 ], [ -75.079510494336006, 40.054427473455398 ], [ -75.079219039346498, 40.054728535439303 ], [ -75.078945634058798, 40.055024508337297 ], [ -75.078633735589406, 40.055366090010097 ], [ -75.076735989609304, 40.057359765392199 ], [ -75.075034337141702, 40.056368199403401 ], [ -75.074097540284598, 40.0558283580202 ], [ -75.073258164642894, 40.055339140036097 ], [ -75.071473092454397, 40.054303700212003 ], [ -75.069724084216105, 40.053294014460299 ], [ -75.069135291625898, 40.052958500611602 ], [ -75.068505204251593, 40.052599882036603 ], [ -75.067726079683297, 40.052154676158302 ], [ -75.066048583734002, 40.051190411954302 ], [ -75.066693603281394, 40.050551127279803 ], [ -75.067276011280697, 40.0499816270464 ], [ -75.067875185493705, 40.049359969437099 ], [ -75.068477641677106, 40.048739001863503 ], [ -75.069076730308794, 40.048119006996799 ], [ -75.069691051067593, 40.047490033459397 ], [ -75.070303782747501, 40.046831362023099 ], [ -75.070888896541305, 40.046227698093297 ], [ -75.071466762196906, 40.045657071182703 ], [ -75.072072013526494, 40.045033285145003 ], [ -75.072647732974303, 40.044403096133401 ], [ -75.0732528402838, 40.043805397844402 ], [ -75.073838317518394, 40.043183151732897 ], [ -75.074440673834303, 40.042552962309401 ], [ -75.075035451909898, 40.0419492300475 ], [ -75.075456433611905, 40.042163224196003 ], [ -75.075555218174799, 40.042213399262799 ], [ -75.076562631965999, 40.0427720416547 ], [ -75.078568062441803, 40.043913331666502 ], [ -75.080354269354402, 40.044914256146903 ], [ -75.082346262657495, 40.046000605196198 ], [ -75.083002708968394, 40.0463795807377 ], [ -75.083417623955199, 40.046608446421502 ], [ -75.083653498678601, 40.046732628850897 ], [ -75.084068510767494, 40.046972320299197 ], [ -75.085696856007004, 40.047859946994798 ], [ -75.086977290718906, 40.048576460412399 ], [ -75.087637879932103, 40.047051924341901 ], [ -75.087950085517093, 40.046352922053202 ], [ -75.088315638912206, 40.045523211930103 ], [ -75.088978387146994, 40.044341589717803 ], [ -75.090355135226702, 40.042992658317701 ], [ -75.0941777800696, 40.0450351904339 ], [ -75.094536432303897, 40.045231359387799 ], [ -75.094794440510697, 40.045373044484599 ], [ -75.095144622130803, 40.045560349511497 ], [ -75.096002245303595, 40.046011877969399 ], [ -75.096973507083803, 40.046574083495102 ], [ -75.098020345554005, 40.047106026822298 ], [ -75.098802631560204, 40.047539670214 ], [ -75.099562414421598, 40.047983075031297 ], [ -75.100397386889099, 40.048701073915502 ], [ -75.101338171346697, 40.049548520882396 ], [ -75.101893203924206, 40.050074382160901 ], [ -75.102813423936695, 40.050876673445103 ], [ -75.103026384485901, 40.051097209964702 ], [ -75.103106629859099, 40.051201475525097 ], [ -75.100751764550196, 40.052597887749101 ], [ -75.100166379395802, 40.052956056564902 ], [ -75.099832152372699, 40.053161924124304 ], [ -75.099377162737497, 40.053308118782702 ], [ -75.099112228769101, 40.053571578625203 ], [ -75.098804316048501, 40.053723075805102 ], [ -75.098465150328096, 40.053896938042399 ], [ -75.097667364222005, 40.0543745843949 ], [ -75.097489592360404, 40.054488058606502 ], [ -75.096506770106799, 40.055180164297703 ], [ -75.095759314179304, 40.055638722355901 ], [ -75.095121101749797, 40.055945910902103 ], [ -75.094682474794496, 40.0563788341059 ], [ -75.093616789072598, 40.057426264788297 ], [ -75.093542865380897, 40.057320072565503 ], [ -75.093458201921294, 40.057197720598502 ], [ -75.093337587866003, 40.057023414386201 ], [ -75.092526919873507, 40.056922703468999 ], [ -75.090849180977798, 40.058255894587397 ], [ -75.089974078386504, 40.0578301660044 ] ] ] } },
{ "type": "Feature", "properties": { "OBJECTID": 103, "ES_ID": "8340", "ES_NAME": "Solis-Cohen, Solomon", "MS_ID": "8120", "MS_NAME": "Wilson, Woodrow", "HS_ID": "8020", "HS_NAME": "Northeast High", "GR_ID_K": "8340", "GR_ID_01": "8340", "GR_ID_02": "8340", "GR_ID_03": "8340", "GR_ID_04": "8340", "GR_ID_05": "8340", "GR_ID_06": "8120", "GR_ID_07": "8120", "GR_ID_08": "8120", "GR_ID_09": "8020", "GR_ID_10": "8020", "GR_ID_11": "8020", "GR_ID_12": "8020", "ES_GRADE": "K-5", "MS_GRADE": "6-8", "HS_GRADE": "9-12", "Shape__Area": 1980244.6796875, "Shape__Length": 5666.9037261006297 }, "geometry": { "type": "Polygon", "coordinates": [ [ [ -75.065405360568406, 40.050818127844799 ], [ -75.0651338599978, 40.0506736304079 ], [ -75.064845249311404, 40.0505032166284 ], [ -75.064563048734698, 40.050347969624703 ], [ -75.064188375933, 40.050138878806997 ], [ -75.063832592256503, 40.0499400713962 ], [ -75.063549503045095, 40.049788016836303 ], [ -75.063440408647295, 40.0497604688114 ], [ -75.062385935814703, 40.0491573171307 ], [ -75.061377021874094, 40.048594681061303 ], [ -75.0599389955227, 40.047760404540398 ], [ -75.058370215564693, 40.046814503737401 ], [ -75.058067916751497, 40.046640459865401 ], [ -75.057727770898595, 40.046419640580098 ], [ -75.057372465197901, 40.046216679522601 ], [ -75.057050435439393, 40.046039385208097 ], [ -75.056716471487803, 40.045843948702199 ], [ -75.056385772585102, 40.045649004024803 ], [ -75.056145851852605, 40.045508313686497 ], [ -75.055725204854596, 40.045265602460198 ], [ -75.054649701330007, 40.044654429663403 ], [ -75.054436582088599, 40.044537997125701 ], [ -75.054290317571898, 40.044455891595497 ], [ -75.054603245622204, 40.044166008430501 ], [ -75.054929558094599, 40.043863758975803 ], [ -75.055612027163903, 40.0431964562747 ], [ -75.056124757889094, 40.042654355760099 ], [ -75.056711094000306, 40.042068461778499 ], [ -75.058557692080697, 40.040320804325397 ], [ -75.058796805014197, 40.0401097343589 ], [ -75.061012257103698, 40.038021960163697 ], [ -75.061066537887996, 40.037971266779799 ], [ -75.061405546800202, 40.038144382416398 ], [ -75.0615466262919, 40.038222361532398 ], [ -75.0621485201018, 40.038554717202601 ], [ -75.062685207095001, 40.0388424145738 ], [ -75.063444884267597, 40.039277406448797 ], [ -75.064497963078097, 40.039862546364901 ], [ -75.065583620649093, 40.040451289390496 ], [ -75.066087535122804, 40.040737842908101 ], [ -75.066427760446302, 40.040945805836103 ], [ -75.066759455016694, 40.041122688774102 ], [ -75.067067706361101, 40.041305854843998 ], [ -75.067397432142499, 40.041487341955502 ], [ -75.067664999058195, 40.041643643971298 ], [ -75.067985948812904, 40.041806556618297 ], [ -75.068237381700698, 40.0419543945589 ], [ -75.068559534588402, 40.042132825249197 ], [ -75.068867044822994, 40.042301128792197 ], [ -75.069209959095403, 40.042485293455599 ], [ -75.069462002650894, 40.0426301171427 ], [ -75.069770304227404, 40.042796750776503 ], [ -75.070029305668896, 40.042939108075601 ], [ -75.070343207777398, 40.043109752460403 ], [ -75.070635750540802, 40.043281456527502 ], [ -75.071016186566197, 40.043492268687402 ], [ -75.0713076019168, 40.043655285658303 ], [ -75.071613727846199, 40.0438323875522 ], [ -75.0718684203039, 40.0439672902477 ], [ -75.072250357300405, 40.044170649080897 ], [ -75.072647732974303, 40.044403096133401 ], [ -75.072072013526494, 40.045033285145003 ], [ -75.071466762196906, 40.045657071182703 ], [ -75.070888896541305, 40.046227698093297 ], [ -75.070303782747501, 40.046831362023099 ], [ -75.069691051067593, 40.047490033459397 ], [ -75.069076730308794, 40.048119006996799 ], [ -75.068477641677106, 40.048739001863503 ], [ -75.067875185493705, 40.049359969437099 ], [ -75.067276011280697, 40.0499816270464 ], [ -75.066693603281394, 40.050551127279803 ], [ -75.066048583734002, 40.051190411954302 ], [ -75.065757559975793, 40.051017341085398 ], [ -75.065405360568406, 40.050818127844799 ] ] ] } },
{ "type": "Feature", "properties": { "OBJECTID": 104, "ES_ID": "8350", "ES_NAME": "Spruance, Gilbert", "MS_ID": "8350", "MS_NAME": "Spruance, Gilbert", "HS_ID": "8020", "HS_NAME": "Northeast High", "GR_ID_K": "8350", "GR_ID_01": "8350", "GR_ID_02": "8350", "GR_ID_03": "8350", "GR_ID_04": "8350", "GR_ID_05": "8350", "GR_ID_06": "8350", "GR_ID_07": "8350", "GR_ID_08": "8350", "GR_ID_09": "8020", "GR_ID_10": "8020", "GR_ID_11": "8020", "GR_ID_12": "8020", "ES_GRADE": "K-8", "MS_GRADE": "K-8", "HS_GRADE": "9-12", "Shape__Area": 2002624.72265625, "Shape__Length": 6588.6296481791496 }, "geometry": { "type": "Polygon", "coordinates": [ [ [ -75.0718684203039, 40.0439672902477 ], [ -75.071613727846199, 40.0438323875522 ], [ -75.0713076019168, 40.043655285658303 ], [ -75.071016186566197, 40.043492268687402 ], [ -75.070635750540802, 40.043281456527502 ], [ -75.070343207777398, 40.043109752460403 ], [ -75.070029305668896, 40.042939108075601 ], [ -75.069770304227404, 40.042796750776503 ], [ -75.069462002650894, 40.0426301171427 ], [ -75.069209959095403, 40.042485293455599 ], [ -75.068867044822994, 40.042301128792197 ], [ -75.068559534588402, 40.042132825249197 ], [ -75.068237381700698, 40.0419543945589 ], [ -75.067985948812904, 40.041806556618297 ], [ -75.067664999058195, 40.041643643971298 ], [ -75.067397432142499, 40.041487341955502 ], [ -75.067067706361101, 40.041305854843998 ], [ -75.066759455016694, 40.041122688774102 ], [ -75.066427760446302, 40.040945805836103 ], [ -75.066087535122804, 40.040737842908101 ], [ -75.065583620649093, 40.040451289390496 ], [ -75.064497963078097, 40.039862546364901 ], [ -75.063444884267597, 40.039277406448797 ], [ -75.062685207095001, 40.0388424145738 ], [ -75.0621485201018, 40.038554717202601 ], [ -75.0615466262919, 40.038222361532398 ], [ -75.061405546800202, 40.038144382416398 ], [ -75.061066537887996, 40.037971266779799 ], [ -75.061412845426204, 40.037647845022697 ], [ -75.061827279480994, 40.037313585981003 ], [ -75.0621231847377, 40.037114926101303 ], [ -75.062504596148599, 40.0369025232322 ], [ -75.062900293671106, 40.036714034620204 ], [ -75.063198202003804, 40.036594491021503 ], [ -75.063568271816195, 40.036493596702101 ], [ -75.064365384096405, 40.036315411477801 ], [ -75.065182147838001, 40.036133817416598 ], [ -75.066097022591194, 40.035916394402598 ], [ -75.067674158640202, 40.035535622616699 ], [ -75.068101717138205, 40.035439943680203 ], [ -75.069599130569003, 40.035102504086403 ], [ -75.071099301879897, 40.034751995878203 ], [ -75.071486408983901, 40.034673494509498 ], [ -75.074441677919793, 40.033989321781199 ], [ -75.075301259688302, 40.0337917888425 ], [ -75.076979707809897, 40.0334060571018 ], [ -75.077445632188599, 40.0333042610714 ], [ -75.080745597469502, 40.032547907559803 ], [ -75.081777679982295, 40.032316924029502 ], [ -75.081906964294603, 40.032290512256502 ], [ -75.082006155797799, 40.032266579232498 ], [ -75.082110796115202, 40.032235620253303 ], [ -75.083807377085407, 40.031908514332599 ], [ -75.083951497081401, 40.031872902710496 ], [ -75.084091681513002, 40.031829934485302 ], [ -75.084099156244704, 40.031889642289897 ], [ -75.084136966211005, 40.031976528548697 ], [ -75.084275399263802, 40.032181158061 ], [ -75.084174016727701, 40.032322066297503 ], [ -75.084020138512898, 40.032547936580002 ], [ -75.083373598707993, 40.0332525328106 ], [ -75.082925243342103, 40.033731392946301 ], [ -75.082181997159694, 40.034495130381401 ], [ -75.081960165870001, 40.034727056000101 ], [ -75.081760445894602, 40.034933298110801 ], [ -75.081577128295805, 40.035119540387299 ], [ -75.0813806036968, 40.035321997878398 ], [ -75.080983375914897, 40.035722224030899 ], [ -75.080602872414602, 40.036139904192197 ], [ -75.080250975179496, 40.036518686207501 ], [ -75.079838936232406, 40.036930806841802 ], [ -75.079548846383204, 40.037230850174197 ], [ -75.079315402551003, 40.037479480264402 ], [ -75.079160858688297, 40.037630559095398 ], [ -75.079001725344597, 40.037805151756302 ], [ -75.078823806972906, 40.0379972875878 ], [ -75.078623152207797, 40.038214783032799 ], [ -75.0783913893126, 40.038442487798498 ], [ -75.078212746584398, 40.038626941664603 ], [ -75.078013103205393, 40.038835623155499 ], [ -75.077831676138203, 40.039010324621898 ], [ -75.077397554022198, 40.039473496209901 ], [ -75.077004177490593, 40.039894093371998 ], [ -75.076822718869494, 40.040083442638903 ], [ -75.076654189617003, 40.040266898816903 ], [ -75.076240033655196, 40.040694680485799 ], [ -75.075837461968405, 40.041104193369499 ], [ -75.075454316262494, 40.041486168255197 ], [ -75.075035451909898, 40.0419492300475 ], [ -75.074440673834303, 40.042552962309401 ], [ -75.073838317518394, 40.043183151732897 ], [ -75.0732528402838, 40.043805397844402 ], [ -75.072647732974303, 40.044403096133401 ], [ -75.072250357300405, 40.044170649080897 ], [ -75.0718684203039, 40.0439672902477 ] ] ] } },
{ "type": "Feature", "properties": { "OBJECTID": 105, "ES_ID": "5490", "ES_NAME": "Cayuga", "MS_ID": "7730", "MS_NAME": "Clemente, Roberto", "HS_ID": "5020", "HS_NAME": "Edison, Thomas A", "GR_ID_K": "5490", "GR_ID_01": "5490", "GR_ID_02": "5490", "GR_ID_03": "5490", "GR_ID_04": "5490", "GR_ID_05": "5490", "GR_ID_06": "7730", "GR_ID_07": "7730", "GR_ID_08": "7730", "GR_ID_09": "5020", "GR_ID_10": "5020", "GR_ID_11": "5020", "GR_ID_12": "5020", "ES_GRADE": "K-5", "MS_GRADE": "6-8", "HS_GRADE": "9-12", "Shape__Area": 1364650.19921875, "Shape__Length": 5732.1051419852001 }, "geometry": { "type": "Polygon", "coordinates": [ [ [ -75.135685105632604, 40.022961963380901 ], [ -75.135175406409601, 40.022897459318003 ], [ -75.133519834429293, 40.022707694114501 ], [ -75.132668338099606, 40.022613389249699 ], [ -75.131657108589494, 40.022474625913098 ], [ -75.130679235372, 40.022334501536903 ], [ -75.128840564938599, 40.0221036073048 ], [ -75.128331743817498, 40.022045589912203 ], [ -75.127997380865395, 40.021998083585999 ], [ -75.127590111138602, 40.021944604426501 ], [ -75.127668985694001, 40.021686156216298 ], [ -75.127724312493498, 40.021443495004704 ], [ -75.127827300078806, 40.021017823742 ], [ -75.127939283868798, 40.020590255739997 ], [ -75.128059197070797, 40.020175843473098 ], [ -75.128174485704804, 40.0197532063778 ], [ -75.128291188080894, 40.019320326178899 ], [ -75.128414072360897, 40.0188962638981 ], [ -75.127171911793198, 40.018728324234601 ], [ -75.127281846041996, 40.018559267394799 ], [ -75.127737733984105, 40.017815520177898 ], [ -75.128169591145806, 40.017284089880199 ], [ -75.129585969898599, 40.015970124141298 ], [ -75.130794004957394, 40.016129658354998 ], [ -75.131393297298104, 40.016199276376199 ], [ -75.131983559991397, 40.016288322282101 ], [ -75.132478600912407, 40.016346723899403 ], [ -75.132995586474806, 40.0164189929149 ], [ -75.133897535234595, 40.016537639899397 ], [ -75.1348461358848, 40.016646651618899 ], [ -75.135584815551198, 40.016743840730499 ], [ -75.135925885753693, 40.016788368716902 ], [ -75.136155766086205, 40.0168148381726 ], [ -75.136814123461704, 40.016908356322702 ], [ -75.137641468677003, 40.017012984885497 ], [ -75.138468805461798, 40.017109729601401 ], [ -75.139112220458898, 40.0171965955481 ], [ -75.139751550892299, 40.017285619356599 ], [ -75.140251457168105, 40.017350452659898 ], [ -75.140764122080299, 40.017420508584699 ], [ -75.141844523989505, 40.017553344375401 ], [ -75.146743845752894, 40.018176387146902 ], [ -75.147183483875196, 40.018229665507 ], [ -75.148050381631094, 40.018355529300997 ], [ -75.148469838338698, 40.0184157508534 ], [ -75.147146246223798, 40.019019529124698 ], [ -75.147060565606395, 40.019102928788797 ], [ -75.146384340257598, 40.019421926701298 ], [ -75.146139651786996, 40.019392211202302 ], [ -75.145364630380499, 40.019388896275203 ], [ -75.144688877662801, 40.019419913784098 ], [ -75.144097555911998, 40.019494773324098 ], [ -75.143635125212995, 40.019576972291098 ], [ -75.143262743266703, 40.019667636146401 ], [ -75.142886612117906, 40.019780736509396 ], [ -75.1424695594024, 40.019929395070598 ], [ -75.142083887741506, 40.020084848561503 ], [ -75.141263533284601, 40.020465907310502 ], [ -75.139895033631504, 40.021151172648899 ], [ -75.139625873324306, 40.021263624258197 ], [ -75.138791665629697, 40.021680028820498 ], [ -75.136802508045804, 40.022672894049897 ], [ -75.136069036904203, 40.023001949928101 ], [ -75.135685105632604, 40.022961963380901 ] ] ] } },
{ "type": "Feature", "properties": { "OBJECTID": 106, "ES_ID": "5500", "ES_NAME": "Marshall, Thurgood", "MS_ID": "5500", "MS_NAME": "Marshall, Thurgood", "HS_ID": "3414", "HS_NAME": "Aspira Olney Charter High School", "GR_ID_K": "5500", "GR_ID_01": "5500", "GR_ID_02": "5500", "GR_ID_03": "5500", "GR_ID_04": "5500", "GR_ID_05": "5500", "GR_ID_06": "5500", "GR_ID_07": "5500", "GR_ID_08": "5500", "GR_ID_09": "3414", "GR_ID_10": "3414", "GR_ID_11": "3414", "GR_ID_12": "3414", "ES_GRADE": "K-8", "MS_GRADE": "K-8", "HS_GRADE": "9-12", "Shape__Area": 1039111.23828125, "Shape__Length": 5072.0208715456401 }, "geometry": { "type": "Polygon", "coordinates": [ [ [ -75.134356905358104, 40.035891830997599 ], [ -75.133568277717401, 40.0356343992337 ], [ -75.132767092517796, 40.035345811214697 ], [ -75.131846309913797, 40.0350608047017 ], [ -75.130882579473095, 40.034753957960902 ], [ -75.131165238672395, 40.033401124379601 ], [ -75.131292489114301, 40.032827621168401 ], [ -75.131395944700202, 40.032361343165803 ], [ -75.131509934074998, 40.031876346817697 ], [ -75.131610815192104, 40.031362369243602 ], [ -75.131832361555098, 40.0303304273802 ], [ -75.132177256338807, 40.028781301777201 ], [ -75.132354945496999, 40.028029079653997 ], [ -75.132511879322806, 40.027283432066497 ], [ -75.132841210588495, 40.025792414040097 ], [ -75.133012634776804, 40.0250058905619 ], [ -75.133170265872593, 40.024308269226601 ], [ -75.133209648836896, 40.024153645498501 ], [ -75.133262880371305, 40.023904859605103 ], [ -75.133287367791795, 40.023793626707601 ], [ -75.134332071707405, 40.023563765876098 ], [ -75.135003493688998, 40.023384436392099 ], [ -75.135491951722003, 40.023231347059003 ], [ -75.135941590407398, 40.0230591254156 ], [ -75.136069036904203, 40.023001949928101 ], [ -75.136802508045804, 40.022672894049897 ], [ -75.138791665629697, 40.021680028820498 ], [ -75.1386873987597, 40.022097435817102 ], [ -75.138647815939393, 40.022282590413099 ], [ -75.138421714341206, 40.023337896447302 ], [ -75.138081202933904, 40.024936990549499 ], [ -75.137824667747594, 40.026096893326297 ], [ -75.137748917767894, 40.026425467828801 ], [ -75.1374237687685, 40.027927857220398 ], [ -75.137094052095193, 40.0294213498209 ], [ -75.137018051020107, 40.029808436929002 ], [ -75.136759906149607, 40.0309732722204 ], [ -75.136621388039003, 40.031598846367999 ], [ -75.136557465279196, 40.031877116828397 ], [ -75.136487917720203, 40.032194114043797 ], [ -75.136417637245799, 40.032519442519401 ], [ -75.136330802499003, 40.032929550745898 ], [ -75.136249276604005, 40.033295831480302 ], [ -75.136227398503493, 40.033440363021199 ], [ -75.136021009188099, 40.036304000733203 ], [ -75.1349189593207, 40.036056919388798 ], [ -75.134356905358104, 40.035891830997599 ] ] ] } },
{ "type": "Feature", "properties": { "OBJECTID": 107, "ES_ID": "5530", "ES_NAME": "Sheridan, Philip H", "MS_ID": "3423", "MS_NAME": "Memphis St Charter at JP Jones", "HS_ID": "5700", "HS_NAME": "Kensington Campus", "GR_ID_K": "5530", "GR_ID_01": "5530", "GR_ID_02": "5530", "GR_ID_03": "5530", "GR_ID_04": "5530", "GR_ID_05": "3423", "GR_ID_06": "3423", "GR_ID_07": "3423", "GR_ID_08": "3423", "GR_ID_09": "5700", "GR_ID_10": "5700", "GR_ID_11": "5700", "GR_ID_12": "5700", "ES_GRADE": "K-4", "MS_GRADE": "5-8", "HS_GRADE": "9-12", "Shape__Area": 2500605.87109375, "Shape__Length": 7146.12404931741 }, "geometry": { "type": "Polygon", "coordinates": [ [ [ -75.119302392665006, 40.0066886985786 ], [ -75.113485306335306, 40.0059365916768 ], [ -75.109374053462801, 40.005401424332703 ], [ -75.108630195562398, 40.005413895764597 ], [ -75.108039567674595, 40.0054404551638 ], [ -75.107354664833807, 40.005480777120297 ], [ -75.106663324021696, 40.005489225034601 ], [ -75.106028067033407, 40.005507372480601 ], [ -75.105338737537807, 40.005527453240802 ], [ -75.103272788570905, 40.005611090575101 ], [ -75.103531318374706, 40.0044397280585 ], [ -75.103604279239605, 40.004082555456797 ], [ -75.103689555535993, 40.003646389300201 ], [ -75.103799028028504, 40.003143952105503 ], [ -75.101813091232401, 40.002872518974101 ], [ -75.103086460472994, 40.002159310184403 ], [ -75.103182666746207, 40.0021054255472 ], [ -75.104200709403699, 40.001534989156802 ], [ -75.105429151901603, 40.000882960673799 ], [ -75.106445527805604, 40.000331759723402 ], [ -75.107595651077602, 39.999671655848203 ], [ -75.108146872289495, 39.999366726472701 ], [ -75.108726039514394, 39.999041741777802 ], [ -75.109297027560103, 39.998754189609201 ], [ -75.109850476406095, 39.998445657163202 ], [ -75.110421416605604, 39.9981339148394 ], [ -75.110985526705903, 39.9978104903836 ], [ -75.111560691942998, 39.997484469219501 ], [ -75.112135686655705, 39.997167969780399 ], [ -75.1127128460233, 39.996869043263402 ], [ -75.113358031853494, 39.996526451094503 ], [ -75.1134952969213, 39.996517474266902 ], [ -75.113784661885404, 39.996553744238597 ], [ -75.1142055182588, 39.996608277414602 ], [ -75.115450491126495, 39.996762793127303 ], [ -75.115949044134396, 39.996831428248903 ], [ -75.116416003705893, 39.996890416150599 ], [ -75.116877037817801, 39.996952108959597 ], [ -75.117385521117896, 39.997015964854398 ], [ -75.117286240573094, 39.997503596438001 ], [ -75.117266368900303, 39.997598927302803 ], [ -75.117207287341103, 39.997856318129102 ], [ -75.117138948561504, 39.998213030615801 ], [ -75.117057165576696, 39.998610527954199 ], [ -75.117609553993105, 39.998680268665296 ], [ -75.118144485733097, 39.998748144993201 ], [ -75.118996592246006, 39.998861713163798 ], [ -75.119482400593398, 39.998926540804298 ], [ -75.119960176127805, 39.998984147096401 ], [ -75.120439920936704, 39.999039324971598 ], [ -75.120935827410804, 39.999106532978601 ], [ -75.121416620065602, 39.999168576744097 ], [ -75.121898211204595, 39.999230049286801 ], [ -75.122871595236901, 39.999356301439697 ], [ -75.124002800493798, 39.999502791324403 ], [ -75.125061159250293, 39.999637446050102 ], [ -75.124954809733296, 40.000126372054503 ], [ -75.124827607207393, 40.000745888996398 ], [ -75.1247344658792, 40.001133289143802 ], [ -75.124413654927096, 40.002643823984897 ], [ -75.124165535765101, 40.00383858184 ], [ -75.123951088870598, 40.004823103427498 ], [ -75.123428654781804, 40.007221464343999 ], [ -75.122720514756196, 40.0071439624761 ], [ -75.119302392665006, 40.0066886985786 ] ] ] } },
{ "type": "Feature", "properties": { "OBJECTID": 108, "ES_ID": "5560", "ES_NAME": "Spring Garden", "MS_ID": "5560", "MS_NAME": "Spring Garden", "HS_ID": "2010", "HS_NAME": "Franklin, Benjamin HS", "GR_ID_K": "5560", "GR_ID_01": "5560", "GR_ID_02": "5560", "GR_ID_03": "5560", "GR_ID_04": "5560", "GR_ID_05": "5560", "GR_ID_06": "5560", "GR_ID_07": "5560", "GR_ID_08": "5560", "GR_ID_09": "2010", "GR_ID_10": "2010", "GR_ID_11": "2010", "GR_ID_12": "2010", "ES_GRADE": "K-8", "MS_GRADE": "K-8", "HS_GRADE": "9-12", "Shape__Area": 1499127.1484375, "Shape__Length": 5935.9369248892599 }, "geometry": { "type": "Polygon", "coordinates": [ [ [ -75.152576314581196, 39.9705797693222 ], [ -75.152693361278097, 39.970064020879398 ], [ -75.152785269495197, 39.969632478455999 ], [ -75.1529088914657, 39.969075205638099 ], [ -75.153021003153398, 39.968558351431099 ], [ -75.153151434213399, 39.9679530153889 ], [ -75.153279885419806, 39.967356861772799 ], [ -75.154818420411104, 39.967730389703902 ], [ -75.155047684503202, 39.966691198678397 ], [ -75.155262425281805, 39.965717822671202 ], [ -75.1545133660224, 39.965497179059703 ], [ -75.153743673792405, 39.965254337290801 ], [ -75.153866339818904, 39.9646693294561 ], [ -75.154016254666303, 39.963985418698698 ], [ -75.154097492888297, 39.963611122733198 ], [ -75.154183788805796, 39.963231888241303 ], [ -75.154313938565295, 39.962623966177603 ], [ -75.154425850366806, 39.962134861461998 ], [ -75.154514877177903, 39.961720213650501 ], [ -75.154543890807901, 39.961588550855602 ], [ -75.154635361291398, 39.961153176255202 ], [ -75.154721905706893, 39.960753483151301 ], [ -75.154846300625195, 39.960193556607699 ], [ -75.154967178321897, 39.959635107371703 ], [ -75.155137043802796, 39.958862804567801 ], [ -75.155096673698694, 39.958718609635397 ], [ -75.155183389181005, 39.958637064535402 ], [ -75.155263704373894, 39.958278323021197 ], [ -75.155330204546502, 39.957984072098803 ], [ -75.155351921019601, 39.95787959455 ], [ -75.155393409157398, 39.957685965039701 ], [ -75.155479262157101, 39.957289887901197 ], [ -75.155485250950093, 39.957214096283799 ], [ -75.155492858044994, 39.957136704113701 ], [ -75.155511403012994, 39.957059064648099 ], [ -75.155541541660398, 39.956932882786496 ], [ -75.157137010891503, 39.957147541556999 ], [ -75.158695574638998, 39.957370451809801 ], [ -75.158817297493499, 39.957386621817299 ], [ -75.159030956587102, 39.957391447408199 ], [ -75.1602968117854, 39.957517518350897 ], [ -75.161297998361505, 39.957617219656001 ], [ -75.162157020496593, 39.957726024123502 ], [ -75.162365441578501, 39.9576880783953 ], [ -75.162342324466707, 39.9578350579324 ], [ -75.162321390232506, 39.957939631692497 ], [ -75.162296006853296, 39.958067319793699 ], [ -75.162178101311497, 39.9585565938402 ], [ -75.162121281738493, 39.9588309251059 ], [ -75.162060895309594, 39.959110204467699 ], [ -75.161962691736505, 39.959580210335403 ], [ -75.161805227669902, 39.960294316278997 ], [ -75.161775043845395, 39.960430864726703 ], [ -75.161648502290006, 39.961030558699299 ], [ -75.161555805303195, 39.961451095679998 ], [ -75.161478469276901, 39.961798527374 ], [ -75.161414601915993, 39.962111804420601 ], [ -75.161383371614207, 39.962326755504201 ], [ -75.161386020814803, 39.9624833381434 ], [ -75.161305352185195, 39.9629031174115 ], [ -75.161263278285304, 39.963135955877597 ], [ -75.161190964337493, 39.963431707592399 ], [ -75.161111819605296, 39.963798040384901 ], [ -75.161055778550406, 39.964050024705799 ], [ -75.160960685336605, 39.964478756991497 ], [ -75.160807639984796, 39.965168213443597 ], [ -75.160680113151301, 39.965779875168998 ], [ -75.160564049709905, 39.966303384999101 ], [ -75.160485166795297, 39.966679537270998 ], [ -75.160408805550404, 39.967039372232101 ], [ -75.160216091873096, 39.967897727709499 ], [ -75.160161959709498, 39.968186390162202 ], [ -75.160075124973304, 39.968608912906099 ], [ -75.159979064276797, 39.969004365325098 ], [ -75.1597050624638, 39.9702111809749 ], [ -75.159443737371902, 39.9714763925559 ], [ -75.158613415078307, 39.971357064292498 ], [ -75.157282191283699, 39.971200210587099 ], [ -75.1557210705095, 39.970990913338603 ], [ -75.154152450134006, 39.970787611374099 ], [ -75.152576314581196, 39.9705797693222 ] ] ] } },
{ "type": "Feature", "properties": { "OBJECTID": 109, "ES_ID": "5590", "ES_NAME": "Webster, John H", "MS_ID": "3423", "MS_NAME": "Memphis St Charter at JP Jones", "HS_ID": "5700", "HS_NAME": "Kensington Campus", "GR_ID_K": "5590", "GR_ID_01": "5590", "GR_ID_02": "5590", "GR_ID_03": "5590", "GR_ID_04": "5590", "GR_ID_05": "5590", "GR_ID_06": "3423", "GR_ID_07": "3423", "GR_ID_08": "3423", "GR_ID_09": "5700", "GR_ID_10": "5700", "GR_ID_11": "5700", "GR_ID_12": "5700", "ES_GRADE": "K-5", "MS_GRADE": "5-8", "HS_GRADE": "9-12", "Shape__Area": 3896388.66015625, "Shape__Length": 8310.62892100506 }, "geometry": { "type": "Polygon", "coordinates": [ [ [ -75.092555717118898, 40.005374115054998 ], [ -75.092340235451402, 40.005178704509198 ], [ -75.092220947819897, 40.005044898875902 ], [ -75.092102844562604, 40.004880881734103 ], [ -75.091839697722193, 40.004738706349698 ], [ -75.091407488199707, 40.004562374668403 ], [ -75.090979265481195, 40.0044516543661 ], [ -75.090339102111201, 40.0042301812218 ], [ -75.090153142085398, 40.004161962233397 ], [ -75.089415176638298, 40.003891242159803 ], [ -75.088885551236501, 40.003692482249697 ], [ -75.088648312661604, 40.003558460456603 ], [ -75.088431604601496, 40.003402232315501 ], [ -75.088255175086104, 40.0032217383229 ], [ -75.088103357669794, 40.0030821334826 ], [ -75.087986056309603, 40.002897970552802 ], [ -75.0879084383905, 40.002704646011601 ], [ -75.087682360293499, 40.002286113179302 ], [ -75.087587270519904, 40.002036941395602 ], [ -75.0875707561014, 40.001789591909102 ], [ -75.087516570750196, 40.001165880828097 ], [ -75.087499627882394, 40.000762276826499 ], [ -75.087479134312304, 40.0004493142049 ], [ -75.087420339613999, 40.000110261160103 ], [ -75.087253233936494, 39.999859420387502 ], [ -75.087072835146103, 39.999613309578997 ], [ -75.086671076764802, 39.999162978358498 ], [ -75.086373939850105, 39.9989047662757 ], [ -75.086504924951598, 39.998836252299 ], [ -75.087091643738006, 39.998527830514398 ], [ -75.089468458361296, 39.9972783528736 ], [ -75.092074017215296, 39.995903839424599 ], [ -75.094525431845994, 39.994612409110701 ], [ -75.095560833382706, 39.994103762670001 ], [ -75.097009012531998, 39.993409006703303 ], [ -75.099303497211807, 39.992194910095598 ], [ -75.101605308844299, 39.991003542787503 ], [ -75.1039054789956, 39.989805616673699 ], [ -75.104776054672001, 39.989340919822702 ], [ -75.105078119611505, 39.9891817864033 ], [ -75.106328100330501, 39.988533271760303 ], [ -75.106750810869798, 39.988989523346703 ], [ -75.107050442730497, 39.989322211603202 ], [ -75.107342363362406, 39.989654038477603 ], [ -75.107731866422995, 39.990088973490401 ], [ -75.108016604671505, 39.990410411834397 ], [ -75.108315776818699, 39.990740599955899 ], [ -75.108757201935106, 39.9912469976761 ], [ -75.109342839398593, 39.991918819669003 ], [ -75.109529998208401, 39.992132713444001 ], [ -75.1097117736021, 39.992344061979097 ], [ -75.110261502351193, 39.992966341256803 ], [ -75.111372360344404, 39.9942205717321 ], [ -75.112214839735501, 39.995182347904397 ], [ -75.113311342851404, 39.996417853273996 ], [ -75.113358031853494, 39.996526451094503 ], [ -75.1127128460233, 39.996869043263402 ], [ -75.112135686655705, 39.997167969780399 ], [ -75.111560691942998, 39.997484469219501 ], [ -75.110985526705903, 39.9978104903836 ], [ -75.110421416605604, 39.9981339148394 ], [ -75.109850476406095, 39.998445657163202 ], [ -75.109297027560103, 39.998754189609201 ], [ -75.108726039514394, 39.999041741777802 ], [ -75.108146872289495, 39.999366726472701 ], [ -75.107595651077602, 39.999671655848203 ], [ -75.106445527805604, 40.000331759723402 ], [ -75.105429151901603, 40.000882960673799 ], [ -75.104200709403699, 40.001534989156802 ], [ -75.103182666746207, 40.0021054255472 ], [ -75.103086460472994, 40.002159310184403 ], [ -75.101813091232401, 40.002872518974101 ], [ -75.100500027500104, 40.003588429295 ], [ -75.099365175138004, 40.004212416820103 ], [ -75.097982012725396, 40.00495928134 ], [ -75.096869347216298, 40.005570435050501 ], [ -75.096349769092996, 40.005860992177297 ], [ -75.093275735392396, 40.0059703407412 ], [ -75.092886555342005, 40.005982733504602 ], [ -75.091817922674693, 40.006016759908498 ], [ -75.092392495458697, 40.005519218584901 ], [ -75.092555717118898, 40.005374115054998 ] ] ] } },
{ "type": "Feature", "properties": { "OBJECTID": 110, "ES_ID": "5680", "ES_NAME": "Munoz-Marin, Luis", "MS_ID": "5680", "MS_NAME": "Munoz-Marin, Luis", "HS_ID": "5020", "HS_NAME": "Edison, Thomas A", "GR_ID_K": "5680", "GR_ID_01": "5680", "GR_ID_02": "5680", "GR_ID_03": "5680", "GR_ID_04": "5680", "GR_ID_05": "5680", "GR_ID_06": "5680", "GR_ID_07": "5680", "GR_ID_08": "5680", "GR_ID_09": "5020", "GR_ID_10": "5020", "GR_ID_11": "5020", "GR_ID_12": "5020", "ES_GRADE": "K-8", "MS_GRADE": "K-8", "HS_GRADE": "9-12", "Shape__Area": 570910.0, "Shape__Length": 3195.40412708641 }, "geometry": { "type": "Polygon", "coordinates": [ [ [ -75.1320676877572, 40.004567827623802 ], [ -75.132257705847195, 40.0036408183853 ], [ -75.132580069216303, 40.002143666755998 ], [ -75.132898842241801, 40.0006524532551 ], [ -75.133238535658194, 39.999066913812499 ], [ -75.133832543985704, 39.999138552820298 ], [ -75.134414889421706, 39.9992167004891 ], [ -75.135654002738605, 39.999384918348902 ], [ -75.138527396575199, 39.999752253748497 ], [ -75.139072383472495, 39.999820744503999 ], [ -75.139529233499601, 39.999886060691601 ], [ -75.1399906096362, 39.999941270266497 ], [ -75.140321226116797, 39.999981069520601 ], [ -75.140500323248801, 40.0000026306151 ], [ -75.140480403698504, 40.000103027417701 ], [ -75.140404406858195, 40.0004860588434 ], [ -75.140231013987901, 40.001259159539899 ], [ -75.140150842794299, 40.001592010820602 ], [ -75.140636298457906, 40.001655130808402 ], [ -75.140779206519099, 40.0017039022757 ], [ -75.140070182169794, 40.001979756525401 ], [ -75.139888388062701, 40.002850904294803 ], [ -75.139608056369795, 40.002950279654002 ], [ -75.139297438225896, 40.003060847380098 ], [ -75.138987100332599, 40.003171869371897 ], [ -75.138677091560098, 40.003283415220999 ], [ -75.138367458055399, 40.003395564368901 ], [ -75.138058375306002, 40.003508597425601 ], [ -75.137750665492902, 40.003623831478102 ], [ -75.137671045287505, 40.003654273641096 ], [ -75.137444173098302, 40.003741014316503 ], [ -75.137138542784001, 40.0038595756251 ], [ -75.1368334181184, 40.003978943257302 ], [ -75.136528440302101, 40.004098545909699 ], [ -75.136223260046705, 40.004217808887297 ], [ -75.1359175172242, 40.0043361653536 ], [ -75.135610858946393, 40.004453043227002 ], [ -75.135302671428605, 40.004567708602501 ], [ -75.134991319301704, 40.0046776914525 ], [ -75.134675741818398, 40.004779475216999 ], [ -75.134354267277999, 40.004869588870498 ], [ -75.134026624949698, 40.004946973795199 ], [ -75.133695340302793, 40.005013048936398 ], [ -75.133360646552902, 40.005070735288797 ], [ -75.133023015798997, 40.005114019333497 ], [ -75.132682966018393, 40.005139955686602 ], [ -75.132341064312698, 40.005155509556602 ], [ -75.131951943082598, 40.005165236297202 ], [ -75.1320676877572, 40.004567827623802 ] ] ] } },
{ "type": "Feature", "properties": { "OBJECTID": 111, "ES_ID": "6200", "ES_NAME": "Day, Anna Blakiston", "MS_ID": "6200", "MS_NAME": "Day, Anna Blakiston", "HS_ID": "6060", "HS_NAME": "King, Martin Luther", "GR_ID_K": "6200", "GR_ID_01": "6200", "GR_ID_02": "6200", "GR_ID_03": "6200", "GR_ID_04": "6200", "GR_ID_05": "6200", "GR_ID_06": "6200", "GR_ID_07": "6200", "GR_ID_08": "6200", "GR_ID_09": "6060", "GR_ID_10": "6060", "GR_ID_11": "6060", "GR_ID_12": "6060", "ES_GRADE": "K-8", "MS_GRADE": "K-8", "HS_GRADE": "9-12", "Shape__Area": 3979675.91796875, "Shape__Length": 8847.6438795066697 }, "geometry": { "type": "Polygon", "coordinates": [ [ [ -75.171501725630407, 40.065268253789903 ], [ -75.171244393656906, 40.065017552853497 ], [ -75.1709137223109, 40.064677342268801 ], [ -75.170695875252804, 40.0644677428458 ], [ -75.170365212017899, 40.064103037661603 ], [ -75.170173057689894, 40.063914966070598 ], [ -75.169831848874495, 40.063549137653197 ], [ -75.169045720557904, 40.064308534937098 ], [ -75.168101633247701, 40.065228909878002 ], [ -75.167770773138002, 40.065116574863097 ], [ -75.167318754787701, 40.064955463224202 ], [ -75.166961576488802, 40.0648355217008 ], [ -75.166543639320807, 40.064688645884097 ], [ -75.166223140840003, 40.064579986528699 ], [ -75.165717179158406, 40.064399803678299 ], [ -75.165349862154798, 40.064274217507901 ], [ -75.164802134164503, 40.064080507489003 ], [ -75.164385463644393, 40.063934694578002 ], [ -75.163789627059998, 40.063720646000199 ], [ -75.163443682158402, 40.063604642942103 ], [ -75.162925889908095, 40.063418796696197 ], [ -75.162550493895196, 40.0632940456886 ], [ -75.162021555273398, 40.063104304161897 ], [ -75.161961552624504, 40.063166990395501 ], [ -75.161665942047193, 40.0629921414167 ], [ -75.161236045485396, 40.062740406560998 ], [ -75.160995038093006, 40.062603987924703 ], [ -75.160605460285097, 40.062378031546402 ], [ -75.160353600434703, 40.062237708819097 ], [ -75.159895940129601, 40.061980032400299 ], [ -75.159615211491797, 40.061818838464198 ], [ -75.159201514392706, 40.061575266339098 ], [ -75.157203709276303, 40.060437903510604 ], [ -75.158415013818995, 40.059190247604697 ], [ -75.158165950848897, 40.059044202768597 ], [ -75.157762235378797, 40.058808735774299 ], [ -75.157374807493198, 40.058594067140803 ], [ -75.157480739543502, 40.056513016780798 ], [ -75.1574622935034, 40.056427556461301 ], [ -75.158317768206402, 40.0560433928271 ], [ -75.158892259388097, 40.055777577739498 ], [ -75.160443058125793, 40.054265221167498 ], [ -75.160921069283106, 40.053800591674097 ], [ -75.161170716577203, 40.053562920285898 ], [ -75.161389369223301, 40.053351019104902 ], [ -75.161901159584801, 40.052851277564699 ], [ -75.163376344937703, 40.051427382971802 ], [ -75.164530849578497, 40.050315730683899 ], [ -75.165203930683006, 40.049660090856598 ], [ -75.165258900396395, 40.049605406305297 ], [ -75.166056515047401, 40.048842635647098 ], [ -75.167240431111395, 40.047694155428502 ], [ -75.167704537290504, 40.047254337873703 ], [ -75.168851007808598, 40.047963147247302 ], [ -75.169272072823404, 40.048215661514099 ], [ -75.170605933669407, 40.049038346751203 ], [ -75.170635171776397, 40.049110338095304 ], [ -75.170737543947993, 40.049361623830698 ], [ -75.170840401247503, 40.049612750956101 ], [ -75.170943946695203, 40.049863652848003 ], [ -75.171048387862896, 40.050114266588402 ], [ -75.171129988711499, 40.050308399391703 ], [ -75.171153848777095, 40.050364537294101 ], [ -75.171260599228802, 40.050614369203799 ], [ -75.171369787657497, 40.0508635610366 ], [ -75.171529045805201, 40.051097205139499 ], [ -75.171732024232298, 40.051308758017299 ], [ -75.171947419891296, 40.051513744179204 ], [ -75.172154536712497, 40.051723675394499 ], [ -75.172163600710505, 40.051733246586998 ], [ -75.172359738660504, 40.0519342948622 ], [ -75.172565332780806, 40.052144839838 ], [ -75.172888465456197, 40.052414261291098 ], [ -75.173120808196302, 40.052607691360897 ], [ -75.173352224168795, 40.052801756079198 ], [ -75.173581830342599, 40.052997077167902 ], [ -75.173814192128106, 40.053191590984 ], [ -75.174040187281904, 40.053389878237503 ], [ -75.174242341067, 40.053600866329298 ], [ -75.174408663181097, 40.053831854165502 ], [ -75.174546843380398, 40.054072968029402 ], [ -75.174661120287695, 40.054321049494902 ], [ -75.174762635438299, 40.054572991215402 ], [ -75.174866187309803, 40.054824641499799 ], [ -75.174960251878602, 40.0550782729876 ], [ -75.175013667492294, 40.055336845390698 ], [ -75.175032893868703, 40.055599565602797 ], [ -75.175042674721894, 40.0558635796963 ], [ -75.175062096927206, 40.056126707931497 ], [ -75.175081114114604, 40.056390285692899 ], [ -75.175109637042695, 40.056652661896997 ], [ -75.175149763708305, 40.056847810724399 ], [ -75.175162914501499, 40.056911770776701 ], [ -75.175251339236993, 40.057167018968102 ], [ -75.175369888576498, 40.057414139274997 ], [ -75.175508237145294, 40.0576549905728 ], [ -75.1756619449054, 40.057891018533098 ], [ -75.175830004887999, 40.058120427344399 ], [ -75.176010597939893, 40.058343851043396 ], [ -75.176201253137904, 40.058562907391398 ], [ -75.176399821025896, 40.058777879761799 ], [ -75.176604134920296, 40.058989134048403 ], [ -75.176812783774196, 40.059198227998301 ], [ -75.177026600744398, 40.059404496379599 ], [ -75.177246777988003, 40.059606434142701 ], [ -75.177474506551505, 40.059802534401598 ], [ -75.177715535110707, 40.059990337213002 ], [ -75.177869979713606, 40.060093801299097 ], [ -75.177974842901705, 40.060164048745399 ], [ -75.178251897854807, 40.060317165201198 ], [ -75.178548872295707, 40.060447778082597 ], [ -75.178856956021605, 40.060565485850901 ], [ -75.179165793811293, 40.060679938981401 ], [ -75.179477884866202, 40.060788402959098 ], [ -75.179791735058004, 40.060894162748902 ], [ -75.180103882881795, 40.061002695628602 ], [ -75.180414160583197, 40.061114251943799 ], [ -75.180723982581, 40.061226565767299 ], [ -75.181033541483202, 40.061339319749401 ], [ -75.181154687595694, 40.061383503482702 ], [ -75.180909893667504, 40.061616581067 ], [ -75.180807060014502, 40.061733986897202 ], [ -75.180544574023202, 40.061986707467597 ], [ -75.179922481178295, 40.062590293720298 ], [ -75.179161050512704, 40.063326253855998 ], [ -75.178422870462398, 40.064039802586997 ], [ -75.177725749696606, 40.064746985006799 ], [ -75.176527935693798, 40.065905121556199 ], [ -75.175740944982806, 40.065463356083903 ], [ -75.175330168234296, 40.0652254766214 ], [ -75.174729683471, 40.065853809024702 ], [ -75.174167153774306, 40.0663978935156 ], [ -75.1734615046268, 40.067063181443601 ], [ -75.173112728523293, 40.0668393687167 ], [ -75.172713086932603, 40.066519580048897 ], [ -75.1724850415861, 40.066281363837099 ], [ -75.172135858781402, 40.065934579827598 ], [ -75.171888314217796, 40.065672301299003 ], [ -75.171501725630407, 40.065268253789903 ] ] ] } },
{ "type": "Feature", "properties": { "OBJECTID": 112, "ES_ID": "6210", "ES_NAME": "Edmonds, Franklin S", "MS_ID": "6210", "MS_NAME": "Edmonds, Franklin S", "HS_ID": "6060", "HS_NAME": "King, Martin Luther", "GR_ID_K": "6210", "GR_ID_01": "6210", "GR_ID_02": "6210", "GR_ID_03": "6210", "GR_ID_04": "6210", "GR_ID_05": "6210", "GR_ID_06": "6210", "GR_ID_07": "6210", "GR_ID_08": "6210", "GR_ID_09": "6060", "GR_ID_10": "6060", "GR_ID_11": "6060", "GR_ID_12": "6060", "ES_GRADE": "K-8", "MS_GRADE": "K-8", "HS_GRADE": "9-12", "Shape__Area": 3144409.34765625, "Shape__Length": 7673.0538731819997 }, "geometry": { "type": "Polygon", "coordinates": [ [ [ -75.163398339768406, 40.076974682847101 ], [ -75.160430658727293, 40.075320753710898 ], [ -75.160507721797899, 40.074840975327 ], [ -75.160559312833499, 40.074538211713701 ], [ -75.160573144140002, 40.074431861450599 ], [ -75.160642327390804, 40.074050293356798 ], [ -75.160697668793105, 40.0736709190735 ], [ -75.1607185332781, 40.073546501572899 ], [ -75.160772072116302, 40.073322250987999 ], [ -75.160826030439694, 40.073103193361803 ], [ -75.160920549741505, 40.072718548663197 ], [ -75.161027571573797, 40.072280895161498 ], [ -75.161106842105994, 40.0719616374965 ], [ -75.161315154863104, 40.071396023329498 ], [ -75.161389802899706, 40.071321478286798 ], [ -75.161616967980606, 40.071101952875999 ], [ -75.161802911070197, 40.070920894510401 ], [ -75.162038454779406, 40.070694497595902 ], [ -75.162325577831794, 40.070416212794399 ], [ -75.162747613759194, 40.070005203950302 ], [ -75.163422859636995, 40.069342020981303 ], [ -75.164108657257898, 40.0686720745055 ], [ -75.164363336332997, 40.068432904827397 ], [ -75.164639629920003, 40.068202368776099 ], [ -75.164878553881607, 40.0680164762977 ], [ -75.165148133517107, 40.067828965445798 ], [ -75.165320349313404, 40.067715602257699 ], [ -75.165708405585406, 40.067447260926997 ], [ -75.166075698037005, 40.067203550026299 ], [ -75.168101633247701, 40.065228909878002 ], [ -75.169045720557904, 40.064308534937098 ], [ -75.169831848874495, 40.063549137653197 ], [ -75.170173057689894, 40.063914966070598 ], [ -75.170365212017899, 40.064103037661603 ], [ -75.170695875252804, 40.0644677428458 ], [ -75.1709137223109, 40.064677342268801 ], [ -75.171244393656906, 40.065017552853497 ], [ -75.171501725630407, 40.065268253789903 ], [ -75.171888314217796, 40.065672301299003 ], [ -75.172135858781402, 40.065934579827598 ], [ -75.1724850415861, 40.066281363837099 ], [ -75.172713086932603, 40.066519580048897 ], [ -75.173112728523293, 40.0668393687167 ], [ -75.1734615046268, 40.067063181443601 ], [ -75.174167153774306, 40.0663978935156 ], [ -75.174729683471, 40.065853809024702 ], [ -75.175330168234296, 40.0652254766214 ], [ -75.175740944982806, 40.065463356083903 ], [ -75.176527935693798, 40.065905121556199 ], [ -75.176955576002399, 40.066159410305502 ], [ -75.177117084018207, 40.066252850947897 ], [ -75.177263497569399, 40.0663392399833 ], [ -75.177648586749797, 40.066555593241397 ], [ -75.178011353006099, 40.066752846893998 ], [ -75.178673860804295, 40.067126874105199 ], [ -75.179307612604106, 40.067491832302302 ], [ -75.179978099441001, 40.067883352028403 ], [ -75.180112591157297, 40.067963361799798 ], [ -75.180547065064601, 40.068199261078497 ], [ -75.180902801353, 40.068420817563599 ], [ -75.181753535675597, 40.068912058397899 ], [ -75.1810900331824, 40.0696101205519 ], [ -75.180484741796306, 40.070200093090797 ], [ -75.179821122494303, 40.070884273920001 ], [ -75.179535694935197, 40.071171632630403 ], [ -75.179450376742693, 40.071270521703298 ], [ -75.179374486187399, 40.071407537806799 ], [ -75.178983750827101, 40.072163355625598 ], [ -75.178030071591195, 40.074074487047803 ], [ -75.177820215520697, 40.074430939385998 ], [ -75.177618988913693, 40.074740740242802 ], [ -75.177406687512701, 40.075091698687899 ], [ -75.177237510328894, 40.075355421632501 ], [ -75.177025326293602, 40.075696628663799 ], [ -75.176843674717801, 40.0759894807058 ], [ -75.176503465939405, 40.076379573331202 ], [ -75.176228693984399, 40.076672310635402 ], [ -75.175878384252002, 40.077040989933501 ], [ -75.1755768542818, 40.077362652504497 ], [ -75.175290939236902, 40.077675367558498 ], [ -75.175065320904906, 40.077888068553698 ], [ -75.173657475185493, 40.077078671074098 ], [ -75.173376737681494, 40.077361994972499 ], [ -75.173150277840605, 40.077585936071003 ], [ -75.172881681643702, 40.077858791043198 ], [ -75.172623224660597, 40.078112992167299 ], [ -75.170734998824003, 40.077023013799497 ], [ -75.170291139107505, 40.0767768481481 ], [ -75.169788485674403, 40.077295608519201 ], [ -75.169320512973201, 40.077792484297497 ], [ -75.168805563513999, 40.078301089498297 ], [ -75.1676626153737, 40.079475530536499 ], [ -75.164090070566999, 40.0773619328751 ], [ -75.163398339768406, 40.076974682847101 ] ] ] } },
{ "type": "Feature", "properties": { "OBJECTID": 113, "ES_ID": "6220", "ES_NAME": "Emlen, Eleanor C", "MS_ID": "6360", "MS_NAME": "Roosevelt, Theodore", "HS_ID": "6060", "HS_NAME": "King, Martin Luther", "GR_ID_K": "6220", "GR_ID_01": "6220", "GR_ID_02": "6220", "GR_ID_03": "6220", "GR_ID_04": "6220", "GR_ID_05": "6220", "GR_ID_06": "6360", "GR_ID_07": "6360", "GR_ID_08": "6360", "GR_ID_09": "6060", "GR_ID_10": "6060", "GR_ID_11": "6060", "GR_ID_12": "6060", "ES_GRADE": "K-5", "MS_GRADE": "K-8", "HS_GRADE": "9-12", "Shape__Area": 2367697.95703125, "Shape__Length": 6412.8167713576404 }, "geometry": { "type": "Polygon", "coordinates": [ [ [ -75.172163600710505, 40.051733246586998 ], [ -75.172783929558605, 40.051149070856098 ], [ -75.173263719644495, 40.050676391630802 ], [ -75.174918819651793, 40.049061613737798 ], [ -75.175550154911804, 40.048447727531901 ], [ -75.176092867342106, 40.047916525744597 ], [ -75.176249236121194, 40.047761368619803 ], [ -75.176627463073402, 40.047407425314702 ], [ -75.176760460062198, 40.047260226986303 ], [ -75.176812343715596, 40.047213287886798 ], [ -75.177002474252902, 40.047029385205697 ], [ -75.1771854048081, 40.046856197060499 ], [ -75.177255587957703, 40.046779278375602 ], [ -75.177384042330402, 40.0466710255835 ], [ -75.1775680551834, 40.046482906155603 ], [ -75.177756958820197, 40.046283417110303 ], [ -75.179608413037698, 40.044497618442598 ], [ -75.180885892610604, 40.0432561045032 ], [ -75.1809810021022, 40.043346463788801 ], [ -75.181176445837806, 40.043618434136498 ], [ -75.181258815030901, 40.043741912241401 ], [ -75.181432714663799, 40.044170722667502 ], [ -75.181704382474194, 40.0448404624373 ], [ -75.182206226551102, 40.045903812816398 ], [ -75.182800148375705, 40.047083854462599 ], [ -75.1834003944317, 40.048263405800498 ], [ -75.183761884492498, 40.048924840798797 ], [ -75.183920172553101, 40.049217519769002 ], [ -75.183969438134497, 40.049322977572501 ], [ -75.184205230258598, 40.049783777144498 ], [ -75.184369627289399, 40.050077718994999 ], [ -75.184575192433201, 40.050413006291798 ], [ -75.1846955510361, 40.050650495476503 ], [ -75.185018380962205, 40.051225519207897 ], [ -75.185222787297505, 40.051594458936798 ], [ -75.1852904959146, 40.051752635761801 ], [ -75.185682692607401, 40.052431049377198 ], [ -75.186117738301803, 40.0532553968524 ], [ -75.186518960474501, 40.053975224228203 ], [ -75.1867803523172, 40.0545134140459 ], [ -75.186963670800694, 40.054831638699397 ], [ -75.187308565689406, 40.055493901492703 ], [ -75.186537323290494, 40.056218562737001 ], [ -75.184958161656596, 40.057743027473698 ], [ -75.184863130503103, 40.057801816581097 ], [ -75.184771452025402, 40.0578665766554 ], [ -75.184046976262593, 40.058581540849801 ], [ -75.183368027906297, 40.059229621541398 ], [ -75.1817806420664, 40.0607769681409 ], [ -75.181557498920796, 40.0610141620093 ], [ -75.181315708023305, 40.061230187488498 ], [ -75.181154687595694, 40.061383503482702 ], [ -75.181033541483202, 40.061339319749401 ], [ -75.180723982581, 40.061226565767299 ], [ -75.180414160583197, 40.061114251943799 ], [ -75.180103882881795, 40.061002695628602 ], [ -75.179791735058004, 40.060894162748902 ], [ -75.179477884866202, 40.060788402959098 ], [ -75.179165793811293, 40.060679938981401 ], [ -75.178856956021605, 40.060565485850901 ], [ -75.178548872295707, 40.060447778082597 ], [ -75.178251897854807, 40.060317165201198 ], [ -75.177974842901705, 40.060164048745399 ], [ -75.177869979713606, 40.060093801299097 ], [ -75.177715535110707, 40.059990337213002 ], [ -75.177474506551505, 40.059802534401598 ], [ -75.177246777988003, 40.059606434142701 ], [ -75.177026600744398, 40.059404496379599 ], [ -75.176812783774196, 40.059198227998301 ], [ -75.176604134920296, 40.058989134048403 ], [ -75.176399821025896, 40.058777879761799 ], [ -75.176201253137904, 40.058562907391398 ], [ -75.176010597939893, 40.058343851043396 ], [ -75.175830004887999, 40.058120427344399 ], [ -75.1756619449054, 40.057891018533098 ], [ -75.175508237145294, 40.0576549905728 ], [ -75.175369888576498, 40.057414139274997 ], [ -75.175251339236993, 40.057167018968102 ], [ -75.175162914501499, 40.056911770776701 ], [ -75.175149763708305, 40.056847810724399 ], [ -75.175109637042695, 40.056652661896997 ], [ -75.175081114114604, 40.056390285692899 ], [ -75.175062096927206, 40.056126707931497 ], [ -75.175042674721894, 40.0558635796963 ], [ -75.175032893868703, 40.055599565602797 ], [ -75.175013667492294, 40.055336845390698 ], [ -75.174960251878602, 40.0550782729876 ], [ -75.174866187309803, 40.054824641499799 ], [ -75.174762635438299, 40.054572991215402 ], [ -75.174661120287695, 40.054321049494902 ], [ -75.174546843380398, 40.054072968029402 ], [ -75.174408663181097, 40.053831854165502 ], [ -75.174242341067, 40.053600866329298 ], [ -75.174040187281904, 40.053389878237503 ], [ -75.173814192128106, 40.053191590984 ], [ -75.173581830342599, 40.052997077167902 ], [ -75.173352224168795, 40.052801756079198 ], [ -75.173120808196302, 40.052607691360897 ], [ -75.172888465456197, 40.052414261291098 ], [ -75.172565332780806, 40.052144839838 ], [ -75.172359738660504, 40.0519342948622 ], [ -75.172163600710505, 40.051733246586998 ] ] ] } },
{ "type": "Feature", "properties": { "OBJECTID": 114, "ES_ID": "6360", "ES_NAME": "Roosevelt, Theodore", "MS_ID": "6360", "MS_NAME": "Roosevelt, Theodore", "HS_ID": "6060", "HS_NAME": "King, Martin Luther", "GR_ID_K": "6360", "GR_ID_01": "6360", "GR_ID_02": "6360", "GR_ID_03": "6360", "GR_ID_04": "6360", "GR_ID_05": "6360", "GR_ID_06": "6360", "GR_ID_07": "6360", "GR_ID_08": "6360", "GR_ID_09": "6060", "GR_ID_10": "6060", "GR_ID_11": "6060", "GR_ID_12": "6060", "ES_GRADE": "K-8", "MS_GRADE": "K-8", "HS_GRADE": "9-12", "Shape__Area": 1954372.53515625, "Shape__Length": 5891.9376944340502 }, "geometry": { "type": "Polygon", "coordinates": [ [ [ -75.167704537290504, 40.047254337873703 ], [ -75.166848792381501, 40.046732882128502 ], [ -75.166040062736499, 40.046227242161997 ], [ -75.1655701858828, 40.045931705802801 ], [ -75.164833659303596, 40.045477337049299 ], [ -75.1660876986913, 40.044252547708197 ], [ -75.167209758959402, 40.043158447889297 ], [ -75.168710226246105, 40.041695525217897 ], [ -75.169796681897495, 40.040638999288497 ], [ -75.171621074842506, 40.038856928308398 ], [ -75.172151007790802, 40.038355701484498 ], [ -75.173081339403396, 40.0374429858621 ], [ -75.173852942640707, 40.036685242368399 ], [ -75.174727098896, 40.035830062445299 ], [ -75.175209836825303, 40.036241860988902 ], [ -75.175624350602405, 40.0367769920434 ], [ -75.176145938375697, 40.037461177405099 ], [ -75.176430312704994, 40.037803472186702 ], [ -75.176957692374302, 40.038431810712503 ], [ -75.177630944054798, 40.039238430124499 ], [ -75.177760224191601, 40.039410138456702 ], [ -75.178633169399006, 40.040463103678199 ], [ -75.178714423247797, 40.040566513195103 ], [ -75.179131555681195, 40.0410743486744 ], [ -75.179633811041995, 40.041690609990397 ], [ -75.179983452084699, 40.042102816009098 ], [ -75.180885892610604, 40.0432561045032 ], [ -75.179608413037698, 40.044497618442598 ], [ -75.177756958820197, 40.046283417110303 ], [ -75.1775680551834, 40.046482906155603 ], [ -75.177384042330402, 40.0466710255835 ], [ -75.177255587957703, 40.046779278375602 ], [ -75.1771854048081, 40.046856197060499 ], [ -75.177002474252902, 40.047029385205697 ], [ -75.176812343715596, 40.047213287886798 ], [ -75.176760460062198, 40.047260226986303 ], [ -75.176627463073402, 40.047407425314702 ], [ -75.176249236121194, 40.047761368619803 ], [ -75.176092867342106, 40.047916525744597 ], [ -75.175550154911804, 40.048447727531901 ], [ -75.174918819651793, 40.049061613737798 ], [ -75.173263719644495, 40.050676391630802 ], [ -75.172783929558605, 40.051149070856098 ], [ -75.172163600710505, 40.051733246586998 ], [ -75.172154536712497, 40.051723675394499 ], [ -75.171947419891296, 40.051513744179204 ], [ -75.171732024232298, 40.051308758017299 ], [ -75.171529045805201, 40.051097205139499 ], [ -75.171369787657497, 40.0508635610366 ], [ -75.171260599228802, 40.050614369203799 ], [ -75.171153848777095, 40.050364537294101 ], [ -75.171129988711499, 40.050308399391703 ], [ -75.171048387862896, 40.050114266588402 ], [ -75.170943946695203, 40.049863652848003 ], [ -75.170840401247503, 40.049612750956101 ], [ -75.170737543947993, 40.049361623830698 ], [ -75.170635171776397, 40.049110338095304 ], [ -75.170605933669407, 40.049038346751203 ], [ -75.169272072823404, 40.048215661514099 ], [ -75.168851007808598, 40.047963147247302 ], [ -75.167704537290504, 40.047254337873703 ] ] ] } },
{ "type": "Feature", "properties": { "OBJECTID": 115, "ES_ID": "6250", "ES_NAME": "Henry, Charles W", "MS_ID": "6250", "MS_NAME": "Henry, Charles W", "HS_ID": "6030", "HS_NAME": "Roxborough High School", "GR_ID_K": "6250", "GR_ID_01": "6250", "GR_ID_02": "6250", "GR_ID_03": "6250", "GR_ID_04": "6250", "GR_ID_05": "6250", "GR_ID_06": "6250", "GR_ID_07": "6250", "GR_ID_08": "6250", "GR_ID_09": "6030", "GR_ID_10": "6030", "GR_ID_11": "6030", "GR_ID_12": "6030", "ES_GRADE": "K-8", "MS_GRADE": "K-8", "HS_GRADE": "9-12", "Shape__Area": 6188724.546875, "Shape__Length": 12658.4615344749 }, "geometry": { "type": "Polygon", "coordinates": [ [ [ -75.1867803523172, 40.0545134140459 ], [ -75.186518960474501, 40.053975224228203 ], [ -75.186117738301803, 40.0532553968524 ], [ -75.185682692607401, 40.052431049377198 ], [ -75.1852904959146, 40.051752635761801 ], [ -75.185222787297505, 40.051594458936798 ], [ -75.185018380962205, 40.051225519207897 ], [ -75.1846955510361, 40.050650495476503 ], [ -75.184575192433201, 40.050413006291798 ], [ -75.184369627289399, 40.050077718994999 ], [ -75.184205230258598, 40.049783777144498 ], [ -75.183969438134497, 40.049322977572501 ], [ -75.183920172553101, 40.049217519769002 ], [ -75.183761884492498, 40.048924840798797 ], [ -75.1834003944317, 40.048263405800498 ], [ -75.185278426224997, 40.046419365318897 ], [ -75.186689762620702, 40.045043266251398 ], [ -75.189316641266402, 40.042495164089999 ], [ -75.189481591023394, 40.042316771225003 ], [ -75.190253512951699, 40.042797211390102 ], [ -75.190580931865199, 40.043000993052097 ], [ -75.191201601008004, 40.0433951800415 ], [ -75.191243214644103, 40.043141205382902 ], [ -75.191349317104795, 40.042845560391697 ], [ -75.191452213220899, 40.0426349898053 ], [ -75.191579513612893, 40.042406717333101 ], [ -75.191770981710604, 40.042155544896197 ], [ -75.192096962029098, 40.041818005020097 ], [ -75.193920036413601, 40.040045674162201 ], [ -75.196130354658806, 40.037933188077901 ], [ -75.195916051128407, 40.0377419439004 ], [ -75.198241066043707, 40.036616718773502 ], [ -75.198041481517294, 40.035677298603197 ], [ -75.1979766445384, 40.035515122540403 ], [ -75.197889803453506, 40.035063997550303 ], [ -75.197817896202395, 40.034757815411403 ], [ -75.197675874254799, 40.034413150187603 ], [ -75.197648231023194, 40.034278468319101 ], [ -75.197624464871197, 40.034171068501003 ], [ -75.197537511506596, 40.033901173962299 ], [ -75.197544090462401, 40.033720423814202 ], [ -75.197599539147703, 40.033539974941199 ], [ -75.197680760312906, 40.033413532814301 ], [ -75.197920858769606, 40.033252329310102 ], [ -75.1986803304316, 40.033111414355297 ], [ -75.1990400316744, 40.032968880711202 ], [ -75.199253524617902, 40.032741208525898 ], [ -75.199658995739398, 40.032337329050002 ], [ -75.199728366646596, 40.032368239458599 ], [ -75.199975058872994, 40.032522130251301 ], [ -75.200170244530696, 40.032663463091197 ], [ -75.200233593982901, 40.032756199684101 ], [ -75.200244575159999, 40.032859192068301 ], [ -75.200208468854797, 40.033029638753803 ], [ -75.200148279929707, 40.033248068892298 ], [ -75.200030476020999, 40.033616488374598 ], [ -75.199987163896296, 40.033781065364899 ], [ -75.200099369840203, 40.034154592337202 ], [ -75.200200808760599, 40.034419422790101 ], [ -75.200292900578802, 40.034735419926797 ], [ -75.200446064745606, 40.0350071080248 ], [ -75.200658806699096, 40.0352744086332 ], [ -75.200777660451195, 40.035471126269201 ], [ -75.200869192531698, 40.035604447403998 ], [ -75.200902434656996, 40.035707933736703 ], [ -75.200852773868306, 40.035843829052702 ], [ -75.200873816267702, 40.035975585695297 ], [ -75.200961423495798, 40.036114527479398 ], [ -75.201104254205006, 40.036266112213603 ], [ -75.201196859058797, 40.036370915787899 ], [ -75.201350108110802, 40.036442813346603 ], [ -75.201564861380504, 40.036458995928101 ], [ -75.201790031472697, 40.036395492087401 ], [ -75.202033898239804, 40.036229654956699 ], [ -75.202151834845395, 40.036055316082901 ], [ -75.202262994865194, 40.035863703232302 ], [ -75.202388352041297, 40.035689528741301 ], [ -75.202573282876301, 40.035510965785797 ], [ -75.202713905569297, 40.035325713846198 ], [ -75.202924303649496, 40.035062092930303 ], [ -75.203086541616699, 40.034894443465603 ], [ -75.203223952258, 40.034794742867703 ], [ -75.203510186890597, 40.034686923432098 ], [ -75.203749333085497, 40.034646560780402 ], [ -75.204031503129002, 40.034647108079497 ], [ -75.204297975247897, 40.034670138138402 ], [ -75.204864811722501, 40.034802573225797 ], [ -75.205197208170304, 40.034849896091103 ], [ -75.205469605044698, 40.034913013194299 ], [ -75.205702763643401, 40.035032344284403 ], [ -75.205868930025105, 40.035155897025803 ], [ -75.206018975339006, 40.035313342208497 ], [ -75.206072776593402, 40.035462947692402 ], [ -75.206086911716696, 40.035680173228897 ], [ -75.206140927192905, 40.035824075570098 ], [ -75.206262149451504, 40.035958048834402 ], [ -75.206375311294195, 40.036108969685401 ], [ -75.206478914129306, 40.036316759856703 ], [ -75.206537357821503, 40.036540674335903 ], [ -75.206600398275697, 40.036640041564702 ], [ -75.206768754786196, 40.0369054165892 ], [ -75.206976030328704, 40.037121210479803 ], [ -75.2072174147075, 40.037417672450601 ], [ -75.207730997877107, 40.0377829523541 ], [ -75.208079901780295, 40.037984753434998 ], [ -75.208378364852194, 40.038145480607 ], [ -75.208654139373806, 40.038317121558798 ], [ -75.208870767178496, 40.038481744568898 ], [ -75.209126363630205, 40.0387956410474 ], [ -75.209319238618903, 40.038999697070601 ], [ -75.209559785824595, 40.039318968346699 ], [ -75.209813469426905, 40.0396841958596 ], [ -75.210018840647393, 40.039951314932601 ], [ -75.210162928924206, 40.040268454471502 ], [ -75.210482549151493, 40.040657971409203 ], [ -75.210563476065005, 40.040878307968399 ], [ -75.210730682540699, 40.0413335548402 ], [ -75.210839768482302, 40.041630556215303 ], [ -75.210861340291899, 40.0418479451221 ], [ -75.210906456767304, 40.042031604765498 ], [ -75.211059467629596, 40.042308982657602 ], [ -75.211347287860605, 40.042754875866898 ], [ -75.211560733592407, 40.043005045859303 ], [ -75.211675530350007, 40.043098500674702 ], [ -75.211791371779498, 40.0431928055689 ], [ -75.211930827100502, 40.043435632033201 ], [ -75.212051602917199, 40.043780792846803 ], [ -75.212146109040503, 40.044034043347402 ], [ -75.212173188776703, 40.044302925826898 ], [ -75.212192419202395, 40.044583054144397 ], [ -75.212181540129507, 40.0448739320207 ], [ -75.212111371547294, 40.045757155727102 ], [ -75.212044110206705, 40.045966872919998 ], [ -75.211945669031394, 40.046215859605603 ], [ -75.211847015003499, 40.0464705484452 ], [ -75.211662459516106, 40.046837504742399 ], [ -75.211583980456993, 40.046949934423601 ], [ -75.211585427882795, 40.0471097964558 ], [ -75.211648377263401, 40.047213935567598 ], [ -75.211770273146499, 40.047330792750003 ], [ -75.211950894308401, 40.047466072550499 ], [ -75.212152289882894, 40.047641769400897 ], [ -75.212384438692496, 40.047789601562002 ], [ -75.212610447385899, 40.047903049742402 ], [ -75.212978697067001, 40.048185175758803 ], [ -75.213129640612493, 40.048319799082897 ], [ -75.213332960891606, 40.048444161295301 ], [ -75.213505104676699, 40.048607792251197 ], [ -75.213668120388306, 40.048816887606201 ], [ -75.213784050866593, 40.049093439813902 ], [ -75.213916279484295, 40.049530183385698 ], [ -75.214052769845495, 40.049852855334997 ], [ -75.214504691006397, 40.050679104106003 ], [ -75.214572744518406, 40.050765080029599 ], [ -75.214393731276203, 40.050885722757599 ], [ -75.214286920867707, 40.051001502357401 ], [ -75.214110962802295, 40.051253583054198 ], [ -75.214013641652798, 40.051458175151403 ], [ -75.213957661952406, 40.051584921724903 ], [ -75.213925443633102, 40.051761417049498 ], [ -75.213854456711701, 40.051946900842502 ], [ -75.213836509426997, 40.052084332156497 ], [ -75.213729327311299, 40.052209947395397 ], [ -75.2136243523247, 40.052276543620401 ], [ -75.213469647621693, 40.052302662757498 ], [ -75.213171565078994, 40.052394528666298 ], [ -75.2129257870087, 40.052458015064097 ], [ -75.212640503800102, 40.052550162278798 ], [ -75.212408629143397, 40.052584420826101 ], [ -75.212074719668806, 40.052606578806703 ], [ -75.2117137375472, 40.052667517640998 ], [ -75.211414548017999, 40.0527888893671 ], [ -75.211232399316799, 40.052863622494598 ], [ -75.211098507515302, 40.053018179922098 ], [ -75.210955495434106, 40.053074088879598 ], [ -75.210789091493297, 40.053070411159197 ], [ -75.210533821561896, 40.053045079392199 ], [ -75.210291720887497, 40.053010192958098 ], [ -75.210072643170903, 40.053044728842501 ], [ -75.209852828667294, 40.053098937564002 ], [ -75.209657509400003, 40.053183222269602 ], [ -75.209473884320104, 40.053297300015103 ], [ -75.2093286601892, 40.0534122258031 ], [ -75.209145771915999, 40.053506628897601 ], [ -75.208965462011406, 40.053532175780703 ], [ -75.207834973731806, 40.0536154594935 ], [ -75.207678789347995, 40.053680917315397 ], [ -75.207548574042093, 40.053737104399403 ], [ -75.207310291727495, 40.053771210102099 ], [ -75.207140067150604, 40.053698528673401 ], [ -75.206937841160894, 40.053625139530403 ], [ -75.206758266439905, 40.0536310087885 ], [ -75.206513215431499, 40.053674808232898 ], [ -75.206279858660096, 40.053748399976897 ], [ -75.206122933645602, 40.053833528888902 ], [ -75.205990503681207, 40.053948733897002 ], [ -75.205677759473005, 40.054089480449598 ], [ -75.205478374010497, 40.054281961245103 ], [ -75.205331296266607, 40.054446065488897 ], [ -75.205197018921595, 40.054610453089403 ], [ -75.205115419058401, 40.054736628265502 ], [ -75.205048463834899, 40.054813903414598 ], [ -75.204884422251595, 40.054861156283899 ], [ -75.204712926746595, 40.054728242741099 ], [ -75.204174436320201, 40.054314914766003 ], [ -75.203730676642607, 40.053937259486901 ], [ -75.203494602999001, 40.053661261834399 ], [ -75.203345196324406, 40.0535132997516 ], [ -75.203218140509506, 40.053436189421397 ], [ -75.201465461671205, 40.052325933710499 ], [ -75.200114485445297, 40.051472817987097 ], [ -75.198772449258001, 40.052714519983397 ], [ -75.198201999443498, 40.052364044983499 ], [ -75.197715570202107, 40.052047047147603 ], [ -75.196984177178194, 40.051581210817801 ], [ -75.195635029976103, 40.052810618084798 ], [ -75.194916479361893, 40.052355779567897 ], [ -75.194436546058398, 40.052062412869603 ], [ -75.194342577953194, 40.051904235308903 ], [ -75.194328856904605, 40.051720344194798 ], [ -75.194208256100694, 40.051688384057201 ], [ -75.194086649972405, 40.051642249352298 ], [ -75.194014825216499, 40.051741559344897 ], [ -75.1932130510192, 40.051173077613697 ], [ -75.193013663297705, 40.051018076697602 ], [ -75.191818381422706, 40.050265568482601 ], [ -75.1914982535435, 40.050579274667598 ], [ -75.191321374772897, 40.0507526044427 ], [ -75.190819113210495, 40.051198887810799 ], [ -75.188908185250099, 40.053028913725001 ], [ -75.188050631902598, 40.0538242433447 ], [ -75.187799877979202, 40.0540732837107 ], [ -75.186963670800694, 40.054831638699397 ], [ -75.1867803523172, 40.0545134140459 ] ] ] } },
{ "type": "Feature", "properties": { "OBJECTID": 116, "ES_ID": "6260", "ES_NAME": "Houston, Henry E", "MS_ID": "6260", "MS_NAME": "Houston, Henry E", "HS_ID": "6030", "HS_NAME": "Roxborough High School", "GR_ID_K": "6260", "GR_ID_01": "6260", "GR_ID_02": "6260", "GR_ID_03": "6260", "GR_ID_04": "6260", "GR_ID_05": "6260", "GR_ID_06": "6260", "GR_ID_07": "6260", "GR_ID_08": "6260", "GR_ID_09": "6030", "GR_ID_10": "6030", "GR_ID_11": "6030", "GR_ID_12": "6030", "ES_GRADE": "K-8", "MS_GRADE": "K-8", "HS_GRADE": "9-12", "Shape__Area": 6171043.4609375, "Shape__Length": 10826.8286181556 }, "geometry": { "type": "Polygon", "coordinates": [ [ [ -75.189678821885295, 40.073468436929197 ], [ -75.189209045471003, 40.073172646921101 ], [ -75.188502623855399, 40.0727733871529 ], [ -75.188055173925207, 40.072512261352003 ], [ -75.1876975731372, 40.0723108933215 ], [ -75.187278699217799, 40.0720709173888 ], [ -75.186955966060594, 40.071890510621998 ], [ -75.186562690656999, 40.071666245183003 ], [ -75.186356177810495, 40.071544526585797 ], [ -75.186234716790196, 40.071473359405203 ], [ -75.185859665633998, 40.071255784340899 ], [ -75.185562629295305, 40.071081560120199 ], [ -75.184656288337905, 40.070574226416099 ], [ -75.183914547136894, 40.070153719300997 ], [ -75.183650909234203, 40.069999199183499 ], [ -75.183272815877103, 40.069797919540598 ], [ -75.1828972636457, 40.069562308453598 ], [ -75.182581845394907, 40.069384266036998 ], [ -75.182221778484205, 40.069168282856303 ], [ -75.181753535675597, 40.068912058397899 ], [ -75.180902801353, 40.068420817563599 ], [ -75.180547065064601, 40.068199261078497 ], [ -75.180112591157297, 40.067963361799798 ], [ -75.179978099441001, 40.067883352028403 ], [ -75.179307612604106, 40.067491832302302 ], [ -75.178673860804295, 40.067126874105199 ], [ -75.178011353006099, 40.066752846893998 ], [ -75.177648586749797, 40.066555593241397 ], [ -75.177263497569399, 40.0663392399833 ], [ -75.177117084018207, 40.066252850947897 ], [ -75.176955576002399, 40.066159410305502 ], [ -75.176527935693798, 40.065905121556199 ], [ -75.177725749696606, 40.064746985006799 ], [ -75.178422870462398, 40.064039802586997 ], [ -75.179161050512704, 40.063326253855998 ], [ -75.179922481178295, 40.062590293720298 ], [ -75.180544574023202, 40.061986707467597 ], [ -75.180807060014502, 40.061733986897202 ], [ -75.180909893667504, 40.061616581067 ], [ -75.181154687595694, 40.061383503482702 ], [ -75.181315708023305, 40.061230187488498 ], [ -75.181557498920796, 40.0610141620093 ], [ -75.1817806420664, 40.0607769681409 ], [ -75.183368027906297, 40.059229621541398 ], [ -75.184046976262593, 40.058581540849801 ], [ -75.184771452025402, 40.0578665766554 ], [ -75.184863130503103, 40.057801816581097 ], [ -75.184958161656596, 40.057743027473698 ], [ -75.186537323290494, 40.056218562737001 ], [ -75.187308565689406, 40.055493901492703 ], [ -75.186963670800694, 40.054831638699397 ], [ -75.187799877979202, 40.0540732837107 ], [ -75.188050631902598, 40.0538242433447 ], [ -75.188908185250099, 40.053028913725001 ], [ -75.190819113210495, 40.051198887810799 ], [ -75.191321374772897, 40.0507526044427 ], [ -75.1914982535435, 40.050579274667598 ], [ -75.191818381422706, 40.050265568482601 ], [ -75.193013663297705, 40.051018076697602 ], [ -75.1932130510192, 40.051173077613697 ], [ -75.194014825216499, 40.051741559344897 ], [ -75.194086649972405, 40.051642249352298 ], [ -75.194208256100694, 40.051688384057201 ], [ -75.194328856904605, 40.051720344194798 ], [ -75.194342577953194, 40.051904235308903 ], [ -75.194436546058398, 40.052062412869603 ], [ -75.194916479361893, 40.052355779567897 ], [ -75.195635029976103, 40.052810618084798 ], [ -75.196984177178194, 40.051581210817801 ], [ -75.197715570202107, 40.052047047147603 ], [ -75.198201999443498, 40.052364044983499 ], [ -75.198772449258001, 40.052714519983397 ], [ -75.200114485445297, 40.051472817987097 ], [ -75.201465461671205, 40.052325933710499 ], [ -75.203218140509506, 40.053436189421397 ], [ -75.203345196324406, 40.0535132997516 ], [ -75.203494602999001, 40.053661261834399 ], [ -75.203730676642607, 40.053937259486901 ], [ -75.204174436320201, 40.054314914766003 ], [ -75.204712926746595, 40.054728242741099 ], [ -75.204884422251595, 40.054861156283899 ], [ -75.205320004192302, 40.055198740189802 ], [ -75.2058743667437, 40.055624036844797 ], [ -75.206212016674499, 40.055893568271301 ], [ -75.207931425000893, 40.057227705526898 ], [ -75.2069594805252, 40.058204289444497 ], [ -75.204546292197705, 40.060590846131198 ], [ -75.202590889638799, 40.062547369310998 ], [ -75.202477578487702, 40.062659263545697 ], [ -75.202147993799699, 40.062990694419 ], [ -75.201741562084706, 40.063384049789697 ], [ -75.201271054044398, 40.063862967922098 ], [ -75.200797731860106, 40.063742574716002 ], [ -75.200746720830097, 40.064505910384902 ], [ -75.201370150577205, 40.0651232972168 ], [ -75.201718572118196, 40.065453822762599 ], [ -75.201511067118602, 40.065427768834901 ], [ -75.201320600615603, 40.065391181323399 ], [ -75.200850125579095, 40.065242045814699 ], [ -75.200468597822294, 40.065186211038402 ], [ -75.200198526299502, 40.065172322952201 ], [ -75.200050376791097, 40.065195352755801 ], [ -75.199872671150899, 40.065275623006499 ], [ -75.199757075648606, 40.065390361667802 ], [ -75.198363320668506, 40.066770947410902 ], [ -75.197426712811406, 40.067687419670598 ], [ -75.197339163713195, 40.067715967492298 ], [ -75.197257876338895, 40.067756650298698 ], [ -75.1970307254294, 40.067960162580498 ], [ -75.194555383116807, 40.070423188589302 ], [ -75.194373821107405, 40.070598728977103 ], [ -75.194139244444699, 40.070825525687802 ], [ -75.192848230941195, 40.0721192311983 ], [ -75.1920662982469, 40.072909622120598 ], [ -75.190834583813796, 40.074123569464 ], [ -75.189678821885295, 40.073468436929197 ] ] ] } },
{ "type": "Feature", "properties": { "OBJECTID": 117, "ES_ID": "6270", "ES_NAME": "Jenks, John S", "MS_ID": "6270", "MS_NAME": "Jenks, John S", "HS_ID": "6030", "HS_NAME": "Roxborough High School", "GR_ID_K": "6270", "GR_ID_01": "6270", "GR_ID_02": "6270", "GR_ID_03": "6270", "GR_ID_04": "6270", "GR_ID_05": "6270", "GR_ID_06": "6270", "GR_ID_07": "6270", "GR_ID_08": "6270", "GR_ID_09": "6030", "GR_ID_10": "6030", "GR_ID_11": "6030", "GR_ID_12": "6030", "ES_GRADE": "K-8", "MS_GRADE": "K-8", "HS_GRADE": "9-12", "Shape__Area": 14065584.0195313, "Shape__Length": 21680.794858081801 }, "geometry": { "type": "MultiPolygon", "coordinates": [ [ [ [ -75.216793942816594, 40.089044691149901 ], [ -75.215124545352793, 40.088083957305699 ], [ -75.214350211375603, 40.087638310649602 ], [ -75.214133399470896, 40.087513529365303 ], [ -75.213753767840203, 40.087299993888003 ], [ -75.212833028684898, 40.086764409453203 ], [ -75.211777350611996, 40.0861503115202 ], [ -75.210354676074402, 40.085322699312897 ], [ -75.209973482310104, 40.0851772136823 ], [ -75.209781539711798, 40.085098121490603 ], [ -75.209637998833998, 40.085031069276603 ], [ -75.209483562643797, 40.084951417072297 ], [ -75.209286005070894, 40.0848423570649 ], [ -75.2091574963071, 40.084763464923398 ], [ -75.208912509117894, 40.0845834148964 ], [ -75.208436822602096, 40.0842069651587 ], [ -75.206326068224598, 40.082978928591103 ], [ -75.204883442851497, 40.082152447460899 ], [ -75.204147613851902, 40.0817308760316 ], [ -75.202675607663906, 40.080887695369398 ], [ -75.200937409741002, 40.079891986971198 ], [ -75.200454836441807, 40.079615540939201 ], [ -75.198353181833099, 40.0784115378029 ], [ -75.1976444725302, 40.078005511324498 ], [ -75.1964361872827, 40.077313252267302 ], [ -75.195958271214593, 40.077040789519302 ], [ -75.195005195835904, 40.076497426458097 ], [ -75.190834583813796, 40.074123569464 ], [ -75.1920662982469, 40.072909622120598 ], [ -75.192848230941195, 40.0721192311983 ], [ -75.194139244444699, 40.070825525687802 ], [ -75.194373821107405, 40.070598728977103 ], [ -75.194555383116807, 40.070423188589302 ], [ -75.1970307254294, 40.067960162580498 ], [ -75.197257876338895, 40.067756650298698 ], [ -75.197339163713195, 40.067715967492298 ], [ -75.197426712811406, 40.067687419670598 ], [ -75.198363320668506, 40.066770947410902 ], [ -75.199757075648606, 40.065390361667802 ], [ -75.199872671150899, 40.065275623006499 ], [ -75.200050376791097, 40.065195352755801 ], [ -75.200198526299502, 40.065172322952201 ], [ -75.200468597822294, 40.065186211038402 ], [ -75.200850125579095, 40.065242045814699 ], [ -75.201320600615603, 40.065391181323399 ], [ -75.201511067118602, 40.065427768834901 ], [ -75.201718572118196, 40.065453822762599 ], [ -75.201370150577205, 40.0651232972168 ], [ -75.200746720830097, 40.064505910384902 ], [ -75.200797731860106, 40.063742574716002 ], [ -75.201271054044398, 40.063862967922098 ], [ -75.201741562084706, 40.063384049789697 ], [ -75.202147993799699, 40.062990694419 ], [ -75.202477578487702, 40.062659263545697 ], [ -75.202590889638799, 40.062547369310998 ], [ -75.204546292197705, 40.060590846131198 ], [ -75.2069594805252, 40.058204289444497 ], [ -75.207931425000893, 40.057227705526898 ], [ -75.206212016674499, 40.055893568271301 ], [ -75.2058743667437, 40.055624036844797 ], [ -75.205320004192302, 40.055198740189802 ], [ -75.204884422251595, 40.054861156283899 ], [ -75.205048463834899, 40.054813903414598 ], [ -75.205115419058401, 40.054736628265502 ], [ -75.205197018921595, 40.054610453089403 ], [ -75.205331296266607, 40.054446065488897 ], [ -75.205478374010497, 40.054281961245103 ], [ -75.205677759473005, 40.054089480449598 ], [ -75.205990503681207, 40.053948733897002 ], [ -75.206122933645602, 40.053833528888902 ], [ -75.206279858660096, 40.053748399976897 ], [ -75.206513215431499, 40.053674808232898 ], [ -75.206758266439905, 40.0536310087885 ], [ -75.206937841160894, 40.053625139530403 ], [ -75.207140067150604, 40.053698528673401 ], [ -75.207310291727495, 40.053771210102099 ], [ -75.207548574042093, 40.053737104399403 ], [ -75.207678789347995, 40.053680917315397 ], [ -75.207834973731806, 40.0536154594935 ], [ -75.208965462011406, 40.053532175780703 ], [ -75.209145771915999, 40.053506628897601 ], [ -75.2093286601892, 40.0534122258031 ], [ -75.209473884320104, 40.053297300015103 ], [ -75.209657509400003, 40.053183222269602 ], [ -75.209852828667294, 40.053098937564002 ], [ -75.210072643170903, 40.053044728842501 ], [ -75.210291720887497, 40.053010192958098 ], [ -75.210533821561896, 40.053045079392199 ], [ -75.210789091493297, 40.053070411159197 ], [ -75.210955495434106, 40.053074088879598 ], [ -75.211098507515302, 40.053018179922098 ], [ -75.211232399316799, 40.052863622494598 ], [ -75.211414548017999, 40.0527888893671 ], [ -75.2117137375472, 40.052667517640998 ], [ -75.212074719668806, 40.052606578806703 ], [ -75.212408629143397, 40.052584420826101 ], [ -75.212640503800102, 40.052550162278798 ], [ -75.2129257870087, 40.052458015064097 ], [ -75.213171565078994, 40.052394528666298 ], [ -75.213469647621693, 40.052302662757498 ], [ -75.2136243523247, 40.052276543620401 ], [ -75.213729327311299, 40.052209947395397 ], [ -75.213836509426997, 40.052084332156497 ], [ -75.213854456711701, 40.051946900842502 ], [ -75.213925443633102, 40.051761417049498 ], [ -75.213957661952406, 40.051584921724903 ], [ -75.214013641652798, 40.051458175151403 ], [ -75.214110962802295, 40.051253583054198 ], [ -75.214286920867707, 40.051001502357401 ], [ -75.214393731276203, 40.050885722757599 ], [ -75.214572744518406, 40.050765080029599 ], [ -75.214775455196701, 40.051021172641498 ], [ -75.215015808462795, 40.051233888006998 ], [ -75.215224423357299, 40.051429309792198 ], [ -75.215422561178698, 40.051616201835202 ], [ -75.215779718718906, 40.051881272499003 ], [ -75.216328723242498, 40.052212795120901 ], [ -75.216792519291005, 40.052513398855197 ], [ -75.217011931426896, 40.052709055258298 ], [ -75.217215605223899, 40.053037107272502 ], [ -75.217407252665197, 40.053398077492801 ], [ -75.217551115402898, 40.053882444271999 ], [ -75.217671549194193, 40.054416071790797 ], [ -75.217765500228097, 40.054791483305799 ], [ -75.217797201866503, 40.055099150799897 ], [ -75.217834480397599, 40.055397639294803 ], [ -75.2178470742315, 40.055498478030898 ], [ -75.217867372544404, 40.055822488715698 ], [ -75.217964729952399, 40.0561067112694 ], [ -75.218158867170999, 40.056401366441797 ], [ -75.218300305190198, 40.056661673600502 ], [ -75.218414949267, 40.056772052672798 ], [ -75.218537905607704, 40.056948988490497 ], [ -75.218703397354702, 40.057143451344302 ], [ -75.218943476486999, 40.057364448914001 ], [ -75.219211280904901, 40.0577105013843 ], [ -75.219390656388995, 40.057822307027102 ], [ -75.219653243538502, 40.058018907824597 ], [ -75.219826436079799, 40.058296504953702 ], [ -75.220006708273004, 40.058673814152399 ], [ -75.220270813847307, 40.059119340712698 ], [ -75.220358017202699, 40.059386748158502 ], [ -75.220478510653606, 40.059629997502299 ], [ -75.220643396322799, 40.059841037566699 ], [ -75.220799967247501, 40.059985523382302 ], [ -75.221012023914099, 40.060089747506098 ], [ -75.2211803090769, 40.060209602401798 ], [ -75.221346125270102, 40.060395773648203 ], [ -75.221510705323595, 40.060615102902098 ], [ -75.221712569715905, 40.060992885090798 ], [ -75.221874218791996, 40.061290963846503 ], [ -75.222088396894705, 40.061917910779997 ], [ -75.2221555773381, 40.062143391538001 ], [ -75.222233545597305, 40.062369110468801 ], [ -75.222396898995797, 40.062621596733997 ], [ -75.222634228819004, 40.062917191730499 ], [ -75.222893140441798, 40.063213261741801 ], [ -75.223152977189102, 40.063484461472299 ], [ -75.223402956987499, 40.0637305547422 ], [ -75.223526866397705, 40.063882614662901 ], [ -75.223573709549996, 40.064074463613501 ], [ -75.223521909337904, 40.064305625476301 ], [ -75.223451000996405, 40.064469994486402 ], [ -75.223284225812193, 40.064599069107601 ], [ -75.223010175702996, 40.064709192573503 ], [ -75.222519573170104, 40.064835295052497 ], [ -75.221917525045896, 40.065054349996998 ], [ -75.221509058765903, 40.065294256249302 ], [ -75.2210432446889, 40.065624159018697 ], [ -75.22075500007, 40.065825225814898 ], [ -75.220474448135505, 40.066109425847003 ], [ -75.220403840862303, 40.066265502522697 ], [ -75.2203523373161, 40.066488373365303 ], [ -75.220407181561896, 40.066755066283598 ], [ -75.220484221898403, 40.0670056559307 ], [ -75.220511026778595, 40.067155581496898 ], [ -75.220544168956195, 40.067222832443697 ], [ -75.220581297100395, 40.067298168355101 ], [ -75.220725239939497, 40.067492154968299 ], [ -75.220919730898203, 40.067778513026497 ], [ -75.221304573434793, 40.068172767804803 ], [ -75.221744449723303, 40.068539192947597 ], [ -75.222069043380202, 40.068811819420198 ], [ -75.222278040411894, 40.068998937718703 ], [ -75.222445732120505, 40.069135369834797 ], [ -75.222526492930299, 40.069286480650803 ], [ -75.222651027024796, 40.069421964107903 ], [ -75.222839065781798, 40.069592027641697 ], [ -75.223039439390405, 40.069720879388498 ], [ -75.2232373432538, 40.069916050037101 ], [ -75.223542531273097, 40.070130169052298 ], [ -75.223920781407799, 40.070412268638698 ], [ -75.224364080546806, 40.070687497509297 ], [ -75.224669584155706, 40.070893325751598 ], [ -75.224943334587095, 40.071081861829903 ], [ -75.225174236247696, 40.071261160359697 ], [ -75.2253422479221, 40.071389298658701 ], [ -75.225479436363301, 40.071475276016002 ], [ -75.225603363399998, 40.071627333604901 ], [ -75.225629101607893, 40.0718062714474 ], [ -75.225608695384906, 40.071874460002803 ], [ -75.225555104021694, 40.0720535392025 ], [ -75.225420376093098, 40.072191617520602 ], [ -75.225360253043704, 40.072356226448903 ], [ -75.225094497680402, 40.072532907593498 ], [ -75.224752283352601, 40.0727327998395 ], [ -75.224443673669299, 40.072900243308901 ], [ -75.223937745404697, 40.073146312470399 ], [ -75.223406528391394, 40.073491380682597 ], [ -75.223216606042598, 40.073661430315198 ], [ -75.223066448277706, 40.073923613942803 ], [ -75.223014330003096, 40.074163064111502 ], [ -75.223015853761197, 40.074411991037998 ], [ -75.223124049852203, 40.074696448888403 ], [ -75.223365887407994, 40.075162216480699 ], [ -75.223484259229593, 40.075463490345498 ], [ -75.223614039203696, 40.075748422133799 ], [ -75.223804553255704, 40.076142541368 ], [ -75.224069369202596, 40.076571480519199 ], [ -75.224305522616106, 40.076900231048498 ], [ -75.224485869155998, 40.077277532818698 ], [ -75.224675157924693, 40.077704808847599 ], [ -75.224791378222704, 40.078064110076603 ], [ -75.225186159338605, 40.0787738303842 ], [ -75.225339694234705, 40.079001206376603 ], [ -75.225484271450696, 40.079254106942003 ], [ -75.225522214443501, 40.079320478634997 ], [ -75.225738959264305, 40.079590724158003 ], [ -75.225902057419503, 40.079851496533202 ], [ -75.225949225760104, 40.080035052038603 ], [ -75.226050973084696, 40.0802032161032 ], [ -75.226246138758199, 40.0804729857647 ], [ -75.2264946477422, 40.080760520772003 ], [ -75.226807910544196, 40.081049476768499 ], [ -75.227037001936907, 40.081278508012197 ], [ -75.2273536589922, 40.081476276253902 ], [ -75.227657987002203, 40.081715254717103 ], [ -75.228072083811099, 40.081906863784397 ], [ -75.2285925605335, 40.082142284945697 ], [ -75.229274765839605, 40.082385399782602 ], [ -75.229527606794093, 40.082556873170901 ], [ -75.229773355120898, 40.082628633534 ], [ -75.229943870367507, 40.082690446629798 ], [ -75.230181294237795, 40.082695652011203 ], [ -75.230354579621604, 40.082682857315497 ], [ -75.230558394894203, 40.082720512282599 ], [ -75.2307844100621, 40.082742058097999 ], [ -75.230976816933804, 40.082796054025103 ], [ -75.231157201852398, 40.082882971489198 ], [ -75.231962958653796, 40.083140028211901 ], [ -75.232669671056897, 40.083431081163297 ], [ -75.233021168842598, 40.083639507146302 ], [ -75.231790883666093, 40.084854536308903 ], [ -75.230561000147702, 40.086069110587097 ], [ -75.227735236547701, 40.088826441320101 ], [ -75.223595622431901, 40.092937079972003 ], [ -75.220183947853897, 40.090995472242902 ], [ -75.219635593756905, 40.090679935332901 ], [ -75.216793942816594, 40.089044691149901 ] ] ], [ [ [ -75.178451637885203, 40.076938114735 ], [ -75.176843674717801, 40.0759894807058 ], [ -75.177025326293602, 40.075696628663799 ], [ -75.177237510328894, 40.075355421632501 ], [ -75.177406687512701, 40.075091698687899 ], [ -75.177618988913693, 40.074740740242802 ], [ -75.177820215520697, 40.074430939385998 ], [ -75.178030071591195, 40.074074487047803 ], [ -75.178983750827101, 40.072163355625598 ], [ -75.179374486187399, 40.071407537806799 ], [ -75.179450376742693, 40.071270521703298 ], [ -75.179535694935197, 40.071171632630403 ], [ -75.179821122494303, 40.070884273920001 ], [ -75.180484741796306, 40.070200093090797 ], [ -75.1810900331824, 40.0696101205519 ], [ -75.181753535675597, 40.068912058397899 ], [ -75.182221778484205, 40.069168282856303 ], [ -75.182581845394907, 40.069384266036998 ], [ -75.1828972636457, 40.069562308453598 ], [ -75.183272815877103, 40.069797919540598 ], [ -75.183650909234203, 40.069999199183499 ], [ -75.183914547136894, 40.070153719300997 ], [ -75.184656288337905, 40.070574226416099 ], [ -75.185562629295305, 40.071081560120199 ], [ -75.185859665633998, 40.071255784340899 ], [ -75.186234716790196, 40.071473359405203 ], [ -75.186356177810495, 40.071544526585797 ], [ -75.186562690656999, 40.071666245183003 ], [ -75.186955966060594, 40.071890510621998 ], [ -75.187278699217799, 40.0720709173888 ], [ -75.1876975731372, 40.0723108933215 ], [ -75.188055173925207, 40.072512261352003 ], [ -75.188502623855399, 40.0727733871529 ], [ -75.188424455533706, 40.072848932080198 ], [ -75.187062955333701, 40.0741647010299 ], [ -75.186988485434597, 40.074251134181601 ], [ -75.185919989313007, 40.075291614720797 ], [ -75.185844361793201, 40.075358183922603 ], [ -75.185025136523294, 40.076158442781001 ], [ -75.183805331950296, 40.077382109036698 ], [ -75.181943396573203, 40.076419860745702 ], [ -75.181821393731497, 40.076480095012499 ], [ -75.181509535504503, 40.076774614187599 ], [ -75.181277561972905, 40.077027387766698 ], [ -75.181031844074298, 40.077281521448398 ], [ -75.180781556562394, 40.077537031040002 ], [ -75.180500528523893, 40.077827568758202 ], [ -75.180285717158398, 40.078058005296299 ], [ -75.180240763738396, 40.077955009785903 ], [ -75.178451637885203, 40.076938114735 ] ] ] ] } },
{ "type": "Feature", "properties": { "OBJECTID": 118, "ES_ID": "6300", "ES_NAME": "Logan, James", "MS_ID": "6360", "MS_NAME": "Roosevelt, Theodore", "HS_ID": "6060", "HS_NAME": "King, Martin Luther", "GR_ID_K": "6300", "GR_ID_01": "6300", "GR_ID_02": "6300", "GR_ID_03": "6300", "GR_ID_04": "6300", "GR_ID_05": "6300", "GR_ID_06": "6360", "GR_ID_07": "6360", "GR_ID_08": "6360", "GR_ID_09": "6060", "GR_ID_10": "6060", "GR_ID_11": "6060", "GR_ID_12": "6060", "ES_GRADE": "K-5", "MS_GRADE": "K-8", "HS_GRADE": "9-12", "Shape__Area": 2209155.6796875, "Shape__Length": 6716.3714704833601 }, "geometry": { "type": "Polygon", "coordinates": [ [ [ -75.1555928510233, 40.036223380713999 ], [ -75.149862183034301, 40.035836821578499 ], [ -75.149251836210098, 40.035744410539003 ], [ -75.148724989760595, 40.035678609528397 ], [ -75.148181427004005, 40.035607325838399 ], [ -75.147200747282298, 40.035481302633499 ], [ -75.1464400479245, 40.035387127044999 ], [ -75.145556007971607, 40.035271185815397 ], [ -75.145900359917405, 40.0337371200985 ], [ -75.146229796531102, 40.032194890093002 ], [ -75.146521627246003, 40.030874775807497 ], [ -75.146578010249399, 40.030646612101897 ], [ -75.146684879897705, 40.0302360479862 ], [ -75.146708041097, 40.030136200360097 ], [ -75.146829623691602, 40.029612045680501 ], [ -75.146852776793494, 40.029490885140603 ], [ -75.146915293772693, 40.0291532477559 ], [ -75.147221397696399, 40.0276532238708 ], [ -75.147558185488606, 40.026147698415997 ], [ -75.147896826048793, 40.024562914603699 ], [ -75.148248074820401, 40.022968752271701 ], [ -75.149112611472702, 40.023095708218797 ], [ -75.149878928332896, 40.023192326426802 ], [ -75.150441772383601, 40.023262518996603 ], [ -75.150684293462106, 40.023296199855601 ], [ -75.150905463696404, 40.023318775754603 ], [ -75.151474188367899, 40.023389608093701 ], [ -75.152268489028799, 40.023495950919902 ], [ -75.153038514979599, 40.0235930948716 ], [ -75.153582138362196, 40.023666057469001 ], [ -75.154055425395697, 40.023735934494297 ], [ -75.154612527344497, 40.023810092467698 ], [ -75.155399755797404, 40.023897185359402 ], [ -75.156184472298307, 40.023997922336903 ], [ -75.156971424588903, 40.024098325057402 ], [ -75.157155378757906, 40.024139908662903 ], [ -75.157243971544602, 40.024097337460297 ], [ -75.157830839004603, 40.023762165056702 ], [ -75.157907664431093, 40.023712991792898 ], [ -75.159037828030193, 40.022809979956797 ], [ -75.159140639098098, 40.023037329192498 ], [ -75.159216230078201, 40.023201387753701 ], [ -75.159316954687696, 40.023419995828 ], [ -75.159278165400394, 40.023475254011203 ], [ -75.159107386486895, 40.023705680459798 ], [ -75.158970450193095, 40.023945666887798 ], [ -75.158877919279703, 40.024198083611097 ], [ -75.158789636782799, 40.0244517106917 ], [ -75.158704286677093, 40.024706177858299 ], [ -75.158621485452898, 40.024961370142996 ], [ -75.158540849423801, 40.025217177077302 ], [ -75.158461998651802, 40.025473481969499 ], [ -75.158384549474405, 40.0257301734487 ], [ -75.158308118292894, 40.025987138342501 ], [ -75.1582323226055, 40.026244265304399 ], [ -75.158156780076794, 40.026501438485603 ], [ -75.158081109331107, 40.026758547464098 ], [ -75.158004925646196, 40.027015477236603 ], [ -75.1579278477044, 40.027272115578597 ], [ -75.157849770136707, 40.027528428574698 ], [ -75.157772121958004, 40.0277848070833 ], [ -75.157695235406905, 40.028041328883901 ], [ -75.157619178274402, 40.028297999112098 ], [ -75.157544020797602, 40.028554820255899 ], [ -75.157469836624799, 40.028811797583501 ], [ -75.157396693584303, 40.029068935330699 ], [ -75.157324611012498, 40.029326279887698 ], [ -75.157255476736495, 40.029584393761901 ], [ -75.157196431754997, 40.029843688658602 ], [ -75.157155058984003, 40.030104670064802 ], [ -75.157132412328394, 40.030367583438803 ], [ -75.157122956849904, 40.030630847783897 ], [ -75.157120629256994, 40.030893977517799 ], [ -75.157121362792793, 40.031002433161397 ], [ -75.157122408653805, 40.031157199970799 ], [ -75.157126339362506, 40.031420470989197 ], [ -75.157130465537406, 40.031683750020598 ], [ -75.157132871291907, 40.031946992910299 ], [ -75.157133407982201, 40.032210254869199 ], [ -75.157133017572505, 40.032473546351497 ], [ -75.157132380640903, 40.032736847582299 ], [ -75.157132182700707, 40.033000132591198 ], [ -75.157133104523098, 40.033263377102202 ], [ -75.157135824650297, 40.033526554085903 ], [ -75.1571410272158, 40.033789643846703 ], [ -75.157150343161106, 40.034053278774302 ], [ -75.157178590488897, 40.034316518447099 ], [ -75.157248146020606, 40.0345732545346 ], [ -75.157359964764296, 40.0348241202989 ], [ -75.157514568911907, 40.035057360128299 ], [ -75.157726604143605, 40.035265908859898 ], [ -75.157964998339907, 40.0354549035251 ], [ -75.158232598896106, 40.035620104061501 ], [ -75.158511588139802, 40.035774753226903 ], [ -75.158830408174595, 40.035891948562202 ], [ -75.158366448294004, 40.036355530985297 ], [ -75.158375910134495, 40.036694147857702 ], [ -75.157023178992205, 40.036721185695498 ], [ -75.156645265724904, 40.036695664798401 ], [ -75.156384815474894, 40.036653379170801 ], [ -75.156126314313596, 40.036560170085799 ], [ -75.155859924134006, 40.036425525592698 ], [ -75.1555928510233, 40.036223380713999 ] ] ] } },
{ "type": "Feature", "properties": { "OBJECTID": 119, "ES_ID": "6310", "ES_NAME": "McCloskey, John F", "MS_ID": "6310", "MS_NAME": "McCloskey, John F", "HS_ID": "6060", "HS_NAME": "King, Martin Luther", "GR_ID_K": "6310", "GR_ID_01": "6310", "GR_ID_02": "6310", "GR_ID_03": "6310", "GR_ID_04": "6310", "GR_ID_05": "6310", "GR_ID_06": "6310", "GR_ID_07": "6310", "GR_ID_08": "6310", "GR_ID_09": "6060", "GR_ID_10": "6060", "GR_ID_11": "6060", "GR_ID_12": "6060", "ES_GRADE": "K-8", "MS_GRADE": "K-8", "HS_GRADE": "9-12", "Shape__Area": 1111847.25, "Shape__Length": 5155.7899056821097 }, "geometry": { "type": "Polygon", "coordinates": [ [ [ -75.175873407449501, 40.084332299527198 ], [ -75.175655556819393, 40.084203456151002 ], [ -75.175345468591004, 40.0840200571078 ], [ -75.175134187950206, 40.083895096346602 ], [ -75.174787473627006, 40.083690033097199 ], [ -75.174514604981894, 40.083528642912199 ], [ -75.174159885724194, 40.083318839206001 ], [ -75.173926614956599, 40.083180869194798 ], [ -75.173575531396196, 40.082973212000297 ], [ -75.173306578195806, 40.082814131171098 ], [ -75.172939307998703, 40.0825968971482 ], [ -75.172070902313607, 40.082083237246103 ], [ -75.171714375237698, 40.081872349828799 ], [ -75.169934116955602, 40.080819275920703 ], [ -75.168268692857197, 40.079834076002399 ], [ -75.1676626153737, 40.079475530536499 ], [ -75.168805563513999, 40.078301089498297 ], [ -75.169320512973201, 40.077792484297497 ], [ -75.169788485674403, 40.077295608519201 ], [ -75.170291139107505, 40.0767768481481 ], [ -75.170734998824003, 40.077023013799497 ], [ -75.172623224660597, 40.078112992167299 ], [ -75.172881681643702, 40.077858791043198 ], [ -75.173150277840605, 40.077585936071003 ], [ -75.173376737681494, 40.077361994972499 ], [ -75.173657475185493, 40.077078671074098 ], [ -75.175065320904906, 40.077888068553698 ], [ -75.175290939236902, 40.077675367558498 ], [ -75.1755768542818, 40.077362652504497 ], [ -75.175878384252002, 40.077040989933501 ], [ -75.176228693984399, 40.076672310635402 ], [ -75.176503465939405, 40.076379573331202 ], [ -75.176843674717801, 40.0759894807058 ], [ -75.178451637885203, 40.076938114735 ], [ -75.180240763738396, 40.077955009785903 ], [ -75.180285717158398, 40.078058005296299 ], [ -75.180500528523893, 40.077827568758202 ], [ -75.180781556562394, 40.077537031040002 ], [ -75.181031844074298, 40.077281521448398 ], [ -75.181277561972905, 40.077027387766698 ], [ -75.181509535504503, 40.076774614187599 ], [ -75.181821393731497, 40.076480095012499 ], [ -75.181943396573203, 40.076419860745702 ], [ -75.183805331950296, 40.077382109036698 ], [ -75.183382101672095, 40.0778066752897 ], [ -75.183096119443206, 40.0780839691148 ], [ -75.182873274877807, 40.078300553613403 ], [ -75.182582645073495, 40.078583016924803 ], [ -75.182322304776903, 40.078848526272303 ], [ -75.182039342293706, 40.079117175082601 ], [ -75.181804645816499, 40.079345243757402 ], [ -75.181456036718401, 40.079687497045498 ], [ -75.181119392691201, 40.080024114290602 ], [ -75.180830138112199, 40.080303415545998 ], [ -75.180515338708403, 40.080614738048503 ], [ -75.180264563113795, 40.080861485292097 ], [ -75.180008076669495, 40.0811070627636 ], [ -75.179748312036494, 40.081364252449902 ], [ -75.179473526131702, 40.081618396309203 ], [ -75.179201361640693, 40.081887465704398 ], [ -75.178946037882994, 40.082150032031699 ], [ -75.1786866079091, 40.0823987692145 ], [ -75.178444409569494, 40.082649204156198 ], [ -75.178201245043496, 40.082886003686497 ], [ -75.177945519500199, 40.0831372801469 ], [ -75.177699432190806, 40.0833943264916 ], [ -75.176440034785699, 40.084660830922097 ], [ -75.176172643306501, 40.084506120523898 ], [ -75.175873407449501, 40.084332299527198 ] ] ] } },
{ "type": "Feature", "properties": { "OBJECTID": 120, "ES_ID": "6320", "ES_NAME": "Mifflin, Thomas", "MS_ID": "6320", "MS_NAME": "Mifflin, Thomas", "HS_ID": "6030", "HS_NAME": "Roxborough High School", "GR_ID_K": "6320", "GR_ID_01": "6320", "GR_ID_02": "6320", "GR_ID_03": "6320", "GR_ID_04": "6320", "GR_ID_05": "6320", "GR_ID_06": "6320", "GR_ID_07": "6320", "GR_ID_08": "6320", "GR_ID_09": "6030", "GR_ID_10": "6030", "GR_ID_11": "6030", "GR_ID_12": "6030", "ES_GRADE": "K-8", "MS_GRADE": "K-8", "HS_GRADE": "9-12", "Shape__Area": 8261415.41796875, "Shape__Length": 11846.898480583801 }, "geometry": { "type": "Polygon", "coordinates": [ [ [ -75.185466577002899, 40.028884977488701 ], [ -75.184757776556097, 40.028294787394799 ], [ -75.184235879291506, 40.027865521371702 ], [ -75.184171361756199, 40.027795351038797 ], [ -75.183546409249601, 40.027274641524897 ], [ -75.182934877193304, 40.026754313069702 ], [ -75.182126633353306, 40.026055495244499 ], [ -75.181669818221906, 40.025666349630299 ], [ -75.179846208476704, 40.024095189872902 ], [ -75.179036177011696, 40.023338258531702 ], [ -75.178135346959493, 40.022597046435898 ], [ -75.1781652376132, 40.022329989730899 ], [ -75.178198327889106, 40.022067962036601 ], [ -75.178230879518097, 40.021805915965103 ], [ -75.178262760293507, 40.021543845852698 ], [ -75.178293854335394, 40.021281748203698 ], [ -75.178324032953697, 40.021019617433403 ], [ -75.1783530998201, 40.020757439234401 ], [ -75.178366618741904, 40.020493808196001 ], [ -75.178353067404899, 40.020230620590297 ], [ -75.178300835495804, 40.019971326739103 ], [ -75.178219896511806, 40.019697237748503 ], [ -75.178124238836205, 40.019444254055699 ], [ -75.178031281453102, 40.019190446855497 ], [ -75.177935760346799, 40.018937421877801 ], [ -75.177832405648005, 40.018686786503999 ], [ -75.177714741699504, 40.018440055308901 ], [ -75.177568819447899, 40.018200796401302 ], [ -75.177388039930605, 40.017976968214001 ], [ -75.177194296254697, 40.017760062727703 ], [ -75.177000441639905, 40.0175432102616 ], [ -75.176806479804299, 40.017326405492398 ], [ -75.176612416568702, 40.0171096494511 ], [ -75.176418252104099, 40.016892937635802 ], [ -75.176223988650406, 40.016676272799302 ], [ -75.176029629891502, 40.016459650518598 ], [ -75.175847202069093, 40.016256459123603 ], [ -75.175756540800293, 40.016155535237502 ], [ -75.175660862458301, 40.016049037762002 ], [ -75.175528492504597, 40.015901774807901 ], [ -75.175446017323097, 40.015810028991098 ], [ -75.175251310609596, 40.015593565060399 ], [ -75.175056525121605, 40.0153771404499 ], [ -75.174861663474204, 40.015160748009599 ], [ -75.174666726702199, 40.014944391366498 ], [ -75.174471718454996, 40.014728066997797 ], [ -75.174276643484404, 40.014511773208 ], [ -75.174081505371802, 40.014295508274799 ], [ -75.173886304117303, 40.014079272198003 ], [ -75.173691044404706, 40.013863065082198 ], [ -75.1734957288148, 40.013646880678301 ], [ -75.173305926189599, 40.013436879837499 ], [ -75.173104942712698, 40.013214584794397 ], [ -75.172909481738102, 40.012998469023003 ], [ -75.172713973117197, 40.012782375245997 ], [ -75.172518426421405, 40.0125662982718 ], [ -75.1723228404461, 40.0123502389742 ], [ -75.172127222284402, 40.012134195710402 ], [ -75.171931570834204, 40.011918166653203 ], [ -75.171735891949297, 40.011702151934003 ], [ -75.171540187005903, 40.011486146177603 ], [ -75.171344461721105, 40.011270153116101 ], [ -75.171148715026803, 40.011054170022497 ], [ -75.1709529529479, 40.010838192526897 ], [ -75.170757175381894, 40.010622223330103 ], [ -75.170561391865604, 40.010406258141003 ], [ -75.1703655978189, 40.010190294153801 ], [ -75.170169801300204, 40.009974335153402 ], [ -75.170123615382707, 40.009923395646503 ], [ -75.170279945862703, 40.009845386496302 ], [ -75.170567268233896, 40.0097022936827 ], [ -75.170854799469097, 40.009559468865397 ], [ -75.171142595746602, 40.009416975474402 ], [ -75.171430708425902, 40.0092748804352 ], [ -75.171719854287801, 40.009134055803699 ], [ -75.172016562780996, 40.009002660889102 ], [ -75.172316756476505, 40.008876065687303 ], [ -75.172617765023801, 40.0087504142585 ], [ -75.172901544653598, 40.008636930039799 ], [ -75.173230594198202, 40.008516442168897 ], [ -75.173546959816903, 40.008415627959003 ], [ -75.173864335111702, 40.008316742094799 ], [ -75.174181979580197, 40.008218456981901 ], [ -75.174503131547496, 40.008127574017898 ], [ -75.174827518899505, 40.008043485192502 ], [ -75.175153515895502, 40.007963026604301 ], [ -75.175480566363305, 40.0078852315958 ], [ -75.175810258192001, 40.007814451604503 ], [ -75.176142050890405, 40.007749338288797 ], [ -75.176475658865002, 40.007690225809199 ], [ -75.176811716198799, 40.007640820703102 ], [ -75.177149494700103, 40.007597895423899 ], [ -75.1774880336704, 40.007558327148899 ], [ -75.177826754333196, 40.007520415310097 ], [ -75.178181688661198, 40.0074835459463 ], [ -75.178505317050906, 40.007450495574602 ], [ -75.178844328558796, 40.007414060425504 ], [ -75.179182580614807, 40.007373350004002 ], [ -75.179497616196699, 40.007338343871503 ], [ -75.179861643951, 40.007307454736498 ], [ -75.180202994400801, 40.007287469055399 ], [ -75.180544543292896, 40.007270252004901 ], [ -75.180886147870794, 40.007253570388499 ], [ -75.181227792532596, 40.007237310329103 ], [ -75.181569470107704, 40.007221351831497 ], [ -75.181911166330295, 40.007205576544003 ], [ -75.182252868001299, 40.007189868841898 ], [ -75.182594566738004, 40.007174109604598 ], [ -75.183100889225202, 40.007150412548199 ], [ -75.187518570894198, 40.006944271618401 ], [ -75.188757560796702, 40.006886427680499 ], [ -75.189796737008194, 40.006837900172897 ], [ -75.190135700972206, 40.006801114580597 ], [ -75.190474580605198, 40.006763913454698 ], [ -75.190812602140696, 40.006722641281797 ], [ -75.191149714076602, 40.006677046443002 ], [ -75.191486423951602, 40.006629546847499 ], [ -75.191601405031705, 40.006613440316698 ], [ -75.191823191418493, 40.006582371019803 ], [ -75.1921600119678, 40.006535452184302 ], [ -75.192488287773202, 40.0064943940841 ], [ -75.192830875791302, 40.006728116592001 ], [ -75.193176296956693, 40.006954214634398 ], [ -75.194067577253705, 40.007378715675003 ], [ -75.195239671390198, 40.007772727313402 ], [ -75.196623759429301, 40.0081572895336 ], [ -75.197411860406504, 40.008395465801399 ], [ -75.197988415245106, 40.008569705141902 ], [ -75.1995689520474, 40.009114258713701 ], [ -75.200970948607903, 40.009513315450398 ], [ -75.202786322469393, 40.0101762428529 ], [ -75.204119760617104, 40.010686946610903 ], [ -75.204934477794595, 40.011044629462297 ], [ -75.205562686300794, 40.011454448973602 ], [ -75.205832663464506, 40.011630569701097 ], [ -75.205982973035105, 40.011730139012499 ], [ -75.206057370413603, 40.011779424322398 ], [ -75.206140809674096, 40.011834697951002 ], [ -75.206407294526798, 40.012011223721402 ], [ -75.207608282654505, 40.012732121066001 ], [ -75.207395305206703, 40.013210113981202 ], [ -75.207274788041801, 40.013490061476702 ], [ -75.207159620729897, 40.013790047594703 ], [ -75.207067985622402, 40.014056305002804 ], [ -75.206922503416905, 40.014372743973198 ], [ -75.206782515112096, 40.0147406787015 ], [ -75.206707719131899, 40.014910707019702 ], [ -75.2066283296477, 40.015091172567701 ], [ -75.206468436062906, 40.015395876128999 ], [ -75.2064526642217, 40.015460532245903 ], [ -75.206389494725798, 40.015719495455997 ], [ -75.206176605274806, 40.0160515648071 ], [ -75.205795454299704, 40.016317116653397 ], [ -75.205552097013296, 40.016471553917299 ], [ -75.205309807640603, 40.016597473305602 ], [ -75.205006318116006, 40.016573622654597 ], [ -75.2048005423229, 40.016517688255803 ], [ -75.204521015229702, 40.016448701046897 ], [ -75.204248480635002, 40.0163912838782 ], [ -75.203961109375996, 40.0163335397773 ], [ -75.203648277532096, 40.016360851727597 ], [ -75.203386085388203, 40.016423535771501 ], [ -75.203165831425196, 40.016555648183598 ], [ -75.203034590990498, 40.016689734666002 ], [ -75.202868328985105, 40.016965751304099 ], [ -75.202677885988905, 40.017292602883401 ], [ -75.202467897083594, 40.017744604154103 ], [ -75.202353343550101, 40.018027473380201 ], [ -75.202222451854297, 40.018349940392397 ], [ -75.201992341246694, 40.018744411398799 ], [ -75.201794899630798, 40.019059689784498 ], [ -75.200993625081296, 40.020429007635997 ], [ -75.200935271525196, 40.020598960613299 ], [ -75.200822204954306, 40.020841904733899 ], [ -75.200691730218907, 40.0211529610837 ], [ -75.200623386916504, 40.021391189142001 ], [ -75.200550194627795, 40.021560812523397 ], [ -75.200404533158405, 40.021683159517998 ], [ -75.200274133175995, 40.021794428585103 ], [ -75.200073970502999, 40.021984062941797 ], [ -75.199639547229694, 40.022282661575503 ], [ -75.1993434943263, 40.022417767179 ], [ -75.199186294378507, 40.022489507426798 ], [ -75.198787110951599, 40.022640471483001 ], [ -75.198291055564496, 40.0228006955913 ], [ -75.197739853347102, 40.023045317100497 ], [ -75.197126509107306, 40.023362762237198 ], [ -75.196618521823098, 40.023642589125899 ], [ -75.196238265868502, 40.023858521529398 ], [ -75.1958638761419, 40.0240886064379 ], [ -75.195616297808499, 40.024231084326402 ], [ -75.195400417534401, 40.024443194619799 ], [ -75.195319790749807, 40.024612647824398 ], [ -75.195259055650993, 40.0248453354369 ], [ -75.195241763431099, 40.025107530617603 ], [ -75.1952573644827, 40.025284833252201 ], [ -75.195223395408505, 40.025398241194097 ], [ -75.195167814025993, 40.025494046524102 ], [ -75.195103740808705, 40.025618201339398 ], [ -75.195047945601004, 40.0257197088266 ], [ -75.194969890508702, 40.0258207201394 ], [ -75.194846895485398, 40.025932149951402 ], [ -75.194678527415206, 40.026065401518302 ], [ -75.194495750179499, 40.026186916476597 ], [ -75.194281793085196, 40.0263476923461 ], [ -75.193939137039294, 40.026574105939801 ], [ -75.193746357522897, 40.026763894265898 ], [ -75.193636694334202, 40.0269155773968 ], [ -75.193484232608597, 40.027020639337401 ], [ -75.193306292176203, 40.027210759113203 ], [ -75.193163295987503, 40.027458738031299 ], [ -75.192614252809307, 40.027324224831602 ], [ -75.192484138820703, 40.027405185694803 ], [ -75.192358353011997, 40.0274444334419 ], [ -75.192112894268703, 40.027492481845599 ], [ -75.191767213364201, 40.0275612332373 ], [ -75.191231079612194, 40.027537821091798 ], [ -75.191051072446498, 40.027564390424502 ], [ -75.190900300210302, 40.027606902814199 ], [ -75.1906459859851, 40.027757960146701 ], [ -75.190546548359706, 40.027889533583902 ], [ -75.190501329850704, 40.028033783334998 ], [ -75.190475751941307, 40.0283820693774 ], [ -75.190285814888099, 40.028869941401197 ], [ -75.190156565428893, 40.0290008518867 ], [ -75.189947535493403, 40.029137625290403 ], [ -75.189710278731397, 40.0292317245028 ], [ -75.189409587316206, 40.029293826961201 ], [ -75.188904462733802, 40.029352242981503 ], [ -75.188364255188006, 40.029236979183501 ], [ -75.187381045332401, 40.029100362443899 ], [ -75.187066212671397, 40.029065716568702 ], [ -75.186780711066504, 40.029120505217101 ], [ -75.186445590403395, 40.029304153202197 ], [ -75.186196116046105, 40.029478059506602 ], [ -75.185466577002899, 40.028884977488701 ] ] ] } },
{ "type": "Feature", "properties": { "OBJECTID": 121, "ES_ID": "3426", "ES_NAME": "Mastery Charter School at Pastorius", "MS_ID": "3426", "MS_NAME": "Mastery Charter School at Pastorius", "HS_ID": "6060", "HS_NAME": "King, Martin Luther", "GR_ID_K": "3426", "GR_ID_01": "3426", "GR_ID_02": "3426", "GR_ID_03": "3426", "GR_ID_04": "3426", "GR_ID_05": "3426", "GR_ID_06": "3426", "GR_ID_07": "3426", "GR_ID_08": "3426", "GR_ID_09": "6060", "GR_ID_10": "6060", "GR_ID_11": "6060", "GR_ID_12": "6060", "ES_GRADE": "K-8", "MS_GRADE": "K-8", "HS_GRADE": "9-12", "Shape__Area": 2060819.40625, "Shape__Length": 6615.48807451212 }, "geometry": { "type": "Polygon", "coordinates": [ [ [ -75.157559815324404, 40.055043459256503 ], [ -75.157177953076399, 40.0548444088572 ], [ -75.156953082570396, 40.054741577187102 ], [ -75.156489460818094, 40.054529173992698 ], [ -75.155557644350395, 40.054083163945499 ], [ -75.155217702945507, 40.0539317161398 ], [ -75.155274571286796, 40.053122240574503 ], [ -75.155357687773204, 40.051858033146502 ], [ -75.155449815586394, 40.050517372550999 ], [ -75.1555059640868, 40.049580816658398 ], [ -75.1555508134294, 40.048944160011899 ], [ -75.155649067553696, 40.047380063144502 ], [ -75.155751721456198, 40.0458266731926 ], [ -75.155772465946399, 40.045336960243802 ], [ -75.155796018635797, 40.045138652371499 ], [ -75.155868665685603, 40.043729399487297 ], [ -75.1567134769532, 40.043752149359698 ], [ -75.157102318365006, 40.0437583331422 ], [ -75.157496116750394, 40.043772023917001 ], [ -75.158264512069906, 40.043791343787099 ], [ -75.158288282314302, 40.043350861116203 ], [ -75.158309732862307, 40.042870369681097 ], [ -75.1583202541932, 40.042417646012801 ], [ -75.15834384803, 40.042030900390699 ], [ -75.158360930011497, 40.0414962305328 ], [ -75.158406340876596, 40.040745561527402 ], [ -75.158454184958202, 40.0385483817685 ], [ -75.160872753290803, 40.039352872146303 ], [ -75.163691798617094, 40.041010028456398 ], [ -75.165080006872302, 40.041867678270798 ], [ -75.165821217372397, 40.042318735105198 ], [ -75.166114496058498, 40.042500854458801 ], [ -75.167094431372306, 40.043104522236597 ], [ -75.167209758959402, 40.043158447889297 ], [ -75.1660876986913, 40.044252547708197 ], [ -75.164833659303596, 40.045477337049299 ], [ -75.1655701858828, 40.045931705802801 ], [ -75.166040062736499, 40.046227242161997 ], [ -75.166848792381501, 40.046732882128502 ], [ -75.167704537290504, 40.047254337873703 ], [ -75.167240431111395, 40.047694155428502 ], [ -75.166056515047401, 40.048842635647098 ], [ -75.165258900396395, 40.049605406305297 ], [ -75.165203930683006, 40.049660090856598 ], [ -75.164530849578497, 40.050315730683899 ], [ -75.163376344937703, 40.051427382971802 ], [ -75.161901159584801, 40.052851277564699 ], [ -75.161389369223301, 40.053351019104902 ], [ -75.161170716577203, 40.053562920285898 ], [ -75.160921069283106, 40.053800591674097 ], [ -75.160443058125793, 40.054265221167498 ], [ -75.158892259388097, 40.055777577739498 ], [ -75.158308667004604, 40.055446351866102 ], [ -75.157872567571403, 40.055208034124497 ], [ -75.157750946825303, 40.055162172888103 ], [ -75.157727904827894, 40.055150751608899 ], [ -75.157559815324404, 40.055043459256503 ] ] ] } },
{ "type": "Feature", "properties": { "OBJECTID": 122, "ES_ID": "6340", "ES_NAME": "Pennell, Joseph", "MS_ID": "7130", "MS_NAME": "Wagner, General Louis", "HS_ID": "6060", "HS_NAME": "King, Martin Luther", "GR_ID_K": "6340", "GR_ID_01": "6340", "GR_ID_02": "6340", "GR_ID_03": "6340", "GR_ID_04": "6340", "GR_ID_05": "6340", "GR_ID_06": "7130", "GR_ID_07": "7130", "GR_ID_08": "7130", "GR_ID_09": "6060", "GR_ID_10": "6060", "GR_ID_11": "6060", "GR_ID_12": "6060", "ES_GRADE": "K-5", "MS_GRADE": "6-8", "HS_GRADE": "9-12", "Shape__Area": 2168672.49609375, "Shape__Length": 7422.9917075001104 }, "geometry": { "type": "Polygon", "coordinates": [ [ [ -75.146470526746995, 40.046232157851499 ], [ -75.146638538366304, 40.045458392908003 ], [ -75.146694780107893, 40.045202713237202 ], [ -75.146779302802898, 40.044857322116798 ], [ -75.146777243989604, 40.0447919651305 ], [ -75.146850923160102, 40.044490722316397 ], [ -75.146952327703005, 40.044024355479699 ], [ -75.147015386869299, 40.043729456568201 ], [ -75.147106380119496, 40.043332251049698 ], [ -75.147142153020098, 40.043110900219602 ], [ -75.147145472076105, 40.0430164892203 ], [ -75.147086051736096, 40.042752983313797 ], [ -75.146991983194994, 40.042548126993097 ], [ -75.146941479433806, 40.042466532365701 ], [ -75.146884069539794, 40.042326791647497 ], [ -75.146859302630702, 40.042189886433803 ], [ -75.146857708344498, 40.042089165975398 ], [ -75.146875762716704, 40.041974207800799 ], [ -75.146907130220697, 40.041867940711597 ], [ -75.146980283800502, 40.041739547269302 ], [ -75.147100274526807, 40.041579522585501 ], [ -75.147179857502096, 40.041504517712099 ], [ -75.147402368031507, 40.0412567355364 ], [ -75.147676976209894, 40.040943049751696 ], [ -75.148086404136194, 40.040489371726601 ], [ -75.148222273981006, 40.040304891622597 ], [ -75.148339057822, 40.040097350901199 ], [ -75.148433699080101, 40.039885018813798 ], [ -75.148497100670298, 40.039686991886398 ], [ -75.148529503430794, 40.039496843249502 ], [ -75.148547878364894, 40.039381442529397 ], [ -75.148547313349994, 40.039250599178402 ], [ -75.148534441447097, 40.039011681968297 ], [ -75.147518705773606, 40.039029739819497 ], [ -75.146588174977495, 40.039058573376401 ], [ -75.144836613017205, 40.0391033770061 ], [ -75.144751909687102, 40.039082022634901 ], [ -75.145096171355604, 40.037422389748301 ], [ -75.145151579571007, 40.0371552696244 ], [ -75.145556007971607, 40.035271185815397 ], [ -75.1464400479245, 40.035387127044999 ], [ -75.147200747282298, 40.035481302633499 ], [ -75.148181427004005, 40.035607325838399 ], [ -75.148724989760595, 40.035678609528397 ], [ -75.149251836210098, 40.035744410539003 ], [ -75.149862183034301, 40.035836821578499 ], [ -75.1555928510233, 40.036223380713999 ], [ -75.155859924134006, 40.036425525592698 ], [ -75.156126314313596, 40.036560170085799 ], [ -75.156384815474894, 40.036653379170801 ], [ -75.156645265724904, 40.036695664798401 ], [ -75.157023178992205, 40.036721185695498 ], [ -75.158375910134495, 40.036694147857702 ], [ -75.158417255583601, 40.037511360162803 ], [ -75.158454184958202, 40.0385483817685 ], [ -75.158406340876596, 40.040745561527402 ], [ -75.158360930011497, 40.0414962305328 ], [ -75.15834384803, 40.042030900390699 ], [ -75.1583202541932, 40.042417646012801 ], [ -75.158309732862307, 40.042870369681097 ], [ -75.158288282314302, 40.043350861116203 ], [ -75.158264512069906, 40.043791343787099 ], [ -75.157496116750394, 40.043772023917001 ], [ -75.157102318365006, 40.0437583331422 ], [ -75.1567134769532, 40.043752149359698 ], [ -75.155868665685603, 40.043729399487297 ], [ -75.155796018635797, 40.045138652371499 ], [ -75.155772465946399, 40.045336960243802 ], [ -75.155751721456198, 40.0458266731926 ], [ -75.155649067553696, 40.047380063144502 ], [ -75.1555508134294, 40.048944160011899 ], [ -75.1555059640868, 40.049580816658398 ], [ -75.155449815586394, 40.050517372550999 ], [ -75.1546214471459, 40.050483824978997 ], [ -75.153923658423196, 40.050460589041499 ], [ -75.153103266888806, 40.0504216244533 ], [ -75.151985774617501, 40.050275800968599 ], [ -75.151278794189906, 40.050183415037203 ], [ -75.150478723091197, 40.050080300051903 ], [ -75.150631466770193, 40.049425444286499 ], [ -75.150823448515595, 40.048527632078901 ], [ -75.150915943010105, 40.048118272610097 ], [ -75.150984252307396, 40.047824026775302 ], [ -75.151047066234298, 40.047481753104201 ], [ -75.151084969105796, 40.047129525425198 ], [ -75.151034607781895, 40.0469600715357 ], [ -75.150969858828503, 40.046776920102097 ], [ -75.150830927472697, 40.0465466680958 ], [ -75.150682787798502, 40.046361411573699 ], [ -75.148658127471705, 40.046300046031298 ], [ -75.148075479743198, 40.046281136983197 ], [ -75.147521260148594, 40.046263927717703 ], [ -75.146470526746995, 40.046232157851499 ] ] ] } },
{ "type": "Feature", "properties": { "OBJECTID": 123, "ES_ID": "6350", "ES_NAME": "Pennypacker, Samuel", "MS_ID": "6350", "MS_NAME": "Pennypacker, Samuel", "HS_ID": "6060", "HS_NAME": "King, Martin Luther", "GR_ID_K": "6350", "GR_ID_01": "6350", "GR_ID_02": "6350", "GR_ID_03": "6350", "GR_ID_04": "6350", "GR_ID_05": "6350", "GR_ID_06": "6350", "GR_ID_07": "6350", "GR_ID_08": "6350", "GR_ID_09": "6060", "GR_ID_10": "6060", "GR_ID_11": "6060", "GR_ID_12": "6060", "ES_GRADE": "K-8", "MS_GRADE": "K-8", "HS_GRADE": "9-12", "Shape__Area": 2235283.16796875, "Shape__Length": 7026.7144939671798 }, "geometry": { "type": "Polygon", "coordinates": [ [ [ -75.150726539410101, 40.0698334340561 ], [ -75.150971359627903, 40.069576525316002 ], [ -75.151063684995805, 40.069476667069701 ], [ -75.1511111898553, 40.069396327448601 ], [ -75.151141466603505, 40.069315777483801 ], [ -75.151260827634005, 40.068774844362899 ], [ -75.1515463100923, 40.067500606913597 ], [ -75.151886661985401, 40.066001060786597 ], [ -75.152256843401204, 40.0643070065681 ], [ -75.152945296421294, 40.0643024096522 ], [ -75.153401479824197, 40.064354407549999 ], [ -75.153516000254896, 40.064295047891399 ], [ -75.153586337439407, 40.064207264639698 ], [ -75.154112541644295, 40.0636567903586 ], [ -75.154701512916603, 40.063033670827998 ], [ -75.155207402608099, 40.0625128747186 ], [ -75.155256605736994, 40.062440823422101 ], [ -75.155230727659898, 40.062382030747301 ], [ -75.154461985007202, 40.061162880034303 ], [ -75.153765258495, 40.060107449824599 ], [ -75.154516433479301, 40.059796052248103 ], [ -75.155274710151105, 40.059478907740399 ], [ -75.155622636325802, 40.0593347587414 ], [ -75.156900286587998, 40.058784954247798 ], [ -75.157201816942802, 40.058655267160098 ], [ -75.157374807493198, 40.058594067140803 ], [ -75.157762235378797, 40.058808735774299 ], [ -75.158165950848897, 40.059044202768597 ], [ -75.158415013818995, 40.059190247604697 ], [ -75.157203709276303, 40.060437903510604 ], [ -75.159201514392706, 40.061575266339098 ], [ -75.159615211491797, 40.061818838464198 ], [ -75.159895940129601, 40.061980032400299 ], [ -75.160353600434703, 40.062237708819097 ], [ -75.160605460285097, 40.062378031546402 ], [ -75.160995038093006, 40.062603987924703 ], [ -75.161236045485396, 40.062740406560998 ], [ -75.161665942047193, 40.0629921414167 ], [ -75.161961552624504, 40.063166990395501 ], [ -75.162021555273398, 40.063104304161897 ], [ -75.162550493895196, 40.0632940456886 ], [ -75.162925889908095, 40.063418796696197 ], [ -75.163443682158402, 40.063604642942103 ], [ -75.163789627059998, 40.063720646000199 ], [ -75.164385463644393, 40.063934694578002 ], [ -75.164802134164503, 40.064080507489003 ], [ -75.165349862154798, 40.064274217507901 ], [ -75.165717179158406, 40.064399803678299 ], [ -75.166223140840003, 40.064579986528699 ], [ -75.166543639320807, 40.064688645884097 ], [ -75.166961576488802, 40.0648355217008 ], [ -75.167318754787701, 40.064955463224202 ], [ -75.167770773138002, 40.065116574863097 ], [ -75.168101633247701, 40.065228909878002 ], [ -75.166075698037005, 40.067203550026299 ], [ -75.165708405585406, 40.067447260926997 ], [ -75.165320349313404, 40.067715602257699 ], [ -75.165148133517107, 40.067828965445798 ], [ -75.164878553881607, 40.0680164762977 ], [ -75.164639629920003, 40.068202368776099 ], [ -75.164363336332997, 40.068432904827397 ], [ -75.164108657257898, 40.0686720745055 ], [ -75.163422859636995, 40.069342020981303 ], [ -75.162747613759194, 40.070005203950302 ], [ -75.162325577831794, 40.070416212794399 ], [ -75.162038454779406, 40.070694497595902 ], [ -75.161802911070197, 40.070920894510401 ], [ -75.161616967980606, 40.071101952875999 ], [ -75.161389802899706, 40.071321478286798 ], [ -75.161315154863104, 40.071396023329498 ], [ -75.161106842105994, 40.0719616374965 ], [ -75.161027571573797, 40.072280895161498 ], [ -75.160920549741505, 40.072718548663197 ], [ -75.160826030439694, 40.073103193361803 ], [ -75.160772072116302, 40.073322250987999 ], [ -75.1607185332781, 40.073546501572899 ], [ -75.160697668793105, 40.0736709190735 ], [ -75.160642327390804, 40.074050293356798 ], [ -75.160573144140002, 40.074431861450599 ], [ -75.160559312833499, 40.074538211713701 ], [ -75.160507721797899, 40.074840975327 ], [ -75.160430658727293, 40.075320753710898 ], [ -75.159123266967995, 40.074607357240303 ], [ -75.158385444343494, 40.074189947348302 ], [ -75.156629423753699, 40.073192774371797 ], [ -75.1558358304341, 40.072742106387203 ], [ -75.154696739010404, 40.072093674920403 ], [ -75.154077867625702, 40.071741369092102 ], [ -75.153334832339198, 40.071318372631097 ], [ -75.152758103894499, 40.0709900433855 ], [ -75.152187348172404, 40.070665109614403 ], [ -75.151876126723593, 40.070487927589902 ], [ -75.151591318907904, 40.070325778921003 ], [ -75.150726539410101, 40.0698334340561 ] ] ] } },
{ "type": "Feature", "properties": { "OBJECTID": 124, "ES_ID": "6380", "ES_NAME": "Shawmont", "MS_ID": "6380", "MS_NAME": "Shawmont", "HS_ID": "6030", "HS_NAME": "Roxborough High School", "GR_ID_K": "6380", "GR_ID_01": "6380", "GR_ID_02": "6380", "GR_ID_03": "6380", "GR_ID_04": "6380", "GR_ID_05": "6380", "GR_ID_06": "6380", "GR_ID_07": "6380", "GR_ID_08": "6380", "GR_ID_09": "6030", "GR_ID_10": "6030", "GR_ID_11": "6030", "GR_ID_12": "6030", "ES_GRADE": "K-8", "MS_GRADE": "K-8", "HS_GRADE": "9-12", "Shape__Area": 24771624.972656298, "Shape__Length": 22908.876494727301 }, "geometry": { "type": "Polygon", "coordinates": [ [ [ -75.230558394894203, 40.082720512282599 ], [ -75.230354579621604, 40.082682857315497 ], [ -75.230181294237795, 40.082695652011203 ], [ -75.229943870367507, 40.082690446629798 ], [ -75.229773355120898, 40.082628633534 ], [ -75.229527606794093, 40.082556873170901 ], [ -75.229274765839605, 40.082385399782602 ], [ -75.2285925605335, 40.082142284945697 ], [ -75.228072083811099, 40.081906863784397 ], [ -75.227657987002203, 40.081715254717103 ], [ -75.2273536589922, 40.081476276253902 ], [ -75.227037001936907, 40.081278508012197 ], [ -75.226807910544196, 40.081049476768499 ], [ -75.2264946477422, 40.080760520772003 ], [ -75.226246138758199, 40.0804729857647 ], [ -75.226050973084696, 40.0802032161032 ], [ -75.225949225760104, 40.080035052038603 ], [ -75.225902057419503, 40.079851496533202 ], [ -75.225738959264305, 40.079590724158003 ], [ -75.225522214443501, 40.079320478634997 ], [ -75.225484271450696, 40.079254106942003 ], [ -75.225339694234705, 40.079001206376603 ], [ -75.225186159338605, 40.0787738303842 ], [ -75.224791378222704, 40.078064110076603 ], [ -75.224675157924693, 40.077704808847599 ], [ -75.224485869155998, 40.077277532818698 ], [ -75.224305522616106, 40.076900231048498 ], [ -75.224069369202596, 40.076571480519199 ], [ -75.223804553255704, 40.076142541368 ], [ -75.223614039203696, 40.075748422133799 ], [ -75.223484259229593, 40.075463490345498 ], [ -75.223365887407994, 40.075162216480699 ], [ -75.223124049852203, 40.074696448888403 ], [ -75.223015853761197, 40.074411991037998 ], [ -75.223014330003096, 40.074163064111502 ], [ -75.223066448277706, 40.073923613942803 ], [ -75.223216606042598, 40.073661430315198 ], [ -75.223406528391394, 40.073491380682597 ], [ -75.223937745404697, 40.073146312470399 ], [ -75.224443673669299, 40.072900243308901 ], [ -75.224752283352601, 40.0727327998395 ], [ -75.225094497680402, 40.072532907593498 ], [ -75.225360253043704, 40.072356226448903 ], [ -75.225420376093098, 40.072191617520602 ], [ -75.225555104021694, 40.0720535392025 ], [ -75.225608695384906, 40.071874460002803 ], [ -75.225629101607893, 40.0718062714474 ], [ -75.225603363399998, 40.071627333604901 ], [ -75.225479436363301, 40.071475276016002 ], [ -75.2253422479221, 40.071389298658701 ], [ -75.225174236247696, 40.071261160359697 ], [ -75.224943334587095, 40.071081861829903 ], [ -75.224669584155706, 40.070893325751598 ], [ -75.224364080546806, 40.070687497509297 ], [ -75.223920781407799, 40.070412268638698 ], [ -75.223542531273097, 40.070130169052298 ], [ -75.2232373432538, 40.069916050037101 ], [ -75.223039439390405, 40.069720879388498 ], [ -75.222839065781798, 40.069592027641697 ], [ -75.222651027024796, 40.069421964107903 ], [ -75.222526492930299, 40.069286480650803 ], [ -75.222445732120505, 40.069135369834797 ], [ -75.222278040411894, 40.068998937718703 ], [ -75.222069043380202, 40.068811819420198 ], [ -75.221744449723303, 40.068539192947597 ], [ -75.221304573434793, 40.068172767804803 ], [ -75.220919730898203, 40.067778513026497 ], [ -75.220725239939497, 40.067492154968299 ], [ -75.220581297100395, 40.067298168355101 ], [ -75.220544168956195, 40.067222832443697 ], [ -75.220511026778595, 40.067155581496898 ], [ -75.220484221898403, 40.0670056559307 ], [ -75.220407181561896, 40.066755066283598 ], [ -75.2203523373161, 40.066488373365303 ], [ -75.220403840862303, 40.066265502522697 ], [ -75.220474448135505, 40.066109425847003 ], [ -75.22075500007, 40.065825225814898 ], [ -75.2210432446889, 40.065624159018697 ], [ -75.221509058765903, 40.065294256249302 ], [ -75.221917525045896, 40.065054349996998 ], [ -75.222519573170104, 40.064835295052497 ], [ -75.223010175702996, 40.064709192573503 ], [ -75.223284225812193, 40.064599069107601 ], [ -75.223451000996405, 40.064469994486402 ], [ -75.223521909337904, 40.064305625476301 ], [ -75.223573709549996, 40.064074463613501 ], [ -75.223526866397705, 40.063882614662901 ], [ -75.223402956987499, 40.0637305547422 ], [ -75.223152977189102, 40.063484461472299 ], [ -75.222893140441798, 40.063213261741801 ], [ -75.222634228819004, 40.062917191730499 ], [ -75.222396898995797, 40.062621596733997 ], [ -75.222233545597305, 40.062369110468801 ], [ -75.2221555773381, 40.062143391538001 ], [ -75.222088396894705, 40.061917910779997 ], [ -75.221874218791996, 40.061290963846503 ], [ -75.221712569715905, 40.060992885090798 ], [ -75.221510705323595, 40.060615102902098 ], [ -75.221346125270102, 40.060395773648203 ], [ -75.2211803090769, 40.060209602401798 ], [ -75.221012023914099, 40.060089747506098 ], [ -75.220799967247501, 40.059985523382302 ], [ -75.220643396322799, 40.059841037566699 ], [ -75.220478510653606, 40.059629997502299 ], [ -75.220358017202699, 40.059386748158502 ], [ -75.220270813847307, 40.059119340712698 ], [ -75.220006708273004, 40.058673814152399 ], [ -75.219826436079799, 40.058296504953702 ], [ -75.219653243538502, 40.058018907824597 ], [ -75.219390656388995, 40.057822307027102 ], [ -75.219211280904901, 40.0577105013843 ], [ -75.218943476486999, 40.057364448914001 ], [ -75.218703397354702, 40.057143451344302 ], [ -75.218537905607704, 40.056948988490497 ], [ -75.218414949267, 40.056772052672798 ], [ -75.218300305190198, 40.056661673600502 ], [ -75.218158867170999, 40.056401366441797 ], [ -75.217964729952399, 40.0561067112694 ], [ -75.217867372544404, 40.055822488715698 ], [ -75.2178470742315, 40.055498478030898 ], [ -75.217834480397599, 40.055397639294803 ], [ -75.217797201866503, 40.055099150799897 ], [ -75.217765500228097, 40.054791483305799 ], [ -75.217671549194193, 40.054416071790797 ], [ -75.217551115402898, 40.053882444271999 ], [ -75.217407252665197, 40.053398077492801 ], [ -75.217215605223899, 40.053037107272502 ], [ -75.217011931426896, 40.052709055258298 ], [ -75.216792519291005, 40.052513398855197 ], [ -75.216328723242498, 40.052212795120901 ], [ -75.215779718718906, 40.051881272499003 ], [ -75.215422561178698, 40.051616201835202 ], [ -75.215224423357299, 40.051429309792198 ], [ -75.215015808462795, 40.051233888006998 ], [ -75.214775455196701, 40.051021172641498 ], [ -75.214572744518406, 40.050765080029599 ], [ -75.214504691006397, 40.050679104106003 ], [ -75.214052769845495, 40.049852855334997 ], [ -75.213916279484295, 40.049530183385698 ], [ -75.213784050866593, 40.049093439813902 ], [ -75.213668120388306, 40.048816887606201 ], [ -75.213505104676699, 40.048607792251197 ], [ -75.213332960891606, 40.048444161295301 ], [ -75.213129640612493, 40.048319799082897 ], [ -75.212978697067001, 40.048185175758803 ], [ -75.212610447385899, 40.047903049742402 ], [ -75.212384438692496, 40.047789601562002 ], [ -75.212152289882894, 40.047641769400897 ], [ -75.211950894308401, 40.047466072550499 ], [ -75.211770273146499, 40.047330792750003 ], [ -75.211648377263401, 40.047213935567598 ], [ -75.211585427882795, 40.0471097964558 ], [ -75.211583980456993, 40.046949934423601 ], [ -75.211662459516106, 40.046837504742399 ], [ -75.211847015003499, 40.0464705484452 ], [ -75.211945669031394, 40.046215859605603 ], [ -75.212044110206705, 40.045966872919998 ], [ -75.212111371547294, 40.045757155727102 ], [ -75.212181540129507, 40.0448739320207 ], [ -75.212192419202395, 40.044583054144397 ], [ -75.212173188776703, 40.044302925826898 ], [ -75.212146109040503, 40.044034043347402 ], [ -75.212051602917199, 40.043780792846803 ], [ -75.211930827100502, 40.043435632033201 ], [ -75.211791371779498, 40.0431928055689 ], [ -75.211675530350007, 40.043098500674702 ], [ -75.211560733592407, 40.043005045859303 ], [ -75.211347287860605, 40.042754875866898 ], [ -75.211059467629596, 40.042308982657602 ], [ -75.210906456767304, 40.042031604765498 ], [ -75.210861340291899, 40.0418479451221 ], [ -75.210839768482302, 40.041630556215303 ], [ -75.210730682540699, 40.0413335548402 ], [ -75.210563476065005, 40.040878307968399 ], [ -75.210482549151493, 40.040657971409203 ], [ -75.210162928924206, 40.040268454471502 ], [ -75.210018840647393, 40.039951314932601 ], [ -75.209813469426905, 40.0396841958596 ], [ -75.209559785824595, 40.039318968346699 ], [ -75.209319238618903, 40.038999697070601 ], [ -75.209126363630205, 40.0387956410474 ], [ -75.208870767178496, 40.038481744568898 ], [ -75.208654139373806, 40.038317121558798 ], [ -75.208378364852194, 40.038145480607 ], [ -75.208079901780295, 40.037984753434998 ], [ -75.207730997877107, 40.0377829523541 ], [ -75.2072174147075, 40.037417672450601 ], [ -75.206976030328704, 40.037121210479803 ], [ -75.206768754786196, 40.0369054165892 ], [ -75.206600398275697, 40.036640041564702 ], [ -75.206996901232699, 40.036501036051902 ], [ -75.209143181823805, 40.035667931798201 ], [ -75.209123979723699, 40.035629920875898 ], [ -75.208950698989199, 40.035250533294302 ], [ -75.209703861449398, 40.034983291999303 ], [ -75.2106975057591, 40.034708247927199 ], [ -75.211641257676405, 40.034263361675499 ], [ -75.214495150037706, 40.032847303767298 ], [ -75.215178364695802, 40.0334544073743 ], [ -75.215362951761406, 40.033621058175903 ], [ -75.215883997220104, 40.034066548594303 ], [ -75.216004223719906, 40.0341955283671 ], [ -75.216418208986596, 40.034614110002401 ], [ -75.216641680516304, 40.034842218385997 ], [ -75.217384702551996, 40.035593093788897 ], [ -75.217928585658498, 40.036169353108598 ], [ -75.218083363156396, 40.036306129896197 ], [ -75.218185113525806, 40.036379946276099 ], [ -75.218482199071204, 40.036549872424501 ], [ -75.218762240756405, 40.036663944139796 ], [ -75.219399666548398, 40.036920544622198 ], [ -75.220671909537003, 40.037313495023099 ], [ -75.2212958933858, 40.037528145510102 ], [ -75.2217854353419, 40.037692310315997 ], [ -75.2220547726766, 40.037785092681702 ], [ -75.222811314297601, 40.038121077238202 ], [ -75.223273276948902, 40.038743162782801 ], [ -75.2233971057248, 40.038910071594799 ], [ -75.223809674110399, 40.039446304314701 ], [ -75.226162490220702, 40.038370566826998 ], [ -75.227041942005499, 40.0378197648011 ], [ -75.228181528296403, 40.0370911011575 ], [ -75.228466579673807, 40.0369191758627 ], [ -75.229148144296602, 40.036485001390702 ], [ -75.230042286984698, 40.035918905435899 ], [ -75.231107417034593, 40.035228453106399 ], [ -75.232950719329693, 40.034416780180898 ], [ -75.233349714090295, 40.034237983453501 ], [ -75.233473204332796, 40.034197236136301 ], [ -75.233564731484094, 40.034152610589999 ], [ -75.233661066350294, 40.034099455184901 ], [ -75.234008548912797, 40.033918595133798 ], [ -75.234924170869306, 40.033515889561798 ], [ -75.235484582447, 40.033274160313802 ], [ -75.236601534156506, 40.032797048542797 ], [ -75.237946010087796, 40.032082173812903 ], [ -75.238322566150103, 40.032284211777501 ], [ -75.239812097189002, 40.033321473903698 ], [ -75.240491717088702, 40.033859899511199 ], [ -75.241271258863407, 40.034683518245998 ], [ -75.241888405248005, 40.0354186785029 ], [ -75.242425087417899, 40.035840765468002 ], [ -75.242981213594305, 40.036234973163801 ], [ -75.243524174498404, 40.036487384786099 ], [ -75.244375673712398, 40.036859728819501 ], [ -75.2449523025319, 40.037197772691499 ], [ -75.245597822481798, 40.0376646696375 ], [ -75.246172705535102, 40.0382998306833 ], [ -75.247003001416203, 40.039747139968298 ], [ -75.247922559661603, 40.040771868725201 ], [ -75.2490424162593, 40.041857553412399 ], [ -75.2509878942721, 40.043272505498003 ], [ -75.252885378745702, 40.044742979527797 ], [ -75.254320735149705, 40.045764713582997 ], [ -75.255895312566807, 40.046506439021002 ], [ -75.257658793962605, 40.047620158185303 ], [ -75.259624430275196, 40.049247649353802 ], [ -75.261100136448704, 40.050680535867798 ], [ -75.262679043389596, 40.052313744733397 ], [ -75.264403265108399, 40.054127326343099 ], [ -75.263870577425294, 40.054558966542302 ], [ -75.263645833386406, 40.054765882883501 ], [ -75.263521036677105, 40.054880781188899 ], [ -75.263224789641498, 40.055153528432399 ], [ -75.243459977378294, 40.073343694383396 ], [ -75.243289469621104, 40.073501309973501 ], [ -75.243140229341293, 40.073639930594098 ], [ -75.2430652022164, 40.073712202067497 ], [ -75.242110882094394, 40.074650911131997 ], [ -75.241287686666894, 40.075461192071003 ], [ -75.240959930860996, 40.0757768596349 ], [ -75.240675899264701, 40.076058602819899 ], [ -75.2403919984841, 40.076349583347103 ], [ -75.240131434204997, 40.076606008158201 ], [ -75.239998171773195, 40.0767325384423 ], [ -75.239657524852305, 40.077057322819897 ], [ -75.239370457339902, 40.077329661527699 ], [ -75.238218763231302, 40.078484523273801 ], [ -75.237710382897404, 40.078988601275697 ], [ -75.237173514331104, 40.079515602605397 ], [ -75.236683396748901, 40.080004843516903 ], [ -75.236226414763394, 40.080459953298998 ], [ -75.236092839084804, 40.080593547977202 ], [ -75.233021168842598, 40.083639507146302 ], [ -75.232669671056897, 40.083431081163297 ], [ -75.231962958653796, 40.083140028211901 ], [ -75.231157201852398, 40.082882971489198 ], [ -75.230976816933804, 40.082796054025103 ], [ -75.2307844100621, 40.082742058097999 ], [ -75.230558394894203, 40.082720512282599 ] ] ] } },
{ "type": "Feature", "properties": { "OBJECTID": 125, "ES_ID": "7260", "ES_NAME": "Ellwood", "MS_ID": "7130", "MS_NAME": "Wagner, General Louis", "HS_ID": "6060", "HS_NAME": "King, Martin Luther", "GR_ID_K": "7260", "GR_ID_01": "7260", "GR_ID_02": "7260", "GR_ID_03": "7260", "GR_ID_04": "7260", "GR_ID_05": "7260", "GR_ID_06": "7130", "GR_ID_07": "7130", "GR_ID_08": "7130", "GR_ID_09": "6060", "GR_ID_10": "6060", "GR_ID_11": "6060", "GR_ID_12": "6060", "ES_GRADE": "K-5", "MS_GRADE": "6-8", "HS_GRADE": "9-12", "Shape__Area": 2973216.66015625, "Shape__Length": 7896.7334797902704 }, "geometry": { "type": "Polygon", "coordinates": [ [ [ -75.139417352296206, 40.063394590780199 ], [ -75.136802548773304, 40.061958758804003 ], [ -75.135183787423799, 40.060959801154397 ], [ -75.1341191417727, 40.060302766337699 ], [ -75.133371297010299, 40.059841228350301 ], [ -75.133071574156901, 40.059656249345601 ], [ -75.130111831430099, 40.057878002856597 ], [ -75.128975926889197, 40.057195493485303 ], [ -75.129046317931099, 40.057041314166597 ], [ -75.130001882570298, 40.055561364814302 ], [ -75.1291890387904, 40.055662699269703 ], [ -75.129223556715203, 40.054416278419403 ], [ -75.129242810586604, 40.0536303521558 ], [ -75.128771073507494, 40.053572301543397 ], [ -75.127911924246007, 40.053469175541998 ], [ -75.128249241722799, 40.051895830293098 ], [ -75.128590684618302, 40.050369337046902 ], [ -75.129454038294597, 40.050497360848297 ], [ -75.131114854249105, 40.0506983569109 ], [ -75.131406004261507, 40.049408332553703 ], [ -75.131663049019295, 40.048164353739701 ], [ -75.133258479147599, 40.048785545115202 ], [ -75.133760709226905, 40.048889828135501 ], [ -75.134093572241795, 40.048910673175001 ], [ -75.134408510805898, 40.048919250782497 ], [ -75.134707648509405, 40.048940275833097 ], [ -75.134717691271007, 40.048689892404298 ], [ -75.134720837538197, 40.048426681796499 ], [ -75.134722230087903, 40.048163465499201 ], [ -75.134723419910699, 40.047900246385502 ], [ -75.134724428058604, 40.0476370258353 ], [ -75.134725274481795, 40.047373803402003 ], [ -75.134725977958396, 40.0471105786119 ], [ -75.134726559539601, 40.046847352845298 ], [ -75.134727040345794, 40.046584125682003 ], [ -75.134727440291101, 40.046320897575299 ], [ -75.134727668856101, 40.046143844725201 ], [ -75.135662386460993, 40.046183230949801 ], [ -75.136021525271602, 40.046238262384698 ], [ -75.136353849013602, 40.046555890814702 ], [ -75.136745388714402, 40.046704314565297 ], [ -75.137136305401199, 40.046762252117098 ], [ -75.137530847487895, 40.046814714174701 ], [ -75.139110073725803, 40.047020218128601 ], [ -75.139907191810195, 40.047122141734299 ], [ -75.140690238787201, 40.047224278950303 ], [ -75.141718609978597, 40.047354974342397 ], [ -75.141847860953206, 40.047365519874297 ], [ -75.1428999988198, 40.047503029706498 ], [ -75.143453229616199, 40.047831609306698 ], [ -75.144056015064095, 40.048180539812797 ], [ -75.144612120910296, 40.048487229064598 ], [ -75.144961241159294, 40.048689992744102 ], [ -75.144170332703794, 40.0498952946337 ], [ -75.144004237497896, 40.050142263458497 ], [ -75.143891275972706, 40.050729137745897 ], [ -75.143844287304404, 40.0507802209708 ], [ -75.143720234753303, 40.051310129769703 ], [ -75.143609049327097, 40.051835060324997 ], [ -75.143571339525195, 40.0521258493728 ], [ -75.143572341771502, 40.052305584889403 ], [ -75.143193710090998, 40.0538187182283 ], [ -75.143075043735294, 40.054364132702801 ], [ -75.142983336936894, 40.054797639566303 ], [ -75.142851145472903, 40.055366613147903 ], [ -75.142511436528295, 40.056918510438003 ], [ -75.142294079845499, 40.057950361258797 ], [ -75.142185377389396, 40.058433920939102 ], [ -75.141844972453001, 40.059957282735901 ], [ -75.141514657788306, 40.0614766830778 ], [ -75.141172167168605, 40.063021348322401 ], [ -75.140931408396298, 40.064101921816501 ], [ -75.140775383402001, 40.0641605357401 ], [ -75.139417352296206, 40.063394590780199 ] ] ] } },
{ "type": "Feature", "properties": { "OBJECTID": 126, "ES_ID": "8440", "ES_NAME": "Loesche, William H", "MS_ID": "8160", "MS_NAME": "Baldi, CCA", "HS_ID": "8030", "HS_NAME": "Washington, George", "GR_ID_K": "8440", "GR_ID_01": "8440", "GR_ID_02": "8440", "GR_ID_03": "8440", "GR_ID_04": "8440", "GR_ID_05": "8440", "GR_ID_06": "8160", "GR_ID_07": "8160", "GR_ID_08": "8160", "GR_ID_09": "8030", "GR_ID_10": "8030", "GR_ID_11": "8030", "GR_ID_12": "8030", "ES_GRADE": "K-5", "MS_GRADE": "6-8", "HS_GRADE": "9-12", "Shape__Area": 7191324.14453125, "Shape__Length": 10873.861457663201 }, "geometry": { "type": "Polygon", "coordinates": [ [ [ -75.030658060273893, 40.122039272649303 ], [ -75.030439479661794, 40.1220203429192 ], [ -75.030071673418803, 40.121951464027397 ], [ -75.029775062556396, 40.1218842698446 ], [ -75.029383715087903, 40.121743875950301 ], [ -75.028548714960195, 40.121335146815298 ], [ -75.027826479843199, 40.120933257125301 ], [ -75.025514404768003, 40.119723693837798 ], [ -75.0246096284815, 40.119225885988698 ], [ -75.023774319767497, 40.118775100926499 ], [ -75.022986024787002, 40.118350915222599 ], [ -75.022162935300699, 40.117902279181699 ], [ -75.022017409635794, 40.117826575104097 ], [ -75.020935069418101, 40.117253490873203 ], [ -75.019876029574704, 40.1166724820052 ], [ -75.019054859629705, 40.116207608753299 ], [ -75.018301242261003, 40.115788602071099 ], [ -75.0179033312793, 40.116128287225898 ], [ -75.017604483534001, 40.116201791945102 ], [ -75.0173949993723, 40.116189486568203 ], [ -75.017168508419502, 40.116125481390199 ], [ -75.014886867487903, 40.1147795468585 ], [ -75.014057532774999, 40.114366180914303 ], [ -75.013158892800007, 40.113979746978202 ], [ -75.009787595158699, 40.111457118772698 ], [ -75.0239287762803, 40.100711979834799 ], [ -75.024066615008607, 40.1007468491145 ], [ -75.025658168166601, 40.101151400095802 ], [ -75.026969978892396, 40.101515354936801 ], [ -75.027637861078603, 40.101774988085701 ], [ -75.027914749908902, 40.101958239887303 ], [ -75.028886329494298, 40.102552349488001 ], [ -75.032999753812504, 40.105119178751799 ], [ -75.033899816774294, 40.105698246040099 ], [ -75.034762478110693, 40.106225492582404 ], [ -75.035223821069593, 40.106506010670302 ], [ -75.035362563186098, 40.1065663347513 ], [ -75.035647699752303, 40.1066814558068 ], [ -75.036066669512394, 40.106794032582897 ], [ -75.036488606450106, 40.106832516081496 ], [ -75.037157766680807, 40.106841313158 ], [ -75.037785931962304, 40.106882322198302 ], [ -75.038217705963106, 40.106960263025101 ], [ -75.038845164096102, 40.1071212151354 ], [ -75.039461800330699, 40.107371930539699 ], [ -75.039838227781999, 40.107575501792702 ], [ -75.040023216402702, 40.107675542629799 ], [ -75.041247520908499, 40.108399885557603 ], [ -75.0449732298881, 40.110587969343001 ], [ -75.047807012438895, 40.112252055231401 ], [ -75.048559023197797, 40.112728137638499 ], [ -75.039045323672795, 40.1193658161339 ], [ -75.038339428126903, 40.119879229420199 ], [ -75.037910445555596, 40.120176647814297 ], [ -75.037672512247298, 40.120152664651101 ], [ -75.036497906925703, 40.120400056786501 ], [ -75.034875268772396, 40.120983787849497 ], [ -75.0337405110118, 40.121386038323003 ], [ -75.032649414343396, 40.1217955809039 ], [ -75.032145896933798, 40.121940325860599 ], [ -75.031626758199806, 40.122026027557503 ], [ -75.031108069044294, 40.122052563828902 ], [ -75.030658060273893, 40.122039272649303 ] ] ] } },
{ "type": "Feature", "properties": { "OBJECTID": 127, "ES_ID": "7270", "ES_NAME": "Finletter, Thomas K", "MS_ID": "7270", "MS_NAME": "Finletter, Thomas K", "HS_ID": "7120", "HS_NAME": "Fels, Samuel", "GR_ID_K": "7270", "GR_ID_01": "7270", "GR_ID_02": "7270", "GR_ID_03": "7270", "GR_ID_04": "7270", "GR_ID_05": "7270", "GR_ID_06": "7270", "GR_ID_07": "7270", "GR_ID_08": "7270", "GR_ID_09": "7120", "GR_ID_10": "7120", "GR_ID_11": "7120", "GR_ID_12": "7120", "ES_GRADE": "K-8", "MS_GRADE": "K-8", "HS_GRADE": "9-12", "Shape__Area": 2297114.078125, "Shape__Length": 8148.8699472726303 }, "geometry": { "type": "Polygon", "coordinates": [ [ [ -75.128463408025198, 40.056887537399 ], [ -75.126958128753998, 40.055983036577302 ], [ -75.125355736979799, 40.055020132995999 ], [ -75.124844481134602, 40.054727276497204 ], [ -75.124552955039903, 40.054560282843902 ], [ -75.123327735026905, 40.053858427323398 ], [ -75.122124212568394, 40.053168973214703 ], [ -75.120808474196295, 40.052422412235003 ], [ -75.1199921215931, 40.051958987994503 ], [ -75.119544435276197, 40.05170484117 ], [ -75.118566995048496, 40.051149947905799 ], [ -75.117062150080798, 40.050295609341497 ], [ -75.115074874722893, 40.049143492230897 ], [ -75.114509254946697, 40.048815563835802 ], [ -75.112928499070193, 40.047898961761902 ], [ -75.112366202303903, 40.047572902463997 ], [ -75.112058314427301, 40.047394365043502 ], [ -75.111065334608895, 40.046822702596302 ], [ -75.1111602441824, 40.0467411574311 ], [ -75.111221323137002, 40.0466420389806 ], [ -75.111241562075804, 40.046541983269499 ], [ -75.111262291474205, 40.046429374870399 ], [ -75.1112736314643, 40.0463479615658 ], [ -75.111285949010593, 40.046241441010501 ], [ -75.111322280145501, 40.046148037815001 ], [ -75.111294492742005, 40.0460217482904 ], [ -75.111274141935894, 40.045914477312202 ], [ -75.111271343451605, 40.045776197843701 ], [ -75.111246862946501, 40.045354705255299 ], [ -75.111187030931703, 40.0450015076988 ], [ -75.111152541420907, 40.0448373686907 ], [ -75.111117075555498, 40.044698338748198 ], [ -75.1111152551332, 40.044534950216899 ], [ -75.111135252986102, 40.044441171863902 ], [ -75.111188891229901, 40.044323035700899 ], [ -75.111315179581297, 40.044228558023498 ], [ -75.111512002189997, 40.044086064477497 ], [ -75.111567513590302, 40.044045876874598 ], [ -75.111735002859703, 40.043942922137099 ], [ -75.111853000397801, 40.043851392664799 ], [ -75.111987576415899, 40.0437539618381 ], [ -75.112107527733698, 40.043612218486501 ], [ -75.112194075898202, 40.043488555686601 ], [ -75.112288547111802, 40.043371356740202 ], [ -75.112333774670702, 40.043259309841801 ], [ -75.112370346776501, 40.043159629028601 ], [ -75.112470430104395, 40.0428980598913 ], [ -75.112534674244202, 40.042717340651301 ], [ -75.112571977658305, 40.042598829752698 ], [ -75.112643898173602, 40.042430852468101 ], [ -75.112714600840505, 40.042294260658103 ], [ -75.112775866975895, 40.042148146328003 ], [ -75.112871237352493, 40.042049695491201 ], [ -75.113057371463199, 40.041887481074198 ], [ -75.113320417847405, 40.041639076162802 ], [ -75.113492043428707, 40.041429410551302 ], [ -75.113595896048807, 40.041281012502402 ], [ -75.113649287107904, 40.041169153428903 ], [ -75.113727664654505, 40.041045301161603 ], [ -75.113782758855194, 40.040889501911998 ], [ -75.113853457694802, 40.040752907590303 ], [ -75.113923667331207, 40.0406288686506 ], [ -75.114009966912604, 40.0405114808948 ], [ -75.114120764835903, 40.040394655273403 ], [ -75.114217180071194, 40.040227240134499 ], [ -75.114380145980405, 40.040029938552401 ], [ -75.114464247609902, 40.039969041396503 ], [ -75.114534820997207, 40.0398355866119 ], [ -75.114540549880203, 40.039688079128297 ], [ -75.114552373502406, 40.039594112743899 ], [ -75.114532036718401, 40.039494396927502 ], [ -75.114461243212006, 40.039242421772499 ], [ -75.114349214785904, 40.039083746156898 ], [ -75.1142816614216, 40.038997730892099 ], [ -75.114695269508402, 40.039073785665799 ], [ -75.116728923281698, 40.039437650850097 ], [ -75.117229293814006, 40.039499029933197 ], [ -75.118012302742301, 40.039601875079299 ], [ -75.118769269212606, 40.039694605215097 ], [ -75.119558487546399, 40.0397883365235 ], [ -75.120436747053404, 40.039896016014801 ], [ -75.120333372062504, 40.040408997034604 ], [ -75.122553721131197, 40.040697267275803 ], [ -75.124112564611806, 40.040882594678401 ], [ -75.124041631340106, 40.041376693906301 ], [ -75.123979506818699, 40.041902812401297 ], [ -75.123910024705296, 40.042439846176499 ], [ -75.123850330121499, 40.042921059898298 ], [ -75.123767604998605, 40.043447086657103 ], [ -75.123704995500205, 40.043960582298801 ], [ -75.123645292059607, 40.044453371214097 ], [ -75.123568369231094, 40.0450022273629 ], [ -75.123504090592107, 40.045555223561898 ], [ -75.123434289595593, 40.046049299745903 ], [ -75.123341166703796, 40.0465735378666 ], [ -75.123261259045904, 40.046977449714099 ], [ -75.123210539254998, 40.047248787993396 ], [ -75.1231588425251, 40.047589410802203 ], [ -75.123119877982504, 40.047822733281699 ], [ -75.123037655927405, 40.048195233695402 ], [ -75.122778785275599, 40.049622388531397 ], [ -75.122518350313698, 40.051135007269899 ], [ -75.123423398896406, 40.051263912888103 ], [ -75.124338131179996, 40.051389679909903 ], [ -75.125300070281497, 40.051502011616002 ], [ -75.125760426184101, 40.0515692992834 ], [ -75.126188449488296, 40.051624348666898 ], [ -75.126671111164399, 40.051695780425597 ], [ -75.127146227881099, 40.051758080795402 ], [ -75.128249241722799, 40.051895830293098 ], [ -75.127911924246007, 40.053469175541998 ], [ -75.128771073507494, 40.053572301543397 ], [ -75.129242810586604, 40.0536303521558 ], [ -75.129223556715203, 40.054416278419403 ], [ -75.1291890387904, 40.055662699269703 ], [ -75.130001882570298, 40.055561364814302 ], [ -75.129046317931099, 40.057041314166597 ], [ -75.128975926889197, 40.057195493485303 ], [ -75.128463408025198, 40.056887537399 ] ] ] } },
{ "type": "Feature", "properties": { "OBJECTID": 128, "ES_ID": "7280", "ES_NAME": "Franklin, Benjamin ES", "MS_ID": "7280", "MS_NAME": "Franklin, Benjamin ES", "HS_ID": "7120", "HS_NAME": "Fels, Samuel", "GR_ID_K": "7280", "GR_ID_01": "7280", "GR_ID_02": "7280", "GR_ID_03": "7280", "GR_ID_04": "7280", "GR_ID_05": "7280", "GR_ID_06": "7280", "GR_ID_07": "7280", "GR_ID_08": "7280", "GR_ID_09": "7120", "GR_ID_10": "7120", "GR_ID_11": "7120", "GR_ID_12": "7120", "ES_GRADE": "K-8", "MS_GRADE": "K-8", "HS_GRADE": "9-12", "Shape__Area": 2556479.51953125, "Shape__Length": 6963.3991121174504 }, "geometry": { "type": "Polygon", "coordinates": [ [ [ -75.103026384485901, 40.051097209964702 ], [ -75.102813423936695, 40.050876673445103 ], [ -75.101893203924206, 40.050074382160901 ], [ -75.101338171346697, 40.049548520882396 ], [ -75.100397386889099, 40.048701073915502 ], [ -75.099562414421598, 40.047983075031297 ], [ -75.098802631560204, 40.047539670214 ], [ -75.098020345554005, 40.047106026822298 ], [ -75.096973507083803, 40.046574083495102 ], [ -75.096002245303595, 40.046011877969399 ], [ -75.095144622130803, 40.045560349511497 ], [ -75.094794440510697, 40.045373044484599 ], [ -75.094536432303897, 40.045231359387799 ], [ -75.0941777800696, 40.0450351904339 ], [ -75.090355135226702, 40.042992658317701 ], [ -75.0976883310326, 40.035727429970301 ], [ -75.098425241620006, 40.036100675813103 ], [ -75.099388546206796, 40.036770789887498 ], [ -75.101575511197893, 40.038302552889803 ], [ -75.103165022232204, 40.0392056055721 ], [ -75.104634981644907, 40.040082918248899 ], [ -75.1056242809412, 40.0406760340218 ], [ -75.106732448611595, 40.041329197220598 ], [ -75.108273560857896, 40.042222813196702 ], [ -75.109934582715894, 40.0432073410295 ], [ -75.110504071164897, 40.043524361119601 ], [ -75.111512002189997, 40.044086064477497 ], [ -75.111315179581297, 40.044228558023498 ], [ -75.111188891229901, 40.044323035700899 ], [ -75.111135252986102, 40.044441171863902 ], [ -75.1111152551332, 40.044534950216899 ], [ -75.111117075555498, 40.044698338748198 ], [ -75.111152541420907, 40.0448373686907 ], [ -75.111187030931703, 40.0450015076988 ], [ -75.111246862946501, 40.045354705255299 ], [ -75.111271343451605, 40.045776197843701 ], [ -75.111274141935894, 40.045914477312202 ], [ -75.111294492742005, 40.0460217482904 ], [ -75.111322280145501, 40.046148037815001 ], [ -75.111285949010593, 40.046241441010501 ], [ -75.1112736314643, 40.0463479615658 ], [ -75.111262291474205, 40.046429374870399 ], [ -75.111241562075804, 40.046541983269499 ], [ -75.111221323137002, 40.0466420389806 ], [ -75.1111602441824, 40.0467411574311 ], [ -75.111065334608895, 40.046822702596302 ], [ -75.109433839711798, 40.045883404938898 ], [ -75.109266589893195, 40.045787111867 ], [ -75.108907643527999, 40.046136418973902 ], [ -75.1090472440019, 40.046218895728003 ], [ -75.108105480787899, 40.047175918683799 ], [ -75.108214087857505, 40.047239394513802 ], [ -75.107429504113099, 40.048030815317702 ], [ -75.107647075947497, 40.0481486263741 ], [ -75.107492944989801, 40.048337158105397 ], [ -75.106313301878004, 40.049299814912999 ], [ -75.103106629859099, 40.051201475525097 ], [ -75.103026384485901, 40.051097209964702 ] ] ] } },
{ "type": "Feature", "properties": { "OBJECTID": 129, "ES_ID": "7290", "ES_NAME": "Stearne, Allen M", "MS_ID": "7290", "MS_NAME": "Stearne, Allen M", "HS_ID": "7010", "HS_NAME": "Frankford HS", "GR_ID_K": "7290", "GR_ID_01": "7290", "GR_ID_02": "7290", "GR_ID_03": "7290", "GR_ID_04": "7290", "GR_ID_05": "7290", "GR_ID_06": "7290", "GR_ID_07": "7290", "GR_ID_08": "7290", "GR_ID_09": "7010", "GR_ID_10": "7010", "GR_ID_11": "7010", "GR_ID_12": "7010", "ES_GRADE": "K-8", "MS_GRADE": "K-8", "HS_GRADE": "9-12", "Shape__Area": 2567907.6171875, "Shape__Length": 6832.61934842764 }, "geometry": { "type": "Polygon", "coordinates": [ [ [ -75.082366691442999, 40.016077311433797 ], [ -75.080973068854803, 40.0153103773673 ], [ -75.080201625338603, 40.0148729936354 ], [ -75.079469018657306, 40.014466307897003 ], [ -75.0783070969797, 40.0138277614342 ], [ -75.077538683329394, 40.013364952568097 ], [ -75.077428025359396, 40.012916380464503 ], [ -75.077060692931397, 40.01134160366 ], [ -75.078315394503605, 40.010828469168302 ], [ -75.078506666225096, 40.010740571369098 ], [ -75.079282079652899, 40.010418196579401 ], [ -75.078884578796107, 40.010037022215897 ], [ -75.078751433917603, 40.009887637798101 ], [ -75.078615390440305, 40.009363327585397 ], [ -75.078480009871399, 40.008731168980802 ], [ -75.078449918972694, 40.008595404558903 ], [ -75.078334700551295, 40.008075539444498 ], [ -75.078197295381401, 40.0074201368408 ], [ -75.078049325845598, 40.006742091845098 ], [ -75.077893554410906, 40.006071106646701 ], [ -75.077751186902603, 40.0053922553017 ], [ -75.077594875990201, 40.004707416070602 ], [ -75.077479431557094, 40.004148382495202 ], [ -75.077709063040999, 40.003992653396601 ], [ -75.078707451512699, 40.003170529141201 ], [ -75.079260077279301, 40.002736445617302 ], [ -75.079784622516698, 40.002347075631398 ], [ -75.081683263781301, 40.001357992986001 ], [ -75.083640938342199, 40.000334263880902 ], [ -75.084826666298497, 39.999714084374702 ], [ -75.085134351791098, 39.999553148640203 ], [ -75.086373939850105, 39.9989047662757 ], [ -75.086671076764802, 39.999162978358498 ], [ -75.087072835146103, 39.999613309578997 ], [ -75.087253233936494, 39.999859420387502 ], [ -75.087420339613999, 40.000110261160103 ], [ -75.087479134312304, 40.0004493142049 ], [ -75.087499627882394, 40.000762276826499 ], [ -75.087516570750196, 40.001165880828097 ], [ -75.0875707561014, 40.001789591909102 ], [ -75.087587270519904, 40.002036941395602 ], [ -75.087682360293499, 40.002286113179302 ], [ -75.0879084383905, 40.002704646011601 ], [ -75.087986056309603, 40.002897970552802 ], [ -75.088103357669794, 40.0030821334826 ], [ -75.088255175086104, 40.0032217383229 ], [ -75.088431604601496, 40.003402232315501 ], [ -75.088648312661604, 40.003558460456603 ], [ -75.088885551236501, 40.003692482249697 ], [ -75.089415176638298, 40.003891242159803 ], [ -75.090153142085398, 40.004161962233397 ], [ -75.090339102111201, 40.0042301812218 ], [ -75.090979265481195, 40.0044516543661 ], [ -75.091407488199707, 40.004562374668403 ], [ -75.091839697722193, 40.004738706349698 ], [ -75.092102844562604, 40.004880881734103 ], [ -75.092220947819897, 40.005044898875902 ], [ -75.092340235451402, 40.005178704509198 ], [ -75.092555717118898, 40.005374115054998 ], [ -75.092392495458697, 40.005519218584901 ], [ -75.091817922674693, 40.006016759908498 ], [ -75.091168828867893, 40.007061971877903 ], [ -75.090992896062602, 40.007328634533899 ], [ -75.090932876422798, 40.007451672218203 ], [ -75.090328853854203, 40.008369624316103 ], [ -75.090095376565301, 40.008771244429802 ], [ -75.089867578502805, 40.0091408322874 ], [ -75.089661473181295, 40.009475219701898 ], [ -75.089528510249593, 40.009680234125902 ], [ -75.089274206342594, 40.010072341757201 ], [ -75.089199386204797, 40.010187702105803 ], [ -75.088733249101907, 40.010932827275298 ], [ -75.0879750979649, 40.012112372837997 ], [ -75.087657469405499, 40.012439128163003 ], [ -75.087579521547696, 40.012525194384899 ], [ -75.086351613390505, 40.013877139737097 ], [ -75.085821565106002, 40.014457280900999 ], [ -75.085521473375806, 40.0147969468116 ], [ -75.084658958740803, 40.015721716652003 ], [ -75.084384951512902, 40.016005614553897 ], [ -75.0838549736782, 40.016582475527798 ], [ -75.083662346123106, 40.016805973527802 ], [ -75.083565706413793, 40.016759927158397 ], [ -75.082366691442999, 40.016077311433797 ] ] ] } },
{ "type": "Feature", "properties": { "OBJECTID": 130, "ES_ID": "7300", "ES_NAME": "Hopkinson, Francis", "MS_ID": "7300", "MS_NAME": "Hopkinson, Francis", "HS_ID": "7010", "HS_NAME": "Frankford HS", "GR_ID_K": "7300", "GR_ID_01": "7300", "GR_ID_02": "7300", "GR_ID_03": "7300", "GR_ID_04": "7300", "GR_ID_05": "7300", "GR_ID_06": "7300", "GR_ID_07": "7300", "GR_ID_08": "7300", "GR_ID_09": "7010", "GR_ID_10": "7010", "GR_ID_11": "7010", "GR_ID_12": "7010", "ES_GRADE": "K-8", "MS_GRADE": "K-8", "HS_GRADE": "9-12", "Shape__Area": 1063739.27734375, "Shape__Length": 4535.4896717770098 }, "geometry": { "type": "Polygon", "coordinates": [ [ [ -75.103502605083193, 40.010961547934997 ], [ -75.103187009783497, 40.010923614279001 ], [ -75.102219730241501, 40.010798220290098 ], [ -75.101479322377102, 40.010698439540398 ], [ -75.100768998482394, 40.0105992490316 ], [ -75.100041080912305, 40.010512255273397 ], [ -75.0993614245955, 40.010422037996697 ], [ -75.098800293594394, 40.010345594958601 ], [ -75.098098796706196, 40.010256957993803 ], [ -75.097377302772003, 40.010160081457499 ], [ -75.096820554709097, 40.0100864852743 ], [ -75.096151749776894, 40.009996953691797 ], [ -75.095033807577806, 40.010015194667403 ], [ -75.095005075250498, 40.009925390774903 ], [ -75.094908467383803, 40.0096392394153 ], [ -75.094789121627699, 40.009452037343898 ], [ -75.094617521628507, 40.009272707213597 ], [ -75.094278774809197, 40.009069169658702 ], [ -75.093709558233201, 40.008708232915502 ], [ -75.092959755287794, 40.008272553806997 ], [ -75.092590665479193, 40.007946414767403 ], [ -75.092378595249698, 40.0077147707932 ], [ -75.092215830464397, 40.007519477640599 ], [ -75.092115649015497, 40.007232391146403 ], [ -75.092157656313404, 40.006996480214497 ], [ -75.092323091314199, 40.006788625016597 ], [ -75.092539532861394, 40.006617230382602 ], [ -75.092758734832699, 40.006375339989297 ], [ -75.0928531217358, 40.006140638517302 ], [ -75.092886555342005, 40.005982733504602 ], [ -75.093275735392396, 40.0059703407412 ], [ -75.096349769092996, 40.005860992177297 ], [ -75.096869347216298, 40.005570435050501 ], [ -75.097982012725396, 40.00495928134 ], [ -75.099365175138004, 40.004212416820103 ], [ -75.100500027500104, 40.003588429295 ], [ -75.101813091232401, 40.002872518974101 ], [ -75.103799028028504, 40.003143952105503 ], [ -75.103689555535993, 40.003646389300201 ], [ -75.103604279239605, 40.004082555456797 ], [ -75.103531318374706, 40.0044397280585 ], [ -75.103272788570905, 40.005611090575101 ], [ -75.105338737537807, 40.005527453240802 ], [ -75.105142725664805, 40.006470851112098 ], [ -75.104809494272502, 40.007976872731099 ], [ -75.104492693508107, 40.009459229980301 ], [ -75.104168277168696, 40.0110498332715 ], [ -75.103706638885996, 40.010990577849 ], [ -75.103502605083193, 40.010961547934997 ] ] ] } },
{ "type": "Feature", "properties": { "OBJECTID": 131, "ES_ID": "7320", "ES_NAME": "Howe, Julia Ward", "MS_ID": "7130", "MS_NAME": "Wagner, General Louis", "HS_ID": "6060", "HS_NAME": "King, Martin Luther", "GR_ID_K": "7320", "GR_ID_01": "7320", "GR_ID_02": "7320", "GR_ID_03": "7320", "GR_ID_04": "7320", "GR_ID_05": "7320", "GR_ID_06": "7130", "GR_ID_07": "7130", "GR_ID_08": "7130", "GR_ID_09": "6060", "GR_ID_10": "6060", "GR_ID_11": "6060", "GR_ID_12": "6060", "ES_GRADE": "K-5", "MS_GRADE": "6-8", "HS_GRADE": "9-12", "Shape__Area": 1996584.375, "Shape__Length": 5993.6833273012298 }, "geometry": { "type": "Polygon", "coordinates": [ [ [ -75.144056015064095, 40.048180539812797 ], [ -75.143453229616199, 40.047831609306698 ], [ -75.1428999988198, 40.047503029706498 ], [ -75.141847860953206, 40.047365519874297 ], [ -75.141718609978597, 40.047354974342397 ], [ -75.140690238787201, 40.047224278950303 ], [ -75.139907191810195, 40.047122141734299 ], [ -75.139110073725803, 40.047020218128601 ], [ -75.137530847487895, 40.046814714174701 ], [ -75.137136305401199, 40.046762252117098 ], [ -75.136745388714402, 40.046704314565297 ], [ -75.136353849013602, 40.046555890814702 ], [ -75.136021525271602, 40.046238262384698 ], [ -75.135662386460993, 40.046183230949801 ], [ -75.134727668856101, 40.046143844725201 ], [ -75.134727779254305, 40.046057669878898 ], [ -75.134728076116403, 40.045794439418501 ], [ -75.134728354165503, 40.045531210328399 ], [ -75.1347286287332, 40.045267980254501 ], [ -75.134728923280605, 40.045004748830003 ], [ -75.134729256409599, 40.044741520082503 ], [ -75.134729650548294, 40.044478290017501 ], [ -75.134730121990003, 40.044215061709103 ], [ -75.134730695435294, 40.0439518330166 ], [ -75.134731388348399, 40.0436886070407 ], [ -75.134731464610098, 40.043425350803403 ], [ -75.134728744748301, 40.043161976840203 ], [ -75.134725289003796, 40.042898564494102 ], [ -75.1347235928841, 40.042635213831197 ], [ -75.134726155441001, 40.042372023197501 ], [ -75.134735472139596, 40.042109091758597 ], [ -75.134753521921695, 40.041846475383103 ], [ -75.134779179191696, 40.041584085370303 ], [ -75.134810676741395, 40.041321904007901 ], [ -75.134846288244901, 40.0410599181184 ], [ -75.134884292947007, 40.040798122761402 ], [ -75.134922965850507, 40.040536502088798 ], [ -75.134964106482002, 40.040275235826698 ], [ -75.135010571607296, 40.040014445775498 ], [ -75.1350595481331, 40.039753878672798 ], [ -75.135108168031095, 40.039493278206997 ], [ -75.135152605273007, 40.039232183353597 ], [ -75.135193909341098, 40.038970647741699 ], [ -75.135243636322997, 40.038710371575498 ], [ -75.135311525458903, 40.038452226189101 ], [ -75.135401621857199, 40.038197947100599 ], [ -75.135521408585006, 40.037952011483 ], [ -75.1356622823522, 40.037711622176801 ], [ -75.135795078979299, 40.037468787314403 ], [ -75.135918975356304, 40.0372229971317 ], [ -75.135964163036604, 40.037148773994403 ], [ -75.136439193108401, 40.037205232656198 ], [ -75.136826460812699, 40.036897911644303 ], [ -75.137210159694405, 40.036571182201399 ], [ -75.138166069451401, 40.0358155374429 ], [ -75.138376643740202, 40.0358928633812 ], [ -75.139098728028003, 40.035990626090999 ], [ -75.139884793887703, 40.036092860245603 ], [ -75.140674536641598, 40.036193785829198 ], [ -75.141467658310305, 40.036296488301602 ], [ -75.144639390008905, 40.037408582972603 ], [ -75.145096171355604, 40.037422389748301 ], [ -75.144751909687102, 40.039082022634901 ], [ -75.144836613017205, 40.0391033770061 ], [ -75.146588174977495, 40.039058573376401 ], [ -75.147518705773606, 40.039029739819497 ], [ -75.148534441447097, 40.039011681968297 ], [ -75.148547313349994, 40.039250599178402 ], [ -75.148547878364894, 40.039381442529397 ], [ -75.148529503430794, 40.039496843249502 ], [ -75.148497100670298, 40.039686991886398 ], [ -75.148433699080101, 40.039885018813798 ], [ -75.148339057822, 40.040097350901199 ], [ -75.148222273981006, 40.040304891622597 ], [ -75.148086404136194, 40.040489371726601 ], [ -75.147676976209894, 40.040943049751696 ], [ -75.147402368031507, 40.0412567355364 ], [ -75.147179857502096, 40.041504517712099 ], [ -75.147100274526807, 40.041579522585501 ], [ -75.146980283800502, 40.041739547269302 ], [ -75.146907130220697, 40.041867940711597 ], [ -75.146875762716704, 40.041974207800799 ], [ -75.146857708344498, 40.042089165975398 ], [ -75.146859302630702, 40.042189886433803 ], [ -75.146884069539794, 40.042326791647497 ], [ -75.146941479433806, 40.042466532365701 ], [ -75.146991983194994, 40.042548126993097 ], [ -75.147086051736096, 40.042752983313797 ], [ -75.147145472076105, 40.0430164892203 ], [ -75.147142153020098, 40.043110900219602 ], [ -75.147106380119496, 40.043332251049698 ], [ -75.147015386869299, 40.043729456568201 ], [ -75.146952327703005, 40.044024355479699 ], [ -75.146850923160102, 40.044490722316397 ], [ -75.146777243989604, 40.0447919651305 ], [ -75.146779302802898, 40.044857322116798 ], [ -75.146694780107893, 40.045202713237202 ], [ -75.146638538366304, 40.045458392908003 ], [ -75.146470526746995, 40.046232157851499 ], [ -75.145283248185507, 40.046193594445398 ], [ -75.145409792018, 40.046739360932897 ], [ -75.145478438483494, 40.047040032191099 ], [ -75.1455083380676, 40.047240561472599 ], [ -75.145509972556894, 40.047423688256103 ], [ -75.145482708160301, 40.0476261363196 ], [ -75.145439010840306, 40.047835897489598 ], [ -75.145391072088302, 40.047970604923002 ], [ -75.145322330806493, 40.0481223366546 ], [ -75.1452439034788, 40.048261011911102 ], [ -75.145150222131093, 40.048416197495698 ], [ -75.145057186952698, 40.048554541403398 ], [ -75.144961241159294, 40.048689992744102 ], [ -75.144612120910296, 40.048487229064598 ], [ -75.144056015064095, 40.048180539812797 ] ] ] } },
{ "type": "Feature", "properties": { "OBJECTID": 132, "ES_ID": "7460", "ES_NAME": "Ziegler, William H", "MS_ID": "7460", "MS_NAME": "Ziegler, William H", "HS_ID": "7010", "HS_NAME": "Frankford HS", "GR_ID_K": "7460", "GR_ID_01": "7460", "GR_ID_02": "7460", "GR_ID_03": "7460", "GR_ID_04": "7460", "GR_ID_05": "7460", "GR_ID_06": "7460", "GR_ID_07": "7460", "GR_ID_08": "7460", "GR_ID_09": "7010", "GR_ID_10": "7010", "GR_ID_11": "7010", "GR_ID_12": "7010", "ES_GRADE": "K-8", "MS_GRADE": "K-8", "HS_GRADE": "9-12", "Shape__Area": 1450110.7421875, "Shape__Length": 6053.0688080406499 }, "geometry": { "type": "Polygon", "coordinates": [ [ [ -75.075253050613398, 40.033669521171397 ], [ -75.075150485919593, 40.033454730128 ], [ -75.075062533979207, 40.033358062487899 ], [ -75.074937392529094, 40.033265805962898 ], [ -75.074834619532197, 40.033211351792303 ], [ -75.073827429292606, 40.032653510106002 ], [ -75.073607359653494, 40.032526314198101 ], [ -75.073561960825401, 40.0324538550014 ], [ -75.073556365790196, 40.032371505484598 ], [ -75.073694285797202, 40.032116486465902 ], [ -75.0738713682004, 40.031772714530398 ], [ -75.073515682530697, 40.031563098093699 ], [ -75.073045655982895, 40.031303827865003 ], [ -75.066186682717998, 40.026923632002102 ], [ -75.067092072611899, 40.026785391259601 ], [ -75.067959232349807, 40.026592151061699 ], [ -75.067838960907906, 40.026500146868699 ], [ -75.066684697302406, 40.025849466850303 ], [ -75.066521536889397, 40.025813902384598 ], [ -75.066295158899194, 40.025620117417297 ], [ -75.065997838579193, 40.0252993116356 ], [ -75.065438929840397, 40.024650195522703 ], [ -75.064972691937101, 40.024118552639202 ], [ -75.064915701863399, 40.024069722433602 ], [ -75.0662830120867, 40.023360196298903 ], [ -75.067479911485293, 40.022748954848197 ], [ -75.069090162784505, 40.021913666988802 ], [ -75.069766767471805, 40.022396860460503 ], [ -75.070199391409901, 40.022733696253397 ], [ -75.073334873932097, 40.025299048679898 ], [ -75.073366166058406, 40.025378219144102 ], [ -75.074946853147296, 40.026700545316601 ], [ -75.075144043971605, 40.026857753273198 ], [ -75.0753689416198, 40.027047181355101 ], [ -75.075490740493294, 40.0270808318216 ], [ -75.075638969732594, 40.027089906362598 ], [ -75.076775954410806, 40.0273908014615 ], [ -75.077216458644898, 40.027500984524899 ], [ -75.077863964860498, 40.027878963867202 ], [ -75.078475683616901, 40.028217261235199 ], [ -75.079082766025607, 40.028561805106797 ], [ -75.079695013775904, 40.028903405795099 ], [ -75.079986933171796, 40.029069508628702 ], [ -75.080286675567905, 40.0292402544925 ], [ -75.080789106773693, 40.029525683407499 ], [ -75.080868683501393, 40.029565130584302 ], [ -75.082637477969001, 40.030572413785798 ], [ -75.083362555986696, 40.030978857391702 ], [ -75.0836849278203, 40.031163262862798 ], [ -75.084107665083295, 40.031405078546399 ], [ -75.084200492302401, 40.031447773684498 ], [ -75.084113422008102, 40.0316272757482 ], [ -75.084091681513002, 40.031829934485302 ], [ -75.083951497081401, 40.031872902710496 ], [ -75.083807377085407, 40.031908514332599 ], [ -75.082110796115202, 40.032235620253303 ], [ -75.082006155797799, 40.032266579232498 ], [ -75.081906964294603, 40.032290512256502 ], [ -75.081777679982295, 40.032316924029502 ], [ -75.080745597469502, 40.032547907559803 ], [ -75.077445632188599, 40.0333042610714 ], [ -75.076979707809897, 40.0334060571018 ], [ -75.075301259688302, 40.0337917888425 ], [ -75.075253050613398, 40.033669521171397 ] ] ] } },
{ "type": "Feature", "properties": { "OBJECTID": 133, "ES_ID": "7470", "ES_NAME": "Bridesburg", "MS_ID": "7470", "MS_NAME": "Bridesburg", "HS_ID": "7010", "HS_NAME": "Frankford HS", "GR_ID_K": "7470", "GR_ID_01": "7470", "GR_ID_02": "7470", "GR_ID_03": "7470", "GR_ID_04": "7470", "GR_ID_05": "7470", "GR_ID_06": "7470", "GR_ID_07": "7470", "GR_ID_08": "7470", "GR_ID_09": "7010", "GR_ID_10": "7010", "GR_ID_11": "7010", "GR_ID_12": "7010", "ES_GRADE": "K-8", "MS_GRADE": "K-8", "HS_GRADE": "9-12", "Shape__Area": 16377649.3632813, "Shape__Length": 17539.636666124399 }, "geometry": { "type": "Polygon", "coordinates": [ [ [ -75.054018926770397, 40.010010135165501 ], [ -75.052083481345605, 40.008581170828201 ], [ -75.050922144089995, 40.007632268073401 ], [ -75.051712763691398, 40.006998609466599 ], [ -75.052732897989699, 40.005881471568301 ], [ -75.052871277609199, 40.005640709648901 ], [ -75.054357522118394, 40.003514964534297 ], [ -75.055833383240198, 40.001261115098899 ], [ -75.056688036607198, 39.999834430577501 ], [ -75.057805870250803, 39.997851178334102 ], [ -75.058820846802504, 39.995727351146499 ], [ -75.059704335437203, 39.993473258935502 ], [ -75.0607314605097, 39.991297472122099 ], [ -75.061891682054906, 39.989321254501 ], [ -75.062615727244705, 39.988164351886503 ], [ -75.063185644412798, 39.987350462452 ], [ -75.063948419662495, 39.9863660921039 ], [ -75.065881772329902, 39.984710705763803 ], [ -75.066734076779497, 39.984085290189398 ], [ -75.068017183100693, 39.983143721829698 ], [ -75.069394092401197, 39.982007271672003 ], [ -75.071201638749798, 39.980744997775098 ], [ -75.073233243652297, 39.9795674638817 ], [ -75.075824458614903, 39.978355213891597 ], [ -75.077696859299607, 39.977668592544497 ], [ -75.080203749172398, 39.976938986880299 ], [ -75.082523638483295, 39.976413767379903 ], [ -75.083885387384299, 39.976153388239801 ], [ -75.085587557352099, 39.975827892010798 ], [ -75.086392842050003, 39.975673891901202 ], [ -75.087955297439507, 39.975402745733099 ], [ -75.088757917281299, 39.975263450792397 ], [ -75.0893071878928, 39.975168121740197 ], [ -75.089958160643604, 39.975055137431802 ], [ -75.090968915307499, 39.974879700523999 ], [ -75.091815411136906, 39.974732767440798 ], [ -75.092901319112102, 39.974544265905102 ], [ -75.093841342634704, 39.974381080031897 ], [ -75.097672580710096, 39.978693366880201 ], [ -75.097819708777195, 39.978861964981697 ], [ -75.099645285816194, 39.9809538335669 ], [ -75.0977395363292, 39.981956679267903 ], [ -75.097621068210401, 39.982046314608802 ], [ -75.097561806989702, 39.982124544268302 ], [ -75.097529450699597, 39.982204492303801 ], [ -75.097525664992304, 39.982297644893002 ], [ -75.097553930734193, 39.982391653599002 ], [ -75.097604848749498, 39.982461619991902 ], [ -75.098019390852798, 39.982933609721599 ], [ -75.098219032891095, 39.983177123440598 ], [ -75.098379808424298, 39.983373226432498 ], [ -75.099002445194799, 39.984132673956204 ], [ -75.099029126345201, 39.984237251712599 ], [ -75.099056187947596, 39.984309969531601 ], [ -75.099294310630299, 39.984580465805799 ], [ -75.099503626055494, 39.9848260935536 ], [ -75.099716048578699, 39.985064477129697 ], [ -75.099779804889295, 39.985138979191703 ], [ -75.100069264591298, 39.985462128086603 ], [ -75.100288487970502, 39.985712408917898 ], [ -75.100554538817704, 39.986010389843997 ], [ -75.1009138881018, 39.986425283888401 ], [ -75.101283693478806, 39.986831114827503 ], [ -75.101603531785599, 39.987196154972402 ], [ -75.101924119930899, 39.987557463140398 ], [ -75.102279730674894, 39.9879594553461 ], [ -75.102624098587299, 39.988357826164602 ], [ -75.103052360342602, 39.9888307053292 ], [ -75.103484864302104, 39.989320463223898 ], [ -75.1039054789956, 39.989805616673699 ], [ -75.101605308844299, 39.991003542787503 ], [ -75.099303497211807, 39.992194910095598 ], [ -75.097009012531998, 39.993409006703303 ], [ -75.095560833382706, 39.994103762670001 ], [ -75.094525431845994, 39.994612409110701 ], [ -75.092074017215296, 39.995903839424599 ], [ -75.089468458361296, 39.9972783528736 ], [ -75.087091643738006, 39.998527830514398 ], [ -75.086504924951598, 39.998836252299 ], [ -75.086373939850105, 39.9989047662757 ], [ -75.085134351791098, 39.999553148640203 ], [ -75.084826666298497, 39.999714084374702 ], [ -75.083640938342199, 40.000334263880902 ], [ -75.081683263781301, 40.001357992986001 ], [ -75.079784622516698, 40.002347075631398 ], [ -75.079260077279301, 40.002736445617302 ], [ -75.078707451512699, 40.003170529141201 ], [ -75.077709063040999, 40.003992653396601 ], [ -75.077479431557094, 40.004148382495202 ], [ -75.0774490172833, 40.003937802111601 ], [ -75.077424751202599, 40.003769806595699 ], [ -75.077347240447807, 40.003735423138799 ], [ -75.077234386641294, 40.003723602402602 ], [ -75.077065174550498, 40.003707269751096 ], [ -75.076726066747696, 40.004078541814103 ], [ -75.076194132896006, 40.004630178843598 ], [ -75.075720114554301, 40.005060548971599 ], [ -75.075619523491497, 40.005142969389198 ], [ -75.075400981939197, 40.0053220312587 ], [ -75.074852823910703, 40.005809886326801 ], [ -75.074353561346797, 40.006192493383999 ], [ -75.073914257580299, 40.0065150242417 ], [ -75.073771144307003, 40.006620095288 ], [ -75.073690988501099, 40.006670694427001 ], [ -75.073015887859, 40.007096855566601 ], [ -75.072265986549098, 40.007502303150098 ], [ -75.071329742332793, 40.007953344143601 ], [ -75.070414000748201, 40.008318072328898 ], [ -75.069966839003698, 40.008481212658502 ], [ -75.069707278640607, 40.008575907942202 ], [ -75.069353597412203, 40.008691426729101 ], [ -75.068898168318199, 40.008796923030403 ], [ -75.068558202526901, 40.008858558326402 ], [ -75.0676131668083, 40.009051560621401 ], [ -75.066450581698604, 40.009249426984297 ], [ -75.065791391924293, 40.009382206523398 ], [ -75.064981941821301, 40.009586096471701 ], [ -75.064271314922493, 40.009826380074301 ], [ -75.063160990403901, 40.010230769136101 ], [ -75.062316746988003, 40.010624754455002 ], [ -75.061118417365805, 40.011277722554603 ], [ -75.060980816828007, 40.0113565680658 ], [ -75.060608536480004, 40.011569884076401 ], [ -75.060050514783697, 40.011879162643702 ], [ -75.058708130957896, 40.012620127366397 ], [ -75.058643072588396, 40.012656931081104 ], [ -75.058408751986605, 40.012789488430002 ], [ -75.0573013111823, 40.013375682031601 ], [ -75.054018926770397, 40.010010135165501 ] ] ] } },
{ "type": "Feature", "properties": { "OBJECTID": 134, "ES_ID": "7490", "ES_NAME": "Prince Hall", "MS_ID": "7130", "MS_NAME": "Wagner, General Louis", "HS_ID": "6060", "HS_NAME": "King, Martin Luther", "GR_ID_K": "7490", "GR_ID_01": "7490", "GR_ID_02": "7490", "GR_ID_03": "7490", "GR_ID_04": "7490", "GR_ID_05": "7490", "GR_ID_06": "7130", "GR_ID_07": "7130", "GR_ID_08": "7130", "GR_ID_09": "6060", "GR_ID_10": "6060", "GR_ID_11": "6060", "GR_ID_12": "6060", "ES_GRADE": "K-5", "MS_GRADE": "6-8", "HS_GRADE": "9-12", "Shape__Area": 1530493.15234375, "Shape__Length": 6191.0382219416297 }, "geometry": { "type": "Polygon", "coordinates": [ [ [ -75.142511436528295, 40.056918510438003 ], [ -75.142851145472903, 40.055366613147903 ], [ -75.142983336936894, 40.054797639566303 ], [ -75.143075043735294, 40.054364132702801 ], [ -75.143193710090998, 40.0538187182283 ], [ -75.143572341771502, 40.052305584889403 ], [ -75.143571339525195, 40.0521258493728 ], [ -75.143609049327097, 40.051835060324997 ], [ -75.143720234753303, 40.051310129769703 ], [ -75.143844287304404, 40.0507802209708 ], [ -75.143891275972706, 40.050729137745897 ], [ -75.144004237497896, 40.050142263458497 ], [ -75.144170332703794, 40.0498952946337 ], [ -75.144961241159294, 40.048689992744102 ], [ -75.145057186952698, 40.048554541403398 ], [ -75.145150222131093, 40.048416197495698 ], [ -75.1452439034788, 40.048261011911102 ], [ -75.145322330806493, 40.0481223366546 ], [ -75.145391072088302, 40.047970604923002 ], [ -75.145439010840306, 40.047835897489598 ], [ -75.145482708160301, 40.0476261363196 ], [ -75.145509972556894, 40.047423688256103 ], [ -75.1455083380676, 40.047240561472599 ], [ -75.145478438483494, 40.047040032191099 ], [ -75.145409792018, 40.046739360932897 ], [ -75.145283248185507, 40.046193594445398 ], [ -75.146470526746995, 40.046232157851499 ], [ -75.147521260148594, 40.046263927717703 ], [ -75.148075479743198, 40.046281136983197 ], [ -75.148658127471705, 40.046300046031298 ], [ -75.150682787798502, 40.046361411573699 ], [ -75.150830927472697, 40.0465466680958 ], [ -75.150969858828503, 40.046776920102097 ], [ -75.151034607781895, 40.0469600715357 ], [ -75.151084969105796, 40.047129525425198 ], [ -75.151047066234298, 40.047481753104201 ], [ -75.150984252307396, 40.047824026775302 ], [ -75.150915943010105, 40.048118272610097 ], [ -75.150823448515595, 40.048527632078901 ], [ -75.150631466770193, 40.049425444286499 ], [ -75.150478723091197, 40.050080300051903 ], [ -75.151278794189906, 40.050183415037203 ], [ -75.151985774617501, 40.050275800968599 ], [ -75.153103266888806, 40.0504216244533 ], [ -75.153923658423196, 40.050460589041499 ], [ -75.1546214471459, 40.050483824978997 ], [ -75.155449815586394, 40.050517372550999 ], [ -75.155357687773204, 40.051858033146502 ], [ -75.155274571286796, 40.053122240574503 ], [ -75.155217702945507, 40.0539317161398 ], [ -75.155557644350395, 40.054083163945499 ], [ -75.156489460818094, 40.054529173992698 ], [ -75.156953082570396, 40.054741577187102 ], [ -75.157177953076399, 40.0548444088572 ], [ -75.157559815324404, 40.055043459256503 ], [ -75.157345691105803, 40.055012108713399 ], [ -75.157076100785204, 40.055006024636 ], [ -75.156872945016801, 40.055012393065802 ], [ -75.156048837144596, 40.054981367030102 ], [ -75.155159386801799, 40.054939585124501 ], [ -75.154484164953104, 40.054913169158503 ], [ -75.154274581752105, 40.054903284833003 ], [ -75.153525450770999, 40.054867476126901 ], [ -75.152726536259806, 40.0548345916486 ], [ -75.152003821778905, 40.054796092284398 ], [ -75.151296995960394, 40.054755283444102 ], [ -75.15056045115, 40.054714783534997 ], [ -75.150289561219793, 40.054698951039597 ], [ -75.149707018503094, 40.054658408253701 ], [ -75.149480231202205, 40.0562269701568 ], [ -75.149376337696907, 40.056934032602598 ], [ -75.149291474300895, 40.057529074292503 ], [ -75.148895178555506, 40.057508296130599 ], [ -75.148171764502294, 40.057468158124401 ], [ -75.147261614948604, 40.057416150221599 ], [ -75.146457830173503, 40.057363348619198 ], [ -75.145662372136798, 40.057323147047697 ], [ -75.144974244905896, 40.057233866859903 ], [ -75.144247250829295, 40.057137645268 ], [ -75.143418452053098, 40.0570345223136 ], [ -75.143311180173001, 40.057019504922202 ], [ -75.142511436528295, 40.056918510438003 ] ] ] } },
{ "type": "Feature", "properties": { "OBJECTID": 135, "ES_ID": "7510", "ES_NAME": "Bethune, Mary Mc Leod", "MS_ID": "7510", "MS_NAME": "Bethune, Mary Mc Leod", "HS_ID": "3416", "HS_NAME": "Mastery Charter School at Gratz", "GR_ID_K": "7510", "GR_ID_01": "7510", "GR_ID_02": "7510", "GR_ID_03": "7510", "GR_ID_04": "7510", "GR_ID_05": "7510", "GR_ID_06": "7510", "GR_ID_07": "7510", "GR_ID_08": "7510", "GR_ID_09": "3416", "GR_ID_10": "3416", "GR_ID_11": "3416", "GR_ID_12": "3416", "ES_GRADE": "K-8", "MS_GRADE": "K-8", "HS_GRADE": "7-12", "Shape__Area": 1997687.37109375, "Shape__Length": 6611.6828564445004 }, "geometry": { "type": "Polygon", "coordinates": [ [ [ -75.147838276150495, 40.0145156319292 ], [ -75.147956780579094, 40.013986692637403 ], [ -75.147916156579598, 40.013935482500401 ], [ -75.147230614496607, 40.014089480172302 ], [ -75.147223660854095, 40.013441039778399 ], [ -75.146478572180797, 40.0133511924356 ], [ -75.143322083513794, 40.012935501851203 ], [ -75.142797054438006, 40.012866866178499 ], [ -75.142331034818994, 40.012799216898301 ], [ -75.141788375262195, 40.012717997944101 ], [ -75.142114408646407, 40.011246149366599 ], [ -75.1424405772878, 40.009752106510398 ], [ -75.142765238749305, 40.008277865621402 ], [ -75.142774725608703, 40.008163067503602 ], [ -75.142776043356093, 40.008053668400102 ], [ -75.143065202103102, 40.006730303062 ], [ -75.143099785115197, 40.006571883304602 ], [ -75.143440028238302, 40.005080915057903 ], [ -75.143303359840402, 40.004730453900201 ], [ -75.143141700101395, 40.004293007208801 ], [ -75.143295417496006, 40.003532768614697 ], [ -75.143503041012806, 40.003559639804003 ], [ -75.143745421722699, 40.003591010095199 ], [ -75.144040181369306, 40.002242340574803 ], [ -75.144125431035704, 40.002167302407102 ], [ -75.144066285339306, 40.0019209829997 ], [ -75.143799860597696, 40.001463929578101 ], [ -75.143959819471107, 40.001407268222898 ], [ -75.144268993707698, 40.001294383072903 ], [ -75.144577687873607, 40.001180730261098 ], [ -75.1448858653701, 40.001066255800701 ], [ -75.145193576239194, 40.000951029309299 ], [ -75.145500872001705, 40.0008351429627 ], [ -75.145807811410094, 40.000718683693997 ], [ -75.146114448501507, 40.000601739230099 ], [ -75.146420838450197, 40.000484398223698 ], [ -75.146727035123206, 40.000366752901598 ], [ -75.147033096245494, 40.0002488865671 ], [ -75.147339076822405, 40.000130892372397 ], [ -75.147645029899195, 40.000012853513603 ], [ -75.147720345193207, 39.999983811745103 ], [ -75.147951013961006, 39.9998948641216 ], [ -75.148257083156693, 39.999777009218299 ], [ -75.148563292634606, 39.999659378352703 ], [ -75.1488696964431, 39.999542059246103 ], [ -75.1491763521081, 39.999425140599101 ], [ -75.149483313611299, 39.9993087119325 ], [ -75.149790636209502, 39.999192860092201 ], [ -75.150023192377901, 39.999105816287702 ], [ -75.150098377398095, 39.999077674677203 ], [ -75.150406557976495, 39.998963193997803 ], [ -75.150714969576697, 39.998849077251897 ], [ -75.151023547860902, 39.998735230176301 ], [ -75.151332284226001, 39.998621632752197 ], [ -75.151641165282598, 39.9985082675557 ], [ -75.151950181153197, 39.998395117243 ], [ -75.152259319756297, 39.998282160815798 ], [ -75.152568568700403, 39.998169385378503 ], [ -75.152877919518502, 39.998056767312299 ], [ -75.153187357512195, 39.997944292768402 ], [ -75.153496872871202, 39.997831942602801 ], [ -75.153788539750394, 39.9977261915664 ], [ -75.153611215595106, 39.9985246719841 ], [ -75.1535679488114, 39.998732993610702 ], [ -75.153518534878202, 39.9989517568428 ], [ -75.153432205594697, 39.999330977253301 ], [ -75.153377413557607, 39.999543791904998 ], [ -75.153273552111202, 40.000014039279399 ], [ -75.152928293066395, 40.001602017153701 ], [ -75.152552519442196, 40.003190913969902 ], [ -75.152237939514507, 40.004699034290503 ], [ -75.151923331488007, 40.006176598902698 ], [ -75.1516052769081, 40.007674638009497 ], [ -75.151455656282096, 40.008312744446499 ], [ -75.151371422652502, 40.008736639488397 ], [ -75.151248688416899, 40.009288307764798 ], [ -75.151093326083796, 40.009943685255998 ], [ -75.150885615912799, 40.010846462311797 ], [ -75.150575570563106, 40.012379619412897 ], [ -75.150396907011796, 40.0131752221995 ], [ -75.150247429645802, 40.013771154007898 ], [ -75.150215508464996, 40.013924819001403 ], [ -75.150098271049004, 40.014577304174303 ], [ -75.1500727380852, 40.014689751620303 ], [ -75.150041396182402, 40.014827780800701 ], [ -75.149833423483997, 40.0147740414887 ], [ -75.147838276150495, 40.0145156319292 ] ] ] } },
{ "type": "Feature", "properties": { "OBJECTID": 136, "ES_ID": "7530", "ES_NAME": "Rowen, William", "MS_ID": "7130", "MS_NAME": "Wagner, General Louis", "HS_ID": "6060", "HS_NAME": "King, Martin Luther", "GR_ID_K": "7530", "GR_ID_01": "7530", "GR_ID_02": "7530", "GR_ID_03": "7530", "GR_ID_04": "7530", "GR_ID_05": "7530", "GR_ID_06": "7130", "GR_ID_07": "7130", "GR_ID_08": "7130", "GR_ID_09": "6060", "GR_ID_10": "6060", "GR_ID_11": "6060", "GR_ID_12": "6060", "ES_GRADE": "K-5", "MS_GRADE": "6-8", "HS_GRADE": "9-12", "Shape__Area": 2389254.515625, "Shape__Length": 7340.9592090567403 }, "geometry": { "type": "Polygon", "coordinates": [ [ [ -75.140775383402001, 40.0641605357401 ], [ -75.140931408396298, 40.064101921816501 ], [ -75.141172167168605, 40.063021348322401 ], [ -75.141514657788306, 40.0614766830778 ], [ -75.141844972453001, 40.059957282735901 ], [ -75.142185377389396, 40.058433920939102 ], [ -75.142294079845499, 40.057950361258797 ], [ -75.142511436528295, 40.056918510438003 ], [ -75.143311180173001, 40.057019504922202 ], [ -75.143418452053098, 40.0570345223136 ], [ -75.144247250829295, 40.057137645268 ], [ -75.144974244905896, 40.057233866859903 ], [ -75.145662372136798, 40.057323147047697 ], [ -75.146457830173503, 40.057363348619198 ], [ -75.147261614948604, 40.057416150221599 ], [ -75.148171764502294, 40.057468158124401 ], [ -75.148895178555506, 40.057508296130599 ], [ -75.149291474300895, 40.057529074292503 ], [ -75.149376337696907, 40.056934032602598 ], [ -75.149480231202205, 40.0562269701568 ], [ -75.149707018503094, 40.054658408253701 ], [ -75.150289561219793, 40.054698951039597 ], [ -75.15056045115, 40.054714783534997 ], [ -75.151296995960394, 40.054755283444102 ], [ -75.152003821778905, 40.054796092284398 ], [ -75.152726536259806, 40.0548345916486 ], [ -75.153525450770999, 40.054867476126901 ], [ -75.154274581752105, 40.054903284833003 ], [ -75.154484164953104, 40.054913169158503 ], [ -75.155159386801799, 40.054939585124501 ], [ -75.156048837144596, 40.054981367030102 ], [ -75.156872945016801, 40.055012393065802 ], [ -75.157076100785204, 40.055006024636 ], [ -75.157345691105803, 40.055012108713399 ], [ -75.157559815324404, 40.055043459256503 ], [ -75.157727904827894, 40.055150751608899 ], [ -75.157750946825303, 40.055162172888103 ], [ -75.157872567571403, 40.055208034124497 ], [ -75.158308667004604, 40.055446351866102 ], [ -75.158892259388097, 40.055777577739498 ], [ -75.158317768206402, 40.0560433928271 ], [ -75.1574622935034, 40.056427556461301 ], [ -75.157480739543502, 40.056513016780798 ], [ -75.157374807493198, 40.058594067140803 ], [ -75.157201816942802, 40.058655267160098 ], [ -75.156900286587998, 40.058784954247798 ], [ -75.155622636325802, 40.0593347587414 ], [ -75.155274710151105, 40.059478907740399 ], [ -75.154516433479301, 40.059796052248103 ], [ -75.153765258495, 40.060107449824599 ], [ -75.154461985007202, 40.061162880034303 ], [ -75.155230727659898, 40.062382030747301 ], [ -75.155256605736994, 40.062440823422101 ], [ -75.155207402608099, 40.0625128747186 ], [ -75.154701512916603, 40.063033670827998 ], [ -75.154112541644295, 40.0636567903586 ], [ -75.153586337439407, 40.064207264639698 ], [ -75.153516000254896, 40.064295047891399 ], [ -75.153401479824197, 40.064354407549999 ], [ -75.152945296421294, 40.0643024096522 ], [ -75.152256843401204, 40.0643070065681 ], [ -75.151886661985401, 40.066001060786597 ], [ -75.1515463100923, 40.067500606913597 ], [ -75.151260827634005, 40.068774844362899 ], [ -75.151141466603505, 40.069315777483801 ], [ -75.1511111898553, 40.069396327448601 ], [ -75.151063684995805, 40.069476667069701 ], [ -75.150971359627903, 40.069576525316002 ], [ -75.150726539410101, 40.0698334340561 ], [ -75.1500424809973, 40.069443972383198 ], [ -75.149607187486893, 40.069196135550399 ], [ -75.148357107838393, 40.068484380205703 ], [ -75.147680470065396, 40.0680991101964 ], [ -75.146667524071006, 40.067529593554397 ], [ -75.145502608652706, 40.066860422394001 ], [ -75.1452208417371, 40.066698561307398 ], [ -75.144556347971701, 40.066320168929202 ], [ -75.144053321835401, 40.0660240411788 ], [ -75.143099837004897, 40.065483991564903 ], [ -75.1418888008469, 40.064798042685297 ], [ -75.140775383402001, 40.0641605357401 ] ] ] } },
{ "type": "Feature", "properties": { "OBJECTID": 137, "ES_ID": "8770", "ES_NAME": "Hancock-LaBrum", "MS_ID": "8770", "MS_NAME": "Hancock-LaBrum", "HS_ID": "8030", "HS_NAME": "Washington, George", "GR_ID_K": "8770", "GR_ID_01": "8770", "GR_ID_02": "8770", "GR_ID_03": "8770", "GR_ID_04": "8770", "GR_ID_05": "8770", "GR_ID_06": "8770", "GR_ID_07": "8770", "GR_ID_08": "8770", "GR_ID_09": "8030", "GR_ID_10": "8030", "GR_ID_11": "8030", "GR_ID_12": "8030", "ES_GRADE": "K-8", "MS_GRADE": "K-8", "HS_GRADE": "9-12", "Shape__Area": 5375490.1953125, "Shape__Length": 13853.379988267699 }, "geometry": { "type": "Polygon", "coordinates": [ [ [ -74.990005425885201, 40.077984967394798 ], [ -74.989221691138795, 40.077305874913698 ], [ -74.988853403702706, 40.077003291167202 ], [ -74.988274079874401, 40.076475217836098 ], [ -74.987570664017298, 40.075834700567498 ], [ -74.987384980801906, 40.075663342348797 ], [ -74.987165126983996, 40.075511113709503 ], [ -74.986888002406502, 40.0753419245709 ], [ -74.9865717915728, 40.0752074176051 ], [ -74.986288601996193, 40.075116003564801 ], [ -74.985996547801406, 40.075028829570698 ], [ -74.985751359775307, 40.074929422930502 ], [ -74.985416064793398, 40.074765510450199 ], [ -74.984634051739803, 40.074344618734898 ], [ -74.983660688532396, 40.0737960745059 ], [ -74.983177304512907, 40.073477582050103 ], [ -74.982879384194902, 40.073270804037698 ], [ -74.981176527236499, 40.071994228325799 ], [ -74.981260144830898, 40.071792943964297 ], [ -74.981349192566299, 40.071502526925002 ], [ -74.981416096943093, 40.070998084345199 ], [ -74.981566631824407, 40.0695315285219 ], [ -74.981650699168696, 40.068819420060898 ], [ -74.981729069746194, 40.068420585803302 ], [ -74.981830900803601, 40.067979378965703 ], [ -74.981953078444207, 40.067572057610697 ], [ -74.9823040579994, 40.066429779127198 ], [ -74.982367132716504, 40.066117685101403 ], [ -74.982415670191898, 40.065745465815198 ], [ -74.982421967655995, 40.065357585841397 ], [ -74.982357208558398, 40.064681864494702 ], [ -74.981062270458693, 40.064933982418601 ], [ -74.980968142492401, 40.064677165631402 ], [ -74.980927195871104, 40.064509226952502 ], [ -74.980908243453499, 40.0642282944222 ], [ -74.980914915984997, 40.064064844508401 ], [ -74.980938546367, 40.063911819562499 ], [ -74.980982791933997, 40.063786004527799 ], [ -74.981021420928499, 40.063584925685198 ], [ -74.981040845191998, 40.063428460897903 ], [ -74.981084819104595, 40.063309317109002 ], [ -74.981097858892795, 40.063202782579502 ], [ -74.981092988933398, 40.063109173893402 ], [ -74.981017446842401, 40.062937063035498 ], [ -74.980935114552096, 40.062824891586601 ], [ -74.980866212976494, 40.062703026579698 ], [ -74.980805111215702, 40.062603054468397 ], [ -74.980808924124403, 40.062509655027199 ], [ -74.980830509238601, 40.062406665834899 ], [ -74.980869598779705, 40.062300759154901 ], [ -74.980913301100401, 40.062188286712697 ], [ -74.980986982465396, 40.062086553947402 ], [ -74.981008975641302, 40.061973558278197 ], [ -74.981030699974696, 40.061867233049497 ], [ -74.981016600889703, 40.061786757574801 ], [ -74.981002913855207, 40.061696274841402 ], [ -74.9809547676536, 40.0615982828973 ], [ -74.980909956520506, 40.0614185668353 ], [ -74.980918655671502, 40.061311927702697 ], [ -74.980936035878401, 40.061205497791398 ], [ -74.980944598779701, 40.061102194736101 ], [ -74.980927386052301, 40.060991594440203 ], [ -74.980918584548206, 40.060887871981897 ], [ -74.980887394894296, 40.0608003067493 ], [ -74.980843998524406, 40.060692412025297 ], [ -74.980768987332794, 40.0606138068486 ], [ -74.980549238189695, 40.0604615934474 ], [ -74.980482569199495, 40.060391538463101 ], [ -74.980425878743901, 40.0602900009251 ], [ -74.980434032520904, 40.060196706114702 ], [ -74.980486280153201, 40.060087778289898 ], [ -74.980558055703995, 40.060032744665897 ], [ -74.980668219061698, 40.059995332209503 ], [ -74.980816908777101, 40.059972204786298 ], [ -74.980935344312698, 40.059945008646501 ], [ -74.981089327416299, 40.059898634716902 ], [ -74.981209670024398, 40.059824737689901 ], [ -74.981312919343594, 40.0597437508033 ], [ -74.9814028748103, 40.059669121306399 ], [ -74.981526210462505, 40.059521838230097 ], [ -74.981612914021596, 40.059420418027102 ], [ -74.981991399118897, 40.058983781122699 ], [ -74.982105370975702, 40.058852965986901 ], [ -74.982187457853897, 40.058758112887901 ], [ -74.982298707013996, 40.058694012906898 ], [ -74.982476840192007, 40.058588115881598 ], [ -74.9826104757108, 40.058507860760102 ], [ -74.982756044636503, 40.058454604203597 ], [ -74.982959679059803, 40.058362677225702 ], [ -74.983329307999895, 40.0581428570406 ], [ -74.983515711796898, 40.058047176623397 ], [ -74.983686918839695, 40.058004553459398 ], [ -74.983841030557599, 40.057954838825502 ], [ -74.983998532553997, 40.05792858113 ], [ -74.984112758931801, 40.057897941132403 ], [ -74.9842490984242, 40.057857815282901 ], [ -74.984373367453301, 40.057794027704503 ], [ -74.984540240643796, 40.057644450296102 ], [ -74.984915219380397, 40.057399712408099 ], [ -74.985067029005805, 40.0572998567079 ], [ -74.985153384590703, 40.057206772236803 ], [ -74.985187575559493, 40.057114103838401 ], [ -74.985182701566998, 40.057020495322497 ], [ -74.985145473073004, 40.056921098234497 ], [ -74.984951434732693, 40.056724435982098 ], [ -74.984821352485, 40.056611118017003 ], [ -74.984694793930004, 40.056517918159301 ], [ -74.984590485513493, 40.056411898100002 ], [ -74.984495132117502, 40.056299417485 ], [ -74.984411711890502, 40.056213934413996 ], [ -74.984339355654299, 40.0560702851378 ], [ -74.984296773883102, 40.055942378805597 ], [ -74.984285480382297, 40.055883478912598 ], [ -74.984271690332307, 40.0558115525414 ], [ -74.9842649230701, 40.055657795301002 ], [ -74.984261137267893, 40.055537499826897 ], [ -74.984250556089506, 40.055418734767798 ], [ -74.984253971271897, 40.055286903263799 ], [ -74.984228686340003, 40.055161082070398 ], [ -74.984179928107807, 40.055078102927197 ], [ -74.984065786390303, 40.055000227431997 ], [ -74.983945622136403, 40.054927769108801 ], [ -74.983798567937598, 40.054840200140497 ], [ -74.983737263791497, 40.054745231844201 ], [ -74.983681389312807, 40.054623681171201 ], [ -74.983621308537494, 40.0544986916196 ], [ -74.9834771230407, 40.054411744539898 ], [ -74.982792959164897, 40.053927806812403 ], [ -74.982540731609106, 40.053826570032903 ], [ -74.982324236064002, 40.053807997990603 ], [ -74.982207080838094, 40.053778079435197 ], [ -74.9819139423238, 40.053718182417398 ], [ -74.981828859421896, 40.053702570311103 ], [ -74.981712796476799, 40.053668593914999 ], [ -74.981592703615604, 40.053633438101997 ], [ -74.981394117154494, 40.053601941105804 ], [ -74.981102393450598, 40.053601588119001 ], [ -74.981046282041106, 40.053600320397301 ], [ -74.981011857903496, 40.053599405977202 ], [ -74.980942740422705, 40.053608050957898 ], [ -74.980832797099694, 40.053621802146097 ], [ -74.980704844489793, 40.0536323915682 ], [ -74.980631874797098, 40.053638170912002 ], [ -74.980492857116701, 40.053646997585403 ], [ -74.980288568097507, 40.053648750335299 ], [ -74.9802020673242, 40.053645216812598 ], [ -74.980168434610107, 40.053643843654399 ], [ -74.980122780968898, 40.053641978813999 ], [ -74.980089030056405, 40.053640600079298 ], [ -74.980042993925196, 40.0536348928336 ], [ -74.980003402437106, 40.053629983424003 ], [ -74.979939086080094, 40.053622008897499 ], [ -74.979838287349907, 40.053609511607398 ], [ -74.979727533766194, 40.053557269464001 ], [ -74.979687857667699, 40.0535385544121 ], [ -74.979659244945395, 40.053525058418401 ], [ -74.979643878453103, 40.053513202818799 ], [ -74.979581100661406, 40.053464770201003 ], [ -74.979511813989205, 40.0534113157006 ], [ -74.979382154657898, 40.053287985090201 ], [ -74.979143043607294, 40.0530785384151 ], [ -74.9788660943846, 40.0528381277853 ], [ -74.978556853632298, 40.052643683149398 ], [ -74.978007922178904, 40.0522150049187 ], [ -74.976840006985299, 40.0511671935487 ], [ -74.976078376512405, 40.050483861339202 ], [ -74.9747858609432, 40.049324180049297 ], [ -74.975263678871798, 40.0487537113465 ], [ -74.975762614998104, 40.048158018053499 ], [ -74.976215735873893, 40.047707605461802 ], [ -74.976641675106904, 40.0474156227069 ], [ -74.981114806579399, 40.051389895654403 ], [ -74.9820910356665, 40.052320646873703 ], [ -74.982735242678402, 40.053023837317397 ], [ -74.983798041098595, 40.0542116596258 ], [ -74.9839674455025, 40.054635593227097 ], [ -74.984018601718006, 40.054716601004699 ], [ -74.984100501991804, 40.054791824306498 ], [ -74.984153277010293, 40.054836238950401 ], [ -74.984259106943696, 40.054912023822503 ], [ -74.984394051738605, 40.055025127998498 ], [ -74.984519679105404, 40.055157517649903 ], [ -74.984756058143006, 40.055366674127598 ], [ -74.985004747372102, 40.055584545939602 ], [ -74.985294888499496, 40.055837138992203 ], [ -74.985908545612702, 40.0563863931947 ], [ -74.987981882501799, 40.058224406503001 ], [ -74.989288651003903, 40.059384614197903 ], [ -74.990434294932001, 40.060405300336498 ], [ -74.990512256409602, 40.060446581860397 ], [ -74.990644028254195, 40.060510180263499 ], [ -74.990857136645204, 40.060668900249198 ], [ -74.991102779964095, 40.060833436221898 ], [ -74.991305147991497, 40.060933982307901 ], [ -74.991495239612107, 40.061014087247599 ], [ -74.991711113412904, 40.061104883835597 ], [ -74.991947448040406, 40.061176027844198 ], [ -74.992398840927606, 40.061277511664798 ], [ -74.992815754421798, 40.061340396307997 ], [ -74.993219470874493, 40.061405482151201 ], [ -74.993569475962403, 40.061502010985997 ], [ -74.993953964646494, 40.061637137654998 ], [ -74.994278704754194, 40.061790974182102 ], [ -74.994516409454306, 40.061923402737797 ], [ -74.995307210665999, 40.062373430137299 ], [ -74.998422534289801, 40.064146170985097 ], [ -74.999025458137197, 40.064489237489603 ], [ -75.0002049262106, 40.065160069853398 ], [ -75.002905378748494, 40.066691370031698 ], [ -75.007271778508994, 40.069170936848003 ], [ -75.004835272088997, 40.0705822592383 ], [ -75.004231516886094, 40.0709336534402 ], [ -75.003943916579203, 40.071130013581097 ], [ -75.003609131979601, 40.0713716995757 ], [ -75.003303372795898, 40.071643110635598 ], [ -75.003042916117295, 40.0719156038843 ], [ -75.0028315401143, 40.072189270840497 ], [ -75.002622760550807, 40.072492030829103 ], [ -75.002468247608704, 40.072761251116901 ], [ -75.002341586476305, 40.073089199792797 ], [ -75.002256418652294, 40.0733656167085 ], [ -74.999537180024802, 40.0718798322564 ], [ -74.998950020507905, 40.072526547175798 ], [ -74.998649421764199, 40.072570429895897 ], [ -74.998544245612905, 40.072670075081803 ], [ -74.998365725394606, 40.072853556859002 ], [ -74.998107032467999, 40.073160390603903 ], [ -74.998030706577694, 40.0732315038547 ], [ -74.997669842021097, 40.0736302492056 ], [ -74.997404793455104, 40.073883921526097 ], [ -74.995923669034696, 40.075311501732102 ], [ -74.995928318081496, 40.075539926477902 ], [ -74.995920349538096, 40.075736154785098 ], [ -74.995894876479099, 40.075879081961297 ], [ -74.995873898327403, 40.076013625232001 ], [ -74.995721446672704, 40.076396196294901 ], [ -74.995566423939096, 40.076702220568301 ], [ -74.995445472595506, 40.076895742637198 ], [ -74.995283863156004, 40.077158463061501 ], [ -74.994922520697799, 40.077039842360499 ], [ -74.994643835062206, 40.076974405265297 ], [ -74.992491451764494, 40.076639005495799 ], [ -74.992375790898606, 40.077064170169798 ], [ -74.9922658792796, 40.077393287651603 ], [ -74.992146253477003, 40.077679247907902 ], [ -74.992023312509602, 40.077921580937797 ], [ -74.9918871834805, 40.078161043729402 ], [ -74.991751956577005, 40.078366881366499 ], [ -74.991616584928295, 40.0785991265017 ], [ -74.991497480846405, 40.078747014100699 ], [ -74.9913801436917, 40.078851509063497 ], [ -74.991184099080698, 40.078988455930002 ], [ -74.990005425885201, 40.077984967394798 ] ] ] } },
{ "type": "Feature", "properties": { "OBJECTID": 138, "ES_ID": "8200", "ES_NAME": "Allen, Ethan", "MS_ID": "8200", "MS_NAME": "Allen, Ethan", "HS_ID": "8010", "HS_NAME": "Lincoln, Abraham", "GR_ID_K": "8200", "GR_ID_01": "8200", "GR_ID_02": "8200", "GR_ID_03": "8200", "GR_ID_04": "8200", "GR_ID_05": "8200", "GR_ID_06": "8200", "GR_ID_07": "8200", "GR_ID_08": "8200", "GR_ID_09": "8010", "GR_ID_10": "8010", "GR_ID_11": "8010", "GR_ID_12": "8010", "ES_GRADE": "K-8", "MS_GRADE": "K-8", "HS_GRADE": "9-12", "Shape__Area": 2521443.046875, "Shape__Length": 7221.8504127474098 }, "geometry": { "type": "Polygon", "coordinates": [ [ [ -75.062383778940102, 40.036803448378997 ], [ -75.061141721543194, 40.036073909494803 ], [ -75.059763610341193, 40.035319929426002 ], [ -75.058125433015903, 40.034413811630799 ], [ -75.056510241037699, 40.0335113396129 ], [ -75.054871374904806, 40.032603785750702 ], [ -75.054804450602802, 40.032558794656502 ], [ -75.0532516889579, 40.031709604075502 ], [ -75.053355052289007, 40.031669759388599 ], [ -75.053513808388601, 40.031576648651402 ], [ -75.053970533476402, 40.031246442791797 ], [ -75.054057492801206, 40.031189895338798 ], [ -75.054802226581899, 40.030651711034999 ], [ -75.055271925747903, 40.030229442016598 ], [ -75.055418884018394, 40.0300956553059 ], [ -75.055663422766102, 40.029852278381398 ], [ -75.056080652575801, 40.029464159407802 ], [ -75.056048068264303, 40.029348635910601 ], [ -75.055636576397305, 40.028870172153901 ], [ -75.055587319390298, 40.028824723721399 ], [ -75.055087050376002, 40.028245544450698 ], [ -75.054545505089706, 40.027616445471502 ], [ -75.055144125807701, 40.027310532534003 ], [ -75.0556941874692, 40.027024122123997 ], [ -75.056297085382994, 40.026712971368603 ], [ -75.056956733478899, 40.0263706828148 ], [ -75.0572815528175, 40.026204467936999 ], [ -75.057596963232101, 40.026040893304703 ], [ -75.057898812428704, 40.025884889490797 ], [ -75.058253572618895, 40.025700946566701 ], [ -75.058806421659796, 40.0263230193287 ], [ -75.060758325558893, 40.0253104806538 ], [ -75.062714137610001, 40.024300625429802 ], [ -75.062804749882901, 40.024411456045002 ], [ -75.0632559102025, 40.024921842055903 ], [ -75.0637942476706, 40.024646873004201 ], [ -75.064300244427301, 40.024381744147597 ], [ -75.064915701863399, 40.024069722433602 ], [ -75.064972691937101, 40.024118552639202 ], [ -75.065438929840397, 40.024650195522703 ], [ -75.065997838579193, 40.0252993116356 ], [ -75.066295158899194, 40.025620117417297 ], [ -75.066521536889397, 40.025813902384598 ], [ -75.066684697302406, 40.025849466850303 ], [ -75.067838960907906, 40.026500146868699 ], [ -75.067959232349807, 40.026592151061699 ], [ -75.067092072611899, 40.026785391259601 ], [ -75.066186682717998, 40.026923632002102 ], [ -75.073045655982895, 40.031303827865003 ], [ -75.073515682530697, 40.031563098093699 ], [ -75.0738713682004, 40.031772714530398 ], [ -75.073694285797202, 40.032116486465902 ], [ -75.073556365790196, 40.032371505484598 ], [ -75.073561960825401, 40.0324538550014 ], [ -75.073607359653494, 40.032526314198101 ], [ -75.073827429292606, 40.032653510106002 ], [ -75.074834619532197, 40.033211351792303 ], [ -75.074937392529094, 40.033265805962898 ], [ -75.075062533979207, 40.033358062487899 ], [ -75.075150485919593, 40.033454730128 ], [ -75.075253050613398, 40.033669521171397 ], [ -75.075301259688302, 40.0337917888425 ], [ -75.074441677919793, 40.033989321781199 ], [ -75.071486408983901, 40.034673494509498 ], [ -75.071099301879897, 40.034751995878203 ], [ -75.069599130569003, 40.035102504086403 ], [ -75.068101717138205, 40.035439943680203 ], [ -75.067674158640202, 40.035535622616699 ], [ -75.066097022591194, 40.035916394402598 ], [ -75.065182147838001, 40.036133817416598 ], [ -75.064365384096405, 40.036315411477801 ], [ -75.063568271816195, 40.036493596702101 ], [ -75.063198202003804, 40.036594491021503 ], [ -75.062900293671106, 40.036714034620204 ], [ -75.062504596148599, 40.0369025232322 ], [ -75.062383778940102, 40.036803448378997 ] ] ] } },
{ "type": "Feature", "properties": { "OBJECTID": 139, "ES_ID": "8210", "ES_NAME": "Brown, Joseph H", "MS_ID": "8140", "MS_NAME": "Meehan, Austin", "HS_ID": "8010", "HS_NAME": "Lincoln, Abraham", "GR_ID_K": "8210", "GR_ID_01": "8210", "GR_ID_02": "8210", "GR_ID_03": "8210", "GR_ID_04": "8210", "GR_ID_05": "8210", "GR_ID_06": "8210", "GR_ID_07": "8210", "GR_ID_08": "8140", "GR_ID_09": "8010", "GR_ID_10": "8010", "GR_ID_11": "8010", "GR_ID_12": "8010", "ES_GRADE": "K-7", "MS_GRADE": "8", "HS_GRADE": "9-12", "Shape__Area": 9030930.23046875, "Shape__Length": 13704.4268819807 }, "geometry": { "type": "Polygon", "coordinates": [ [ [ -75.029309668607993, 40.0467190287401 ], [ -75.028390144383707, 40.047139589538702 ], [ -75.027149439620999, 40.0477070274017 ], [ -75.0263977084808, 40.0480508216937 ], [ -75.026112124620695, 40.0481814278846 ], [ -75.026046552507395, 40.048347964028302 ], [ -75.025967042916307, 40.048549899195599 ], [ -75.026117455653093, 40.048929197900598 ], [ -75.026210029157099, 40.049162639817403 ], [ -75.026326033846104, 40.049455166147503 ], [ -75.0258974658433, 40.049529796136497 ], [ -75.025489797269401, 40.049621506855203 ], [ -75.025021927561895, 40.049775148579101 ], [ -75.024609931346404, 40.049974464906803 ], [ -75.0240072139636, 40.0502009371505 ], [ -75.022874626441606, 40.050687279345198 ], [ -75.022588465294703, 40.050832550702196 ], [ -75.022233477851799, 40.0510490555735 ], [ -75.022027902395607, 40.051240592676599 ], [ -75.021823341561799, 40.0514068104115 ], [ -75.021608504875203, 40.051623471801399 ], [ -75.021486314105999, 40.051791643443998 ], [ -75.021348409628004, 40.051940434841697 ], [ -75.021070986317795, 40.052073240394201 ], [ -75.020825244723, 40.052142090351701 ], [ -75.020423145617599, 40.052190906671299 ], [ -75.019984286504297, 40.052237502759702 ], [ -75.019523263744404, 40.052220209846901 ], [ -75.019186052588097, 40.052199522031898 ], [ -75.018899028411198, 40.052161019443403 ], [ -75.018638753930205, 40.052072462225603 ], [ -75.018387991720303, 40.0519524493929 ], [ -75.0181709426802, 40.051814230778902 ], [ -75.017864819639598, 40.051635875010803 ], [ -75.017672229253293, 40.051504573334398 ], [ -75.017546046824606, 40.051362176602801 ], [ -75.017552165458397, 40.051210255069201 ], [ -75.017590976456205, 40.051065446475697 ], [ -75.017691190173593, 40.050624304933599 ], [ -75.017741296634398, 40.050403731875498 ], [ -75.017758455858299, 40.050182376085402 ], [ -75.017790814375502, 40.049993062093499 ], [ -75.017882024861393, 40.049570711411803 ], [ -75.018032244920903, 40.049320839841698 ], [ -75.018163697424797, 40.049127546145399 ], [ -75.018333019135994, 40.049017522145398 ], [ -75.018535031680102, 40.048914612369302 ], [ -75.018749696156405, 40.048907044842103 ], [ -75.019032392400405, 40.048919492984602 ], [ -75.019355645508099, 40.049010154873002 ], [ -75.019585254312503, 40.049040957534203 ], [ -75.019883813875097, 40.048997363603299 ], [ -75.019993437897696, 40.048936609223198 ], [ -75.0201128268167, 40.048838068482397 ], [ -75.020126157560298, 40.048711662364802 ], [ -75.0200815769537, 40.048590216264998 ], [ -75.020056526420007, 40.0483932030453 ], [ -75.019994875717799, 40.048081267755499 ], [ -75.019984838513494, 40.0480220559065 ], [ -75.018565347091197, 40.047109632946203 ], [ -75.016379662330195, 40.045681538290999 ], [ -75.014704915561495, 40.044353956284702 ], [ -75.013424411687694, 40.043315228609202 ], [ -75.012710240563706, 40.043788911005301 ], [ -75.012469157913102, 40.043595735267203 ], [ -75.011395622542395, 40.042736854437898 ], [ -75.0113439707808, 40.042682044980999 ], [ -75.0101029100543, 40.041680527811501 ], [ -75.006975252898897, 40.0407490814043 ], [ -75.004839832022896, 40.040132300125101 ], [ -75.002508445009397, 40.038084418143399 ], [ -75.000321192329494, 40.036192430407198 ], [ -74.998995486068495, 40.035064858761203 ], [ -74.995924948848895, 40.032777466191902 ], [ -74.997266401978607, 40.031584674612198 ], [ -74.998411015156606, 40.030588645852497 ], [ -74.999760741864307, 40.029612880077103 ], [ -75.001594945699793, 40.028507721830103 ], [ -75.003161964130101, 40.027510275617701 ], [ -75.006336634555893, 40.025523486255601 ], [ -75.009693755974993, 40.023470975756901 ], [ -75.012103291604504, 40.021660625414697 ], [ -75.014397679393994, 40.020180929736597 ], [ -75.020089299767506, 40.025197085995302 ], [ -75.023995486133799, 40.0300176955854 ], [ -75.025356310376097, 40.031704366856196 ], [ -75.026283092215493, 40.032849171899997 ], [ -75.027420496359497, 40.034139369706303 ], [ -75.0274705947337, 40.034197669822902 ], [ -75.028011982602607, 40.0350893016792 ], [ -75.028577099459, 40.036005092406597 ], [ -75.028892362794394, 40.036458175333301 ], [ -75.029136045284105, 40.036892002720897 ], [ -75.029157548579406, 40.036948264908098 ], [ -75.029680587949201, 40.037802745003297 ], [ -75.029322670161704, 40.037940157115102 ], [ -75.030058202083893, 40.039141999822299 ], [ -75.030845160821201, 40.040427044244602 ], [ -75.028259743224396, 40.0413748710749 ], [ -75.029679083458703, 40.043259970044502 ], [ -75.031553653399101, 40.045692649095798 ], [ -75.031037156117804, 40.045928897626098 ], [ -75.030745309340304, 40.046062387013897 ], [ -75.029309668607993, 40.0467190287401 ] ] ] } },
{ "type": "Feature", "properties": { "OBJECTID": 140, "ES_ID": "8230", "ES_NAME": "Crossan, Kennedy C", "MS_ID": "8120", "MS_NAME": "Wilson, Woodrow", "HS_ID": "8020", "HS_NAME": "Northeast High", "GR_ID_K": "8230", "GR_ID_01": "8230", "GR_ID_02": "8230", "GR_ID_03": "8230", "GR_ID_04": "8230", "GR_ID_05": "8230", "GR_ID_06": "8120", "GR_ID_07": "8120", "GR_ID_08": "8120", "GR_ID_09": "8020", "GR_ID_10": "8020", "GR_ID_11": "8020", "GR_ID_12": "8020", "ES_GRADE": "K-5", "MS_GRADE": "6-8", "HS_GRADE": "9-12", "Shape__Area": 3277467.0078125, "Shape__Length": 8720.7820146331196 }, "geometry": { "type": "Polygon", "coordinates": [ [ [ -75.085312075451796, 40.068521167059501 ], [ -75.084627130693306, 40.068377398362301 ], [ -75.084323813520299, 40.068311479659201 ], [ -75.083728366006795, 40.068183061120003 ], [ -75.082042654278595, 40.068060519308403 ], [ -75.080967422792995, 40.0679836155008 ], [ -75.078903359886596, 40.066844447308704 ], [ -75.078053308758896, 40.0663698614621 ], [ -75.077889120624505, 40.066235840650698 ], [ -75.077720417188601, 40.066044421140703 ], [ -75.077675296593995, 40.065975115414197 ], [ -75.0775092214149, 40.065692670689799 ], [ -75.077361761572405, 40.065440155081099 ], [ -75.0771576427734, 40.065052854019299 ], [ -75.075992914434295, 40.064351552079799 ], [ -75.075377709890802, 40.0639798784633 ], [ -75.073544993099404, 40.062944572073199 ], [ -75.073306660009607, 40.062821203742601 ], [ -75.072950178340506, 40.0626233377792 ], [ -75.072752864707297, 40.062529634704802 ], [ -75.072439690256999, 40.062433231362299 ], [ -75.072143094108, 40.062383808129397 ], [ -75.071285524220997, 40.062293461358301 ], [ -75.070862574328501, 40.062236078252504 ], [ -75.0705337198102, 40.062145242761801 ], [ -75.070312769203795, 40.062062864387499 ], [ -75.069881992350403, 40.061833431378297 ], [ -75.068950606677205, 40.061308417168902 ], [ -75.068076941363103, 40.060833372521103 ], [ -75.068768226981007, 40.0600569818561 ], [ -75.069226972265, 40.059592335644702 ], [ -75.070420593956896, 40.0583563558977 ], [ -75.071595049704101, 40.057113503364299 ], [ -75.073258164642894, 40.055339140036097 ], [ -75.074097540284598, 40.0558283580202 ], [ -75.075034337141702, 40.056368199403401 ], [ -75.076735989609304, 40.057359765392199 ], [ -75.078633735589406, 40.055366090010097 ], [ -75.078945634058798, 40.055024508337297 ], [ -75.079219039346498, 40.054728535439303 ], [ -75.079510494336006, 40.054427473455398 ], [ -75.079817509324101, 40.054093589891998 ], [ -75.080851617774897, 40.0546689348377 ], [ -75.081867782912397, 40.055223515113397 ], [ -75.082753812716504, 40.055731404170103 ], [ -75.0836571127507, 40.056222151797897 ], [ -75.083993638777798, 40.0558703656056 ], [ -75.084230195962803, 40.055604363245997 ], [ -75.084515687120899, 40.055300616914103 ], [ -75.084873409397403, 40.054890627466101 ], [ -75.085797451345798, 40.055433904859903 ], [ -75.085878202438806, 40.055511891587599 ], [ -75.0859601142635, 40.055576179679498 ], [ -75.086179193280699, 40.055703540984197 ], [ -75.086621991530293, 40.0559549396067 ], [ -75.088411613332994, 40.056949351346901 ], [ -75.089974078386504, 40.0578301660044 ], [ -75.090849180977798, 40.058255894587397 ], [ -75.092526919873507, 40.056922703468999 ], [ -75.093337587866003, 40.057023414386201 ], [ -75.093458201921294, 40.057197720598502 ], [ -75.093542865380897, 40.057320072565503 ], [ -75.093616789072598, 40.057426264788297 ], [ -75.092742397785102, 40.058307462943297 ], [ -75.092076763737793, 40.058974922309901 ], [ -75.089765561480306, 40.061301979695699 ], [ -75.089004611674298, 40.062060352958397 ], [ -75.088241427526597, 40.062820927779498 ], [ -75.087466289139499, 40.063593397486201 ], [ -75.0878987705604, 40.063845046281699 ], [ -75.088766843068598, 40.064350147074499 ], [ -75.089447930898103, 40.064745602214003 ], [ -75.090372343371897, 40.065284287916597 ], [ -75.089030581757797, 40.0666073733613 ], [ -75.087234416386593, 40.068399260805997 ], [ -75.0870782026375, 40.068573915193497 ], [ -75.085312075451796, 40.068521167059501 ] ] ] } },
{ "type": "Feature", "properties": { "OBJECTID": 141, "ES_ID": "8360", "ES_NAME": "Rhawnhurst", "MS_ID": "8120", "MS_NAME": "Wilson, Woodrow", "HS_ID": "8020", "HS_NAME": "Northeast High", "GR_ID_K": "8360", "GR_ID_01": "8360", "GR_ID_02": "8360", "GR_ID_03": "8360", "GR_ID_04": "8360", "GR_ID_05": "8360", "GR_ID_06": "8120", "GR_ID_07": "8120", "GR_ID_08": "8120", "GR_ID_09": "8020", "GR_ID_10": "8020", "GR_ID_11": "8020", "GR_ID_12": "8020", "ES_GRADE": "K-5", "MS_GRADE": "6-8", "HS_GRADE": "9-12", "Shape__Area": 4949283.23828125, "Shape__Length": 9457.3427943933802 }, "geometry": { "type": "Polygon", "coordinates": [ [ [ -75.064059933562007, 40.066778347848398 ], [ -75.063042555430997, 40.066152880603603 ], [ -75.062559378966597, 40.065846706393103 ], [ -75.062183223655197, 40.065612791396397 ], [ -75.061338342163694, 40.065065881071497 ], [ -75.059626593589797, 40.063983472946603 ], [ -75.057699895178899, 40.062796902797302 ], [ -75.056148066522795, 40.061841488964198 ], [ -75.0541863147469, 40.060727072049801 ], [ -75.052410020267203, 40.059748687785799 ], [ -75.052024918563802, 40.059544784051198 ], [ -75.050584447891694, 40.0587786600219 ], [ -75.048562620418807, 40.057671578563799 ], [ -75.048148095554893, 40.057447530214802 ], [ -75.047807213152396, 40.057256781521403 ], [ -75.047399264889705, 40.057040197037701 ], [ -75.047006059478704, 40.0568272097833 ], [ -75.046858690871005, 40.0567470272604 ], [ -75.0466814411282, 40.0566532339204 ], [ -75.046539087924501, 40.056576711904697 ], [ -75.047381374243301, 40.055753073554101 ], [ -75.047499917853102, 40.0556573658194 ], [ -75.047751365546802, 40.055372398535397 ], [ -75.049051925972094, 40.054085174650098 ], [ -75.049649033317294, 40.0534864427675 ], [ -75.049939355157804, 40.053204715816598 ], [ -75.050160927058599, 40.052963130675899 ], [ -75.050344976382107, 40.052695982791803 ], [ -75.050426493738996, 40.052584373569701 ], [ -75.050467424220997, 40.052516380899696 ], [ -75.050520219163602, 40.052422369931499 ], [ -75.050716371746503, 40.051991219700597 ], [ -75.050836591774001, 40.0515159647289 ], [ -75.050892245371003, 40.051111784676898 ], [ -75.050907288914203, 40.050767772136901 ], [ -75.050910910102402, 40.050588596490897 ], [ -75.051054483152001, 40.049078839472799 ], [ -75.051129950201499, 40.048318515397 ], [ -75.051149398473797, 40.048122570049202 ], [ -75.051350686118099, 40.047555946413901 ], [ -75.051688652294501, 40.046966664029398 ], [ -75.052213362703398, 40.046396037461498 ], [ -75.054290317571898, 40.044455891595497 ], [ -75.054436582088599, 40.044537997125701 ], [ -75.054649701330007, 40.044654429663403 ], [ -75.055725204854596, 40.045265602460198 ], [ -75.056145851852605, 40.045508313686497 ], [ -75.056385772585102, 40.045649004024803 ], [ -75.056716471487803, 40.045843948702199 ], [ -75.057050435439393, 40.046039385208097 ], [ -75.057372465197901, 40.046216679522601 ], [ -75.057727770898595, 40.046419640580098 ], [ -75.058067916751497, 40.046640459865401 ], [ -75.058370215564693, 40.046814503737401 ], [ -75.0599389955227, 40.047760404540398 ], [ -75.061377021874094, 40.048594681061303 ], [ -75.062385935814703, 40.0491573171307 ], [ -75.063440408647295, 40.0497604688114 ], [ -75.063549503045095, 40.049788016836303 ], [ -75.063832592256503, 40.0499400713962 ], [ -75.064188375933, 40.050138878806997 ], [ -75.064563048734698, 40.050347969624703 ], [ -75.064845249311404, 40.0505032166284 ], [ -75.0651338599978, 40.0506736304079 ], [ -75.065405360568406, 40.050818127844799 ], [ -75.065757559975793, 40.051017341085398 ], [ -75.066048583734002, 40.051190411954302 ], [ -75.067726079683297, 40.052154676158302 ], [ -75.068505204251593, 40.052599882036603 ], [ -75.069135291625898, 40.052958500611602 ], [ -75.069724084216105, 40.053294014460299 ], [ -75.071473092454397, 40.054303700212003 ], [ -75.073258164642894, 40.055339140036097 ], [ -75.071595049704101, 40.057113503364299 ], [ -75.070420593956896, 40.0583563558977 ], [ -75.069226972265, 40.059592335644702 ], [ -75.068768226981007, 40.0600569818561 ], [ -75.068076941363103, 40.060833372521103 ], [ -75.068950606677205, 40.061308417168902 ], [ -75.069881992350403, 40.061833431378297 ], [ -75.065028436495496, 40.067353330624599 ], [ -75.064059933562007, 40.066778347848398 ] ] ] } },
{ "type": "Feature", "properties": { "OBJECTID": 142, "ES_ID": "8370", "ES_NAME": "Comly, Watson", "MS_ID": "8160", "MS_NAME": "Baldi, CCA", "HS_ID": "8030", "HS_NAME": "Washington, George", "GR_ID_K": "8370", "GR_ID_01": "8370", "GR_ID_02": "8370", "GR_ID_03": "8370", "GR_ID_04": "8370", "GR_ID_05": "8370", "GR_ID_06": "8160", "GR_ID_07": "8160", "GR_ID_08": "8160", "GR_ID_09": "8030", "GR_ID_10": "8030", "GR_ID_11": "8030", "GR_ID_12": "8030", "ES_GRADE": "K-5", "MS_GRADE": "6-8", "HS_GRADE": "9-12", "Shape__Area": 14607951.1445313, "Shape__Length": 22135.809698166999 }, "geometry": { "type": "Polygon", "coordinates": [ [ [ -75.014562405771699, 40.137688766252403 ], [ -75.013870161044494, 40.137267471682499 ], [ -75.012235676820296, 40.136266395992102 ], [ -75.011461067643495, 40.135791952101698 ], [ -75.010623932712306, 40.135279196488597 ], [ -75.010429490887404, 40.135160096271399 ], [ -75.009464935824397, 40.1345792424205 ], [ -75.009095550422501, 40.134364292566502 ], [ -75.008337700549205, 40.133923282958698 ], [ -75.006903517861403, 40.133088668509998 ], [ -75.005960344303702, 40.132540019918999 ], [ -75.003271745265593, 40.130975953316799 ], [ -75.000953453035294, 40.129619386676602 ], [ -74.999741846951295, 40.128915142811103 ], [ -74.998536419873204, 40.128206044204802 ], [ -74.997886787934405, 40.127826047134398 ], [ -74.997803631489106, 40.127911853773597 ], [ -74.997573931063599, 40.128127704817302 ], [ -74.997451384405593, 40.128259289377503 ], [ -74.994197016239397, 40.131518253529201 ], [ -74.993848615307101, 40.131862818277 ], [ -74.993674905324298, 40.1317424735632 ], [ -74.993509580721195, 40.1316238703536 ], [ -74.993432788869001, 40.131559630521203 ], [ -74.993357062243604, 40.131469295304498 ], [ -74.9932125125395, 40.131327972822099 ], [ -74.993102667350101, 40.131193284852998 ], [ -74.992998490453999, 40.131058733543398 ], [ -74.992923294636796, 40.130955350752302 ], [ -74.992842607869207, 40.130824263797699 ], [ -74.992781991223595, 40.130734292184698 ], [ -74.992752832808193, 40.130614597199497 ], [ -74.992745630877195, 40.130512845193898 ], [ -74.9927734854585, 40.130432248039298 ], [ -74.992815326723999, 40.130309903912803 ], [ -74.992904065035603, 40.130219883257602 ], [ -74.993048695299393, 40.130196504050801 ], [ -74.993109895774097, 40.130063014614599 ], [ -74.993102275897499, 40.129901754641701 ], [ -74.993161766427804, 40.129787088814403 ], [ -74.993279865318499, 40.129742031795203 ], [ -74.993390704748094, 40.129712762061203 ], [ -74.993504435757103, 40.129658894074602 ], [ -74.993504313597398, 40.129522482196499 ], [ -74.993451132786603, 40.129435591454602 ], [ -74.993418840328303, 40.129183767396299 ], [ -74.993423969865603, 40.129011204656102 ], [ -74.993508006064204, 40.128781034254999 ], [ -74.993661929393795, 40.128761506558597 ], [ -74.993693442697804, 40.1286838992174 ], [ -74.993784802920899, 40.128622236810898 ], [ -74.993805217518798, 40.128492124439603 ], [ -74.993661854315803, 40.128391461447201 ], [ -74.9936887617651, 40.128217968124503 ], [ -74.993669989867499, 40.128121743534599 ], [ -74.993753790037303, 40.1279205905102 ], [ -74.993895546171004, 40.127758556466503 ], [ -74.994006321682704, 40.127684301011101 ], [ -74.994101752270794, 40.127615480583401 ], [ -74.994238435768395, 40.127508470434698 ], [ -74.994409106327396, 40.127286179061898 ], [ -74.994474491617297, 40.127119413965197 ], [ -74.994528189008193, 40.126961074856297 ], [ -74.994545822273196, 40.126690132888299 ], [ -74.994482428054397, 40.126528986522601 ], [ -74.994428126725197, 40.126423202921501 ], [ -74.994351986608294, 40.126226925958903 ], [ -74.994277619814298, 40.126149683761902 ], [ -74.994154978237106, 40.126097406489102 ], [ -74.993926048605104, 40.126055640140002 ], [ -74.993482827355393, 40.126007288339999 ], [ -74.993148846175004, 40.125945590319397 ], [ -74.992877896054694, 40.125914426532198 ], [ -74.9926376379847, 40.125918824014498 ], [ -74.992365450754903, 40.125941320019699 ], [ -74.992045696823595, 40.1259946020161 ], [ -74.991703868284205, 40.126079277423401 ], [ -74.991455523791501, 40.126142975635901 ], [ -74.991068014160604, 40.126212041856199 ], [ -74.990783727169102, 40.126276328004501 ], [ -74.990621900129995, 40.126304369967599 ], [ -74.990397050764997, 40.1262589694688 ], [ -74.990295652619196, 40.126238497063497 ], [ -74.990082953251004, 40.1262391966116 ], [ -74.989742540925903, 40.126242635229502 ], [ -74.9895610605206, 40.12624263419 ], [ -74.989339570545198, 40.126203940454197 ], [ -74.989157560676006, 40.126170548897697 ], [ -74.989060478130895, 40.126117427160501 ], [ -74.989043601439903, 40.126021245325298 ], [ -74.989013918777701, 40.125914600166602 ], [ -74.988985832171593, 40.125768810595297 ], [ -74.989071235041806, 40.125609783301599 ], [ -74.989015233198202, 40.125487993764303 ], [ -74.988940223600196, 40.125426694844997 ], [ -74.988799176695693, 40.125315923368603 ], [ -74.988705494339001, 40.125133006409399 ], [ -74.988501933673604, 40.124700755212203 ], [ -74.988484410756399, 40.124574082883598 ], [ -74.9883915327068, 40.124278721430102 ], [ -74.988363384207403, 40.124180818059003 ], [ -74.988241996322103, 40.124051653232002 ], [ -74.988059228826501, 40.1239674495488 ], [ -74.987840693386204, 40.123949140856404 ], [ -74.987708266640894, 40.123905327537102 ], [ -74.987544384342399, 40.123798360723796 ], [ -74.987386940483304, 40.123672681863098 ], [ -74.987316420469597, 40.123594077491902 ], [ -74.987196565704096, 40.123520090703501 ], [ -74.987046727108407, 40.123486015973803 ], [ -74.986845908629306, 40.123334625798698 ], [ -74.986671177113195, 40.123169348659999 ], [ -74.986520754701601, 40.123056898172599 ], [ -74.986426272571606, 40.1230560784144 ], [ -74.986245031682202, 40.123143145701498 ], [ -74.986038116030798, 40.123257167296003 ], [ -74.985921320508098, 40.123339978328701 ], [ -74.9856760415244, 40.123490806570999 ], [ -74.985529320442495, 40.123612078858599 ], [ -74.985134488859202, 40.123837673701402 ], [ -74.9850001630018, 40.123909903780799 ], [ -74.984866605868504, 40.123940069785903 ], [ -74.984700125007194, 40.123943321208799 ], [ -74.984554183157897, 40.123906436399899 ], [ -74.984456340926201, 40.1238489401942 ], [ -74.984387891926204, 40.123766028910502 ], [ -74.984359629926104, 40.123671024011301 ], [ -74.9843076481163, 40.123601570519597 ], [ -74.984214464524996, 40.123568854572902 ], [ -74.984080262296303, 40.123568530138698 ], [ -74.9839767474882, 40.123603768900097 ], [ -74.983678483824505, 40.123616912717203 ], [ -74.983545223801698, 40.123639827160503 ], [ -74.983439824190697, 40.123628583732497 ], [ -74.983138691236107, 40.123457359620197 ], [ -74.982907365587394, 40.1233357005786 ], [ -74.982820796118204, 40.123279925782299 ], [ -74.982683071445905, 40.123157617060201 ], [ -74.982612683473207, 40.123029672312597 ], [ -74.982586731185194, 40.122924565680997 ], [ -74.982594863309203, 40.122771664103901 ], [ -74.982739269516799, 40.122545130503497 ], [ -74.982757990379397, 40.122457062155704 ], [ -74.982724127967401, 40.122360470397098 ], [ -74.982635210131306, 40.122223373649298 ], [ -74.982477885995294, 40.121932984016702 ], [ -74.982293560280098, 40.1219104085664 ], [ -74.982193543323405, 40.121813676948399 ], [ -74.982253162443101, 40.121696117183603 ], [ -74.982380005431395, 40.121529385831799 ], [ -74.982389874664705, 40.121426590141702 ], [ -74.982413671478199, 40.121306717456001 ], [ -74.982456228794803, 40.121236634093599 ], [ -74.982601761018898, 40.121190797695199 ], [ -74.982771310445202, 40.121158599999703 ], [ -74.9829324232999, 40.121101526991602 ], [ -74.983003957894695, 40.121016180129203 ], [ -74.983069238450895, 40.1208987553075 ], [ -74.983082528231606, 40.120804749775999 ], [ -74.983079418381394, 40.120649402508398 ], [ -74.983035005686801, 40.120464038128098 ], [ -74.9829845631333, 40.120356888863398 ], [ -74.982923018422994, 40.120290106861702 ], [ -74.982789364142803, 40.120230294810398 ], [ -74.982695397472995, 40.120147495465602 ], [ -74.982619786704106, 40.1200549782683 ], [ -74.982516285932903, 40.119997343147197 ], [ -74.982372656034002, 40.119950351454698 ], [ -74.982165822981699, 40.119923607179999 ], [ -74.981982708593407, 40.1199177479835 ], [ -74.981834883313297, 40.119927250547804 ], [ -74.981698971125894, 40.119968964466203 ], [ -74.981588728852699, 40.1200301609259 ], [ -74.981508878353907, 40.120087736821702 ], [ -74.981359801853003, 40.1201509004649 ], [ -74.981205482277304, 40.120180560403597 ], [ -74.981053937588698, 40.120188520809201 ], [ -74.980871118690203, 40.120175412492102 ], [ -74.980726778723394, 40.120145815627602 ], [ -74.980413610985707, 40.1200845808564 ], [ -74.980292707526303, 40.120013464502797 ], [ -74.980105978388195, 40.119858284291404 ], [ -74.9799670226665, 40.119742805769697 ], [ -74.981476879440507, 40.118685018122598 ], [ -74.983297033904606, 40.117261773919097 ], [ -74.9837686319065, 40.116953695802003 ], [ -74.984978276263803, 40.116056192670598 ], [ -74.987778997369801, 40.1141361211955 ], [ -74.989623595271496, 40.112855830582802 ], [ -74.990722603815897, 40.112109566345403 ], [ -74.995500488574905, 40.108807147880498 ], [ -74.996681115117397, 40.108008608622796 ], [ -74.996825415100304, 40.107909465642201 ], [ -74.996691169783205, 40.107783940824703 ], [ -74.996397553335299, 40.107529902912397 ], [ -74.994710007375701, 40.106129595321903 ], [ -74.994437827497094, 40.105860238594403 ], [ -74.992179939779703, 40.103971670905104 ], [ -74.990036906587207, 40.102127089857397 ], [ -74.988921211151705, 40.1012047056917 ], [ -74.988074896128396, 40.100458341731297 ], [ -74.986677018187294, 40.099288090762897 ], [ -74.986864586448306, 40.099155696811003 ], [ -74.987285725266503, 40.098859401334501 ], [ -74.987542235655198, 40.0986668095345 ], [ -74.987814274291594, 40.098411533776101 ], [ -74.988017282464696, 40.098206327242302 ], [ -74.988258232457198, 40.097973752880002 ], [ -74.988454340332794, 40.0978087800016 ], [ -74.991267513015401, 40.095787303431003 ], [ -74.994688712613197, 40.098523849213898 ], [ -74.995465783483098, 40.099175440760298 ], [ -74.996575973889605, 40.100148178858802 ], [ -74.997240444062101, 40.100759592589398 ], [ -74.998168532452695, 40.101615177524103 ], [ -74.998387980809099, 40.1018589915695 ], [ -74.998735133151897, 40.1023183208058 ], [ -74.999012783648297, 40.1025860835461 ], [ -74.999807681290804, 40.103246084970998 ], [ -75.001341956122801, 40.104481483901203 ], [ -75.001369619013204, 40.1045701473154 ], [ -75.001499633332898, 40.104687233392497 ], [ -75.001648062765497, 40.1048106011012 ], [ -75.001798483811299, 40.104939821742001 ], [ -75.009787595158699, 40.111457118772698 ], [ -75.013158892800007, 40.113979746978202 ], [ -75.014057532774999, 40.114366180914303 ], [ -75.014886867487903, 40.1147795468585 ], [ -75.017168508419502, 40.116125481390199 ], [ -75.0173949993723, 40.116189486568203 ], [ -75.017604483534001, 40.116201791945102 ], [ -75.0179033312793, 40.116128287225898 ], [ -75.018301242261003, 40.115788602071099 ], [ -75.019054859629705, 40.116207608753299 ], [ -75.019876029574704, 40.1166724820052 ], [ -75.020935069418101, 40.117253490873203 ], [ -75.022017409635794, 40.117826575104097 ], [ -75.022162935300699, 40.117902279181699 ], [ -75.022986024787002, 40.118350915222599 ], [ -75.023774319767497, 40.118775100926499 ], [ -75.0246096284815, 40.119225885988698 ], [ -75.025514404768003, 40.119723693837798 ], [ -75.027826479843199, 40.120933257125301 ], [ -75.028548714960195, 40.121335146815298 ], [ -75.029383715087903, 40.121743875950301 ], [ -75.029775062556396, 40.1218842698446 ], [ -75.030071673418803, 40.121951464027397 ], [ -75.030439479661794, 40.1220203429192 ], [ -75.030658060273893, 40.122039272649303 ], [ -75.031108069044294, 40.122052563828902 ], [ -75.031626758199806, 40.122026027557503 ], [ -75.032145896933798, 40.121940325860599 ], [ -75.032649414343396, 40.1217955809039 ], [ -75.0337405110118, 40.121386038323003 ], [ -75.034875268772396, 40.120983787849497 ], [ -75.036497906925703, 40.120400056786501 ], [ -75.037672512247298, 40.120152664651101 ], [ -75.037910445555596, 40.120176647814297 ], [ -75.031655421634497, 40.124512853984797 ], [ -75.025788717678097, 40.128579047380398 ], [ -75.025357118864704, 40.128898490120399 ], [ -75.024894622665698, 40.129225842128498 ], [ -75.020574016620699, 40.132283704887598 ], [ -75.017952530649794, 40.134857424135902 ], [ -75.014967423789898, 40.137934841949999 ], [ -75.014562405771699, 40.137688766252403 ] ] ] } },
{ "type": "Feature", "properties": { "OBJECTID": 143, "ES_ID": "7400", "ES_NAME": "Olney Elementary", "MS_ID": "7400", "MS_NAME": "Olney Elementary", "HS_ID": "3414", "HS_NAME": "Aspira Olney Charter High School", "GR_ID_K": "7400", "GR_ID_01": "7400", "GR_ID_02": "7400", "GR_ID_03": "7400", "GR_ID_04": "7400", "GR_ID_05": "7400", "GR_ID_06": "7400", "GR_ID_07": "7400", "GR_ID_08": "7400", "GR_ID_09": "3414", "GR_ID_10": "3414", "GR_ID_11": "3414", "GR_ID_12": "3414", "ES_GRADE": "K-8", "MS_GRADE": "K-8", "HS_GRADE": "9-12", "Shape__Area": 1915057.19140625, "Shape__Length": 5896.65535307149 }, "geometry": { "type": "Polygon", "coordinates": [ [ [ -75.111061375405797, 40.033997112708299 ], [ -75.110964075779293, 40.033788507841599 ], [ -75.110867684012305, 40.0335714026983 ], [ -75.110832004201299, 40.033489069340398 ], [ -75.110757824189307, 40.033315613099298 ], [ -75.110733564726402, 40.033169237433803 ], [ -75.110742279961499, 40.033073505048698 ], [ -75.110786206336897, 40.0329709050337 ], [ -75.110834224481394, 40.032891424850902 ], [ -75.110862591006295, 40.032803819004201 ], [ -75.110882703583201, 40.032543341095099 ], [ -75.110935716885606, 40.0323354266202 ], [ -75.110982473914902, 40.032159982949203 ], [ -75.110988735483801, 40.031998958701998 ], [ -75.111020531537093, 40.031823172143497 ], [ -75.111051880167494, 40.031658887757303 ], [ -75.111061936528003, 40.031528648793497 ], [ -75.111067303377396, 40.031390628002498 ], [ -75.111085990735205, 40.031295125637598 ], [ -75.111112053247695, 40.031138393849297 ], [ -75.111132805511701, 40.031051970849099 ], [ -75.111147791533298, 40.030989557550299 ], [ -75.111155313345506, 40.030924495812599 ], [ -75.111139096273206, 40.030699639686702 ], [ -75.111132184754894, 40.030492264710801 ], [ -75.111139936562296, 40.030292900731297 ], [ -75.111119918269793, 40.030165810907 ], [ -75.111048172862297, 40.029956946160702 ], [ -75.110997634826106, 40.029844502250697 ], [ -75.110920005815302, 40.029658526226903 ], [ -75.110884879069204, 40.029534923939799 ], [ -75.110901414858702, 40.029366461706402 ], [ -75.110935221325306, 40.029138917549098 ], [ -75.110965224919298, 40.029009136962301 ], [ -75.111016817848096, 40.028837643720401 ], [ -75.111085827202402, 40.028731782537797 ], [ -75.111201208859598, 40.028588615584098 ], [ -75.111290315070505, 40.028479380380503 ], [ -75.111395127206507, 40.028351320341898 ], [ -75.111504478061505, 40.028234875150801 ], [ -75.1116543224488, 40.028104011114998 ], [ -75.111766721262299, 40.028037520333399 ], [ -75.111887160680396, 40.028021101473001 ], [ -75.112017272097603, 40.028012577829699 ], [ -75.112122598044706, 40.0279996472416 ], [ -75.112288963077404, 40.027957420453802 ], [ -75.112421012396894, 40.027899056260402 ], [ -75.112629433699595, 40.027802153612797 ], [ -75.112794869040798, 40.027719613420302 ], [ -75.112886537960605, 40.027608516716398 ], [ -75.112892022249795, 40.027466133116398 ], [ -75.112884600160996, 40.027328569189201 ], [ -75.112849181614706, 40.027046241779999 ], [ -75.113237020183604, 40.026974393471299 ], [ -75.117175844895399, 40.026395264383098 ], [ -75.122282185315498, 40.0256595881255 ], [ -75.123528533790093, 40.025472396367 ], [ -75.124473163586302, 40.025331548584603 ], [ -75.125465748516604, 40.025193590269801 ], [ -75.125414660148294, 40.025514480831703 ], [ -75.125388839368298, 40.025657054695401 ], [ -75.125276069515493, 40.026320070493099 ], [ -75.1252017041502, 40.026842947144402 ], [ -75.125104241929805, 40.027342957610202 ], [ -75.125095910741194, 40.027419394027298 ], [ -75.124703524312494, 40.029407228719897 ], [ -75.124532203334695, 40.0301960826149 ], [ -75.124367400103196, 40.0309628471053 ], [ -75.124263293065297, 40.031687913853197 ], [ -75.124189865444606, 40.032560820395403 ], [ -75.124034870604902, 40.034049062007803 ], [ -75.123954276478301, 40.034856603640399 ], [ -75.123862626685707, 40.035571819312999 ], [ -75.121424498061003, 40.0352901369058 ], [ -75.120076513870799, 40.035120519675999 ], [ -75.117553900237198, 40.034803053794199 ], [ -75.117165196248607, 40.034743972066003 ], [ -75.116853223036401, 40.034702907231399 ], [ -75.116507210458394, 40.0346651886587 ], [ -75.116155126002297, 40.034624519485597 ], [ -75.1158354784734, 40.0345781994764 ], [ -75.115475703195699, 40.034527289125002 ], [ -75.115136887841004, 40.0344877654342 ], [ -75.114899714524896, 40.0344561132124 ], [ -75.114615040641198, 40.034804655289797 ], [ -75.114033162244297, 40.035480686619202 ], [ -75.113162766745603, 40.036512140675001 ], [ -75.113057459799904, 40.036442135017801 ], [ -75.112863611448901, 40.036291867188901 ], [ -75.112719491128601, 40.0361465756461 ], [ -75.112594876120795, 40.036013246060399 ], [ -75.112465571765, 40.0358721318714 ], [ -75.112350930102295, 40.035739031024903 ], [ -75.112296741246993, 40.035591966665898 ], [ -75.112231831604802, 40.035463845282898 ], [ -75.112178536134294, 40.035293779169798 ], [ -75.112110798954603, 40.035109948789398 ], [ -75.112002640987001, 40.034938623414 ], [ -75.111848102522899, 40.034804603825997 ], [ -75.111644433753796, 40.0346502697993 ], [ -75.111479474946094, 40.034527522765501 ], [ -75.111320546826207, 40.034378054336102 ], [ -75.111186111334106, 40.034240658163696 ], [ -75.111111526542402, 40.0341046369929 ], [ -75.111061375405797, 40.033997112708299 ] ] ] } },
{ "type": "Feature", "properties": { "OBJECTID": 144, "ES_ID": "7430", "ES_NAME": "Sullivan, James J", "MS_ID": "7110", "MS_NAME": "Harding, Warren G", "HS_ID": "7010", "HS_NAME": "Frankford HS", "GR_ID_K": "7430", "GR_ID_01": "7430", "GR_ID_02": "7430", "GR_ID_03": "7430", "GR_ID_04": "7430", "GR_ID_05": "7430", "GR_ID_06": "7110", "GR_ID_07": "7110", "GR_ID_08": "7110", "GR_ID_09": "7010", "GR_ID_10": "7010", "GR_ID_11": "7010", "GR_ID_12": "7010", "ES_GRADE": "K-5", "MS_GRADE": "6-8", "HS_GRADE": "9-12", "Shape__Area": 2887831.4765625, "Shape__Length": 8503.9972504758407 }, "geometry": { "type": "Polygon", "coordinates": [ [ [ -75.065828784916107, 40.022837796590998 ], [ -75.065193635345196, 40.022113234357299 ], [ -75.064299412103693, 40.021082775719997 ], [ -75.063685978325594, 40.020401003685201 ], [ -75.063590227138306, 40.020330778860199 ], [ -75.063421572461493, 40.020050957352602 ], [ -75.063304762487306, 40.019947268517697 ], [ -75.062497416934207, 40.019024220644901 ], [ -75.061598244754293, 40.018003020105802 ], [ -75.060660855226701, 40.016941251785397 ], [ -75.059800884027098, 40.015950954301303 ], [ -75.0588942495895, 40.014915047964699 ], [ -75.058402075187502, 40.014355117092101 ], [ -75.057849921878898, 40.013863928583199 ], [ -75.057459172362499, 40.013516274842502 ], [ -75.0573013111823, 40.013375682031601 ], [ -75.058408751986605, 40.012789488430002 ], [ -75.058643072588396, 40.012656931081104 ], [ -75.058708130957896, 40.012620127366397 ], [ -75.060050514783697, 40.011879162643702 ], [ -75.060608536480004, 40.011569884076401 ], [ -75.060980816828007, 40.0113565680658 ], [ -75.061118417365805, 40.011277722554603 ], [ -75.062316746988003, 40.010624754455002 ], [ -75.063160990403901, 40.010230769136101 ], [ -75.064271314922493, 40.009826380074301 ], [ -75.064981941821301, 40.009586096471701 ], [ -75.065791391924293, 40.009382206523398 ], [ -75.066450581698604, 40.009249426984297 ], [ -75.0676131668083, 40.009051560621401 ], [ -75.068558202526901, 40.008858558326402 ], [ -75.068898168318199, 40.008796923030403 ], [ -75.069353597412203, 40.008691426729101 ], [ -75.069707278640607, 40.008575907942202 ], [ -75.069966839003698, 40.008481212658502 ], [ -75.070414000748201, 40.008318072328898 ], [ -75.071329742332793, 40.007953344143601 ], [ -75.072265986549098, 40.007502303150098 ], [ -75.073015887859, 40.007096855566601 ], [ -75.073690988501099, 40.006670694427001 ], [ -75.073771144307003, 40.006620095288 ], [ -75.073914257580299, 40.0065150242417 ], [ -75.074353561346797, 40.006192493383999 ], [ -75.074852823910703, 40.005809886326801 ], [ -75.075400981939197, 40.0053220312587 ], [ -75.075619523491497, 40.005142969389198 ], [ -75.075720114554301, 40.005060548971599 ], [ -75.076194132896006, 40.004630178843598 ], [ -75.076726066747696, 40.004078541814103 ], [ -75.077065174550498, 40.003707269751096 ], [ -75.077234386641294, 40.003723602402602 ], [ -75.077347240447807, 40.003735423138799 ], [ -75.077424751202599, 40.003769806595699 ], [ -75.0774490172833, 40.003937802111601 ], [ -75.077479431557094, 40.004148382495202 ], [ -75.077594875990201, 40.004707416070602 ], [ -75.077751186902603, 40.0053922553017 ], [ -75.077893554410906, 40.006071106646701 ], [ -75.078049325845598, 40.006742091845098 ], [ -75.078197295381401, 40.0074201368408 ], [ -75.078334700551295, 40.008075539444498 ], [ -75.078449918972694, 40.008595404558903 ], [ -75.078480009871399, 40.008731168980802 ], [ -75.078615390440305, 40.009363327585397 ], [ -75.078751433917603, 40.009887637798101 ], [ -75.078884578796107, 40.010037022215897 ], [ -75.079282079652899, 40.010418196579401 ], [ -75.078506666225096, 40.010740571369098 ], [ -75.078315394503605, 40.010828469168302 ], [ -75.077060692931397, 40.01134160366 ], [ -75.076228094053405, 40.011685045610498 ], [ -75.075231154540205, 40.012110773012601 ], [ -75.073297575932003, 40.012553069326998 ], [ -75.072632032363501, 40.012698790218401 ], [ -75.071846903286598, 40.012866842621897 ], [ -75.071090768986707, 40.013027178459602 ], [ -75.0704319880886, 40.013176862326603 ], [ -75.0708669418498, 40.014362150053103 ], [ -75.071056860407197, 40.014863254300899 ], [ -75.071217749949994, 40.0152982895207 ], [ -75.071297356843203, 40.0154843631597 ], [ -75.071461935013303, 40.015928424156101 ], [ -75.071648727317594, 40.016434404587102 ], [ -75.071849519793304, 40.016961642404297 ], [ -75.072178857376599, 40.017816237666899 ], [ -75.072397030335097, 40.018378860802201 ], [ -75.072578479653501, 40.018877319001199 ], [ -75.072648970265902, 40.018938831488803 ], [ -75.073022009296693, 40.019264748936401 ], [ -75.073295982674495, 40.019538745344299 ], [ -75.073382689528103, 40.019663796604497 ], [ -75.073336060567598, 40.019718481465098 ], [ -75.072818196617703, 40.019989856662001 ], [ -75.072273787905502, 40.020257951631798 ], [ -75.070638415979204, 40.021107524661197 ], [ -75.0691606555324, 40.021872222154499 ], [ -75.069090162784505, 40.021913666988802 ], [ -75.067479911485293, 40.022748954848197 ], [ -75.0662830120867, 40.023360196298903 ], [ -75.065828784916107, 40.022837796590998 ] ] ] } },
{ "type": "Feature", "properties": { "OBJECTID": 145, "ES_ID": "5210", "ES_NAME": "Brown, Henry A", "MS_ID": "5210", "MS_NAME": "Brown, Henry A", "HS_ID": "5700", "HS_NAME": "Kensington Campus", "GR_ID_K": "5210", "GR_ID_01": "5210", "GR_ID_02": "5210", "GR_ID_03": "5210", "GR_ID_04": "5210", "GR_ID_05": "5210", "GR_ID_06": "5210", "GR_ID_07": "5210", "GR_ID_08": "5210", "GR_ID_09": "5700", "GR_ID_10": "5700", "GR_ID_11": "5700", "GR_ID_12": "5700", "ES_GRADE": "K-8", "MS_GRADE": "K-8", "HS_GRADE": "9-12", "Shape__Area": 1053959.07421875, "Shape__Length": 4486.85098612609 }, "geometry": { "type": "Polygon", "coordinates": [ [ [ -75.1289771782088, 39.990649833110602 ], [ -75.127033281069203, 39.990395237172699 ], [ -75.125949953135205, 39.990239082165502 ], [ -75.125835138924799, 39.990158876104502 ], [ -75.125493539360093, 39.989845978741599 ], [ -75.124377449731199, 39.988831522851697 ], [ -75.123389745424603, 39.987925513761901 ], [ -75.122916279869699, 39.9874719367007 ], [ -75.122343312032299, 39.987040063989099 ], [ -75.121512509454703, 39.986174962817302 ], [ -75.123930252470501, 39.984911476182099 ], [ -75.1246577358379, 39.984535990749698 ], [ -75.125067327038707, 39.984313060221197 ], [ -75.126229884795194, 39.983704489310902 ], [ -75.126824214359701, 39.983395033633698 ], [ -75.127400598597404, 39.983089775473097 ], [ -75.127980462016097, 39.982794834188603 ], [ -75.128555584488595, 39.982489099227003 ], [ -75.128987869348506, 39.9822615179637 ], [ -75.129146484298701, 39.982178633710099 ], [ -75.129336997517598, 39.982078981528602 ], [ -75.129737358024698, 39.981869247709703 ], [ -75.130340068031401, 39.981558089949601 ], [ -75.130931841689801, 39.9812426961293 ], [ -75.131368317390297, 39.9810189735907 ], [ -75.131833669930799, 39.980773574536101 ], [ -75.132655107702803, 39.980346811596903 ], [ -75.133019003191293, 39.980128662912897 ], [ -75.133192415639201, 39.980143819681501 ], [ -75.132881845999705, 39.981554935737201 ], [ -75.132883346992202, 39.981640725026601 ], [ -75.132547694693102, 39.983176001840398 ], [ -75.132210308650798, 39.984750666359197 ], [ -75.131909988555805, 39.986150515420597 ], [ -75.131909152277899, 39.986315771400299 ], [ -75.131833761607595, 39.986528179359098 ], [ -75.131678658525104, 39.9872389828978 ], [ -75.131560711284607, 39.9878084918141 ], [ -75.131242652214596, 39.989305166360602 ], [ -75.130900661071095, 39.990899125710399 ], [ -75.1289771782088, 39.990649833110602 ] ] ] } },
{ "type": "Feature", "properties": { "OBJECTID": 146, "ES_ID": "7330", "ES_NAME": "Lawton, Henry W", "MS_ID": "7110", "MS_NAME": "Harding, Warren G", "HS_ID": "7010", "HS_NAME": "Frankford HS", "GR_ID_K": "7330", "GR_ID_01": "7330", "GR_ID_02": "7330", "GR_ID_03": "7330", "GR_ID_04": "7330", "GR_ID_05": "7330", "GR_ID_06": "7110", "GR_ID_07": "7110", "GR_ID_08": "7110", "GR_ID_09": "7010", "GR_ID_10": "7010", "GR_ID_11": "7010", "GR_ID_12": "7010", "ES_GRADE": "K-5", "MS_GRADE": "6-8", "HS_GRADE": "9-12", "Shape__Area": 3210877.3046875, "Shape__Length": 7937.64577188975 }, "geometry": { "type": "Polygon", "coordinates": [ [ [ -75.055400077254603, 40.025682166648203 ], [ -75.054968097126306, 40.025180463978799 ], [ -75.054498231161702, 40.024657319143003 ], [ -75.054057479449995, 40.024138659044198 ], [ -75.053832259912397, 40.023890375852503 ], [ -75.053607102969494, 40.023625010678899 ], [ -75.053375847234093, 40.0233710973881 ], [ -75.053154683075604, 40.023114113744697 ], [ -75.0529343989339, 40.022872896120099 ], [ -75.052705257517204, 40.0226014425484 ], [ -75.052484642552798, 40.022355300989602 ], [ -75.052256726494704, 40.022089109409698 ], [ -75.051776666744502, 40.021544432822999 ], [ -75.051322186369006, 40.021023675246703 ], [ -75.050907489446402, 40.020544406152801 ], [ -75.050452413117299, 40.020035370559 ], [ -75.050004917665603, 40.019520475117801 ], [ -75.049500387105297, 40.018938398517598 ], [ -75.048959797111706, 40.018342680848797 ], [ -75.048791998703706, 40.018150802502603 ], [ -75.048692338786196, 40.018036840431002 ], [ -75.048588827994394, 40.017946855605999 ], [ -75.048434148861901, 40.017815014131003 ], [ -75.048280571239701, 40.017698441411397 ], [ -75.048137687829197, 40.017593379637603 ], [ -75.048088239874303, 40.017509836683899 ], [ -75.047800949300907, 40.0173351797484 ], [ -75.047402367393303, 40.017003073351901 ], [ -75.046958826716306, 40.016674572729499 ], [ -75.046551203675804, 40.016362850154799 ], [ -75.046482884508094, 40.016310605219701 ], [ -75.046291123773102, 40.016160118828601 ], [ -75.046015094535903, 40.015940746405803 ], [ -75.045786240427702, 40.015728564643297 ], [ -75.045498764536305, 40.015399441826098 ], [ -75.043185192642994, 40.012309889478402 ], [ -75.044879796816204, 40.011436925985699 ], [ -75.046806310507705, 40.010415766270199 ], [ -75.048025253657201, 40.009727668860002 ], [ -75.049173112795899, 40.008943724441899 ], [ -75.050456946204093, 40.007990716479 ], [ -75.050922144089995, 40.007632268073401 ], [ -75.054018926770397, 40.010010135165501 ], [ -75.0573013111823, 40.013375682031601 ], [ -75.057459172362499, 40.013516274842502 ], [ -75.057849921878898, 40.013863928583199 ], [ -75.058402075187502, 40.014355117092101 ], [ -75.0588942495895, 40.014915047964699 ], [ -75.059800884027098, 40.015950954301303 ], [ -75.060660855226701, 40.016941251785397 ], [ -75.061598244754293, 40.018003020105802 ], [ -75.062497416934207, 40.019024220644901 ], [ -75.063304762487306, 40.019947268517697 ], [ -75.063421572461493, 40.020050957352602 ], [ -75.063590227138306, 40.020330778860199 ], [ -75.063685978325594, 40.020401003685201 ], [ -75.064299412103693, 40.021082775719997 ], [ -75.065193635345196, 40.022113234357299 ], [ -75.065828784916107, 40.022837796590998 ], [ -75.0662830120867, 40.023360196298903 ], [ -75.064915701863399, 40.024069722433602 ], [ -75.064300244427301, 40.024381744147597 ], [ -75.0637942476706, 40.024646873004201 ], [ -75.0632559102025, 40.024921842055903 ], [ -75.062804749882901, 40.024411456045002 ], [ -75.062714137610001, 40.024300625429802 ], [ -75.060758325558893, 40.0253104806538 ], [ -75.058806421659796, 40.0263230193287 ], [ -75.058253572618895, 40.025700946566701 ], [ -75.057898812428704, 40.025884889490797 ], [ -75.057596963232101, 40.026040893304703 ], [ -75.0572815528175, 40.026204467936999 ], [ -75.056956733478899, 40.0263706828148 ], [ -75.056297085382994, 40.026712971368603 ], [ -75.055400077254603, 40.025682166648203 ] ] ] } },
{ "type": "Feature", "properties": { "OBJECTID": 147, "ES_ID": "7350", "ES_NAME": "Lowell, James R", "MS_ID": "7370", "MS_NAME": "Washington Jr, Grover", "HS_ID": "7120", "HS_NAME": "Fels, Samuel", "GR_ID_K": "7350", "GR_ID_01": "7350", "GR_ID_02": "7350", "GR_ID_03": "7350", "GR_ID_04": "7350", "GR_ID_05": "7370", "GR_ID_06": "7370", "GR_ID_07": "7370", "GR_ID_08": "7370", "GR_ID_09": "7120", "GR_ID_10": "7120", "GR_ID_11": "7120", "GR_ID_12": "7120", "ES_GRADE": "K-4", "MS_GRADE": "5-8", "HS_GRADE": "9-12", "Shape__Area": 3761054.14453125, "Shape__Length": 10074.9639346236 }, "geometry": { "type": "Polygon", "coordinates": [ [ [ -75.127146227881099, 40.051758080795402 ], [ -75.126671111164399, 40.051695780425597 ], [ -75.126188449488296, 40.051624348666898 ], [ -75.125760426184101, 40.0515692992834 ], [ -75.125300070281497, 40.051502011616002 ], [ -75.124338131179996, 40.051389679909903 ], [ -75.123423398896406, 40.051263912888103 ], [ -75.122518350313698, 40.051135007269899 ], [ -75.122778785275599, 40.049622388531397 ], [ -75.123037655927405, 40.048195233695402 ], [ -75.123119877982504, 40.047822733281699 ], [ -75.1231588425251, 40.047589410802203 ], [ -75.123210539254998, 40.047248787993396 ], [ -75.123261259045904, 40.046977449714099 ], [ -75.123341166703796, 40.0465735378666 ], [ -75.123434289595593, 40.046049299745903 ], [ -75.123504090592107, 40.045555223561898 ], [ -75.123568369231094, 40.0450022273629 ], [ -75.123645292059607, 40.044453371214097 ], [ -75.123704995500205, 40.043960582298801 ], [ -75.123767604998605, 40.043447086657103 ], [ -75.123850330121499, 40.042921059898298 ], [ -75.123910024705296, 40.042439846176499 ], [ -75.123979506818699, 40.041902812401297 ], [ -75.124041631340106, 40.041376693906301 ], [ -75.124112564611806, 40.040882594678401 ], [ -75.122553721131197, 40.040697267275803 ], [ -75.120333372062504, 40.040408997034604 ], [ -75.120436747053404, 40.039896016014801 ], [ -75.119558487546399, 40.0397883365235 ], [ -75.118769269212606, 40.039694605215097 ], [ -75.118012302742301, 40.039601875079299 ], [ -75.117229293814006, 40.039499029933197 ], [ -75.116728923281698, 40.039437650850097 ], [ -75.114695269508402, 40.039073785665799 ], [ -75.1142816614216, 40.038997730892099 ], [ -75.114251909277399, 40.038850612983602 ], [ -75.114250496224201, 40.038758485517199 ], [ -75.114204488911, 40.038657658848301 ], [ -75.114117795732099, 40.038511769692498 ], [ -75.114100339811699, 40.038382818430598 ], [ -75.114104956384097, 40.038263967860601 ], [ -75.114090365187906, 40.038125488182096 ], [ -75.114049643296099, 40.038017108666899 ], [ -75.114023886976298, 40.037909072591297 ], [ -75.113923759711199, 40.037530716759903 ], [ -75.113864428956603, 40.037387374536799 ], [ -75.113814179779396, 40.037267263805298 ], [ -75.113743680752094, 40.037154363228197 ], [ -75.1136158612603, 40.036974912408397 ], [ -75.1134971247387, 40.036818693920601 ], [ -75.1133818836974, 40.036700927660597 ], [ -75.113266720968099, 40.036581246584099 ], [ -75.113162766745603, 40.036512140675001 ], [ -75.114033162244297, 40.035480686619202 ], [ -75.114615040641198, 40.034804655289797 ], [ -75.114899714524896, 40.0344561132124 ], [ -75.115136887841004, 40.0344877654342 ], [ -75.115475703195699, 40.034527289125002 ], [ -75.1158354784734, 40.0345781994764 ], [ -75.116155126002297, 40.034624519485597 ], [ -75.116507210458394, 40.0346651886587 ], [ -75.116853223036401, 40.034702907231399 ], [ -75.117165196248607, 40.034743972066003 ], [ -75.117553900237198, 40.034803053794199 ], [ -75.120076513870799, 40.035120519675999 ], [ -75.121424498061003, 40.0352901369058 ], [ -75.123862626685707, 40.035571819312999 ], [ -75.123954276478301, 40.034856603640399 ], [ -75.124034870604902, 40.034049062007803 ], [ -75.124189865444606, 40.032560820395403 ], [ -75.125349252273196, 40.032916408603299 ], [ -75.125984909557502, 40.0331306681922 ], [ -75.127061806440395, 40.033486031695404 ], [ -75.128139886620602, 40.033835745309297 ], [ -75.129100700967598, 40.0341567312298 ], [ -75.129969479425398, 40.034438953051001 ], [ -75.130882579473095, 40.034753957960902 ], [ -75.131846309913797, 40.0350608047017 ], [ -75.132767092517796, 40.035345811214697 ], [ -75.133568277717401, 40.0356343992337 ], [ -75.134356905358104, 40.035891830997599 ], [ -75.1349189593207, 40.036056919388798 ], [ -75.136021009188099, 40.036304000733203 ], [ -75.135964163036604, 40.037148773994403 ], [ -75.135918975356304, 40.0372229971317 ], [ -75.135795078979299, 40.037468787314403 ], [ -75.1356622823522, 40.037711622176801 ], [ -75.135521408585006, 40.037952011483 ], [ -75.135401621857199, 40.038197947100599 ], [ -75.135311525458903, 40.038452226189101 ], [ -75.135243636322997, 40.038710371575498 ], [ -75.135193909341098, 40.038970647741699 ], [ -75.135152605273007, 40.039232183353597 ], [ -75.135108168031095, 40.039493278206997 ], [ -75.1350595481331, 40.039753878672798 ], [ -75.135010571607296, 40.040014445775498 ], [ -75.134964106482002, 40.040275235826698 ], [ -75.134922965850507, 40.040536502088798 ], [ -75.134884292947007, 40.040798122761402 ], [ -75.134846288244901, 40.0410599181184 ], [ -75.134810676741395, 40.041321904007901 ], [ -75.134779179191696, 40.041584085370303 ], [ -75.134753521921695, 40.041846475383103 ], [ -75.134735472139596, 40.042109091758597 ], [ -75.134726155441001, 40.042372023197501 ], [ -75.1347235928841, 40.042635213831197 ], [ -75.134725289003796, 40.042898564494102 ], [ -75.134728744748301, 40.043161976840203 ], [ -75.134731464610098, 40.043425350803403 ], [ -75.134731388348399, 40.0436886070407 ], [ -75.134730695435294, 40.0439518330166 ], [ -75.134730121990003, 40.044215061709103 ], [ -75.134729650548294, 40.044478290017501 ], [ -75.134729256409599, 40.044741520082503 ], [ -75.134728923280605, 40.045004748830003 ], [ -75.1347286287332, 40.045267980254501 ], [ -75.134728354165503, 40.045531210328399 ], [ -75.134728076116403, 40.045794439418501 ], [ -75.134727779254305, 40.046057669878898 ], [ -75.134727668856101, 40.046143844725201 ], [ -75.134727440291101, 40.046320897575299 ], [ -75.134727040345794, 40.046584125682003 ], [ -75.134726559539601, 40.046847352845298 ], [ -75.134725977958396, 40.0471105786119 ], [ -75.134725274481795, 40.047373803402003 ], [ -75.134724428058604, 40.0476370258353 ], [ -75.134723419910699, 40.047900246385502 ], [ -75.134722230087903, 40.048163465499201 ], [ -75.134720837538197, 40.048426681796499 ], [ -75.134717691271007, 40.048689892404298 ], [ -75.134707648509405, 40.048940275833097 ], [ -75.134408510805898, 40.048919250782497 ], [ -75.134093572241795, 40.048910673175001 ], [ -75.133760709226905, 40.048889828135501 ], [ -75.133258479147599, 40.048785545115202 ], [ -75.131663049019295, 40.048164353739701 ], [ -75.131406004261507, 40.049408332553703 ], [ -75.131114854249105, 40.0506983569109 ], [ -75.129454038294597, 40.050497360848297 ], [ -75.128590684618302, 40.050369337046902 ], [ -75.128249241722799, 40.051895830293098 ], [ -75.127146227881099, 40.051758080795402 ] ] ] } },
{ "type": "Feature", "properties": { "OBJECTID": 148, "ES_ID": "7360", "ES_NAME": "Marshall, John", "MS_ID": "7110", "MS_NAME": "Harding, Warren G", "HS_ID": "7010", "HS_NAME": "Frankford HS", "GR_ID_K": "7360", "GR_ID_01": "7360", "GR_ID_02": "7360", "GR_ID_03": "7360", "GR_ID_04": "7360", "GR_ID_05": "7360", "GR_ID_06": "7110", "GR_ID_07": "7110", "GR_ID_08": "7110", "GR_ID_09": "7010", "GR_ID_10": "7010", "GR_ID_11": "7010", "GR_ID_12": "7010", "ES_GRADE": "K-5", "MS_GRADE": "6-8", "HS_GRADE": "9-12", "Shape__Area": 3500725.0625, "Shape__Length": 10492.4807583455 }, "geometry": { "type": "Polygon", "coordinates": [ [ [ -75.099066447274097, 40.027506160531402 ], [ -75.097592111629893, 40.026579158840804 ], [ -75.097607110946399, 40.026382850943797 ], [ -75.097046696577905, 40.025887385662998 ], [ -75.095884587880903, 40.0247651809686 ], [ -75.095538205457302, 40.024137809612697 ], [ -75.0949603298168, 40.0232690939458 ], [ -75.0937722423201, 40.022517304507197 ], [ -75.092926376865094, 40.021969220969602 ], [ -75.091495596749795, 40.021036249195198 ], [ -75.089721382598995, 40.019884747409002 ], [ -75.089171454990904, 40.0205618647813 ], [ -75.088622056459599, 40.021251718267301 ], [ -75.087284808392596, 40.020494288185098 ], [ -75.085060982063595, 40.019225689870197 ], [ -75.0843266867804, 40.018813782555704 ], [ -75.084060976874994, 40.018667796896104 ], [ -75.083510446655197, 40.018374869876197 ], [ -75.082643979888402, 40.017906938672802 ], [ -75.083662346123106, 40.016805973527802 ], [ -75.0838549736782, 40.016582475527798 ], [ -75.084384951512902, 40.016005614553897 ], [ -75.084658958740803, 40.015721716652003 ], [ -75.085521473375806, 40.0147969468116 ], [ -75.085821565106002, 40.014457280900999 ], [ -75.086351613390505, 40.013877139737097 ], [ -75.087579521547696, 40.012525194384899 ], [ -75.087657469405499, 40.012439128163003 ], [ -75.0879750979649, 40.012112372837997 ], [ -75.088733249101907, 40.010932827275298 ], [ -75.089199386204797, 40.010187702105803 ], [ -75.089274206342594, 40.010072341757201 ], [ -75.089528510249593, 40.009680234125902 ], [ -75.089661473181295, 40.009475219701898 ], [ -75.089867578502805, 40.0091408322874 ], [ -75.090095376565301, 40.008771244429802 ], [ -75.090328853854203, 40.008369624316103 ], [ -75.090932876422798, 40.007451672218203 ], [ -75.090992896062602, 40.007328634533899 ], [ -75.091168828867893, 40.007061971877903 ], [ -75.091817922674693, 40.006016759908498 ], [ -75.092886555342005, 40.005982733504602 ], [ -75.0928531217358, 40.006140638517302 ], [ -75.092758734832699, 40.006375339989297 ], [ -75.092539532861394, 40.006617230382602 ], [ -75.092323091314199, 40.006788625016597 ], [ -75.092157656313404, 40.006996480214497 ], [ -75.092115649015497, 40.007232391146403 ], [ -75.092215830464397, 40.007519477640599 ], [ -75.092378595249698, 40.0077147707932 ], [ -75.092590665479193, 40.007946414767403 ], [ -75.092959755287794, 40.008272553806997 ], [ -75.093709558233201, 40.008708232915502 ], [ -75.094278774809197, 40.009069169658702 ], [ -75.094617521628507, 40.009272707213597 ], [ -75.094789121627699, 40.009452037343898 ], [ -75.094908467383803, 40.0096392394153 ], [ -75.095005075250498, 40.009925390774903 ], [ -75.095033807577806, 40.010015194667403 ], [ -75.095105940307505, 40.010240652020599 ], [ -75.094975559817399, 40.0105150587016 ], [ -75.094386095959507, 40.011352303667302 ], [ -75.094295547348096, 40.011488811088299 ], [ -75.094059297134606, 40.0118311145456 ], [ -75.093923028196599, 40.012047206779798 ], [ -75.093689607789599, 40.012400913658098 ], [ -75.093577241371605, 40.012592359251897 ], [ -75.093509215041294, 40.012739467998401 ], [ -75.093484543818093, 40.012867420958003 ], [ -75.093462653354507, 40.013008036539503 ], [ -75.093467353634395, 40.013139188370801 ], [ -75.093501226272593, 40.013278574857601 ], [ -75.093569200827602, 40.013467891932201 ], [ -75.093697265994194, 40.013712780271803 ], [ -75.093817483204305, 40.013907085644597 ], [ -75.094206175566597, 40.0145271910066 ], [ -75.094302465020903, 40.014662979610499 ], [ -75.094405142695194, 40.014782080022599 ], [ -75.094490956702302, 40.0148714652086 ], [ -75.094598350433202, 40.014974750501203 ], [ -75.0947511926868, 40.015089167499497 ], [ -75.094926661747394, 40.015211667192602 ], [ -75.095083173629703, 40.015316089595999 ], [ -75.095262608981301, 40.015421040887396 ], [ -75.095586098282197, 40.015613742923797 ], [ -75.095807316709397, 40.015739819022201 ], [ -75.096044907230706, 40.015866274000501 ], [ -75.096174116496599, 40.015914620372897 ], [ -75.096362663622202, 40.015954259899402 ], [ -75.096486604381298, 40.015969725219698 ], [ -75.096712154658604, 40.015985016454401 ], [ -75.096879156855906, 40.015988875433997 ], [ -75.097047331046298, 40.0159927612494 ], [ -75.097272495418594, 40.015987884512697 ], [ -75.097507526940802, 40.0160122143565 ], [ -75.097797780710707, 40.016049158806297 ], [ -75.097978894436807, 40.016111302987298 ], [ -75.098191472592603, 40.016206935168199 ], [ -75.098453468883903, 40.016296147575702 ], [ -75.098635074364097, 40.016345702884898 ], [ -75.098955883443594, 40.016355629596397 ], [ -75.099453145568106, 40.016295288080599 ], [ -75.099614879487007, 40.016266260750598 ], [ -75.099895772774403, 40.016207223693897 ], [ -75.100395244226902, 40.016090227077299 ], [ -75.100596760803796, 40.016049517246302 ], [ -75.101017180842604, 40.016026454852899 ], [ -75.101325432363396, 40.016022227366498 ], [ -75.1015479055675, 40.016032399515097 ], [ -75.101773948344402, 40.016035091186403 ], [ -75.102049895556107, 40.016018776280902 ], [ -75.102287334917193, 40.015981411230499 ], [ -75.102546612407494, 40.015972268608898 ], [ -75.102879833112098, 40.016000111891202 ], [ -75.103319100079702, 40.016082059390797 ], [ -75.103655201405303, 40.016120047558601 ], [ -75.103867754077896, 40.016132505841497 ], [ -75.104083777835299, 40.016140004240597 ], [ -75.104368370530693, 40.016154121646203 ], [ -75.1046899667585, 40.016143891680002 ], [ -75.104987361935898, 40.016165863060799 ], [ -75.105208121851405, 40.016220087854698 ], [ -75.105416222080805, 40.0162626820469 ], [ -75.105664600507495, 40.016281003399897 ], [ -75.105864448494003, 40.016283084630899 ], [ -75.106196198810395, 40.016348685361301 ], [ -75.106433379586306, 40.016402027116101 ], [ -75.106667384014301, 40.016452775063001 ], [ -75.106859546068094, 40.0165680805748 ], [ -75.107070799836606, 40.016701922418903 ], [ -75.107215135389396, 40.016779129181899 ], [ -75.107336531609405, 40.016860045356502 ], [ -75.107437104402806, 40.016970720782602 ], [ -75.107498676239899, 40.017072939808202 ], [ -75.107541621126501, 40.017232690788703 ], [ -75.107550249831803, 40.017431973191897 ], [ -75.107503702471107, 40.017617384884602 ], [ -75.107451045061893, 40.017791316464503 ], [ -75.107404259750695, 40.017898601408 ], [ -75.107252431025898, 40.018094190924799 ], [ -75.107133505034199, 40.018202335579097 ], [ -75.107028460037398, 40.0182906390393 ], [ -75.106888079853704, 40.018360489550098 ], [ -75.106725169865697, 40.018419740518297 ], [ -75.106541828342898, 40.018498680583903 ], [ -75.106295871558999, 40.018586259494299 ], [ -75.106029336686404, 40.018697305384599 ], [ -75.105861875290401, 40.0187892100857 ], [ -75.105758007044699, 40.018847299100003 ], [ -75.105672774172007, 40.018973858618402 ], [ -75.105583383278102, 40.0191230031025 ], [ -75.105490738318693, 40.019212690059597 ], [ -75.105337658021199, 40.019288707564598 ], [ -75.105142390121699, 40.019337131255497 ], [ -75.104910613906, 40.019355103015101 ], [ -75.104178075849802, 40.019354605267999 ], [ -75.103994906472195, 40.019386925931897 ], [ -75.1038371977548, 40.019438732206403 ], [ -75.103739171273105, 40.019536014745299 ], [ -75.103698814665606, 40.019667386925398 ], [ -75.103658758667905, 40.0198846497535 ], [ -75.103594918766007, 40.020241969681997 ], [ -75.103548391884303, 40.020401970492003 ], [ -75.103499616930804, 40.020569698090199 ], [ -75.103450821119395, 40.020737503581202 ], [ -75.103368940964302, 40.020858004575103 ], [ -75.103248718238206, 40.020928548801997 ], [ -75.103171826347193, 40.020980499639599 ], [ -75.103147544618196, 40.021091222895897 ], [ -75.103157870533295, 40.021210418861699 ], [ -75.1031967697742, 40.021364809121401 ], [ -75.103269829786996, 40.0215391733323 ], [ -75.103361413973602, 40.021750420219703 ], [ -75.103588272929301, 40.0222046161118 ], [ -75.103653005201494, 40.022336578335199 ], [ -75.103771693745799, 40.022492807099397 ], [ -75.103902450422495, 40.022595590654603 ], [ -75.104098688329699, 40.0228111675641 ], [ -75.104208600405002, 40.022936493633502 ], [ -75.104194890207694, 40.023032112464598 ], [ -75.104201127993207, 40.023128189103602 ], [ -75.104227911587998, 40.023209389134003 ], [ -75.104293838039396, 40.023310681182799 ], [ -75.104385002239695, 40.023404876940099 ], [ -75.104491574884804, 40.023487915106102 ], [ -75.104628814625499, 40.023552474855798 ], [ -75.104810311244904, 40.023612344056502 ], [ -75.102424772915896, 40.029501268303903 ], [ -75.101960630450407, 40.029350045690201 ], [ -75.101563430251801, 40.029191883525201 ], [ -75.101288810997502, 40.0289801668455 ], [ -75.099066447274097, 40.027506160531402 ] ] ] } },
{ "type": "Feature", "properties": { "OBJECTID": 149, "ES_ID": "7380", "ES_NAME": "McClure, Alexander K", "MS_ID": "7730", "MS_NAME": "Clemente, Roberto", "HS_ID": "5020", "HS_NAME": "Edison, Thomas A", "GR_ID_K": "7380", "GR_ID_01": "7380", "GR_ID_02": "7380", "GR_ID_03": "7380", "GR_ID_04": "7380", "GR_ID_05": "7380", "GR_ID_06": "7730", "GR_ID_07": "7730", "GR_ID_08": "7730", "GR_ID_09": "5020", "GR_ID_10": "5020", "GR_ID_11": "5020", "GR_ID_12": "5020", "ES_GRADE": "K-5", "MS_GRADE": "6-8", "HS_GRADE": "9-12", "Shape__Area": 1652184.74609375, "Shape__Length": 6133.0640890087197 }, "geometry": { "type": "Polygon", "coordinates": [ [ [ -75.148050381631094, 40.018355529300997 ], [ -75.147183483875196, 40.018229665507 ], [ -75.146743845752894, 40.018176387146902 ], [ -75.141844523989505, 40.017553344375401 ], [ -75.140764122080299, 40.017420508584699 ], [ -75.140251457168105, 40.017350452659898 ], [ -75.139751550892299, 40.017285619356599 ], [ -75.139112220458898, 40.0171965955481 ], [ -75.138468805461798, 40.017109729601401 ], [ -75.137641468677003, 40.017012984885497 ], [ -75.136814123461704, 40.016908356322702 ], [ -75.136155766086205, 40.0168148381726 ], [ -75.135925885753693, 40.016788368716902 ], [ -75.135584815551198, 40.016743840730499 ], [ -75.1348461358848, 40.016646651618899 ], [ -75.133897535234595, 40.016537639899397 ], [ -75.132995586474806, 40.0164189929149 ], [ -75.132478600912407, 40.016346723899403 ], [ -75.131983559991397, 40.016288322282101 ], [ -75.131393297298104, 40.016199276376199 ], [ -75.130794004957394, 40.016129658354998 ], [ -75.129585969898599, 40.015970124141298 ], [ -75.129504562006701, 40.0158974736229 ], [ -75.129507846085204, 40.015812401714697 ], [ -75.129546261837106, 40.015636902811799 ], [ -75.129698032293703, 40.015033217093098 ], [ -75.129859205594499, 40.014597621146798 ], [ -75.129913887813203, 40.014389735683302 ], [ -75.129957444752705, 40.014224986087001 ], [ -75.130322744447497, 40.0125285093564 ], [ -75.130396334508205, 40.012212714998299 ], [ -75.130588353877002, 40.011334292559702 ], [ -75.131782292026898, 40.0114919045131 ], [ -75.134395375213202, 40.011800674866997 ], [ -75.135890502501098, 40.010439121027403 ], [ -75.136178848134193, 40.010487591557997 ], [ -75.136848597027793, 40.0105683513885 ], [ -75.137463450190594, 40.010646659790297 ], [ -75.138161118281502, 40.010737425929399 ], [ -75.138989041508495, 40.010844400479399 ], [ -75.139818266534107, 40.010948359449102 ], [ -75.140458758640193, 40.011029368152897 ], [ -75.1410951529475, 40.011112338069204 ], [ -75.141588490644594, 40.011177990418702 ], [ -75.142114408646407, 40.011246149366599 ], [ -75.141788375262195, 40.012717997944101 ], [ -75.142331034818994, 40.012799216898301 ], [ -75.142797054438006, 40.012866866178499 ], [ -75.143322083513794, 40.012935501851203 ], [ -75.146478572180797, 40.0133511924356 ], [ -75.147223660854095, 40.013441039778399 ], [ -75.147230614496607, 40.014089480172302 ], [ -75.147916156579598, 40.013935482500401 ], [ -75.147956780579094, 40.013986692637403 ], [ -75.147838276150495, 40.0145156319292 ], [ -75.149833423483997, 40.0147740414887 ], [ -75.150041396182402, 40.014827780800701 ], [ -75.149933994279607, 40.015334788417 ], [ -75.149841566123101, 40.015681231099798 ], [ -75.149772183741405, 40.016030882452696 ], [ -75.149728959743896, 40.0162240875853 ], [ -75.149588637446598, 40.016941700531298 ], [ -75.149349276885602, 40.017966918078102 ], [ -75.149091502364598, 40.0181187317135 ], [ -75.148469838338698, 40.0184157508534 ], [ -75.148050381631094, 40.018355529300997 ] ] ] } },
{ "type": "Feature", "properties": { "OBJECTID": 150, "ES_ID": "8380", "ES_NAME": "Farrell, Louis H", "MS_ID": "8380", "MS_NAME": "Farrell, Louis H", "HS_ID": "8020", "HS_NAME": "Northeast High", "GR_ID_K": "8380", "GR_ID_01": "8380", "GR_ID_02": "8380", "GR_ID_03": "8380", "GR_ID_04": "8380", "GR_ID_05": "8380", "GR_ID_06": "8380", "GR_ID_07": "8380", "GR_ID_08": "8380", "GR_ID_09": "8020", "GR_ID_10": "8020", "GR_ID_11": "8020", "GR_ID_12": "8020", "ES_GRADE": "K-8", "MS_GRADE": "K-8", "HS_GRADE": "9-12", "Shape__Area": 5243088.54296875, "Shape__Length": 9917.5571282234105 }, "geometry": { "type": "Polygon", "coordinates": [ [ [ -75.044611936873807, 40.0767223541908 ], [ -75.0443771885693, 40.076524080884802 ], [ -75.044202726921597, 40.0763489021315 ], [ -75.043984126476303, 40.076039623239602 ], [ -75.043818408956099, 40.075851977392801 ], [ -75.043506111940104, 40.075410602196101 ], [ -75.043448276846405, 40.075206486116599 ], [ -75.043473048670506, 40.075020467742597 ], [ -75.043483605734295, 40.074941205132198 ], [ -75.043582327693997, 40.074740776148197 ], [ -75.043813488827695, 40.074321704341401 ], [ -75.043880511786, 40.0740888486893 ], [ -75.043890362015105, 40.073841975254503 ], [ -75.043675212923404, 40.073653163200703 ], [ -75.043382622963094, 40.0735448961711 ], [ -75.042998386709996, 40.073459813379898 ], [ -75.042731781792597, 40.073320474966998 ], [ -75.042343098424197, 40.073140244300099 ], [ -75.041855919279797, 40.072948186862902 ], [ -75.041613784245996, 40.072815758592697 ], [ -75.041389898125402, 40.072639409366801 ], [ -75.041322820744199, 40.072460418854803 ], [ -75.041363109917199, 40.072277622879596 ], [ -75.041476041017106, 40.0721345543582 ], [ -75.041814470271603, 40.071920769716399 ], [ -75.042086476745297, 40.071718090368698 ], [ -75.042490158142002, 40.071315758814599 ], [ -75.042763423519602, 40.071081426734899 ], [ -75.042854155018205, 40.070874474888001 ], [ -75.043026873939198, 40.0704730355802 ], [ -75.043577496595404, 40.069488077285001 ], [ -75.043763655645407, 40.069162987687498 ], [ -75.043861453074598, 40.068778791333798 ], [ -75.043889138824298, 40.068291567675601 ], [ -75.043864769590996, 40.068075568278203 ], [ -75.043784306396603, 40.067405221066799 ], [ -75.043680829710894, 40.067104988173497 ], [ -75.043510181673199, 40.066834854814303 ], [ -75.0433210349061, 40.066614973940297 ], [ -75.0431201136862, 40.066483520947898 ], [ -75.042893215356997, 40.0663831337719 ], [ -75.042524740330407, 40.066317428259197 ], [ -75.042148782840002, 40.066232534871197 ], [ -75.0418145279275, 40.066135953466997 ], [ -75.041471922140204, 40.066026759556202 ], [ -75.041335247998802, 40.065982879712003 ], [ -75.041175372208301, 40.065924586474999 ], [ -75.042248487114904, 40.0635401846313 ], [ -75.042736820697201, 40.062382022122101 ], [ -75.044140390726795, 40.059337948454399 ], [ -75.044238587034499, 40.059130764376803 ], [ -75.044523127748505, 40.058712677104197 ], [ -75.0447937988788, 40.058378128685 ], [ -75.046539087924501, 40.056576711904697 ], [ -75.0466814411282, 40.0566532339204 ], [ -75.046858690871005, 40.0567470272604 ], [ -75.047006059478704, 40.0568272097833 ], [ -75.047399264889705, 40.057040197037701 ], [ -75.047807213152396, 40.057256781521403 ], [ -75.048148095554893, 40.057447530214802 ], [ -75.048562620418807, 40.057671578563799 ], [ -75.050584447891694, 40.0587786600219 ], [ -75.052024918563802, 40.059544784051198 ], [ -75.052410020267203, 40.059748687785799 ], [ -75.0541863147469, 40.060727072049801 ], [ -75.056148066522795, 40.061841488964198 ], [ -75.057699895178899, 40.062796902797302 ], [ -75.059626593589797, 40.063983472946603 ], [ -75.061338342163694, 40.065065881071497 ], [ -75.062183223655197, 40.065612791396397 ], [ -75.062559378966597, 40.065846706393103 ], [ -75.063042555430997, 40.066152880603603 ], [ -75.064059933562007, 40.066778347848398 ], [ -75.065028436495496, 40.067353330624599 ], [ -75.0658485279655, 40.067840190670601 ], [ -75.067358275994096, 40.068736446519097 ], [ -75.067829193003504, 40.0689727637766 ], [ -75.067498133877606, 40.069116705509202 ], [ -75.067200269846794, 40.069246813638998 ], [ -75.066903104008503, 40.0693778608928 ], [ -75.066606672994695, 40.0695098697567 ], [ -75.066311018052801, 40.0696428646269 ], [ -75.066015505999502, 40.069776160345 ], [ -75.065719787349806, 40.069909400946202 ], [ -75.0654250206955, 40.070043864142399 ], [ -75.065132381442794, 40.070180846972796 ], [ -75.0648430471865, 40.070321650143597 ], [ -75.064557887072695, 40.070467248195698 ], [ -75.064275443803496, 40.070616116776897 ], [ -75.063995133944502, 40.070767528644502 ], [ -75.063716708384106, 40.070921110365802 ], [ -75.063439918300006, 40.0710764813035 ], [ -75.063164518282306, 40.071233263601201 ], [ -75.062890257066897, 40.071391079262803 ], [ -75.062617081854398, 40.071549899129302 ], [ -75.062345467568605, 40.071710435327702 ], [ -75.062075668478599, 40.071872841587997 ], [ -75.061807931900205, 40.072037239942901 ], [ -75.061542497268604, 40.072203744133901 ], [ -75.061279609450906, 40.072372478844102 ], [ -75.061018692188298, 40.0725430395538 ], [ -75.060759160627896, 40.072715031448801 ], [ -75.060501450398306, 40.072888708015498 ], [ -75.060245997093602, 40.0730643236449 ], [ -75.059993240995595, 40.073242132840903 ], [ -75.059743619937194, 40.073422392757301 ], [ -75.059497454551803, 40.073605299239397 ], [ -75.059254222361304, 40.073790540929203 ], [ -75.059013320210894, 40.073977652298503 ], [ -75.058774184287202, 40.074166181349703 ], [ -75.058536253013301, 40.074355678836 ], [ -75.058298967192101, 40.074545694660799 ], [ -75.058061762974901, 40.074735777712398 ], [ -75.057824084715705, 40.074925477067197 ], [ -75.057585364871798, 40.075114346023 ], [ -75.055526717744399, 40.076679421864803 ], [ -75.055377949626305, 40.076792519061797 ], [ -75.055347098121302, 40.076724798478899 ], [ -75.055174869109905, 40.076492663168899 ], [ -75.054986412256298, 40.076253810866099 ], [ -75.054794550091799, 40.076097139274303 ], [ -75.054561510998397, 40.075946053959399 ], [ -75.054315566364195, 40.075908605308001 ], [ -75.054149002615205, 40.075949049395298 ], [ -75.053997160067894, 40.076034190757099 ], [ -75.053967909777498, 40.076147554379503 ], [ -75.053931359507004, 40.076444489720899 ], [ -75.053870029687104, 40.076949932205402 ], [ -75.053779322496496, 40.077156892643998 ], [ -75.053624832981399, 40.077308501073901 ], [ -75.053463485463496, 40.077425100462897 ], [ -75.053254709667797, 40.077489897503398 ], [ -75.052914593507694, 40.077538939595399 ], [ -75.052633164569301, 40.077564016233801 ], [ -75.052344757534101, 40.077557246716303 ], [ -75.052130006128095, 40.0775648778895 ], [ -75.051987906494602, 40.077612229420303 ], [ -75.051867254021701, 40.077742454326398 ], [ -75.051687659757803, 40.077902973313897 ], [ -75.051508315280003, 40.078057163550397 ], [ -75.051229836638399, 40.078215361773204 ], [ -75.050968087416607, 40.0783676142837 ], [ -75.050650166024994, 40.078480532636 ], [ -75.050391691358399, 40.078550493444297 ], [ -75.050158943517104, 40.078595713426601 ], [ -75.049960921713406, 40.078597397482199 ], [ -75.049738936650598, 40.078579511489501 ], [ -75.049410075591098, 40.078552774819997 ], [ -75.048834006691607, 40.078520228100601 ], [ -75.048185412622303, 40.078444792036301 ], [ -75.047781130466106, 40.078447958377403 ], [ -75.047433269498498, 40.078484130925098 ], [ -75.047072206851396, 40.078437623590098 ], [ -75.046720393393002, 40.078365987102899 ], [ -75.046313171823201, 40.078236023222203 ], [ -75.045955897163296, 40.078094560726001 ], [ -75.045616619421295, 40.0779155053728 ], [ -75.045351001391893, 40.077750853056102 ], [ -75.045183508780099, 40.077607517194501 ], [ -75.045056715029801, 40.077477813143602 ], [ -75.044963638471302, 40.077329893157398 ], [ -75.044895283457805, 40.077182554090697 ], [ -75.044829454793799, 40.076971915435401 ], [ -75.044744368378602, 40.076830520391503 ], [ -75.044611936873807, 40.0767223541908 ] ] ] } },
{ "type": "Feature", "properties": { "OBJECTID": 151, "ES_ID": "7440", "ES_NAME": "Taylor, Bayard", "MS_ID": "7730", "MS_NAME": "Clemente, Roberto", "HS_ID": "5020", "HS_NAME": "Edison, Thomas A", "GR_ID_K": "7440", "GR_ID_01": "7440", "GR_ID_02": "7440", "GR_ID_03": "7440", "GR_ID_04": "7440", "GR_ID_05": "7440", "GR_ID_06": "7730", "GR_ID_07": "7730", "GR_ID_08": "7730", "GR_ID_09": "5020", "GR_ID_10": "5020", "GR_ID_11": "5020", "GR_ID_12": "5020", "ES_GRADE": "K-5", "MS_GRADE": "6-8", "HS_GRADE": "9-12", "Shape__Area": 1406779.74609375, "Shape__Length": 5247.4579109762299 }, "geometry": { "type": "Polygon", "coordinates": [ [ [ -75.131782292026898, 40.0114919045131 ], [ -75.130588353877002, 40.011334292559702 ], [ -75.130771100188795, 40.010437969416699 ], [ -75.131224059135803, 40.008398059042399 ], [ -75.1312907225592, 40.008273519946897 ], [ -75.131577327630296, 40.0069263745781 ], [ -75.131595062813801, 40.006785307385897 ], [ -75.131951943082598, 40.005165236297202 ], [ -75.132341064312698, 40.005155509556602 ], [ -75.132682966018393, 40.005139955686602 ], [ -75.133023015798997, 40.005114019333497 ], [ -75.133360646552902, 40.005070735288797 ], [ -75.133695340302793, 40.005013048936398 ], [ -75.134026624949698, 40.004946973795199 ], [ -75.134354267277999, 40.004869588870498 ], [ -75.134675741818398, 40.004779475216999 ], [ -75.134991319301704, 40.0046776914525 ], [ -75.135302671428605, 40.004567708602501 ], [ -75.135610858946393, 40.004453043227002 ], [ -75.1359175172242, 40.0043361653536 ], [ -75.136223260046705, 40.004217808887297 ], [ -75.136528440302101, 40.004098545909699 ], [ -75.1368334181184, 40.003978943257302 ], [ -75.137138542784001, 40.0038595756251 ], [ -75.137444173098302, 40.003741014316503 ], [ -75.137671045287505, 40.003654273641096 ], [ -75.137750665492902, 40.003623831478102 ], [ -75.138058375306002, 40.003508597425601 ], [ -75.138367458055399, 40.003395564368901 ], [ -75.138677091560098, 40.003283415220999 ], [ -75.138987100332599, 40.003171869371897 ], [ -75.139297438225896, 40.003060847380098 ], [ -75.139608056369795, 40.002950279654002 ], [ -75.139888388062701, 40.002850904294803 ], [ -75.140229948811196, 40.002730189236601 ], [ -75.140541128154396, 40.002620515714703 ], [ -75.1408524013858, 40.002510993976401 ], [ -75.141163718943801, 40.002401541802797 ], [ -75.141475032055794, 40.002292086904497 ], [ -75.141786299109896, 40.002182553551201 ], [ -75.142097469059394, 40.0020728676011 ], [ -75.142415122386396, 40.001960598902798 ], [ -75.142719330428406, 40.001852726412999 ], [ -75.143029926806904, 40.001742122152898 ], [ -75.143340238582496, 40.001631061003302 ], [ -75.143650218249306, 40.001519468004297 ], [ -75.143799860597696, 40.001463929578101 ], [ -75.144066285339306, 40.0019209829997 ], [ -75.144125431035704, 40.002167302407102 ], [ -75.144040181369306, 40.002242340574803 ], [ -75.143745421722699, 40.003591010095199 ], [ -75.143503041012806, 40.003559639804003 ], [ -75.143295417496006, 40.003532768614697 ], [ -75.143141700101395, 40.004293007208801 ], [ -75.143303359840402, 40.004730453900201 ], [ -75.143440028238302, 40.005080915057903 ], [ -75.143099785115197, 40.006571883304602 ], [ -75.143065202103102, 40.006730303062 ], [ -75.142776043356093, 40.008053668400102 ], [ -75.142774725608703, 40.008163067503602 ], [ -75.142765238749305, 40.008277865621402 ], [ -75.1424405772878, 40.009752106510398 ], [ -75.142114408646407, 40.011246149366599 ], [ -75.141588490644594, 40.011177990418702 ], [ -75.1410951529475, 40.011112338069204 ], [ -75.140458758640193, 40.011029368152897 ], [ -75.139818266534107, 40.010948359449102 ], [ -75.138989041508495, 40.010844400479399 ], [ -75.138161118281502, 40.010737425929399 ], [ -75.137463450190594, 40.010646659790297 ], [ -75.136848597027793, 40.0105683513885 ], [ -75.136178848134193, 40.010487591557997 ], [ -75.135890502501098, 40.010439121027403 ], [ -75.134395375213202, 40.011800674866997 ], [ -75.131782292026898, 40.0114919045131 ] ] ] } },
{ "type": "Feature", "properties": { "OBJECTID": 152, "ES_ID": "5250", "ES_NAME": "Dunbar, Paul Laurence", "MS_ID": "5250", "MS_NAME": "Dunbar, Paul Laurence", "HS_ID": "2010", "HS_NAME": "Franklin, Benjamin HS", "GR_ID_K": "5250", "GR_ID_01": "5250", "GR_ID_02": "5250", "GR_ID_03": "5250", "GR_ID_04": "5250", "GR_ID_05": "5250", "GR_ID_06": "5250", "GR_ID_07": "5250", "GR_ID_08": "5250", "GR_ID_09": "2010", "GR_ID_10": "2010", "GR_ID_11": "2010", "GR_ID_12": "2010", "ES_GRADE": "K-8", "MS_GRADE": "K-8", "HS_GRADE": "9-12", "Shape__Area": 2013842.9375, "Shape__Length": 6500.6519621547504 }, "geometry": { "type": "Polygon", "coordinates": [ [ [ -75.149344369253299, 39.985401520798398 ], [ -75.149435019237302, 39.984970504118301 ], [ -75.149505756052704, 39.984638320475703 ], [ -75.149688100259795, 39.983816789761399 ], [ -75.150014912583501, 39.9823242779078 ], [ -75.149444621085195, 39.982250151234403 ], [ -75.148440161514898, 39.982119658145102 ], [ -75.147947998000404, 39.982058346005601 ], [ -75.147456903650095, 39.9819956233586 ], [ -75.147784286326896, 39.9805040776656 ], [ -75.1481134298499, 39.979007036249698 ], [ -75.148450693672501, 39.977455052004103 ], [ -75.148754571075798, 39.976061267369801 ], [ -75.149060963780101, 39.974637313537997 ], [ -75.149553784928202, 39.974702518613398 ], [ -75.150042716249501, 39.974766352168402 ], [ -75.150233339150205, 39.974790538468099 ], [ -75.150950402236802, 39.974881510394802 ], [ -75.151618838241006, 39.974968623214501 ], [ -75.151918459158196, 39.973597903359398 ], [ -75.152025299877707, 39.973114353828201 ], [ -75.152190135971296, 39.972327662719103 ], [ -75.152451892396002, 39.971153231305401 ], [ -75.152576314581196, 39.9705797693222 ], [ -75.154152450134006, 39.970787611374099 ], [ -75.1557210705095, 39.970990913338603 ], [ -75.157282191283699, 39.971200210587099 ], [ -75.158613415078307, 39.971357064292498 ], [ -75.159443737371902, 39.9714763925559 ], [ -75.159239411870601, 39.972393339153797 ], [ -75.159059474464499, 39.9732141984287 ], [ -75.158785066675307, 39.974491809781497 ], [ -75.158528769257302, 39.975859615140998 ], [ -75.1582296998441, 39.977225179172201 ], [ -75.1582413947243, 39.977289520964497 ], [ -75.157917396816899, 39.978716933988302 ], [ -75.157584568056393, 39.980232265485 ], [ -75.157257244599506, 39.981702892322097 ], [ -75.156917548943497, 39.983229041671201 ], [ -75.156615680443394, 39.984708103696498 ], [ -75.156278142182103, 39.986292707102798 ], [ -75.155409513591806, 39.986188948388197 ], [ -75.154941551888797, 39.9861275284903 ], [ -75.154064879843503, 39.986012652789498 ], [ -75.153278107668797, 39.985908724450397 ], [ -75.152487476812595, 39.985811018576896 ], [ -75.151704124611101, 39.985709782314402 ], [ -75.150916548922396, 39.985606605127202 ], [ -75.1494746465833, 39.985418516061202 ], [ -75.149344369253299, 39.985401520798398 ] ] ] } },
{ "type": "Feature", "properties": { "OBJECTID": 153, "ES_ID": "5260", "ES_NAME": "Elkin, Lewis", "MS_ID": "3406", "MS_NAME": "Aspira Charter School at John B Stetson", "HS_ID": "5020", "HS_NAME": "Edison, Thomas A", "GR_ID_K": "5260", "GR_ID_01": "5260", "GR_ID_02": "5260", "GR_ID_03": "5260", "GR_ID_04": "5260", "GR_ID_05": "3406", "GR_ID_06": "3406", "GR_ID_07": "3406", "GR_ID_08": "3406", "GR_ID_09": "5020", "GR_ID_10": "5020", "GR_ID_11": "5020", "GR_ID_12": "5020", "ES_GRADE": "K-4", "MS_GRADE": "5-8", "HS_GRADE": "9-12", "Shape__Area": 1666193.3828125, "Shape__Length": 6193.4206711627903 }, "geometry": { "type": "Polygon", "coordinates": [ [ [ -75.124002800493798, 39.999502791324403 ], [ -75.122871595236901, 39.999356301439697 ], [ -75.121898211204595, 39.999230049286801 ], [ -75.121416620065602, 39.999168576744097 ], [ -75.120935827410804, 39.999106532978601 ], [ -75.120439920936704, 39.999039324971598 ], [ -75.119960176127805, 39.998984147096401 ], [ -75.119482400593398, 39.998926540804298 ], [ -75.118996592246006, 39.998861713163798 ], [ -75.118144485733097, 39.998748144993201 ], [ -75.117609553993105, 39.998680268665296 ], [ -75.117057165576696, 39.998610527954199 ], [ -75.117138948561504, 39.998213030615801 ], [ -75.117207287341103, 39.997856318129102 ], [ -75.117266368900303, 39.997598927302803 ], [ -75.117286240573094, 39.997503596438001 ], [ -75.117385521117896, 39.997015964854398 ], [ -75.116877037817801, 39.996952108959597 ], [ -75.116416003705893, 39.996890416150599 ], [ -75.115949044134396, 39.996831428248903 ], [ -75.115450491126495, 39.996762793127303 ], [ -75.1142055182588, 39.996608277414602 ], [ -75.113784661885404, 39.996553744238597 ], [ -75.1134952969213, 39.996517474266902 ], [ -75.113358031853494, 39.996526451094503 ], [ -75.113999566513201, 39.9961548269006 ], [ -75.114441101229005, 39.995912154463397 ], [ -75.114889916959001, 39.995659282996698 ], [ -75.115781477808895, 39.995176708054601 ], [ -75.118045645011193, 39.993935467274099 ], [ -75.118274822192006, 39.993813024543499 ], [ -75.119697016955499, 39.993025729577397 ], [ -75.120311759906002, 39.992681801325098 ], [ -75.121554441958693, 39.992009343288103 ], [ -75.122561598226298, 39.991437120348202 ], [ -75.1236895527516, 39.990845079613102 ], [ -75.1244343980959, 39.990422451448303 ], [ -75.124681177406103, 39.990288135218698 ], [ -75.125493539360093, 39.989845978741599 ], [ -75.125835138924799, 39.990158876104502 ], [ -75.125949953135205, 39.990239082165502 ], [ -75.125817242213103, 39.990329327769203 ], [ -75.125752295719707, 39.990394717093203 ], [ -75.125798448922097, 39.990469506052897 ], [ -75.126193086406403, 39.990822180590101 ], [ -75.126245801282806, 39.9908764795276 ], [ -75.126712496776193, 39.991309743674201 ], [ -75.126832249473395, 39.991412806264798 ], [ -75.127113082175399, 39.991725883910902 ], [ -75.127548254974698, 39.992094962963499 ], [ -75.128476852046603, 39.992969029766499 ], [ -75.128891205436105, 39.993380177915597 ], [ -75.129282221472806, 39.993707452139702 ], [ -75.129498741310996, 39.9938773075001 ], [ -75.130171002843198, 39.994394782039599 ], [ -75.130630487748704, 39.9947179763614 ], [ -75.131089878708494, 39.995043687666197 ], [ -75.131515522889103, 39.995320864773397 ], [ -75.131950516659998, 39.995592846414901 ], [ -75.132158496509803, 39.995727163485398 ], [ -75.132369135134596, 39.995785147404298 ], [ -75.132834979117206, 39.995846418034702 ], [ -75.133359114769405, 39.995914148694197 ], [ -75.133898185290903, 39.9959768111692 ], [ -75.133799809538999, 39.996516668561398 ], [ -75.133728084928507, 39.996828046987702 ], [ -75.133580031372006, 39.997470794340302 ], [ -75.133435623551605, 39.998144176587203 ], [ -75.133353546406397, 39.998546506136499 ], [ -75.133238535658194, 39.999066913812499 ], [ -75.132704460723104, 39.998994902835904 ], [ -75.132174117154705, 39.998922585199701 ], [ -75.131251880839898, 39.998815925665099 ], [ -75.130323161304503, 39.9986867688798 ], [ -75.129805167700695, 39.9986227780959 ], [ -75.1292623218649, 39.9985484955047 ], [ -75.128630850610804, 39.998468331929999 ], [ -75.127339191952899, 39.998300357029599 ], [ -75.126414341011994, 39.998178027896898 ], [ -75.126103159563797, 39.998145560453501 ], [ -75.125383112127594, 39.998053074321298 ], [ -75.125061159250293, 39.999637446050102 ], [ -75.124002800493798, 39.999502791324403 ] ] ] } },
{ "type": "Feature", "properties": { "OBJECTID": 154, "ES_ID": "5300", "ES_NAME": "Hackett, Horatio B", "MS_ID": "5160", "MS_NAME": "Penn Treaty HS", "HS_ID": "5160", "HS_NAME": "Penn Treaty HS", "GR_ID_K": "5300", "GR_ID_01": "5300", "GR_ID_02": "5300", "GR_ID_03": "5300", "GR_ID_04": "5300", "GR_ID_05": "5300", "GR_ID_06": "5160", "GR_ID_07": "5160", "GR_ID_08": "5160", "GR_ID_09": "5160", "GR_ID_10": "5160", "GR_ID_11": "5160", "GR_ID_12": "5160", "ES_GRADE": "K-5", "MS_GRADE": "6-12", "HS_GRADE": "6-12", "Shape__Area": 1608888.28125, "Shape__Length": 5159.1745732756799 }, "geometry": { "type": "Polygon", "coordinates": [ [ [ -75.121214415111396, 39.985830049755798 ], [ -75.120908401475305, 39.985489479401402 ], [ -75.120253820254007, 39.984764776549298 ], [ -75.119692611930404, 39.984121472263901 ], [ -75.119192121729597, 39.983558215791199 ], [ -75.1191376289365, 39.9834940738941 ], [ -75.118525175741595, 39.982834746894298 ], [ -75.117715206000497, 39.981901315221002 ], [ -75.117356899553201, 39.981490929804401 ], [ -75.117699103137696, 39.980913891297099 ], [ -75.118326286327203, 39.9795255291505 ], [ -75.118613145477596, 39.978888554886701 ], [ -75.119766051270105, 39.976378431140503 ], [ -75.119972710998894, 39.975920506379303 ], [ -75.120947702912503, 39.9753691332077 ], [ -75.121047304839294, 39.975279803901898 ], [ -75.121619397142297, 39.974716539873398 ], [ -75.122031172312603, 39.974321390099099 ], [ -75.122594095551307, 39.973756651042301 ], [ -75.1226900634814, 39.973963798974602 ], [ -75.1233933603841, 39.974412511871897 ], [ -75.123845192055995, 39.974703593732798 ], [ -75.124322854894999, 39.975012122107799 ], [ -75.124712619697107, 39.975257428898303 ], [ -75.125204559189797, 39.975567299999497 ], [ -75.125301637958202, 39.975600860022197 ], [ -75.126138152126302, 39.976091214843699 ], [ -75.126544064685604, 39.976329302190699 ], [ -75.126962653526604, 39.9765713855139 ], [ -75.127070761399395, 39.976631656545401 ], [ -75.1274037761778, 39.976854753691804 ], [ -75.127571452860195, 39.9769276511282 ], [ -75.128631211309596, 39.977542727606398 ], [ -75.1295121399409, 39.978056235597599 ], [ -75.1299542385416, 39.978311358706897 ], [ -75.130451209372495, 39.978598232325403 ], [ -75.130922519601597, 39.978872806526603 ], [ -75.131778849053902, 39.979373859385397 ], [ -75.133019003191293, 39.980128662912897 ], [ -75.132655107702803, 39.980346811596903 ], [ -75.131833669930799, 39.980773574536101 ], [ -75.131368317390297, 39.9810189735907 ], [ -75.130931841689801, 39.9812426961293 ], [ -75.130340068031401, 39.981558089949601 ], [ -75.129737358024698, 39.981869247709703 ], [ -75.129336997517598, 39.982078981528602 ], [ -75.129146484298701, 39.982178633710099 ], [ -75.128987869348506, 39.9822615179637 ], [ -75.128555584488595, 39.982489099227003 ], [ -75.127980462016097, 39.982794834188603 ], [ -75.127400598597404, 39.983089775473097 ], [ -75.126824214359701, 39.983395033633698 ], [ -75.126229884795194, 39.983704489310902 ], [ -75.125067327038707, 39.984313060221197 ], [ -75.1246577358379, 39.984535990749698 ], [ -75.123930252470501, 39.984911476182099 ], [ -75.121512509454703, 39.986174962817302 ], [ -75.121214415111396, 39.985830049755798 ] ] ] } },
{ "type": "Feature", "properties": { "OBJECTID": 155, "ES_ID": "3427", "ES_NAME": "Mastery Charter School at Wister", "MS_ID": "6360", "MS_NAME": "Roosevelt, Theodore", "HS_ID": "6060", "HS_NAME": "King, Martin Luther", "GR_ID_K": "3427", "GR_ID_01": "3427", "GR_ID_02": "3427", "GR_ID_03": "3427", "GR_ID_04": "3427", "GR_ID_05": "3427", "GR_ID_06": "6360", "GR_ID_07": "6360", "GR_ID_08": "6360", "GR_ID_09": "6060", "GR_ID_10": "6060", "GR_ID_11": "6060", "GR_ID_12": "6060", "ES_GRADE": "K-5", "MS_GRADE": "K-8", "HS_GRADE": "9-12", "Shape__Area": 2663268.0078125, "Shape__Length": 7451.12900554926 }, "geometry": { "type": "Polygon", "coordinates": [ [ [ -75.166114496058498, 40.042500854458801 ], [ -75.165821217372397, 40.042318735105198 ], [ -75.165080006872302, 40.041867678270798 ], [ -75.163691798617094, 40.041010028456398 ], [ -75.160872753290803, 40.039352872146303 ], [ -75.158454184958202, 40.0385483817685 ], [ -75.158417255583601, 40.037511360162803 ], [ -75.158375910134495, 40.036694147857702 ], [ -75.158366448294004, 40.036355530985297 ], [ -75.158830408174595, 40.035891948562202 ], [ -75.158511588139802, 40.035774753226903 ], [ -75.158232598896106, 40.035620104061501 ], [ -75.157964998339907, 40.0354549035251 ], [ -75.157726604143605, 40.035265908859898 ], [ -75.157514568911907, 40.035057360128299 ], [ -75.157359964764296, 40.0348241202989 ], [ -75.157248146020606, 40.0345732545346 ], [ -75.157178590488897, 40.034316518447099 ], [ -75.157150343161106, 40.034053278774302 ], [ -75.1571410272158, 40.033789643846703 ], [ -75.157135824650297, 40.033526554085903 ], [ -75.157133104523098, 40.033263377102202 ], [ -75.157132182700707, 40.033000132591198 ], [ -75.157132380640903, 40.032736847582299 ], [ -75.157133017572505, 40.032473546351497 ], [ -75.157133407982201, 40.032210254869199 ], [ -75.157132871291907, 40.031946992910299 ], [ -75.157130465537406, 40.031683750020598 ], [ -75.157126339362506, 40.031420470989197 ], [ -75.157122408653805, 40.031157199970799 ], [ -75.157121362792793, 40.031002433161397 ], [ -75.157120629256994, 40.030893977517799 ], [ -75.157122956849904, 40.030630847783897 ], [ -75.157132412328394, 40.030367583438803 ], [ -75.157155058984003, 40.030104670064802 ], [ -75.157196431754997, 40.029843688658602 ], [ -75.157255476736495, 40.029584393761901 ], [ -75.157324611012498, 40.029326279887698 ], [ -75.157396693584303, 40.029068935330699 ], [ -75.157469836624799, 40.028811797583501 ], [ -75.157544020797602, 40.028554820255899 ], [ -75.157619178274402, 40.028297999112098 ], [ -75.157695235406905, 40.028041328883901 ], [ -75.157772121958004, 40.0277848070833 ], [ -75.157849770136707, 40.027528428574698 ], [ -75.1579278477044, 40.027272115578597 ], [ -75.158004925646196, 40.027015477236603 ], [ -75.158081109331107, 40.026758547464098 ], [ -75.158156780076794, 40.026501438485603 ], [ -75.1582323226055, 40.026244265304399 ], [ -75.158308118292894, 40.025987138342501 ], [ -75.158384549474405, 40.0257301734487 ], [ -75.158461998651802, 40.025473481969499 ], [ -75.158540849423801, 40.025217177077302 ], [ -75.158621485452898, 40.024961370142996 ], [ -75.158704286677093, 40.024706177858299 ], [ -75.158789636782799, 40.0244517106917 ], [ -75.158877919279703, 40.024198083611097 ], [ -75.158970450193095, 40.023945666887798 ], [ -75.159107386486895, 40.023705680459798 ], [ -75.159278165400394, 40.023475254011203 ], [ -75.159316954687696, 40.023419995828 ], [ -75.159554069722105, 40.023934606140898 ], [ -75.159860079543506, 40.024633767859399 ], [ -75.159900008318402, 40.0249429959336 ], [ -75.159933680904203, 40.0255644883541 ], [ -75.160056177717806, 40.0260323407974 ], [ -75.160247096015496, 40.026309574716699 ], [ -75.160577214358696, 40.026732876889803 ], [ -75.160984834983395, 40.027262635834198 ], [ -75.161428167434295, 40.027773820006303 ], [ -75.162128709790395, 40.028254176803202 ], [ -75.162271154567904, 40.0283433514603 ], [ -75.163272121260206, 40.028969978472396 ], [ -75.163751408608206, 40.029264857166403 ], [ -75.164136635914403, 40.029503250561397 ], [ -75.164951790959904, 40.029955018169197 ], [ -75.165493024984698, 40.030251435855298 ], [ -75.166123024503904, 40.030609454534499 ], [ -75.166490891939901, 40.0308034913593 ], [ -75.166657903701093, 40.030899819178899 ], [ -75.167744628046904, 40.031525728606802 ], [ -75.1685266522924, 40.031954796866302 ], [ -75.169213479030702, 40.032323231224701 ], [ -75.169333422360793, 40.032392469757298 ], [ -75.170612863723804, 40.033140747827503 ], [ -75.172062127829093, 40.033991161068002 ], [ -75.172712839358994, 40.034374885647303 ], [ -75.173515839098201, 40.034840474614199 ], [ -75.173726902680599, 40.035022078457999 ], [ -75.173953493297105, 40.0352027083553 ], [ -75.174727098896, 40.035830062445299 ], [ -75.173852942640707, 40.036685242368399 ], [ -75.173081339403396, 40.0374429858621 ], [ -75.172151007790802, 40.038355701484498 ], [ -75.171621074842506, 40.038856928308398 ], [ -75.169796681897495, 40.040638999288497 ], [ -75.168710226246105, 40.041695525217897 ], [ -75.167209758959402, 40.043158447889297 ], [ -75.167094431372306, 40.043104522236597 ], [ -75.166114496058498, 40.042500854458801 ] ] ] } },
{ "type": "Feature", "properties": { "OBJECTID": 156, "ES_ID": "6440", "ES_NAME": "Lingelbach, Anna L", "MS_ID": "6440", "MS_NAME": "Lingelbach, Anna L", "HS_ID": "6030", "HS_NAME": "Roxborough High School", "GR_ID_K": "6440", "GR_ID_01": "6440", "GR_ID_02": "6440", "GR_ID_03": "6440", "GR_ID_04": "6440", "GR_ID_05": "6440", "GR_ID_06": "6440", "GR_ID_07": "6440", "GR_ID_08": "6440", "GR_ID_09": "6030", "GR_ID_10": "6030", "GR_ID_11": "6030", "GR_ID_12": "6030", "ES_GRADE": "K-8", "MS_GRADE": "K-8", "HS_GRADE": "9-12", "Shape__Area": 4719386.73046875, "Shape__Length": 9762.0474194341605 }, "geometry": { "type": "Polygon", "coordinates": [ [ [ -75.180885892610604, 40.0432561045032 ], [ -75.179983452084699, 40.042102816009098 ], [ -75.179633811041995, 40.041690609990397 ], [ -75.179131555681195, 40.0410743486744 ], [ -75.178714423247797, 40.040566513195103 ], [ -75.178633169399006, 40.040463103678199 ], [ -75.177760224191601, 40.039410138456702 ], [ -75.177630944054798, 40.039238430124499 ], [ -75.176957692374302, 40.038431810712503 ], [ -75.176430312704994, 40.037803472186702 ], [ -75.176145938375697, 40.037461177405099 ], [ -75.175624350602405, 40.0367769920434 ], [ -75.175209836825303, 40.036241860988902 ], [ -75.174727098896, 40.035830062445299 ], [ -75.176498017672102, 40.034105938380499 ], [ -75.177577236285899, 40.033055654627603 ], [ -75.177741724122896, 40.032899694147602 ], [ -75.1784698551172, 40.032185551747098 ], [ -75.1788099100323, 40.031859390690599 ], [ -75.178916443765203, 40.031746149106503 ], [ -75.180293359927006, 40.030420326583403 ], [ -75.180885438100404, 40.029849589215701 ], [ -75.181483155434904, 40.029273403285401 ], [ -75.182703964759796, 40.028064319171001 ], [ -75.183546409249601, 40.027274641524897 ], [ -75.184171361756199, 40.027795351038797 ], [ -75.184235879291506, 40.027865521371702 ], [ -75.184757776556097, 40.028294787394799 ], [ -75.185466577002899, 40.028884977488701 ], [ -75.186196116046105, 40.029478059506602 ], [ -75.186445590403395, 40.029304153202197 ], [ -75.186780711066504, 40.029120505217101 ], [ -75.187066212671397, 40.029065716568702 ], [ -75.187381045332401, 40.029100362443899 ], [ -75.188364255188006, 40.029236979183501 ], [ -75.188904462733802, 40.029352242981503 ], [ -75.189409587316206, 40.029293826961201 ], [ -75.189710278731397, 40.0292317245028 ], [ -75.189947535493403, 40.029137625290403 ], [ -75.190156565428893, 40.0290008518867 ], [ -75.190285814888099, 40.028869941401197 ], [ -75.190475751941307, 40.0283820693774 ], [ -75.190501329850704, 40.028033783334998 ], [ -75.190546548359706, 40.027889533583902 ], [ -75.1906459859851, 40.027757960146701 ], [ -75.190900300210302, 40.027606902814199 ], [ -75.191051072446498, 40.027564390424502 ], [ -75.191231079612194, 40.027537821091798 ], [ -75.191767213364201, 40.0275612332373 ], [ -75.192112894268703, 40.027492481845599 ], [ -75.192358353011997, 40.0274444334419 ], [ -75.192484138820703, 40.027405185694803 ], [ -75.192614252809307, 40.027324224831602 ], [ -75.193163295987503, 40.027458738031299 ], [ -75.193217707210593, 40.027591240329102 ], [ -75.193347166077899, 40.027702577358703 ], [ -75.193613823224197, 40.0277199309458 ], [ -75.193918433757105, 40.027715293574801 ], [ -75.194262502955496, 40.027648744277897 ], [ -75.194533025514204, 40.027563433839298 ], [ -75.194794194073097, 40.027529287256897 ], [ -75.1950835371496, 40.0275357246556 ], [ -75.195537384486002, 40.0275115697331 ], [ -75.195922746355706, 40.027531558265601 ], [ -75.196236492434707, 40.027481451427299 ], [ -75.196616579140795, 40.027444238092201 ], [ -75.1969425880079, 40.027462901749203 ], [ -75.197259461196396, 40.027527027907801 ], [ -75.197420321467305, 40.027593393496304 ], [ -75.197563983144704, 40.027722168488303 ], [ -75.197676467315901, 40.027890208121903 ], [ -75.197772839873593, 40.028106596055402 ], [ -75.197918550832298, 40.028363664115702 ], [ -75.198030179185395, 40.028554515777799 ], [ -75.198112562233106, 40.028733303562902 ], [ -75.198194300159003, 40.028929198720903 ], [ -75.198285948657499, 40.0292566046896 ], [ -75.198295553269801, 40.029593604325498 ], [ -75.198235899661498, 40.029797775360301 ], [ -75.198204849898005, 40.0300311239249 ], [ -75.198172939812494, 40.030287285706699 ], [ -75.198103507312297, 40.03055403127 ], [ -75.198088366871204, 40.030759191311198 ], [ -75.198097674836106, 40.030902504576297 ], [ -75.198102475466399, 40.030976417877 ], [ -75.198226910448696, 40.031221782491698 ], [ -75.198340263331104, 40.031367007347001 ], [ -75.198497056191201, 40.031541737344099 ], [ -75.198654925425501, 40.031687949925796 ], [ -75.198901613849799, 40.031841844854902 ], [ -75.199207232871998, 40.032008463786902 ], [ -75.199452422152802, 40.032202280980201 ], [ -75.199658995739398, 40.032337329050002 ], [ -75.199253524617902, 40.032741208525898 ], [ -75.1990400316744, 40.032968880711202 ], [ -75.1986803304316, 40.033111414355297 ], [ -75.197920858769606, 40.033252329310102 ], [ -75.197680760312906, 40.033413532814301 ], [ -75.197599539147703, 40.033539974941199 ], [ -75.197544090462401, 40.033720423814202 ], [ -75.197537511506596, 40.033901173962299 ], [ -75.197624464871197, 40.034171068501003 ], [ -75.197648231023194, 40.034278468319101 ], [ -75.197675874254799, 40.034413150187603 ], [ -75.197817896202395, 40.034757815411403 ], [ -75.197889803453506, 40.035063997550303 ], [ -75.1979766445384, 40.035515122540403 ], [ -75.198041481517294, 40.035677298603197 ], [ -75.198241066043707, 40.036616718773502 ], [ -75.195916051128407, 40.0377419439004 ], [ -75.196130354658806, 40.037933188077901 ], [ -75.193920036413601, 40.040045674162201 ], [ -75.192096962029098, 40.041818005020097 ], [ -75.191770981710604, 40.042155544896197 ], [ -75.191579513612893, 40.042406717333101 ], [ -75.191452213220899, 40.0426349898053 ], [ -75.191349317104795, 40.042845560391697 ], [ -75.191243214644103, 40.043141205382902 ], [ -75.191201601008004, 40.0433951800415 ], [ -75.190580931865199, 40.043000993052097 ], [ -75.190253512951699, 40.042797211390102 ], [ -75.189481591023394, 40.042316771225003 ], [ -75.189316641266402, 40.042495164089999 ], [ -75.186689762620702, 40.045043266251398 ], [ -75.185278426224997, 40.046419365318897 ], [ -75.1834003944317, 40.048263405800498 ], [ -75.182800148375705, 40.047083854462599 ], [ -75.182206226551102, 40.045903812816398 ], [ -75.181704382474194, 40.0448404624373 ], [ -75.181432714663799, 40.044170722667502 ], [ -75.181258815030901, 40.043741912241401 ], [ -75.181176445837806, 40.043618434136498 ], [ -75.1809810021022, 40.043346463788801 ], [ -75.180885892610604, 40.0432561045032 ] ] ] } },
{ "type": "Feature", "properties": { "OBJECTID": 157, "ES_ID": "6450", "ES_NAME": "Dobson, James", "MS_ID": "6450", "MS_NAME": "Dobson, James", "HS_ID": "6030", "HS_NAME": "Roxborough High School", "GR_ID_K": "6450", "GR_ID_01": "6450", "GR_ID_02": "6450", "GR_ID_03": "6450", "GR_ID_04": "6450", "GR_ID_05": "6450", "GR_ID_06": "6450", "GR_ID_07": "6450", "GR_ID_08": "6450", "GR_ID_09": "6030", "GR_ID_10": "6030", "GR_ID_11": "6030", "GR_ID_12": "6030", "ES_GRADE": "K-8", "MS_GRADE": "K-8", "HS_GRADE": "9-12", "Shape__Area": 3359972.078125, "Shape__Length": 7668.64534411151 }, "geometry": { "type": "Polygon", "coordinates": [ [ [ -75.2233971057248, 40.038910071594799 ], [ -75.223273276948902, 40.038743162782801 ], [ -75.222811314297601, 40.038121077238202 ], [ -75.2220547726766, 40.037785092681702 ], [ -75.2217854353419, 40.037692310315997 ], [ -75.2212958933858, 40.037528145510102 ], [ -75.220671909537003, 40.037313495023099 ], [ -75.219399666548398, 40.036920544622198 ], [ -75.218762240756405, 40.036663944139796 ], [ -75.218482199071204, 40.036549872424501 ], [ -75.218185113525806, 40.036379946276099 ], [ -75.218083363156396, 40.036306129896197 ], [ -75.217928585658498, 40.036169353108598 ], [ -75.217384702551996, 40.035593093788897 ], [ -75.216641680516304, 40.034842218385997 ], [ -75.216418208986596, 40.034614110002401 ], [ -75.216004223719906, 40.0341955283671 ], [ -75.215883997220104, 40.034066548594303 ], [ -75.215362951761406, 40.033621058175903 ], [ -75.215178364695802, 40.0334544073743 ], [ -75.214495150037706, 40.032847303767298 ], [ -75.213692790089894, 40.0321164037694 ], [ -75.213103502329204, 40.0316076895135 ], [ -75.2123122681392, 40.030888970386997 ], [ -75.212072883137694, 40.030674793835402 ], [ -75.211311146393996, 40.0299798919594 ], [ -75.213331324993106, 40.0290727817465 ], [ -75.214191373956993, 40.028708095218398 ], [ -75.215038834535903, 40.0283339821505 ], [ -75.215836894196897, 40.027959242375204 ], [ -75.216634846081107, 40.027611640150702 ], [ -75.217577777041996, 40.027186434388703 ], [ -75.218226836125794, 40.0269059700369 ], [ -75.218843715604393, 40.026609144354701 ], [ -75.219391237342705, 40.026332584089303 ], [ -75.219702446814395, 40.026149615577097 ], [ -75.220606090086406, 40.025752366496903 ], [ -75.221028954847796, 40.026237892562897 ], [ -75.221417368575999, 40.026729655538603 ], [ -75.223035046787999, 40.026024719272797 ], [ -75.223126000845994, 40.025928488524301 ], [ -75.223465509046306, 40.025409468137603 ], [ -75.224877789244005, 40.024302539581399 ], [ -75.225195276706302, 40.024468188356799 ], [ -75.226312932054, 40.025101236595901 ], [ -75.227956613697302, 40.025943937732499 ], [ -75.228137829132805, 40.026034493027197 ], [ -75.229680884617594, 40.026802534077397 ], [ -75.230747641095107, 40.027321213971803 ], [ -75.231705112875105, 40.027809187932696 ], [ -75.232908555655001, 40.028613858947502 ], [ -75.233924955548503, 40.0294993233219 ], [ -75.235020189025704, 40.030244998959603 ], [ -75.235700787726003, 40.030755174838298 ], [ -75.237140302529198, 40.0316498711694 ], [ -75.237946010087796, 40.032082173812903 ], [ -75.236601534156506, 40.032797048542797 ], [ -75.235484582447, 40.033274160313802 ], [ -75.234924170869306, 40.033515889561798 ], [ -75.234008548912797, 40.033918595133798 ], [ -75.233661066350294, 40.034099455184901 ], [ -75.233564731484094, 40.034152610589999 ], [ -75.233473204332796, 40.034197236136301 ], [ -75.233349714090295, 40.034237983453501 ], [ -75.232950719329693, 40.034416780180898 ], [ -75.231107417034593, 40.035228453106399 ], [ -75.230042286984698, 40.035918905435899 ], [ -75.229148144296602, 40.036485001390702 ], [ -75.228466579673807, 40.0369191758627 ], [ -75.228181528296403, 40.0370911011575 ], [ -75.227041942005499, 40.0378197648011 ], [ -75.226162490220702, 40.038370566826998 ], [ -75.223809674110399, 40.039446304314701 ], [ -75.2233971057248, 40.038910071594799 ] ] ] } },
{ "type": "Feature", "properties": { "OBJECTID": 158, "ES_ID": "6470", "ES_NAME": "Kelly, John B", "MS_ID": "6360", "MS_NAME": "Roosevelt, Theodore", "HS_ID": "6060", "HS_NAME": "King, Martin Luther", "GR_ID_K": "6470", "GR_ID_01": "6470", "GR_ID_02": "6470", "GR_ID_03": "6470", "GR_ID_04": "6470", "GR_ID_05": "6470", "GR_ID_06": "6360", "GR_ID_07": "6360", "GR_ID_08": "6360", "GR_ID_09": "6060", "GR_ID_10": "6060", "GR_ID_11": "6060", "GR_ID_12": "6060", "ES_GRADE": "K-5", "MS_GRADE": "K-8", "HS_GRADE": "9-12", "Shape__Area": 4803549.26171875, "Shape__Length": 8820.1158225208692 }, "geometry": { "type": "Polygon", "coordinates": [ [ [ -75.173953493297105, 40.0352027083553 ], [ -75.173726902680599, 40.035022078457999 ], [ -75.173515839098201, 40.034840474614199 ], [ -75.172712839358994, 40.034374885647303 ], [ -75.172062127829093, 40.033991161068002 ], [ -75.170612863723804, 40.033140747827503 ], [ -75.169333422360793, 40.032392469757298 ], [ -75.169213479030702, 40.032323231224701 ], [ -75.1685266522924, 40.031954796866302 ], [ -75.167744628046904, 40.031525728606802 ], [ -75.166657903701093, 40.030899819178899 ], [ -75.166490891939901, 40.0308034913593 ], [ -75.166123024503904, 40.030609454534499 ], [ -75.165493024984698, 40.030251435855298 ], [ -75.164951790959904, 40.029955018169197 ], [ -75.164136635914403, 40.029503250561397 ], [ -75.163751408608206, 40.029264857166403 ], [ -75.163272121260206, 40.028969978472396 ], [ -75.162271154567904, 40.0283433514603 ], [ -75.162128709790395, 40.028254176803202 ], [ -75.161428167434295, 40.027773820006303 ], [ -75.160984834983395, 40.027262635834198 ], [ -75.160577214358696, 40.026732876889803 ], [ -75.160247096015496, 40.026309574716699 ], [ -75.160056177717806, 40.0260323407974 ], [ -75.159933680904203, 40.0255644883541 ], [ -75.159900008318402, 40.0249429959336 ], [ -75.159860079543506, 40.024633767859399 ], [ -75.159554069722105, 40.023934606140898 ], [ -75.159316954687696, 40.023419995828 ], [ -75.159216230078201, 40.023201387753701 ], [ -75.159140639098098, 40.023037329192498 ], [ -75.159037828030193, 40.022809979956797 ], [ -75.159504016858904, 40.022351313395397 ], [ -75.160207441686595, 40.021320997947299 ], [ -75.1605888681528, 40.020482205441603 ], [ -75.1606428161504, 40.020334803065403 ], [ -75.160659004783795, 40.020275945268303 ], [ -75.160693727230395, 40.020162922779903 ], [ -75.161659181436306, 40.019874601821002 ], [ -75.162602819936097, 40.019595364557603 ], [ -75.1637612258139, 40.019243895084102 ], [ -75.163831252692901, 40.019190513977598 ], [ -75.164211833111395, 40.018957668830701 ], [ -75.164518499041804, 40.018828787735202 ], [ -75.165497788463398, 40.018397927972003 ], [ -75.165811211502799, 40.018258660066003 ], [ -75.165952474695203, 40.018178226844199 ], [ -75.166124753804795, 40.0180566843527 ], [ -75.166375858179705, 40.017862041895398 ], [ -75.166869442378598, 40.017479438843999 ], [ -75.167271301849297, 40.017159250811197 ], [ -75.167740920747804, 40.016784845009397 ], [ -75.168102900979704, 40.016500339435403 ], [ -75.168307788571397, 40.016355140242297 ], [ -75.168435509642705, 40.016289168140801 ], [ -75.168757284998193, 40.016071831835397 ], [ -75.169035635337494, 40.0158757510764 ], [ -75.169228174604399, 40.015731300815297 ], [ -75.169325662600599, 40.015621162647598 ], [ -75.169910344099506, 40.015259352845199 ], [ -75.171852886721197, 40.014226729750099 ], [ -75.173305926189599, 40.013436879837499 ], [ -75.1734957288148, 40.013646880678301 ], [ -75.173691044404706, 40.013863065082198 ], [ -75.173886304117303, 40.014079272198003 ], [ -75.174081505371802, 40.014295508274799 ], [ -75.174276643484404, 40.014511773208 ], [ -75.174471718454996, 40.014728066997797 ], [ -75.174666726702199, 40.014944391366498 ], [ -75.174861663474204, 40.015160748009599 ], [ -75.175056525121605, 40.0153771404499 ], [ -75.175251310609596, 40.015593565060399 ], [ -75.175446017323097, 40.015810028991098 ], [ -75.175528492504597, 40.015901774807901 ], [ -75.175660862458301, 40.016049037762002 ], [ -75.175756540800293, 40.016155535237502 ], [ -75.175847202069093, 40.016256459123603 ], [ -75.176029629891502, 40.016459650518598 ], [ -75.176223988650406, 40.016676272799302 ], [ -75.176418252104099, 40.016892937635802 ], [ -75.176612416568702, 40.0171096494511 ], [ -75.176806479804299, 40.017326405492398 ], [ -75.177000441639905, 40.0175432102616 ], [ -75.177194296254697, 40.017760062727703 ], [ -75.177388039930605, 40.017976968214001 ], [ -75.177568819447899, 40.018200796401302 ], [ -75.177714741699504, 40.018440055308901 ], [ -75.177832405648005, 40.018686786503999 ], [ -75.177935760346799, 40.018937421877801 ], [ -75.178031281453102, 40.019190446855497 ], [ -75.178124238836205, 40.019444254055699 ], [ -75.178219896511806, 40.019697237748503 ], [ -75.178300835495804, 40.019971326739103 ], [ -75.178353067404899, 40.020230620590297 ], [ -75.178366618741904, 40.020493808196001 ], [ -75.1783530998201, 40.020757439234401 ], [ -75.178324032953697, 40.021019617433403 ], [ -75.178293854335394, 40.021281748203698 ], [ -75.178262760293507, 40.021543845852698 ], [ -75.178230879518097, 40.021805915965103 ], [ -75.178198327889106, 40.022067962036601 ], [ -75.1781652376132, 40.022329989730899 ], [ -75.178135346959493, 40.022597046435898 ], [ -75.179036177011696, 40.023338258531702 ], [ -75.179846208476704, 40.024095189872902 ], [ -75.181669818221906, 40.025666349630299 ], [ -75.182126633353306, 40.026055495244499 ], [ -75.182934877193304, 40.026754313069702 ], [ -75.183546409249601, 40.027274641524897 ], [ -75.182703964759796, 40.028064319171001 ], [ -75.181483155434904, 40.029273403285401 ], [ -75.180885438100404, 40.029849589215701 ], [ -75.180293359927006, 40.030420326583403 ], [ -75.178916443765203, 40.031746149106503 ], [ -75.1788099100323, 40.031859390690599 ], [ -75.1784698551172, 40.032185551747098 ], [ -75.177741724122896, 40.032899694147602 ], [ -75.177577236285899, 40.033055654627603 ], [ -75.176498017672102, 40.034105938380499 ], [ -75.174727098896, 40.035830062445299 ], [ -75.173953493297105, 40.0352027083553 ] ] ] } },
{ "type": "Feature", "properties": { "OBJECTID": 159, "ES_ID": "7100", "ES_NAME": "Cooke, Jay", "MS_ID": "7100", "MS_NAME": "Cooke, Jay", "HS_ID": "3414", "HS_NAME": "Aspira Olney Charter High School", "GR_ID_K": "7100", "GR_ID_01": "7100", "GR_ID_02": "7100", "GR_ID_03": "7100", "GR_ID_04": "7100", "GR_ID_05": "7100", "GR_ID_06": "7100", "GR_ID_07": "7100", "GR_ID_08": "7100", "GR_ID_09": "3414", "GR_ID_10": "3414", "GR_ID_11": "3414", "GR_ID_12": "3414", "ES_GRADE": "K-8", "MS_GRADE": "K-8", "HS_GRADE": "9-12", "Shape__Area": 1286118.78515625, "Shape__Length": 4964.2604256290497 }, "geometry": { "type": "Polygon", "coordinates": [ [ [ -75.146153513082297, 40.029053003682101 ], [ -75.144718930810399, 40.028864931875397 ], [ -75.143915561921702, 40.028758398923003 ], [ -75.143128411626606, 40.028652271696401 ], [ -75.142337629235499, 40.028552636701697 ], [ -75.141559635719702, 40.028458165713602 ], [ -75.141881702913295, 40.026958312347297 ], [ -75.141090345659194, 40.026860189652403 ], [ -75.140306656479197, 40.026755062677204 ], [ -75.139510388619499, 40.026657136361599 ], [ -75.138700656689707, 40.026545246939399 ], [ -75.138287568826797, 40.026498010221403 ], [ -75.137748917767894, 40.026425467828801 ], [ -75.137824667747594, 40.026096893326297 ], [ -75.138081202933904, 40.024936990549499 ], [ -75.138421714341206, 40.023337896447302 ], [ -75.138647815939393, 40.022282590413099 ], [ -75.1386873987597, 40.022097435817102 ], [ -75.138791665629697, 40.021680028820498 ], [ -75.139625873324306, 40.021263624258197 ], [ -75.139895033631504, 40.021151172648899 ], [ -75.141263533284601, 40.020465907310502 ], [ -75.142083887741506, 40.020084848561503 ], [ -75.1424695594024, 40.019929395070598 ], [ -75.142886612117906, 40.019780736509396 ], [ -75.143262743266703, 40.019667636146401 ], [ -75.143635125212995, 40.019576972291098 ], [ -75.144097555911998, 40.019494773324098 ], [ -75.144688877662801, 40.019419913784098 ], [ -75.145364630380499, 40.019388896275203 ], [ -75.146139651786996, 40.019392211202302 ], [ -75.146384340257598, 40.019421926701298 ], [ -75.147060565606395, 40.019102928788797 ], [ -75.147146246223798, 40.019019529124698 ], [ -75.148469838338698, 40.0184157508534 ], [ -75.149091502364598, 40.0181187317135 ], [ -75.149349276885602, 40.017966918078102 ], [ -75.149232663825202, 40.0185118666232 ], [ -75.148995781779504, 40.019581879844203 ], [ -75.148956178268406, 40.019752507942201 ], [ -75.148938490820896, 40.019835811952703 ], [ -75.148852317340996, 40.020210366938201 ], [ -75.148740535634104, 40.020720261383097 ], [ -75.148694009102698, 40.0209623933264 ], [ -75.148569336705506, 40.021485204564698 ], [ -75.148248074820401, 40.022968752271701 ], [ -75.147896826048793, 40.024562914603699 ], [ -75.147558185488606, 40.026147698415997 ], [ -75.147221397696399, 40.0276532238708 ], [ -75.146915293772693, 40.0291532477559 ], [ -75.146153513082297, 40.029053003682101 ] ] ] } },
{ "type": "Feature", "properties": { "OBJECTID": 160, "ES_ID": "7150", "ES_NAME": "Juniata Park Academy", "MS_ID": "7150", "MS_NAME": "Juniata Park Academy", "HS_ID": "7010", "HS_NAME": "Frankford HS", "GR_ID_K": "7150", "GR_ID_01": "7150", "GR_ID_02": "7150", "GR_ID_03": "7150", "GR_ID_04": "7150", "GR_ID_05": "7150", "GR_ID_06": "7150", "GR_ID_07": "7150", "GR_ID_08": "7150", "GR_ID_09": "7010", "GR_ID_10": "7010", "GR_ID_11": "7010", "GR_ID_12": "7010", "ES_GRADE": "K-8", "MS_GRADE": "K-8", "HS_GRADE": "9-12", "Shape__Area": 3510965.77734375, "Shape__Length": 8743.4647366426398 }, "geometry": { "type": "Polygon", "coordinates": [ [ [ -75.097047331046298, 40.0159927612494 ], [ -75.096879156855906, 40.015988875433997 ], [ -75.096712154658604, 40.015985016454401 ], [ -75.096486604381298, 40.015969725219698 ], [ -75.096362663622202, 40.015954259899402 ], [ -75.096174116496599, 40.015914620372897 ], [ -75.096044907230706, 40.015866274000501 ], [ -75.095807316709397, 40.015739819022201 ], [ -75.095586098282197, 40.015613742923797 ], [ -75.095262608981301, 40.015421040887396 ], [ -75.095083173629703, 40.015316089595999 ], [ -75.094926661747394, 40.015211667192602 ], [ -75.0947511926868, 40.015089167499497 ], [ -75.094598350433202, 40.014974750501203 ], [ -75.094490956702302, 40.0148714652086 ], [ -75.094405142695194, 40.014782080022599 ], [ -75.094302465020903, 40.014662979610499 ], [ -75.094206175566597, 40.0145271910066 ], [ -75.093817483204305, 40.013907085644597 ], [ -75.093697265994194, 40.013712780271803 ], [ -75.093569200827602, 40.013467891932201 ], [ -75.093501226272593, 40.013278574857601 ], [ -75.093467353634395, 40.013139188370801 ], [ -75.093462653354507, 40.013008036539503 ], [ -75.093484543818093, 40.012867420958003 ], [ -75.093509215041294, 40.012739467998401 ], [ -75.093577241371605, 40.012592359251897 ], [ -75.093689607789599, 40.012400913658098 ], [ -75.093923028196599, 40.012047206779798 ], [ -75.094059297134606, 40.0118311145456 ], [ -75.094295547348096, 40.011488811088299 ], [ -75.094386095959507, 40.011352303667302 ], [ -75.094975559817399, 40.0105150587016 ], [ -75.095105940307505, 40.010240652020599 ], [ -75.095033807577806, 40.010015194667403 ], [ -75.096151749776894, 40.009996953691797 ], [ -75.096820554709097, 40.0100864852743 ], [ -75.097377302772003, 40.010160081457499 ], [ -75.098098796706196, 40.010256957993803 ], [ -75.098800293594394, 40.010345594958601 ], [ -75.0993614245955, 40.010422037996697 ], [ -75.100041080912305, 40.010512255273397 ], [ -75.100768998482394, 40.0105992490316 ], [ -75.101479322377102, 40.010698439540398 ], [ -75.102219730241501, 40.010798220290098 ], [ -75.103187009783497, 40.010923614279001 ], [ -75.103502605083193, 40.010961547934997 ], [ -75.103706638885996, 40.010990577849 ], [ -75.104168277168696, 40.0110498332715 ], [ -75.104492693508107, 40.009459229980301 ], [ -75.104809494272502, 40.007976872731099 ], [ -75.105142725664805, 40.006470851112098 ], [ -75.105338737537807, 40.005527453240802 ], [ -75.106028067033407, 40.005507372480601 ], [ -75.106663324021696, 40.005489225034601 ], [ -75.107354664833807, 40.005480777120297 ], [ -75.108039567674595, 40.0054404551638 ], [ -75.108630195562398, 40.005413895764597 ], [ -75.109374053462801, 40.005401424332703 ], [ -75.113485306335306, 40.0059365916768 ], [ -75.119302392665006, 40.0066886985786 ], [ -75.122720514756196, 40.0071439624761 ], [ -75.123428654781804, 40.007221464343999 ], [ -75.123394962135507, 40.007426689034403 ], [ -75.123326339979798, 40.007565004409003 ], [ -75.121471163724095, 40.010162465729003 ], [ -75.119442235967497, 40.013035134454498 ], [ -75.117573950701797, 40.015591323936903 ], [ -75.117478665053198, 40.015792282546997 ], [ -75.113199479073302, 40.015541712629101 ], [ -75.111362269412297, 40.015876135236198 ], [ -75.1090269008306, 40.016296064347799 ], [ -75.107958453264104, 40.016500517559997 ], [ -75.107747424595303, 40.0165899419532 ], [ -75.107070799836606, 40.016701922418903 ], [ -75.106859546068094, 40.0165680805748 ], [ -75.106667384014301, 40.016452775063001 ], [ -75.106433379586306, 40.016402027116101 ], [ -75.106196198810395, 40.016348685361301 ], [ -75.105864448494003, 40.016283084630899 ], [ -75.105664600507495, 40.016281003399897 ], [ -75.105416222080805, 40.0162626820469 ], [ -75.105208121851405, 40.016220087854698 ], [ -75.104987361935898, 40.016165863060799 ], [ -75.1046899667585, 40.016143891680002 ], [ -75.104368370530693, 40.016154121646203 ], [ -75.104083777835299, 40.016140004240597 ], [ -75.103867754077896, 40.016132505841497 ], [ -75.103655201405303, 40.016120047558601 ], [ -75.103319100079702, 40.016082059390797 ], [ -75.102879833112098, 40.016000111891202 ], [ -75.102546612407494, 40.015972268608898 ], [ -75.102287334917193, 40.015981411230499 ], [ -75.102049895556107, 40.016018776280902 ], [ -75.101773948344402, 40.016035091186403 ], [ -75.1015479055675, 40.016032399515097 ], [ -75.101325432363396, 40.016022227366498 ], [ -75.101017180842604, 40.016026454852899 ], [ -75.100596760803796, 40.016049517246302 ], [ -75.100395244226902, 40.016090227077299 ], [ -75.099895772774403, 40.016207223693897 ], [ -75.099614879487007, 40.016266260750598 ], [ -75.099453145568106, 40.016295288080599 ], [ -75.098955883443594, 40.016355629596397 ], [ -75.098635074364097, 40.016345702884898 ], [ -75.098453468883903, 40.016296147575702 ], [ -75.098191472592603, 40.016206935168199 ], [ -75.097978894436807, 40.016111302987298 ], [ -75.097797780710707, 40.016049158806297 ], [ -75.097507526940802, 40.0160122143565 ], [ -75.097272495418594, 40.015987884512697 ], [ -75.097047331046298, 40.0159927612494 ] ] ] } },
{ "type": "Feature", "properties": { "OBJECTID": 161, "ES_ID": "8130", "ES_NAME": "Northeast Community Propel Academy", "MS_ID": "8140", "MS_NAME": "Meehan, Austin", "HS_ID": "8010", "HS_NAME": "Lincoln, Abraham", "GR_ID_K": "8130", "GR_ID_01": "8130", "GR_ID_02": "8130", "GR_ID_03": "8130", "GR_ID_04": "8130", "GR_ID_05": "8130", "GR_ID_06": "8130", "GR_ID_07": "8130", "GR_ID_08": "8140", "GR_ID_09": "8010", "GR_ID_10": "8010", "GR_ID_11": "8010", "GR_ID_12": "8010", "ES_GRADE": "K-7", "MS_GRADE": "8", "HS_GRADE": "9-12", "Shape__Area": 6065922.59765625, "Shape__Length": 14488.8849032866 }, "geometry": { "type": "Polygon", "coordinates": [ [ [ -75.035172292362006, 40.0460364193884 ], [ -75.034779223318694, 40.0459701040295 ], [ -75.034407826782299, 40.045980333218402 ], [ -75.034093323522001, 40.046010914084299 ], [ -75.033807965062493, 40.046137225442799 ], [ -75.033620936560993, 40.046278532010199 ], [ -75.033464316924906, 40.046483918589999 ], [ -75.033328603223595, 40.046784841602502 ], [ -75.033250291649495, 40.047093457374402 ], [ -75.033206193564794, 40.047371202142998 ], [ -75.033188578483902, 40.047605220693001 ], [ -75.033120531139005, 40.047863389497799 ], [ -75.033013073595498, 40.048076275401201 ], [ -75.032830723490704, 40.048306396591897 ], [ -75.032753423073999, 40.048589692984798 ], [ -75.032759248051406, 40.048855946084103 ], [ -75.032761654138795, 40.049001732167604 ], [ -75.032736861824901, 40.049106642866803 ], [ -75.032606162499505, 40.049384555555903 ], [ -75.032505164336499, 40.049641945512498 ], [ -75.032401375108094, 40.049968967656298 ], [ -75.032156236531407, 40.050175639366401 ], [ -75.032025890900599, 40.050286391888598 ], [ -75.031824403129207, 40.0503766649841 ], [ -75.031559808042104, 40.050395748792504 ], [ -75.031388723132295, 40.050370818219299 ], [ -75.031161814150906, 40.050337755130002 ], [ -75.030781105525094, 40.050282278594999 ], [ -75.0300919992969, 40.050196266586497 ], [ -75.0296482233299, 40.0501604146285 ], [ -75.029219905352804, 40.050150271017401 ], [ -75.028963545151697, 40.050169542980498 ], [ -75.028658273799195, 40.050174985090301 ], [ -75.028403945964996, 40.050143614221703 ], [ -75.028249474922603, 40.050089266546003 ], [ -75.028114275184706, 40.049965677780399 ], [ -75.028023052140895, 40.049773434278798 ], [ -75.027906863636304, 40.049586933529397 ], [ -75.027730989947699, 40.049449707116899 ], [ -75.027503914905594, 40.049355621414797 ], [ -75.027018580122004, 40.049328276733 ], [ -75.026326033846104, 40.049455166147503 ], [ -75.025967042916307, 40.048549899195599 ], [ -75.026112124620695, 40.0481814278846 ], [ -75.031553653399101, 40.045692649095798 ], [ -75.030170433904999, 40.043919536650698 ], [ -75.030170427470694, 40.043918848993897 ], [ -75.030165839472502, 40.043913012354999 ], [ -75.029863148307896, 40.043503343688897 ], [ -75.029802382803496, 40.043421100811102 ], [ -75.029801707799393, 40.043420187375503 ], [ -75.02976312637, 40.0433697769679 ], [ -75.0294677465631, 40.042983840159799 ], [ -75.029418803234606, 40.042919890944702 ], [ -75.029163424946404, 40.042587410562597 ], [ -75.028945266807099, 40.042303387879599 ], [ -75.028943751680799, 40.042301323712501 ], [ -75.028944654939494, 40.042300988292503 ], [ -75.028659332700897, 40.041914051176903 ], [ -75.028424497179401, 40.041594294690697 ], [ -75.028330192980604, 40.041465887238097 ], [ -75.028259743260506, 40.0413748701747 ], [ -75.030845160821201, 40.040427044244602 ], [ -75.031340142658195, 40.040247121329898 ], [ -75.031343316565696, 40.040245968317002 ], [ -75.031710246312102, 40.040115529028903 ], [ -75.032614766848198, 40.039780913856198 ], [ -75.033429268228005, 40.039482644924803 ], [ -75.034426076411194, 40.039129796934198 ], [ -75.036279656292706, 40.038450245124103 ], [ -75.038689580364107, 40.037560133297902 ], [ -75.038855644514896, 40.0374992514638 ], [ -75.040755249737899, 40.0368028201299 ], [ -75.041685649960897, 40.0363521770593 ], [ -75.042436259031405, 40.035970577235901 ], [ -75.043201902116095, 40.0355535760268 ], [ -75.044056268045097, 40.035105926036302 ], [ -75.044673842561295, 40.034780288483503 ], [ -75.044929424391199, 40.034650635503503 ], [ -75.0469347758346, 40.035771640424301 ], [ -75.048561186685703, 40.036674653130603 ], [ -75.047408244338797, 40.0379015199143 ], [ -75.045808608994093, 40.039588497334698 ], [ -75.047426089037998, 40.0405064019523 ], [ -75.049029855087198, 40.0414220599366 ], [ -75.052229965063404, 40.043280545627603 ], [ -75.054290317571898, 40.044455891595497 ], [ -75.052213362703398, 40.046396037461498 ], [ -75.052203103967102, 40.046402794966802 ], [ -75.052162195246694, 40.0464297459486 ], [ -75.051668907362199, 40.046966200225398 ], [ -75.051330941016602, 40.0475554825518 ], [ -75.051129653208804, 40.048122106152398 ], [ -75.051110361896804, 40.048316462133599 ], [ -75.051129950201499, 40.048318515397 ], [ -75.051054483152001, 40.049078839472799 ], [ -75.050910910102402, 40.050588596490897 ], [ -75.050910761891501, 40.050595917625003 ], [ -75.050907288914203, 40.050767772136901 ], [ -75.050892245371003, 40.051111784676898 ], [ -75.050836591774001, 40.0515159647289 ], [ -75.050716371746503, 40.051991219700597 ], [ -75.050520219163602, 40.052422369931499 ], [ -75.050467424220997, 40.052516380899696 ], [ -75.050426493738996, 40.052584373569701 ], [ -75.050344976382107, 40.052695982791803 ], [ -75.050160927058599, 40.052963130675899 ], [ -75.049939355157804, 40.053204715816598 ], [ -75.049649033317294, 40.0534864427675 ], [ -75.049051925972094, 40.054085174650098 ], [ -75.047751365546802, 40.055372398535397 ], [ -75.047499917853102, 40.0556573658194 ], [ -75.047381374243301, 40.055753073554101 ], [ -75.046539087924501, 40.056576711904697 ], [ -75.046454024059102, 40.056664514143201 ], [ -75.0447937988788, 40.058378128685 ], [ -75.044523127748505, 40.058712677104197 ], [ -75.044387430304397, 40.058912064530801 ], [ -75.044323696867096, 40.059005709947598 ], [ -75.044238587034499, 40.059130764376803 ], [ -75.044140390726795, 40.059337948454399 ], [ -75.042736820697201, 40.062382022122101 ], [ -75.042248487114904, 40.0635401846313 ], [ -75.041175372208301, 40.065924586474999 ], [ -75.041046010407797, 40.065877420433303 ], [ -75.040952080966704, 40.065843172703701 ], [ -75.040496777306203, 40.065680371542001 ], [ -75.040196238398593, 40.065565571794401 ], [ -75.039995834532505, 40.065421452044703 ], [ -75.039762221753307, 40.065282885711703 ], [ -75.0394416523595, 40.065050392887997 ], [ -75.039186108188304, 40.064841609890799 ], [ -75.038922833906298, 40.064619972420097 ], [ -75.038696704676894, 40.064500588037198 ], [ -75.036822526162197, 40.062945602160298 ], [ -75.036594737505794, 40.062664091273902 ], [ -75.036382939051293, 40.061940051915201 ], [ -75.036229181630304, 40.061454879448398 ], [ -75.035946531122704, 40.061099719502501 ], [ -75.035863256048202, 40.0609140062599 ], [ -75.035871107379705, 40.060717774136698 ], [ -75.035931864525296, 40.060606705834701 ], [ -75.035960073259901, 40.060555137306501 ], [ -75.036027363999295, 40.060315955864397 ], [ -75.036120240842706, 40.059643358307902 ], [ -75.036168133519496, 40.059270661179099 ], [ -75.036228703482095, 40.058993304622 ], [ -75.036286993937495, 40.058772919066598 ], [ -75.036351614393396, 40.058394281690902 ], [ -75.0363599704948, 40.058185388175701 ], [ -75.036354385895294, 40.057947167737701 ], [ -75.036344725964199, 40.0578657034429 ], [ -75.036308113721006, 40.057626589743897 ], [ -75.036345613713706, 40.057307503853998 ], [ -75.036445597100197, 40.057075430619101 ], [ -75.036631756300295, 40.056750351447398 ], [ -75.037017503645899, 40.056176542872898 ], [ -75.037225585349304, 40.055921677779203 ], [ -75.037493606388907, 40.055611201789802 ], [ -75.037663025710202, 40.055292062993999 ], [ -75.037856652670996, 40.054986166048799 ], [ -75.038406103240604, 40.054235641656398 ], [ -75.038571719996597, 40.054011452121301 ], [ -75.038754824900096, 40.053762331222003 ], [ -75.038888755501901, 40.053505710714397 ], [ -75.039004186499497, 40.0532993448602 ], [ -75.039052458464894, 40.053123075993 ], [ -75.039052315251496, 40.052920318062498 ], [ -75.039097657765794, 40.052610919112901 ], [ -75.039129551472399, 40.052549734355701 ], [ -75.0392673149437, 40.052285448577699 ], [ -75.039499817199101, 40.051831568685998 ], [ -75.0396403160495, 40.051410366831199 ], [ -75.039692880462496, 40.051126484665097 ], [ -75.0397731903048, 40.050767224562499 ], [ -75.039827272070895, 40.050445360098003 ], [ -75.039853607766503, 40.050198875340001 ], [ -75.039812889987701, 40.049773397999701 ], [ -75.039870239745596, 40.0491633211033 ], [ -75.039938262754106, 40.048905147419298 ], [ -75.039987283090298, 40.048709885527799 ], [ -75.039574291387098, 40.048522732101702 ], [ -75.039232902156201, 40.048400627846497 ], [ -75.038955636000196, 40.0483243883371 ], [ -75.038482967933106, 40.048186510232398 ], [ -75.038232692109005, 40.048053882062803 ], [ -75.037894089854603, 40.047862142244 ], [ -75.037678280667393, 40.047692308463397 ], [ -75.037407601508505, 40.047451482196102 ], [ -75.0371950838678, 40.047199357296002 ], [ -75.036931378311493, 40.0469903745959 ], [ -75.036586068450802, 40.0467604559798 ], [ -75.036241772503502, 40.046505215418399 ], [ -75.035885698708, 40.046338401399701 ], [ -75.035546606314298, 40.046159315111801 ], [ -75.035172292362006, 40.0460364193884 ] ] ] } }
]
}
